Today''s Date,02/27/2026 08:11:20
Date of Test:,02/26/2026 11:26:54
Rec#,Cyc#,Step,TestTime,StepTime,Amp-hr,Watt-hr,Amps,Volts,ES,DPt Time,Temp 1,Temp 2,
1,0,1,0.000000,0.000000,0.000000,0.000000,0.000000,3.209277,0,02/26/2026 11:26:54,23.356,23.228
2,0,1,1.000000,1.000000,0.000000,0.000000,0.000000,3.208667,1,02/26/2026 11:26:55,23.356,23.228
3,0,1,2.000000,2.000000,0.000000,0.000000,0.000000,3.208972,1,02/26/2026 11:26:56,23.356,23.228
4,0,1,3.000000,3.000000,0.000000,0.000000,0.000000,3.208362,1,02/26/2026 11:26:57,23.356,23.228
5,0,1,4.000000,4.000000,0.000000,0.000000,0.000000,3.208362,1,02/26/2026 11:26:58,23.356,23.228
6,0,1,5.000000,5.000000,0.000000,0.000000,0.000000,3.208362,129,02/26/2026 11:26:59,23.356,23.228
7,0,2,5.060000,0.060000,0.000005,0.000017,0.751507,3.280079,0,02/26/2026 11:26:59,23.356,23.228
8,0,2,5.240000,0.240000,0.000043,0.000140,0.749676,3.287404,5,02/26/2026 11:27:00,23.356,23.228
9,0,2,5.610000,0.610000,0.000120,0.000394,0.749523,3.294118,5,02/26/2026 11:27:00,23.356,23.228
10,0,2,6.090000,1.090000,0.000220,0.000724,0.749981,3.300221,5,02/26/2026 11:27:00,23.356,23.228
11,0,2,6.670000,1.670000,0.000341,0.001123,0.749828,3.305715,5,02/26/2026 11:27:01,23.356,23.228
12,0,2,7.340000,2.340000,0.000480,0.001585,0.749676,3.311208,5,02/26/2026 11:27:02,23.356,23.228
13,0,2,8.150000,3.150000,0.000649,0.002144,0.749828,3.316701,5,02/26/2026 11:27:03,23.356,23.228
14,0,2,9.140000,4.140000,0.000855,0.002829,0.749981,3.321889,5,02/26/2026 11:27:04,23.356,23.228
15,0,2,10.360000,5.360000,0.001109,0.003674,0.749828,3.326772,5,02/26/2026 11:27:05,23.356,23.228
16,0,2,11.790000,6.790000,0.001407,0.004665,0.749676,3.331655,5,02/26/2026 11:27:06,23.356,23.228
17,0,2,14.030000,9.030000,0.001874,0.006221,0.749981,3.336538,5,02/26/2026 11:27:08,23.356,23.228
18,0,2,16.770000,11.770000,0.002445,0.008127,0.749828,3.341421,5,02/26/2026 11:27:11,23.356,23.228
19,0,2,21.230000,16.230000,0.003374,0.011234,0.749981,3.346304,5,02/26/2026 11:27:16,23.356,23.244
20,0,2,29.910000,24.910000,0.005182,0.017290,0.749828,3.351186,5,02/26/2026 11:27:24,23.356,23.244
21,0,2,43.860000,38.860000,0.008088,0.027036,0.749828,3.356069,5,02/26/2026 11:27:38,23.372,23.228
22,0,2,63.860000,58.860000,0.012254,0.041027,0.749981,3.360037,1,02/26/2026 11:27:58,23.388,23.228
23,0,2,83.860000,78.860000,0.016420,0.055034,0.749981,3.363394,1,02/26/2026 11:28:18,23.404,23.228
24,0,2,103.860000,98.860000,0.020587,0.069054,0.749981,3.366140,1,02/26/2026 11:28:38,23.420,23.228
25,0,2,123.860000,118.860000,0.024753,0.083085,0.749981,3.368887,1,02/26/2026 11:28:58,23.453,23.228
26,0,2,143.860000,138.860000,0.028919,0.097125,0.749981,3.370718,1,02/26/2026 11:29:18,23.469,23.228
27,0,2,163.860000,158.860000,0.033085,0.111175,0.749981,3.373465,1,02/26/2026 11:29:38,23.485,23.244
28,0,2,183.860000,178.860000,0.037252,0.125235,0.749981,3.375601,1,02/26/2026 11:29:58,23.501,23.244
29,0,2,203.860000,198.860000,0.041418,0.139303,0.749828,3.377432,1,02/26/2026 11:30:18,23.533,23.244
30,0,2,223.860000,218.860000,0.045584,0.153379,0.749981,3.379568,1,02/26/2026 11:30:38,23.549,23.244
31,0,2,243.860000,238.860000,0.049750,0.167463,0.749828,3.381704,1,02/26/2026 11:30:58,23.565,23.244
32,0,2,263.860000,258.860000,0.053916,0.181556,0.749828,3.383230,1,02/26/2026 11:31:18,23.581,23.244
33,0,2,283.860000,278.860000,0.058083,0.195656,0.749981,3.385061,1,02/26/2026 11:31:38,23.597,23.244
34,0,2,303.860000,298.860000,0.062249,0.209763,0.749828,3.386587,1,02/26/2026 11:31:58,23.613,23.244
35,0,2,323.860000,318.860000,0.066415,0.223876,0.749981,3.387808,1,02/26/2026 11:32:18,23.629,23.244
36,0,2,343.860000,338.860000,0.070581,0.237996,0.749828,3.389944,1,02/26/2026 11:32:38,23.646,23.228
37,0,2,363.860000,358.860000,0.074748,0.252124,0.749981,3.391470,1,02/26/2026 11:32:58,23.629,23.212
38,0,2,383.860000,378.860000,0.078914,0.266257,0.749981,3.392691,1,02/26/2026 11:33:18,23.629,23.195
39,0,2,403.860000,398.860000,0.083080,0.280395,0.750134,3.394522,1,02/26/2026 11:33:38,23.613,23.179
40,0,2,423.860000,418.860000,0.087246,0.294540,0.750134,3.395438,1,02/26/2026 11:33:58,23.613,23.163
41,0,2,443.860000,438.860000,0.091413,0.308689,0.749981,3.396658,1,02/26/2026 11:34:18,23.613,23.131
42,0,2,463.860000,458.860000,0.095579,0.322844,0.749828,3.397879,1,02/26/2026 11:34:38,23.597,23.115
43,0,2,483.860000,478.860000,0.099745,0.337005,0.749828,3.399710,1,02/26/2026 11:34:58,23.613,23.115
44,0,2,503.860000,498.860000,0.103911,0.351171,0.749523,3.400626,1,02/26/2026 11:35:18,23.597,23.083
45,0,2,523.860000,518.860000,0.108078,0.365341,0.749981,3.401846,1,02/26/2026 11:35:38,23.597,23.083
46,0,2,543.860000,538.860000,0.112244,0.379517,0.749676,3.402762,1,02/26/2026 11:35:58,23.613,23.083
47,0,2,563.860000,558.860000,0.116410,0.393696,0.749828,3.403983,1,02/26/2026 11:36:18,23.629,23.083
48,0,2,583.860000,578.860000,0.120576,0.407881,0.749981,3.404898,1,02/26/2026 11:36:38,23.646,23.099
49,0,2,603.860000,598.860000,0.124743,0.422070,0.749981,3.406119,1,02/26/2026 11:36:58,23.678,23.115
50,0,2,623.860000,618.860000,0.128909,0.436265,0.749981,3.407645,1,02/26/2026 11:37:18,23.694,23.131
51,0,2,643.860000,638.860000,0.133075,0.450464,0.749981,3.408560,1,02/26/2026 11:37:38,23.710,23.131
52,0,2,663.860000,658.860000,0.137241,0.464666,0.750134,3.409171,1,02/26/2026 11:37:58,23.726,23.147
53,0,2,683.860000,678.860000,0.141408,0.478872,0.749981,3.410086,1,02/26/2026 11:38:18,23.758,23.163
54,0,2,703.860000,698.860000,0.145574,0.493082,0.749981,3.411002,1,02/26/2026 11:38:38,23.790,23.179
55,0,2,723.860000,718.860000,0.149740,0.507296,0.749981,3.411612,1,02/26/2026 11:38:58,23.823,23.195
56,0,2,743.860000,738.860000,0.153906,0.521513,0.749828,3.412833,1,02/26/2026 11:39:18,23.839,23.195
57,0,2,763.860000,758.860000,0.158073,0.535732,0.750134,3.413443,1,02/26/2026 11:39:38,23.855,23.212
58,0,2,783.860000,778.860000,0.162239,0.549955,0.749981,3.414359,1,02/26/2026 11:39:58,23.887,23.228
59,0,2,803.860000,798.860000,0.166405,0.564182,0.750134,3.414359,1,02/26/2026 11:40:18,23.903,23.244
60,0,2,823.860000,818.860000,0.170571,0.578412,0.749828,3.415579,1,02/26/2026 11:40:38,23.919,23.244
61,0,2,843.860000,838.860000,0.174738,0.592644,0.749828,3.416495,1,02/26/2026 11:40:58,23.935,23.260
62,0,2,863.860000,858.860000,0.178904,0.606879,0.749828,3.417105,1,02/26/2026 11:41:18,23.935,23.260
63,0,2,883.860000,878.860000,0.183070,0.621116,0.749981,3.417411,1,02/26/2026 11:41:38,23.951,23.260
64,0,2,903.860000,898.860000,0.187236,0.635355,0.749828,3.418021,1,02/26/2026 11:41:58,23.951,23.244
65,0,2,923.860000,918.860000,0.191403,0.649596,0.749981,3.418326,1,02/26/2026 11:42:18,23.951,23.244
66,0,2,943.860000,938.860000,0.195569,0.663838,0.749981,3.418631,1,02/26/2026 11:42:38,23.935,23.228
67,0,2,963.860000,958.860000,0.199735,0.678081,0.749828,3.418631,1,02/26/2026 11:42:58,23.919,23.179
68,0,2,983.860000,978.860000,0.203901,0.692326,0.749828,3.419242,1,02/26/2026 11:43:18,23.919,23.163
69,0,2,1003.860000,998.860000,0.208067,0.706572,0.749828,3.419547,1,02/26/2026 11:43:38,23.903,23.147
70,0,2,1023.860000,1018.860000,0.212234,0.720820,0.749828,3.419852,1,02/26/2026 11:43:58,23.903,23.147
71,0,2,1043.860000,1038.860000,0.216400,0.735070,0.749981,3.420157,1,02/26/2026 11:44:18,23.903,23.115
72,0,2,1063.860000,1058.860000,0.220566,0.749320,0.749676,3.420462,1,02/26/2026 11:44:38,23.887,23.099
73,0,2,1083.860000,1078.860000,0.224732,0.763572,0.749981,3.420768,1,02/26/2026 11:44:58,23.871,23.083
74,0,2,1103.860000,1098.860000,0.228899,0.777825,0.749828,3.421073,1,02/26/2026 11:45:18,23.887,23.083
75,0,2,1123.860000,1118.860000,0.233065,0.792078,0.749981,3.421378,1,02/26/2026 11:45:38,23.903,23.099
76,0,2,1143.860000,1138.860000,0.237231,0.806333,0.750134,3.421683,1,02/26/2026 11:45:58,23.919,23.099
77,0,2,1163.860000,1158.860000,0.241397,0.820590,0.749981,3.421988,1,02/26/2026 11:46:18,23.935,23.115
78,0,2,1183.860000,1178.860000,0.245564,0.834847,0.749981,3.421988,1,02/26/2026 11:46:38,23.951,23.131
79,0,2,1203.860000,1198.860000,0.249730,0.849105,0.749676,3.422293,1,02/26/2026 11:46:58,23.983,23.131
80,0,2,1223.860000,1218.860000,0.253896,0.863364,0.750134,3.422599,1,02/26/2026 11:47:18,24.016,23.163
81,0,2,1243.860000,1238.860000,0.258062,0.877624,0.749828,3.422599,1,02/26/2026 11:47:38,24.032,23.179
82,0,2,1263.860000,1258.860000,0.262229,0.891885,0.749828,3.423209,1,02/26/2026 11:47:58,24.064,23.195
83,0,2,1283.860000,1278.860000,0.266395,0.906147,0.750134,3.423209,1,02/26/2026 11:48:18,24.080,23.195
84,0,2,1303.860000,1298.860000,0.270561,0.920410,0.749981,3.423819,1,02/26/2026 11:48:38,24.112,23.212
85,0,2,1323.860000,1318.860000,0.274727,0.934674,0.749981,3.423514,1,02/26/2026 11:48:58,24.128,23.244
86,0,2,1343.860000,1338.860000,0.278894,0.948939,0.750134,3.424125,1,02/26/2026 11:49:18,24.144,23.244
87,0,2,1363.860000,1358.860000,0.283060,0.963206,0.749828,3.424430,1,02/26/2026 11:49:38,24.160,23.244
88,0,2,1383.860000,1378.860000,0.287226,0.977475,0.749981,3.425040,1,02/26/2026 11:49:58,24.176,23.244
89,0,2,1403.860000,1398.860000,0.291392,0.991744,0.749981,3.424735,1,02/26/2026 11:50:18,24.192,23.260
90,0,2,1423.860000,1418.860000,0.295559,1.006014,0.750134,3.425345,1,02/26/2026 11:50:38,24.192,23.244
91,0,2,1443.860000,1438.860000,0.299725,1.020285,0.749981,3.425345,1,02/26/2026 11:50:58,24.209,23.244
92,0,2,1463.860000,1458.860000,0.303891,1.034556,0.749828,3.425650,1,02/26/2026 11:51:18,24.209,23.244
93,0,2,1483.860000,1478.860000,0.308057,1.048829,0.749828,3.425650,1,02/26/2026 11:51:38,24.225,23.228
94,0,2,1503.860000,1498.860000,0.312224,1.063102,0.749981,3.425650,1,02/26/2026 11:51:58,24.225,23.212
95,0,2,1523.860000,1518.860000,0.316390,1.077376,0.749828,3.426261,1,02/26/2026 11:52:18,24.225,23.228
96,0,2,1543.860000,1538.860000,0.320556,1.091650,0.749676,3.426261,1,02/26/2026 11:52:38,24.241,23.212
97,0,2,1563.860000,1558.860000,0.324722,1.105926,0.749828,3.426566,1,02/26/2026 11:52:58,24.241,23.212
98,0,2,1583.860000,1578.860000,0.328888,1.120202,0.749981,3.426566,1,02/26/2026 11:53:18,24.257,23.228
99,0,2,1603.860000,1598.860000,0.333055,1.134479,0.749981,3.427176,1,02/26/2026 11:53:38,24.257,23.212
100,0,2,1623.860000,1618.860000,0.337221,1.148757,0.749981,3.427176,1,02/26/2026 11:53:58,24.289,23.228
101,0,2,1643.860000,1638.860000,0.341387,1.163036,0.749828,3.427481,1,02/26/2026 11:54:18,24.289,23.212
102,0,2,1663.860000,1658.860000,0.345553,1.177316,0.750134,3.427481,1,02/26/2026 11:54:38,24.305,23.212
103,0,2,1683.860000,1678.860000,0.349720,1.191597,0.749981,3.427481,1,02/26/2026 11:54:58,24.305,23.212
104,0,2,1703.860000,1698.860000,0.353886,1.205878,0.749981,3.428092,1,02/26/2026 11:55:18,24.321,23.212
105,0,2,1723.860000,1718.860000,0.358052,1.220161,0.749828,3.428092,1,02/26/2026 11:55:38,24.321,23.195
106,0,2,1743.860000,1738.860000,0.362218,1.234445,0.749981,3.428702,1,02/26/2026 11:55:58,24.321,23.195
107,0,2,1763.860000,1758.860000,0.366385,1.248729,0.749981,3.428702,1,02/26/2026 11:56:18,24.337,23.195
108,0,2,1783.860000,1778.860000,0.370551,1.263014,0.749981,3.429007,1,02/26/2026 11:56:38,24.353,23.195
109,0,2,1803.860000,1798.860000,0.374717,1.277300,0.749981,3.429007,1,02/26/2026 11:56:58,24.353,23.195
110,0,2,1823.860000,1818.860000,0.378883,1.291588,0.750134,3.429313,1,02/26/2026 11:57:18,24.353,23.179
111,0,2,1843.860000,1838.860000,0.383050,1.305876,0.749981,3.429618,1,02/26/2026 11:57:38,24.353,23.179
112,0,2,1863.860000,1858.860000,0.387216,1.320166,0.749828,3.429618,1,02/26/2026 11:57:58,24.353,23.163
113,0,2,1883.860000,1878.860000,0.391382,1.334456,0.749981,3.429923,1,02/26/2026 11:58:18,24.369,23.163
114,0,2,1903.860000,1898.860000,0.395548,1.348747,0.750134,3.430228,1,02/26/2026 11:58:38,24.353,23.147
115,0,2,1923.860000,1918.860000,0.399715,1.363040,0.749828,3.430533,1,02/26/2026 11:58:58,24.353,23.131
116,0,2,1943.860000,1938.860000,0.403881,1.377332,0.749828,3.430533,1,02/26/2026 11:59:18,24.353,23.115
117,0,2,1963.860000,1958.860000,0.408047,1.391626,0.750286,3.430838,1,02/26/2026 11:59:38,24.337,23.083
118,0,2,1983.860000,1978.860000,0.412213,1.405921,0.749981,3.431144,1,02/26/2026 11:59:58,24.305,23.067
119,0,2,2003.860000,1998.860000,0.416380,1.420216,0.749828,3.431144,1,02/26/2026 12:00:18,24.289,23.051
120,0,2,2023.860000,2018.860000,0.420546,1.434513,0.749981,3.431449,1,02/26/2026 12:00:38,24.273,23.035
121,0,2,2043.860000,2038.860000,0.424712,1.448810,0.749981,3.431754,1,02/26/2026 12:00:58,24.273,23.035
122,0,2,2063.860000,2058.860000,0.428878,1.463109,0.749981,3.432059,1,02/26/2026 12:01:18,24.273,23.019
123,0,2,2083.860000,2078.860000,0.433045,1.477409,0.749828,3.432364,1,02/26/2026 12:01:38,24.257,23.002
124,0,2,2103.860000,2098.860000,0.437211,1.491710,0.749828,3.432364,1,02/26/2026 12:01:58,24.241,22.986
125,0,2,2123.860000,2118.860000,0.441377,1.506012,0.749828,3.433280,1,02/26/2026 12:02:18,24.225,22.970
126,0,2,2143.860000,2138.860000,0.445543,1.520316,0.749981,3.433280,1,02/26/2026 12:02:38,24.241,22.954
127,0,2,2163.860000,2158.860000,0.449710,1.534621,0.749828,3.433585,1,02/26/2026 12:02:58,24.241,22.970
128,0,2,2183.860000,2178.860000,0.453876,1.548927,0.749828,3.433890,1,02/26/2026 12:03:18,24.257,22.970
129,0,2,2203.860000,2198.860000,0.458042,1.563234,0.749981,3.434195,1,02/26/2026 12:03:38,24.289,22.986
130,0,2,2223.860000,2218.860000,0.462208,1.577543,0.749828,3.434806,1,02/26/2026 12:03:58,24.305,22.986
131,0,2,2243.860000,2238.860000,0.466375,1.591853,0.749981,3.434806,1,02/26/2026 12:04:18,24.337,23.019
132,0,2,2263.860000,2258.860000,0.470541,1.606165,0.749981,3.435111,1,02/26/2026 12:04:38,24.353,23.035
133,0,2,2283.860000,2278.860000,0.474707,1.620477,0.749828,3.435416,1,02/26/2026 12:04:58,24.386,23.067
134,0,2,2303.860000,2298.860000,0.478873,1.634791,0.749981,3.435721,1,02/26/2026 12:05:18,24.402,23.083
135,0,2,2323.860000,2318.860000,0.483040,1.649106,0.749828,3.436027,1,02/26/2026 12:05:38,24.418,23.115
136,0,2,2343.860000,2338.860000,0.487206,1.663422,0.749981,3.436332,1,02/26/2026 12:05:58,24.450,23.131
137,0,2,2363.860000,2358.860000,0.491372,1.677740,0.750134,3.436332,1,02/26/2026 12:06:18,24.450,23.131
138,0,2,2383.860000,2378.860000,0.495538,1.692058,0.749828,3.436942,1,02/26/2026 12:06:38,24.466,23.147
139,0,2,2403.860000,2398.860000,0.499705,1.706378,0.749828,3.436942,1,02/26/2026 12:06:58,24.498,23.147
140,0,2,2423.860000,2418.860000,0.503871,1.720698,0.749981,3.437247,1,02/26/2026 12:07:18,24.498,23.163
141,0,2,2443.860000,2438.860000,0.508037,1.735020,0.749981,3.437552,1,02/26/2026 12:07:38,24.514,23.163
142,0,2,2463.860000,2458.860000,0.512203,1.749343,0.749981,3.437858,1,02/26/2026 12:07:58,24.514,23.179
143,0,2,2483.860000,2478.860000,0.516369,1.763667,0.749828,3.438163,1,02/26/2026 12:08:18,24.514,23.179
144,0,2,2503.860000,2498.860000,0.520536,1.777992,0.749828,3.438163,1,02/26/2026 12:08:38,24.530,23.179
145,0,2,2523.860000,2518.860000,0.524702,1.792318,0.749981,3.438773,1,02/26/2026 12:08:58,24.530,23.179
146,0,2,2543.860000,2538.860000,0.528868,1.806644,0.749828,3.438773,1,02/26/2026 12:09:18,24.546,23.179
147,0,2,2563.860000,2558.860000,0.533034,1.820972,0.749981,3.438773,1,02/26/2026 12:09:38,24.546,23.163
148,0,2,2583.860000,2578.860000,0.537201,1.835301,0.750134,3.439384,1,02/26/2026 12:09:58,24.546,23.163
149,0,2,2603.860000,2598.860000,0.541367,1.849632,0.749828,3.439384,1,02/26/2026 12:10:18,24.546,23.163
150,0,2,2623.860000,2618.860000,0.545533,1.863963,0.749828,3.439994,1,02/26/2026 12:10:38,24.530,23.163
151,0,2,2643.860000,2638.860000,0.549699,1.878296,0.749828,3.439994,1,02/26/2026 12:10:58,24.546,23.163
152,0,2,2663.860000,2658.860000,0.553866,1.892629,0.749828,3.440604,1,02/26/2026 12:11:18,24.546,23.147
153,0,2,2683.860000,2678.860000,0.558032,1.906964,0.749828,3.440604,1,02/26/2026 12:11:38,24.562,23.147
154,0,2,2703.860000,2698.860000,0.562198,1.921300,0.749981,3.440909,1,02/26/2026 12:11:58,24.562,23.163
155,0,2,2723.860000,2718.860000,0.566364,1.935637,0.749981,3.441215,1,02/26/2026 12:12:18,24.579,23.163
156,0,2,2743.860000,2738.860000,0.570531,1.949975,0.750134,3.441520,1,02/26/2026 12:12:38,24.562,23.163
157,0,2,2763.860000,2758.860000,0.574697,1.964315,0.750134,3.441825,1,02/26/2026 12:12:58,24.562,23.163
158,0,2,2783.860000,2778.860000,0.578863,1.978656,0.749981,3.442130,1,02/26/2026 12:13:18,24.562,23.163
159,0,2,2803.860000,2798.860000,0.583029,1.992998,0.749676,3.442435,1,02/26/2026 12:13:38,24.579,23.179
160,0,2,2823.860000,2818.860000,0.587196,2.007341,0.749828,3.442741,1,02/26/2026 12:13:58,24.579,23.179
161,0,2,2843.860000,2838.860000,0.591362,2.021685,0.749981,3.442741,1,02/26/2026 12:14:18,24.579,23.163
162,0,2,2863.860000,2858.860000,0.595528,2.036031,0.750134,3.443351,1,02/26/2026 12:14:38,24.579,23.179
163,0,2,2883.860000,2878.860000,0.599694,2.050377,0.750134,3.443656,1,02/26/2026 12:14:58,24.579,23.195
164,0,2,2903.860000,2898.860000,0.603861,2.064724,0.749981,3.443656,1,02/26/2026 12:15:18,24.579,23.195
165,0,2,2923.860000,2918.860000,0.608027,2.079073,0.749828,3.443656,1,02/26/2026 12:15:38,24.595,23.195
166,0,2,2943.860000,2938.860000,0.612193,2.093422,0.749828,3.443961,1,02/26/2026 12:15:58,24.595,23.179
167,0,2,2963.860000,2958.860000,0.616359,2.107773,0.750134,3.444572,1,02/26/2026 12:16:18,24.595,23.179
168,0,2,2983.860000,2978.860000,0.620526,2.122125,0.749981,3.444877,1,02/26/2026 12:16:38,24.595,23.163
169,0,2,3003.860000,2998.860000,0.624692,2.136479,0.750134,3.445487,1,02/26/2026 12:16:58,24.579,23.163
170,0,2,3023.860000,3018.860000,0.628858,2.150833,0.750134,3.445182,1,02/26/2026 12:17:18,24.579,23.147
171,0,2,3043.860000,3038.860000,0.633024,2.165189,0.749828,3.445792,1,02/26/2026 12:17:38,24.546,23.115
172,0,2,3063.860000,3058.860000,0.637191,2.179545,0.749981,3.445792,1,02/26/2026 12:17:58,24.530,23.115
173,0,2,3083.860000,3078.860000,0.641357,2.193903,0.749676,3.446098,1,02/26/2026 12:18:18,24.530,23.099
174,0,2,3103.860000,3098.860000,0.645523,2.208261,0.749676,3.446403,1,02/26/2026 12:18:38,24.514,23.067
175,0,2,3123.860000,3118.860000,0.649689,2.222621,0.749981,3.446708,1,02/26/2026 12:18:58,24.498,23.051
176,0,2,3143.860000,3138.860000,0.653856,2.236981,0.749828,3.446708,1,02/26/2026 12:19:18,24.466,23.051
177,0,2,3163.860000,3158.860000,0.658022,2.251342,0.749981,3.447013,1,02/26/2026 12:19:38,24.466,23.035
178,0,2,3183.860000,3178.860000,0.662188,2.265704,0.749828,3.447013,1,02/26/2026 12:19:58,24.434,23.019
179,0,2,3203.860000,3198.860000,0.666354,2.280067,0.749981,3.447623,1,02/26/2026 12:20:18,24.434,23.002
180,0,2,3223.860000,3218.860000,0.670520,2.294431,0.749828,3.447623,1,02/26/2026 12:20:38,24.418,22.970
181,0,2,3243.860000,3238.860000,0.674687,2.308796,0.749828,3.447929,1,02/26/2026 12:20:58,24.386,22.970
182,0,2,3263.860000,3258.860000,0.678853,2.323163,0.750134,3.448234,1,02/26/2026 12:21:18,24.386,22.970
183,0,2,3283.860000,3278.860000,0.683019,2.337530,0.749981,3.448844,1,02/26/2026 12:21:38,24.402,22.986
184,0,2,3303.860000,3298.860000,0.687185,2.351898,0.749828,3.448844,1,02/26/2026 12:21:58,24.402,22.986
185,0,2,3323.860000,3318.860000,0.691352,2.366268,0.749828,3.449149,1,02/26/2026 12:22:18,24.402,22.986
186,0,2,3343.860000,3338.860000,0.695518,2.380639,0.750134,3.449149,1,02/26/2026 12:22:38,24.418,23.002
187,0,2,3363.860000,3358.860000,0.699684,2.395012,0.749828,3.449760,1,02/26/2026 12:22:58,24.434,23.019
188,0,2,3383.860000,3378.860000,0.703850,2.409387,0.749981,3.450675,1,02/26/2026 12:23:18,24.434,23.035
189,0,2,3403.860000,3398.860000,0.708017,2.423763,0.749981,3.450675,1,02/26/2026 12:23:38,24.434,23.051
190,0,2,3423.860000,3418.860000,0.712183,2.438140,0.750134,3.450980,1,02/26/2026 12:23:58,24.466,23.051
191,0,2,3443.860000,3438.860000,0.716349,2.452519,0.749828,3.451286,1,02/26/2026 12:24:18,24.482,23.067
192,0,2,3463.860000,3458.860000,0.720515,2.466899,0.749981,3.451591,1,02/26/2026 12:24:38,24.498,23.083
193,0,2,3483.860000,3478.860000,0.724682,2.481280,0.749676,3.451896,1,02/26/2026 12:24:58,24.530,23.099
194,0,2,3503.860000,3498.860000,0.728848,2.495663,0.749828,3.452201,1,02/26/2026 12:25:18,24.530,23.115
195,0,2,3523.860000,3518.860000,0.733014,2.510047,0.749828,3.452506,1,02/26/2026 12:25:38,24.530,23.131
196,0,2,3543.860000,3538.860000,0.737180,2.524432,0.749981,3.452811,1,02/26/2026 12:25:58,24.562,23.131
197,0,2,3563.860000,3558.860000,0.741347,2.538818,0.749981,3.452811,1,02/26/2026 12:26:18,24.562,23.147
198,0,2,3583.860000,3578.860000,0.745513,2.553205,0.749981,3.453422,1,02/26/2026 12:26:38,24.579,23.163
199,0,2,3603.860000,3598.860000,0.749679,2.567594,0.750134,3.453422,1,02/26/2026 12:26:58,24.595,23.163
200,0,2,3623.860000,3618.860000,0.753845,2.581984,0.749981,3.453727,1,02/26/2026 12:27:18,24.595,23.179
201,0,2,3643.860000,3638.860000,0.758012,2.596375,0.749676,3.454337,1,02/26/2026 12:27:38,24.595,23.179
202,0,2,3663.860000,3658.860000,0.762178,2.610768,0.749676,3.454643,1,02/26/2026 12:27:58,24.595,23.179
203,0,2,3683.860000,3678.860000,0.766344,2.625162,0.750286,3.454948,1,02/26/2026 12:28:18,24.595,23.163
204,0,2,3703.860000,3698.860000,0.770510,2.639557,0.749981,3.455253,1,02/26/2026 12:28:38,24.562,23.147
205,0,2,3723.860000,3718.860000,0.774677,2.653954,0.750134,3.455253,1,02/26/2026 12:28:58,24.546,23.115
206,0,2,3743.860000,3738.860000,0.778843,2.668351,0.749828,3.455558,1,02/26/2026 12:29:18,24.530,23.099
207,0,2,3763.860000,3758.860000,0.783009,2.682750,0.749981,3.455863,1,02/26/2026 12:29:38,24.498,23.067
208,0,2,3783.860000,3778.860000,0.787175,2.697149,0.750134,3.456168,1,02/26/2026 12:29:58,24.482,23.067
209,0,2,3803.860000,3798.860000,0.791342,2.711550,0.749981,3.456474,1,02/26/2026 12:30:18,24.466,23.051
210,0,2,3823.860000,3818.860000,0.795508,2.725952,0.749676,3.456779,1,02/26/2026 12:30:38,24.450,23.035
211,0,2,3843.860000,3838.860000,0.799674,2.740355,0.749828,3.457084,1,02/26/2026 12:30:58,24.434,23.019
212,0,2,3863.860000,3858.860000,0.803840,2.754759,0.749981,3.457389,1,02/26/2026 12:31:18,24.418,22.986
213,0,2,3883.860000,3878.860000,0.808007,2.769165,0.750134,3.458000,1,02/26/2026 12:31:38,24.402,22.986
214,0,2,3903.860000,3898.860000,0.812173,2.783572,0.749828,3.458000,1,02/26/2026 12:31:58,24.402,22.986
215,0,2,3923.860000,3918.860000,0.816339,2.797981,0.749981,3.458915,1,02/26/2026 12:32:18,24.402,22.986
216,0,2,3943.860000,3938.860000,0.820505,2.812391,0.749676,3.458915,1,02/26/2026 12:32:38,24.418,23.002
217,0,2,3963.860000,3958.860000,0.824671,2.826804,0.749676,3.459525,1,02/26/2026 12:32:58,24.418,23.002
218,0,2,3983.860000,3978.860000,0.828838,2.841219,0.750134,3.459831,1,02/26/2026 12:33:18,24.434,23.019
219,0,2,4003.860000,3998.860000,0.833004,2.855635,0.749981,3.460136,1,02/26/2026 12:33:38,24.450,23.035
220,0,2,4023.860000,4018.860000,0.837170,2.870053,0.749828,3.460746,1,02/26/2026 12:33:58,24.482,23.051
221,0,2,4043.860000,4038.860000,0.841336,2.884472,0.749828,3.461051,1,02/26/2026 12:34:18,24.482,23.067
222,0,2,4063.860000,4058.860000,0.845503,2.898893,0.750134,3.461357,1,02/26/2026 12:34:38,24.498,23.083
223,0,2,4083.860000,4078.860000,0.849669,2.913315,0.750134,3.461662,1,02/26/2026 12:34:58,24.514,23.099
224,0,2,4103.860000,4098.860000,0.853835,2.927738,0.749828,3.461967,1,02/26/2026 12:35:18,24.530,23.115
225,0,2,4123.860000,4118.860000,0.858001,2.942164,0.749828,3.462272,1,02/26/2026 12:35:38,24.546,23.131
226,0,2,4143.860000,4138.860000,0.862168,2.956591,0.749828,3.462882,1,02/26/2026 12:35:58,24.562,23.163
227,0,2,4163.860000,4158.860000,0.866334,2.971019,0.749523,3.463188,1,02/26/2026 12:36:18,24.579,23.163
228,0,2,4183.860000,4178.860000,0.870500,2.985449,0.749828,3.463798,1,02/26/2026 12:36:38,24.579,23.163
229,0,2,4203.860000,4198.860000,0.874666,2.999881,0.749981,3.464103,1,02/26/2026 12:36:58,24.579,23.179
230,0,2,4223.860000,4218.860000,0.878833,3.014314,0.749981,3.464408,1,02/26/2026 12:37:18,24.595,23.179
231,0,2,4243.860000,4238.860000,0.882999,3.028748,0.749828,3.464714,1,02/26/2026 12:37:38,24.595,23.163
232,0,2,4263.860000,4258.860000,0.887165,3.043185,0.749828,3.465019,1,02/26/2026 12:37:58,24.579,23.147
233,0,2,4283.860000,4278.860000,0.891331,3.057623,0.749676,3.465629,1,02/26/2026 12:38:18,24.562,23.131
234,0,2,4303.860000,4298.860000,0.895498,3.072062,0.749828,3.465934,1,02/26/2026 12:38:38,24.546,23.099
235,0,2,4323.860000,4318.860000,0.899664,3.086503,0.749981,3.465934,1,02/26/2026 12:38:58,24.514,23.083
236,0,2,4343.860000,4338.860000,0.903830,3.100945,0.749981,3.466545,1,02/26/2026 12:39:18,24.498,23.051
237,0,2,4363.860000,4358.860000,0.907996,3.115389,0.749981,3.466850,1,02/26/2026 12:39:38,24.466,23.035
238,0,2,4383.860000,4378.860000,0.912163,3.129835,0.749828,3.467765,1,02/26/2026 12:39:58,24.466,23.035
239,0,2,4403.860000,4398.860000,0.916329,3.144283,0.749828,3.468070,1,02/26/2026 12:40:18,24.450,23.002
240,0,2,4423.860000,4418.860000,0.920495,3.158733,0.749981,3.468681,1,02/26/2026 12:40:38,24.434,23.002
241,0,2,4443.860000,4438.860000,0.924661,3.173185,0.749828,3.468681,1,02/26/2026 12:40:58,24.434,22.986
242,0,2,4463.860000,4458.860000,0.928828,3.187638,0.749676,3.468986,1,02/26/2026 12:41:18,24.418,22.986
243,0,2,4483.860000,4478.860000,0.932994,3.202093,0.750134,3.469596,1,02/26/2026 12:41:38,24.418,22.986
244,0,2,4503.860000,4498.860000,0.937160,3.216550,0.749981,3.470207,1,02/26/2026 12:41:58,24.418,23.002
245,0,2,4523.860000,4518.860000,0.941326,3.231009,0.749828,3.470512,1,02/26/2026 12:42:18,24.434,23.019
246,0,2,4543.860000,4538.860000,0.945493,3.245469,0.749828,3.470817,1,02/26/2026 12:42:38,24.450,23.019
247,0,2,4563.860000,4558.860000,0.949659,3.259932,0.749981,3.471427,1,02/26/2026 12:42:58,24.466,23.035
248,0,2,4583.860000,4578.860000,0.953825,3.274397,0.749981,3.471733,1,02/26/2026 12:43:18,24.482,23.051
249,0,2,4603.860000,4598.860000,0.957991,3.288863,0.749828,3.472648,1,02/26/2026 12:43:38,24.482,23.067
250,0,2,4623.860000,4618.860000,0.962158,3.303332,0.749828,3.473259,1,02/26/2026 12:43:58,24.498,23.083
251,0,2,4643.860000,4638.860000,0.966324,3.317802,0.749828,3.473259,1,02/26/2026 12:44:18,24.514,23.099
252,0,2,4663.860000,4658.860000,0.970490,3.332275,0.749981,3.473869,1,02/26/2026 12:44:38,24.530,23.115
253,0,2,4683.860000,4678.860000,0.974656,3.346750,0.749981,3.474174,1,02/26/2026 12:44:58,24.546,23.131
254,0,2,4703.860000,4698.860000,0.978823,3.361226,0.749981,3.475395,1,02/26/2026 12:45:18,24.562,23.147
255,0,2,4723.860000,4718.860000,0.982989,3.375706,0.750134,3.475700,1,02/26/2026 12:45:38,24.579,23.163
256,0,2,4743.860000,4738.860000,0.987155,3.390188,0.750134,3.476310,1,02/26/2026 12:45:58,24.579,23.179
257,0,2,4763.860000,4758.860000,0.991321,3.404672,0.749981,3.476921,1,02/26/2026 12:46:18,24.595,23.179
258,0,2,4783.860000,4778.860000,0.995487,3.419159,0.749981,3.477226,1,02/26/2026 12:46:38,24.611,23.179
259,0,2,4803.860000,4798.860000,0.999654,3.433648,0.749828,3.477836,1,02/26/2026 12:46:58,24.595,23.163
260,0,2,4823.860000,4818.860000,1.003820,3.448139,0.749981,3.478447,1,02/26/2026 12:47:18,24.595,23.179
261,0,2,4843.860000,4838.860000,1.007986,3.462631,0.749981,3.479057,1,02/26/2026 12:47:38,24.579,23.147
262,0,2,4863.860000,4858.860000,1.012152,3.477126,0.750134,3.479362,1,02/26/2026 12:47:58,24.562,23.131
263,0,2,4883.860000,4878.860000,1.016319,3.491623,0.750134,3.479667,1,02/26/2026 12:48:18,24.546,23.115
264,0,2,4903.860000,4898.860000,1.020485,3.506122,0.749828,3.480583,1,02/26/2026 12:48:38,24.546,23.099
265,0,2,4923.860000,4918.860000,1.024651,3.520624,0.749676,3.480888,1,02/26/2026 12:48:58,24.530,23.115
266,0,2,4943.860000,4938.860000,1.028817,3.535128,0.750134,3.481498,1,02/26/2026 12:49:18,24.514,23.099
267,0,2,4963.860000,4958.860000,1.032984,3.549635,0.749981,3.482109,1,02/26/2026 12:49:45,24.530,23.083
268,0,2,4983.860000,4978.860000,1.037150,3.564143,0.749828,3.482414,1,02/26/2026 12:49:58,24.498,23.067
269,0,2,5003.860000,4998.860000,1.041316,3.578653,0.749828,3.483024,1,02/26/2026 12:50:18,24.498,23.035
270,0,2,5023.860000,5018.860000,1.045482,3.593166,0.749828,3.483330,1,02/26/2026 12:50:38,24.450,23.019
271,0,2,5043.860000,5038.860000,1.049649,3.607682,0.749981,3.484245,1,02/26/2026 12:50:58,24.466,23.019
272,0,2,5063.860000,5058.860000,1.053815,3.622200,0.749828,3.485161,1,02/26/2026 12:51:18,24.482,23.035
273,0,2,5083.860000,5078.860000,1.057981,3.636722,0.749981,3.486076,1,02/26/2026 12:51:38,24.482,23.051
274,0,2,5103.860000,5098.860000,1.062147,3.651247,0.750134,3.486381,1,02/26/2026 12:51:58,24.482,23.051
275,0,2,5123.860000,5118.860000,1.066314,3.665775,0.749828,3.487297,1,02/26/2026 12:52:18,24.498,23.067
276,0,2,5143.860000,5138.860000,1.070480,3.680305,0.750134,3.487907,1,02/26/2026 12:52:38,24.530,23.083
277,0,2,5163.860000,5158.860000,1.074646,3.694838,0.749828,3.488518,1,02/26/2026 12:52:58,24.530,23.099
278,0,2,5183.860000,5178.860000,1.078812,3.709375,0.749828,3.489128,1,02/26/2026 12:53:18,24.546,23.099
279,0,2,5203.860000,5198.860000,1.082979,3.723913,0.749981,3.490043,1,02/26/2026 12:53:38,24.562,23.115
280,0,2,5223.860000,5218.860000,1.087145,3.738455,0.749828,3.490959,1,02/26/2026 12:53:58,24.579,23.147
281,0,2,5243.860000,5238.860000,1.091311,3.753000,0.749981,3.491264,1,02/26/2026 12:54:18,24.595,23.147
282,0,2,5263.860000,5258.860000,1.095477,3.767548,0.749981,3.492180,1,02/26/2026 12:54:38,24.611,23.179
283,0,2,5283.860000,5278.860000,1.099644,3.782099,0.749828,3.493095,1,02/26/2026 12:54:58,24.627,23.179
284,0,2,5303.860000,5298.860000,1.103810,3.796653,0.749981,3.494011,1,02/26/2026 12:55:18,24.627,23.195
285,0,2,5323.860000,5318.860000,1.107976,3.811211,0.749981,3.494621,1,02/26/2026 12:55:38,24.643,23.212
286,0,2,5343.860000,5338.860000,1.112142,3.825773,0.749828,3.495537,1,02/26/2026 12:55:58,24.643,23.195
287,0,2,5363.860000,5358.860000,1.116309,3.840338,0.749828,3.496147,1,02/26/2026 12:56:18,24.643,23.195
288,0,2,5383.860000,5378.860000,1.120475,3.854906,0.749981,3.497063,1,02/26/2026 12:56:38,24.643,23.195
289,0,2,5403.860000,5398.860000,1.124641,3.869477,0.749828,3.497673,1,02/26/2026 12:56:58,24.627,23.179
290,0,2,5423.860000,5418.860000,1.128807,3.884051,0.749828,3.498283,1,02/26/2026 12:57:18,24.627,23.163
291,0,2,5443.860000,5438.860000,1.132974,3.898628,0.749828,3.499199,1,02/26/2026 12:57:38,24.595,23.131
292,0,2,5463.860000,5458.860000,1.137140,3.913209,0.749981,3.499809,1,02/26/2026 12:57:58,24.595,23.115
293,0,2,5483.860000,5478.860000,1.141306,3.927793,0.749676,3.501030,1,02/26/2026 12:58:18,24.562,23.099
294,0,2,5503.860000,5498.860000,1.145472,3.942381,0.749981,3.501946,1,02/26/2026 12:58:38,24.562,23.083
295,0,2,5523.860000,5518.860000,1.149639,3.956973,0.749981,3.502861,1,02/26/2026 12:58:58,24.546,23.067
296,0,2,5543.860000,5538.860000,1.153805,3.971569,0.749981,3.503777,1,02/26/2026 12:59:18,24.514,23.051
297,0,2,5563.860000,5558.860000,1.157971,3.986168,0.749981,3.504692,1,02/26/2026 12:59:38,24.514,23.035
298,0,2,5583.860000,5578.860000,1.162137,4.000772,0.749828,3.505608,1,02/26/2026 12:59:58,24.514,23.035
299,0,2,5603.860000,5598.860000,1.166303,4.015379,0.749981,3.506523,1,02/26/2026 13:00:18,24.514,23.051
300,0,2,5623.860000,5618.860000,1.170470,4.029991,0.749981,3.507439,1,02/26/2026 13:00:38,24.546,23.067
301,0,2,5643.860000,5638.860000,1.174636,4.044607,0.749828,3.508354,1,02/26/2026 13:00:58,24.562,23.067
302,0,2,5663.860000,5658.860000,1.178802,4.059227,0.749828,3.509270,1,02/26/2026 13:01:18,24.579,23.083
303,0,2,5683.860000,5678.860000,1.182968,4.073852,0.749981,3.511101,1,02/26/2026 13:01:38,24.595,23.099
304,0,2,5703.860000,5698.860000,1.187135,4.088482,0.749676,3.512016,1,02/26/2026 13:01:58,24.611,23.115
305,0,2,5723.860000,5718.860000,1.191301,4.103116,0.749828,3.513237,1,02/26/2026 13:02:18,24.627,23.131
306,0,2,5743.860000,5738.860000,1.195467,4.117755,0.750134,3.514458,1,02/26/2026 13:02:38,24.659,23.147
307,0,2,5763.860000,5758.860000,1.199633,4.132398,0.750134,3.515068,1,02/26/2026 13:02:58,24.675,23.179
308,0,2,5783.860000,5778.860000,1.203800,4.147047,0.750134,3.516289,1,02/26/2026 13:03:18,24.675,23.195
309,0,2,5803.860000,5798.860000,1.207966,4.161700,0.750134,3.517510,1,02/26/2026 13:03:38,24.707,23.195
310,0,2,5823.860000,5818.860000,1.212132,4.176358,0.750134,3.518730,1,02/26/2026 13:03:58,24.723,23.228
311,0,2,5843.860000,5838.860000,1.216298,4.191021,0.749981,3.520256,1,02/26/2026 13:04:18,24.739,23.228
312,0,2,5863.860000,5858.860000,1.220465,4.205691,0.749828,3.521477,1,02/26/2026 13:04:38,24.739,23.228
313,0,2,5883.860000,5878.860000,1.224631,4.220365,0.749981,3.522698,1,02/26/2026 13:04:58,24.755,23.244
314,0,2,5903.860000,5898.860000,1.228797,4.235045,0.750134,3.523613,1,02/26/2026 13:05:18,24.755,23.228
315,0,2,5923.860000,5918.860000,1.232963,4.249729,0.750286,3.525444,1,02/26/2026 13:05:38,24.788,23.244
316,0,2,5943.860000,5938.860000,1.237130,4.264420,0.750134,3.526970,1,02/26/2026 13:05:58,24.788,23.244
317,0,2,5963.860000,5958.860000,1.241296,4.279117,0.749981,3.528191,1,02/26/2026 13:06:18,24.788,23.244
318,0,2,5983.860000,5978.860000,1.245462,4.293820,0.749981,3.529717,1,02/26/2026 13:06:38,24.804,23.228
319,0,2,6003.860000,5998.860000,1.249628,4.308528,0.749981,3.530938,1,02/26/2026 13:06:58,24.772,23.212
320,0,2,6023.860000,6018.860000,1.253795,4.323243,0.750134,3.532158,1,02/26/2026 13:07:18,24.772,23.195
321,0,2,6043.860000,6038.860000,1.257961,4.337962,0.750134,3.533684,1,02/26/2026 13:07:38,24.772,23.195
322,0,2,6063.860000,6058.860000,1.262127,4.352688,0.749981,3.535210,1,02/26/2026 13:07:58,24.772,23.179
323,0,2,6083.860000,6078.860000,1.266293,4.367419,0.750134,3.537041,1,02/26/2026 13:08:18,24.739,23.147
324,0,2,6103.860000,6098.860000,1.270460,4.382159,0.749828,3.538262,1,02/26/2026 13:08:38,24.723,23.131
325,0,2,6123.860000,6118.860000,1.274626,4.396904,0.749523,3.539788,1,02/26/2026 13:08:58,24.723,23.115
326,0,2,6143.860000,6138.860000,1.278792,4.411656,0.749828,3.541619,1,02/26/2026 13:09:18,24.707,23.083
327,0,2,6163.860000,6158.860000,1.282958,4.426414,0.749828,3.542840,1,02/26/2026 13:09:38,24.707,23.099
328,0,2,6183.860000,6178.860000,1.287124,4.441180,0.749981,3.545281,1,02/26/2026 13:09:58,24.707,23.099
329,0,2,6203.860000,6198.860000,1.291291,4.455953,0.749981,3.546807,1,02/26/2026 13:10:18,24.739,23.115
330,0,2,6223.860000,6218.860000,1.295457,4.470735,0.749981,3.548638,1,02/26/2026 13:10:38,24.739,23.115
331,0,2,6243.860000,6238.860000,1.299623,4.485523,0.750134,3.550164,1,02/26/2026 13:10:58,24.755,23.131
332,0,2,6263.860000,6258.860000,1.303789,4.500320,0.749828,3.552300,1,02/26/2026 13:11:18,24.804,23.147
333,0,2,6283.860000,6278.860000,1.307956,4.515124,0.749981,3.554437,1,02/26/2026 13:11:38,24.836,23.163
334,0,2,6303.860000,6298.860000,1.312122,4.529938,0.749981,3.556878,1,02/26/2026 13:11:58,24.852,23.179
335,0,2,6323.860000,6318.860000,1.316288,4.544760,0.749981,3.558404,1,02/26/2026 13:12:18,24.852,23.195
336,0,2,6343.860000,6338.860000,1.320454,4.559591,0.749981,3.560540,1,02/26/2026 13:12:38,24.884,23.228
337,0,2,6363.860000,6358.860000,1.324621,4.574430,0.749981,3.562982,1,02/26/2026 13:12:58,24.916,23.244
338,0,2,6383.860000,6378.860000,1.328787,4.589280,0.749828,3.565423,1,02/26/2026 13:13:18,24.949,23.260
339,0,2,6403.860000,6398.860000,1.332953,4.604140,0.749828,3.567864,1,02/26/2026 13:13:38,24.965,23.260
340,0,2,6423.860000,6418.860000,1.337119,4.619010,0.749828,3.570001,1,02/26/2026 13:13:58,24.997,23.260
341,0,2,6443.860000,6438.860000,1.341286,4.633891,0.749828,3.573053,1,02/26/2026 13:14:18,24.981,23.276
342,0,2,6463.860000,6458.860000,1.345452,4.648783,0.749676,3.575799,1,02/26/2026 13:14:38,25.013,23.276
343,0,2,6483.860000,6478.860000,1.349618,4.663687,0.749981,3.578851,1,02/26/2026 13:14:58,25.013,23.260
344,0,2,6503.860000,6498.860000,1.353784,4.678604,0.749828,3.581903,1,02/26/2026 13:15:18,25.029,23.260
345,0,2,6523.860000,6518.860000,1.357951,4.693535,0.749981,3.584955,1,02/26/2026 13:15:38,25.045,23.244
346,0,2,6543.860000,6538.860000,1.362117,4.708478,0.749981,3.588312,1,02/26/2026 13:15:58,25.045,23.228
347,0,2,6563.860000,6558.860000,1.366283,4.723438,0.749828,3.592584,1,02/26/2026 13:16:18,25.045,23.212
348,0,2,6583.860000,6578.860000,1.370449,4.738412,0.749981,3.595941,1,02/26/2026 13:16:38,25.061,23.212
349,0,2,6603.860000,6598.860000,1.374616,4.753404,0.750134,3.600214,1,02/26/2026 13:16:58,25.077,23.195
350,0,2,6623.860000,6618.860000,1.378782,4.768413,0.749828,3.604791,1,02/26/2026 13:17:18,25.077,23.195
351,0,2,6643.110000,6638.110000,1.382792,4.782878,0.750134,3.609674,5,02/26/2026 13:17:37,25.093,23.195
352,0,2,6663.110000,6658.110000,1.386958,4.797927,0.749981,3.614557,1,02/26/2026 13:17:57,25.125,23.195
353,0,2,6679.880000,6674.880000,1.390451,4.810563,0.750134,3.619745,5,02/26/2026 13:18:14,25.125,23.195
354,0,2,6696.170000,6691.170000,1.393845,4.822854,0.749828,3.624628,5,02/26/2026 13:18:31,25.125,23.195
355,0,2,6711.350000,6706.350000,1.397007,4.834323,0.750134,3.629511,5,02/26/2026 13:18:46,25.158,23.195
356,0,2,6724.220000,6719.220000,1.399688,4.844061,0.749676,3.634394,5,02/26/2026 13:18:59,25.174,23.195
357,0,2,6736.730000,6731.730000,1.402294,4.853538,0.749981,3.639277,5,02/26/2026 13:19:11,25.174,23.195
358,0,2,6747.530000,6742.530000,1.404544,4.861732,0.749981,3.644160,5,02/26/2026 13:19:22,25.174,23.195
359,0,2,6758.220000,6753.220000,1.406771,4.869852,0.749828,3.649042,5,02/26/2026 13:19:33,25.190,23.195
360,0,2,6762.320000,6757.320000,1.407622,4.872958,0.739757,3.650263,4,02/26/2026 13:19:37,25.206,23.195
361,0,2,6765.970000,6760.970000,1.408366,4.875675,0.729686,3.650568,4,02/26/2026 13:19:40,25.206,23.195
362,0,2,6770.790000,6765.790000,1.409336,4.879217,0.719615,3.649653,4,02/26/2026 13:19:45,25.190,23.195
363,0,2,6775.580000,6770.580000,1.410287,4.882687,0.709392,3.650263,4,02/26/2026 13:19:50,25.206,23.195
364,0,2,6780.390000,6775.390000,1.411229,4.886124,0.699321,3.649958,4,02/26/2026 13:19:55,25.206,23.179
365,0,2,6785.140000,6780.140000,1.412146,4.889471,0.689250,3.649958,4,02/26/2026 13:19:59,25.222,23.179
366,0,2,6790.560000,6785.560000,1.413177,4.893237,0.679179,3.649958,4,02/26/2026 13:20:05,25.206,23.179
367,0,2,6795.920000,6790.920000,1.414182,4.896902,0.669108,3.649958,4,02/26/2026 13:20:10,25.206,23.179
368,0,2,6801.290000,6796.290000,1.415173,4.900519,0.659037,3.650263,4,02/26/2026 13:20:16,25.222,23.195
369,0,2,6805.920000,6800.920000,1.416015,4.903593,0.648966,3.649653,4,02/26/2026 13:20:20,25.222,23.179
370,0,2,6811.970000,6806.970000,1.417098,4.907548,0.638895,3.649958,4,02/26/2026 13:20:26,25.222,23.195
371,0,2,6817.370000,6812.370000,1.418049,4.911019,0.628672,3.649653,4,02/26/2026 13:20:32,25.238,23.179
372,0,2,6822.790000,6817.790000,1.418989,4.914450,0.618601,3.649958,4,02/26/2026 13:20:37,25.238,23.179
373,0,2,6828.800000,6823.800000,1.420014,4.918190,0.608530,3.649958,4,02/26/2026 13:20:43,25.238,23.195
374,0,2,6834.420000,6829.420000,1.420956,4.921629,0.598459,3.649653,4,02/26/2026 13:20:49,25.238,23.179
375,0,2,6840.260000,6835.260000,1.421920,4.925145,0.588388,3.649653,4,02/26/2026 13:20:55,25.254,23.179
376,0,2,6846.180000,6841.180000,1.422879,4.928647,0.578317,3.649958,4,02/26/2026 13:21:01,25.254,23.179
377,0,2,6851.950000,6846.950000,1.423798,4.932003,0.568246,3.649653,4,02/26/2026 13:21:06,25.238,23.179
378,0,2,6858.300000,6853.300000,1.424792,4.935631,0.558175,3.650263,4,02/26/2026 13:21:13,25.254,23.195
379,0,2,6864.070000,6859.070000,1.425679,4.938869,0.547799,3.649958,4,02/26/2026 13:21:18,25.254,23.179
380,0,2,6871.020000,6866.020000,1.426728,4.942698,0.537575,3.649653,4,02/26/2026 13:21:25,25.238,23.179
381,0,2,6877.480000,6872.480000,1.427685,4.946188,0.527504,3.649958,4,02/26/2026 13:21:32,25.254,23.163
382,0,2,6883.880000,6878.880000,1.428614,4.949580,0.517433,3.649958,4,02/26/2026 13:21:38,25.238,23.163
383,0,2,6889.880000,6884.880000,1.429469,4.952701,0.507210,3.650263,4,02/26/2026 13:21:44,25.238,23.163
384,0,2,6896.260000,6891.260000,1.430362,4.955960,0.497139,3.649958,4,02/26/2026 13:21:51,25.254,23.163
385,0,2,6903.980000,6898.980000,1.431420,4.959822,0.487068,3.649958,4,02/26/2026 13:21:58,25.238,23.147
386,0,2,6911.040000,6906.040000,1.432367,4.963278,0.476844,3.649958,4,02/26/2026 13:22:05,25.222,23.147
387,0,2,6917.690000,6912.690000,1.433240,4.966466,0.466773,3.649958,4,02/26/2026 13:22:12,25.238,23.147
388,0,2,6926.050000,6921.050000,1.434315,4.970388,0.456550,3.649958,4,02/26/2026 13:22:20,25.238,23.147
389,0,2,6933.250000,6928.250000,1.435219,4.973688,0.446479,3.649958,4,02/26/2026 13:22:28,25.222,23.147
390,0,2,6941.280000,6936.280000,1.436205,4.977288,0.436408,3.649958,4,02/26/2026 13:22:36,25.206,23.131
391,0,2,6949.000000,6944.000000,1.437131,4.980668,0.426337,3.649958,4,02/26/2026 13:22:43,25.206,23.131
392,0,2,6956.390000,6951.390000,1.437998,4.983832,0.416266,3.650263,4,02/26/2026 13:22:51,25.174,23.115
393,0,2,6965.930000,6960.930000,1.439090,4.987817,0.406195,3.649958,4,02/26/2026 13:23:00,25.190,23.115
394,0,2,6973.060000,6968.060000,1.439886,4.990724,0.396124,3.649958,4,02/26/2026 13:23:07,25.174,23.099
395,0,2,6983.000000,6978.000000,1.440968,4.994673,0.386053,3.650263,4,02/26/2026 13:23:17,25.142,23.099
396,0,2,6991.750000,6986.750000,1.441895,4.998056,0.375982,3.649958,4,02/26/2026 13:23:26,25.125,23.099
397,0,2,6999.940000,6994.940000,1.442741,5.001146,0.365911,3.649958,4,02/26/2026 13:23:34,25.125,23.099
398,0,2,7009.750000,7004.750000,1.443728,5.004747,0.355688,3.650263,4,02/26/2026 13:23:44,25.093,23.083
399,0,2,7020.880000,7015.880000,1.444815,5.008716,0.345617,3.650263,4,02/26/2026 13:23:55,25.109,23.083
400,0,2,7030.720000,7025.720000,1.445747,5.012118,0.335546,3.649958,4,02/26/2026 13:24:05,25.093,23.067
401,0,2,7040.840000,7035.840000,1.446679,5.015516,0.325475,3.649958,4,02/26/2026 13:24:15,25.077,23.051
402,0,2,7051.770000,7046.770000,1.447655,5.019079,0.315404,3.649958,4,02/26/2026 13:24:26,25.061,23.067
403,0,2,7063.860000,7058.860000,1.448699,5.022893,0.305333,3.649958,4,02/26/2026 13:24:38,25.029,23.035
404,0,2,7076.190000,7071.190000,1.449729,5.026649,0.295262,3.649958,4,02/26/2026 13:24:51,24.997,23.035
405,0,2,7087.160000,7082.160000,1.450614,5.029881,0.285191,3.650263,4,02/26/2026 13:25:02,24.965,23.019
406,0,2,7100.450000,7095.450000,1.451652,5.033669,0.275120,3.649958,4,02/26/2026 13:25:15,24.932,23.002
407,0,2,7112.820000,7107.820000,1.452584,5.037069,0.265049,3.650263,4,02/26/2026 13:25:27,24.900,22.986
408,0,2,7128.000000,7123.000000,1.453684,5.041087,0.254673,3.650263,4,02/26/2026 13:25:42,24.884,22.986
409,0,2,7142.400000,7137.400000,1.454687,5.044745,0.244450,3.649958,4,02/26/2026 13:25:57,24.868,22.970
410,0,2,7159.110000,7154.110000,1.455801,5.048814,0.234379,3.649958,4,02/26/2026 13:26:13,24.836,22.970
411,0,2,7174.910000,7169.910000,1.456810,5.052496,0.224308,3.649958,4,02/26/2026 13:26:29,24.820,22.986
412,0,2,7191.480000,7186.480000,1.457823,5.056192,0.214237,3.649958,4,02/26/2026 13:26:46,24.788,22.970
413,0,2,7208.700000,7203.700000,1.458829,5.059866,0.204166,3.649958,4,02/26/2026 13:27:03,24.772,22.970
414,0,2,7227.630000,7222.630000,1.459884,5.063717,0.194095,3.649653,4,02/26/2026 13:27:22,24.755,22.986
415,0,2,7247.630000,7242.630000,1.460945,5.067587,0.185855,3.649653,1,02/26/2026 13:27:42,24.723,23.002
416,0,2,7267.630000,7262.630000,1.461952,5.071265,0.177157,3.649958,1,02/26/2026 13:28:02,24.723,23.019
417,0,2,7287.560000,7282.560000,1.462907,5.074750,0.167086,3.650263,4,02/26/2026 13:28:22,24.691,23.035
418,0,2,7307.560000,7302.560000,1.463818,5.078076,0.160067,3.649958,1,02/26/2026 13:28:42,24.675,23.051
419,0,2,7327.560000,7322.560000,1.464686,5.081244,0.151675,3.649348,1,02/26/2026 13:29:02,24.675,23.051
420,0,2,7347.560000,7342.560000,1.465513,5.084262,0.144350,3.649653,1,02/26/2026 13:29:22,24.643,23.067
421,0,2,7367.560000,7362.560000,1.466301,5.087138,0.139162,3.649958,1,02/26/2026 13:29:42,24.627,23.083
422,0,2,7387.560000,7382.560000,1.467053,5.089884,0.132296,3.649653,1,02/26/2026 13:30:02,24.611,23.099
423,0,2,7407.560000,7402.560000,1.467771,5.092504,0.126650,3.650263,1,02/26/2026 13:30:22,24.595,23.099
424,0,2,7427.560000,7422.560000,1.468457,5.095006,0.121004,3.649958,1,02/26/2026 13:30:42,24.579,23.115
425,0,2,7447.560000,7442.560000,1.469112,5.097398,0.115969,3.649958,1,02/26/2026 13:31:02,24.562,23.131
426,0,2,7467.560000,7462.560000,1.469740,5.099691,0.110475,3.649958,1,02/26/2026 13:31:22,24.530,23.131
427,0,2,7487.560000,7482.560000,1.470341,5.101883,0.105745,3.649653,1,02/26/2026 13:31:42,24.530,23.131
428,0,2,7507.560000,7502.560000,1.470916,5.103984,0.102235,3.649958,1,02/26/2026 13:32:02,24.498,23.131
429,0,2,7527.560000,7522.560000,1.471468,5.105996,0.097047,3.649958,1,02/26/2026 13:32:22,24.466,23.131
430,0,2,7547.560000,7542.560000,1.471997,5.107927,0.093080,3.649958,1,02/26/2026 13:32:42,24.434,23.131
431,0,2,7567.560000,7562.560000,1.472504,5.109780,0.088655,3.650263,1,02/26/2026 13:33:02,24.402,23.115
432,0,2,7587.560000,7582.560000,1.472992,5.111559,0.086671,3.649653,1,02/26/2026 13:33:22,24.353,23.099
433,0,2,7607.560000,7602.560000,1.473461,5.113271,0.081941,3.649348,1,02/26/2026 13:33:42,24.289,23.067
434,0,2,7627.560000,7622.560000,1.473912,5.114917,0.079042,3.649958,1,02/26/2026 13:34:02,24.225,23.051
435,0,2,7647.560000,7642.560000,1.474346,5.116501,0.076295,3.649958,1,02/26/2026 13:34:22,24.192,23.035
436,0,2,7667.560000,7662.560000,1.474763,5.118024,0.074311,3.649958,1,02/26/2026 13:34:42,24.144,23.019
437,0,2,7687.560000,7682.560000,1.475164,5.119489,0.071107,3.649958,1,02/26/2026 13:35:02,24.128,23.002
438,0,2,7707.560000,7702.560000,1.475552,5.120903,0.069123,3.649958,1,02/26/2026 13:35:22,24.080,22.986
439,0,2,7727.560000,7722.560000,1.475925,5.122266,0.065309,3.649958,1,02/26/2026 13:35:42,24.048,22.970
440,0,2,7747.560000,7742.560000,1.476285,5.123580,0.064393,3.649958,1,02/26/2026 13:36:02,24.016,22.970
441,0,2,7767.560000,7762.560000,1.476632,5.124847,0.061646,3.649653,1,02/26/2026 13:36:22,23.983,22.970
442,0,2,7787.560000,7782.560000,1.476968,5.126071,0.060883,3.649958,1,02/26/2026 13:36:42,23.967,22.970
443,0,2,7807.560000,7802.560000,1.477291,5.127251,0.057832,3.649958,1,02/26/2026 13:37:02,23.951,22.986
444,0,2,7827.560000,7822.560000,1.477603,5.128391,0.055695,3.649958,1,02/26/2026 13:37:22,23.951,23.002
445,0,2,7847.560000,7842.560000,1.477905,5.129492,0.053254,3.649653,1,02/26/2026 13:37:42,23.951,23.002
446,0,2,7867.560000,7862.560000,1.478197,5.130559,0.053101,3.649958,1,02/26/2026 13:38:02,23.935,23.019
447,0,2,7887.560000,7882.560000,1.478479,5.131589,0.050507,3.649653,1,02/26/2026 13:38:22,23.919,23.019
448,0,2,7907.560000,7902.560000,1.478753,5.132588,0.047913,3.649653,1,02/26/2026 13:38:42,23.919,23.035
449,0,2,7927.560000,7922.560000,1.479018,5.133554,0.047303,3.649958,1,02/26/2026 13:39:02,23.919,23.067
450,0,2,7947.560000,7942.560000,1.479274,5.134490,0.044556,3.649958,1,02/26/2026 13:39:22,23.919,23.067
451,0,2,7967.560000,7962.560000,1.479523,5.135398,0.043793,3.649958,1,02/26/2026 13:39:42,23.919,23.083
452,0,2,7987.560000,7982.560000,1.479764,5.136278,0.043030,3.649958,1,02/26/2026 13:40:02,23.903,23.099
453,0,2,8007.560000,8002.560000,1.479998,5.137132,0.041810,3.649653,1,02/26/2026 13:40:22,23.903,23.115
454,0,2,8027.560000,8022.560000,1.480225,5.137962,0.040284,3.649958,1,02/26/2026 13:40:42,23.903,23.131
455,0,2,8047.560000,8042.560000,1.480446,5.138768,0.037995,3.649958,1,02/26/2026 13:41:02,23.903,23.147
456,0,2,8067.560000,8062.560000,1.480660,5.139548,0.037690,3.649958,1,02/26/2026 13:41:22,23.903,23.163
457,0,2,8087.560000,8082.560000,1.480868,5.140308,0.037842,3.649653,1,02/26/2026 13:41:42,23.887,23.163
458,0,2,8107.560000,8102.560000,1.481071,5.141049,0.036622,3.649958,1,02/26/2026 13:42:02,23.871,23.147
459,0,2,8127.560000,8122.560000,1.481269,5.141772,0.035096,3.649653,1,02/26/2026 13:42:22,23.855,23.147
460,0,2,8147.560000,8142.560000,1.481462,5.142475,0.034028,3.650263,1,02/26/2026 13:42:42,23.823,23.147
461,0,2,8167.560000,8162.560000,1.481650,5.143161,0.033722,3.650263,1,02/26/2026 13:43:02,23.806,23.131
462,0,2,8187.560000,8182.560000,1.481833,5.143829,0.032959,3.649958,1,02/26/2026 13:43:22,23.790,23.131
463,0,2,8207.560000,8202.560000,1.482011,5.144478,0.031434,3.650568,1,02/26/2026 13:43:42,23.758,23.115
464,0,2,8227.560000,8222.560000,1.482184,5.145111,0.030823,3.649958,1,02/26/2026 13:44:02,23.742,23.115
465,0,2,8247.560000,8242.560000,1.482353,5.145728,0.028840,3.649958,1,02/26/2026 13:44:22,23.710,23.099
466,0,2,8267.560000,8262.560000,1.482519,5.146332,0.029145,3.649958,1,02/26/2026 13:44:42,23.694,23.099
467,0,2,8287.560000,8282.560000,1.482680,5.146921,0.027619,3.649653,1,02/26/2026 13:45:02,23.646,23.067
468,0,2,8307.560000,8302.560000,1.482838,5.147497,0.028840,3.650568,1,02/26/2026 13:45:22,23.629,23.051
469,0,2,8327.560000,8322.560000,1.482991,5.148057,0.026551,3.649653,1,02/26/2026 13:45:42,23.597,23.035
470,0,2,8347.560000,8342.560000,1.483141,5.148604,0.027771,3.649653,1,02/26/2026 13:46:02,23.565,23.019
471,0,2,8367.560000,8362.560000,1.483288,5.149138,0.027008,3.649958,1,02/26/2026 13:46:22,23.533,23.002
472,0,2,8387.560000,8382.560000,1.483430,5.149658,0.027008,3.650263,1,02/26/2026 13:46:42,23.517,23.002
473,0,2,8407.560000,8402.560000,1.483570,5.150168,0.025330,3.649653,1,02/26/2026 13:47:02,23.517,23.002
474,0,2,8427.560000,8422.560000,1.483706,5.150666,0.024414,3.649958,1,02/26/2026 13:47:22,23.517,23.019
475,0,2,8447.560000,8442.560000,1.483839,5.151152,0.023041,3.649653,1,02/26/2026 13:47:42,23.533,23.035
476,0,2,8467.560000,8462.560000,1.483970,5.151628,0.023957,3.649958,1,02/26/2026 13:48:02,23.533,23.035
477,0,2,8487.560000,8482.560000,1.484097,5.152094,0.021210,3.649958,1,02/26/2026 13:48:22,23.533,23.067
478,0,2,8507.560000,8502.560000,1.484222,5.152550,0.021668,3.649653,1,02/26/2026 13:48:42,23.549,23.083
479,0,2,8527.560000,8522.560000,1.484344,5.152993,0.022431,3.649958,1,02/26/2026 13:49:02,23.549,23.099
480,0,2,8547.560000,8542.560000,1.484463,5.153428,0.020600,3.649653,1,02/26/2026 13:49:22,23.565,23.115
481,0,2,8567.560000,8562.560000,1.484579,5.153853,0.021820,3.649653,1,02/26/2026 13:49:42,23.565,23.131
482,0,2,8587.560000,8582.560000,1.484694,5.154271,0.019837,3.649958,1,02/26/2026 13:50:02,23.581,23.147
483,0,2,8607.560000,8602.560000,1.484806,5.154680,0.019074,3.649958,1,02/26/2026 13:50:22,23.581,23.163
484,0,2,8627.560000,8622.560000,1.484916,5.155081,0.019684,3.649653,1,02/26/2026 13:50:42,23.581,23.179
485,0,2,8647.560000,8642.560000,1.485024,5.155475,0.018769,3.650263,1,02/26/2026 13:51:02,23.581,23.195
486,0,2,8667.560000,8662.560000,1.485130,5.155862,0.018158,3.649958,1,02/26/2026 13:51:22,23.597,23.195
487,0,2,8687.560000,8682.560000,1.485233,5.156241,0.018616,3.649653,1,02/26/2026 13:51:42,23.597,23.212
488,0,2,8707.560000,8702.560000,1.485335,5.156613,0.017853,3.649653,1,02/26/2026 13:52:02,23.581,23.212
489,0,2,8727.560000,8722.560000,1.485436,5.156979,0.018006,3.649958,1,02/26/2026 13:52:22,23.581,23.212
490,0,2,8747.560000,8742.560000,1.485534,5.157337,0.017090,3.649958,1,02/26/2026 13:52:42,23.581,23.212
491,0,2,8767.560000,8762.560000,1.485630,5.157688,0.016632,3.649653,1,02/26/2026 13:53:02,23.581,23.212
492,0,2,8787.560000,8782.560000,1.485724,5.158033,0.016938,3.649653,1,02/26/2026 13:53:22,23.565,23.212
493,0,2,8799.440000,8794.440000,1.485780,5.158235,0.014954,3.649958,132,02/26/2026 13:53:34,23.565,23.212
494,0,3,8799.450000,0.010000,0.000000,0.000000,0.000000,3.649042,0,02/26/2026 13:53:34,23.565,23.212
495,0,3,8804.830000,5.390000,0.000000,0.000000,0.000000,3.644160,5,02/26/2026 13:53:39,23.565,23.212
496,0,3,8811.810000,12.370000,0.000000,0.000000,0.000000,3.639277,5,02/26/2026 13:53:46,23.565,23.212
497,0,3,8819.890000,20.450000,0.000000,0.000000,0.000000,3.634394,5,02/26/2026 13:53:54,23.565,23.212
498,0,3,8828.050000,28.610000,0.000000,0.000000,0.000000,3.629511,5,02/26/2026 13:54:02,23.565,23.212
499,0,3,8837.380000,37.940000,0.000000,0.000000,0.000000,3.624628,5,02/26/2026 13:54:12,23.549,23.212
500,0,3,8846.990000,47.550000,0.000000,0.000000,0.000000,3.619745,5,02/26/2026 13:54:21,23.549,23.212
501,0,3,8857.250000,57.810000,0.000000,0.000000,0.000000,3.614862,5,02/26/2026 13:54:32,23.549,23.212
502,0,3,8868.150000,68.710000,0.000000,0.000000,0.000000,3.609979,5,02/26/2026 13:54:42,23.549,23.212
503,0,3,8879.220000,79.780000,0.000000,0.000000,0.000000,3.605097,5,02/26/2026 13:54:54,23.549,23.212
504,0,3,8891.570000,92.130000,0.000000,0.000000,0.000000,3.600214,5,02/26/2026 13:55:06,23.549,23.212
505,0,3,8904.780000,105.340000,0.000000,0.000000,0.000000,3.595331,5,02/26/2026 13:55:19,23.549,23.212
506,0,3,8919.050000,119.610000,0.000000,0.000000,0.000000,3.590448,5,02/26/2026 13:55:33,23.533,23.212
507,0,3,8933.340000,133.900000,0.000000,0.000000,0.000000,3.585565,5,02/26/2026 13:55:48,23.533,23.228
508,0,3,8949.350000,149.910000,0.000000,0.000000,0.000000,3.580682,5,02/26/2026 13:56:04,23.533,23.228
509,0,3,8965.420000,165.980000,0.000000,0.000000,0.000000,3.575799,5,02/26/2026 13:56:20,23.533,23.228
510,0,3,8982.910000,183.470000,0.000000,0.000000,0.000000,3.570916,5,02/26/2026 13:56:37,23.517,23.228
511,0,3,9001.970000,202.530000,0.000000,0.000000,0.000000,3.566033,5,02/26/2026 13:56:56,23.517,23.212
512,0,3,9021.080000,221.640000,0.000000,0.000000,0.000000,3.561151,5,02/26/2026 13:57:15,23.517,23.212
513,0,3,9041.080000,241.640000,0.000000,0.000000,0.000000,3.556878,1,02/26/2026 13:57:35,23.501,23.212
514,0,3,9061.080000,261.640000,0.000000,0.000000,0.000000,3.551995,1,02/26/2026 13:57:55,23.485,23.195
515,0,3,9081.080000,281.640000,0.000000,0.000000,0.000000,3.548333,1,02/26/2026 13:58:15,23.469,23.179
516,0,3,9101.080000,301.640000,0.000000,0.000000,0.000000,3.543755,1,02/26/2026 13:58:35,23.453,23.163
517,0,3,9121.080000,321.640000,0.000000,0.000000,0.000000,3.540093,1,02/26/2026 13:58:55,23.420,23.147
518,0,3,9141.080000,341.640000,0.000000,0.000000,0.000000,3.537041,1,02/26/2026 13:59:15,23.404,23.131
519,0,3,9161.080000,361.640000,0.000000,0.000000,0.000000,3.533074,1,02/26/2026 13:59:35,23.388,23.115
520,0,3,9181.080000,381.640000,0.000000,0.000000,0.000000,3.530022,1,02/26/2026 13:59:55,23.356,23.099
521,0,3,9201.080000,401.640000,0.000000,0.000000,0.000000,3.526970,1,02/26/2026 14:00:15,23.356,23.083
522,0,3,9221.080000,421.640000,0.000000,0.000000,0.000000,3.523919,1,02/26/2026 14:00:35,23.324,23.067
523,0,3,9241.080000,441.640000,0.000000,0.000000,0.000000,3.520867,1,02/26/2026 14:00:55,23.308,23.051
524,0,3,9261.080000,461.640000,0.000000,0.000000,0.000000,3.517815,1,02/26/2026 14:01:15,23.292,23.035
525,0,3,9281.080000,481.640000,0.000000,0.000000,0.000000,3.515984,1,02/26/2026 14:01:35,23.292,23.035
526,0,3,9301.080000,501.640000,0.000000,0.000000,0.000000,3.513237,1,02/26/2026 14:01:55,23.292,23.019
527,0,3,9321.080000,521.640000,0.000000,0.000000,0.000000,3.510796,1,02/26/2026 14:02:15,23.292,23.035
528,0,3,9341.080000,541.640000,0.000000,0.000000,0.000000,3.508354,1,02/26/2026 14:02:35,23.308,23.019
529,0,3,9361.080000,561.640000,0.000000,0.000000,0.000000,3.505913,1,02/26/2026 14:02:55,23.324,23.035
530,0,3,9381.080000,581.640000,0.000000,0.000000,0.000000,3.503777,1,02/26/2026 14:03:15,23.324,23.051
531,0,3,9399.440000,600.000000,0.000000,0.000000,0.000000,3.501640,129,02/26/2026 14:03:34,23.340,23.067
532,0,5,9399.480000,0.040000,0.000041,0.000131,-3.752041,3.227283,0,02/26/2026 14:03:34,23.340,23.067
533,0,5,9399.640000,0.200000,0.000207,0.000666,-3.750057,3.199817,5,02/26/2026 14:03:34,23.340,23.067
534,0,5,9399.750000,0.310000,0.000322,0.001032,-3.750210,3.183642,5,02/26/2026 14:03:35,23.340,23.067
535,0,5,9399.880000,0.440000,0.000457,0.001462,-3.749905,3.168994,5,02/26/2026 14:03:35,23.340,23.051
536,0,5,9400.010000,0.570000,0.000593,0.001890,-3.750057,3.156481,5,02/26/2026 14:03:35,23.340,23.051
537,0,5,9400.150000,0.710000,0.000739,0.002349,-3.750057,3.145190,5,02/26/2026 14:03:35,23.340,23.051
538,0,5,9400.300000,0.860000,0.000895,0.002839,-3.750057,3.134203,5,02/26/2026 14:03:35,23.340,23.051
539,0,5,9400.460000,1.020000,0.001062,0.003361,-3.750057,3.124437,5,02/26/2026 14:03:35,23.340,23.051
540,0,5,9400.620000,1.180000,0.001228,0.003881,-3.750057,3.115587,5,02/26/2026 14:03:35,23.340,23.067
541,0,5,9400.800000,1.360000,0.001416,0.004464,-3.749905,3.107042,5,02/26/2026 14:03:36,23.340,23.067
542,0,5,9400.980000,1.540000,0.001603,0.005045,-3.750057,3.099107,5,02/26/2026 14:03:36,23.340,23.067
543,0,5,9401.170000,1.730000,0.001801,0.005658,-3.750057,3.091173,5,02/26/2026 14:03:36,23.340,23.067
544,0,5,9401.390000,1.950000,0.002030,0.006365,-3.750057,3.083238,5,02/26/2026 14:03:36,23.340,23.067
545,0,5,9401.620000,2.180000,0.002270,0.007103,-3.749905,3.075608,5,02/26/2026 14:03:36,23.340,23.067
546,0,5,9401.850000,2.410000,0.002509,0.007839,-3.750057,3.068894,5,02/26/2026 14:03:37,23.340,23.067
547,0,5,9402.100000,2.660000,0.002770,0.008637,-3.749905,3.062486,5,02/26/2026 14:03:37,23.340,23.067
548,0,5,9402.380000,2.940000,0.003062,0.009529,-3.749905,3.055772,5,02/26/2026 14:03:37,23.340,23.067
549,0,5,9402.690000,3.250000,0.003384,0.010514,-3.750057,3.049668,5,02/26/2026 14:03:38,23.340,23.067
550,0,5,9403.000000,3.560000,0.003707,0.011498,-3.750057,3.043870,5,02/26/2026 14:03:38,23.340,23.067
551,0,5,9403.380000,3.940000,0.004103,0.012702,-3.750210,3.037461,5,02/26/2026 14:03:38,23.340,23.067
552,0,5,9403.820000,4.380000,0.004562,0.014092,-3.749905,3.031357,5,02/26/2026 14:03:39,23.340,23.067
553,0,5,9404.340000,4.900000,0.005103,0.015733,-3.750057,3.025864,5,02/26/2026 14:03:39,23.340,23.083
554,0,5,9404.890000,5.450000,0.005676,0.017465,-3.750057,3.020066,5,02/26/2026 14:03:40,23.340,23.067
555,0,5,9405.620000,6.180000,0.006437,0.019759,-3.749905,3.014878,5,02/26/2026 14:03:40,23.340,23.067
556,0,5,9406.310000,6.870000,0.007155,0.021924,-3.750057,3.009689,5,02/26/2026 14:03:41,23.356,23.067
557,0,5,9407.210000,7.770000,0.008093,0.024743,-3.750057,3.004501,5,02/26/2026 14:03:42,23.356,23.067
558,0,5,9408.180000,8.740000,0.009103,0.027776,-3.750057,2.999313,5,02/26/2026 14:03:43,23.356,23.067
559,0,5,9409.400000,9.960000,0.010374,0.031584,-3.749905,2.994125,5,02/26/2026 14:03:44,23.372,23.067
560,0,5,9410.850000,11.410000,0.011884,0.036103,-3.750057,2.989242,5,02/26/2026 14:03:46,23.372,23.067
561,0,5,9412.410000,12.970000,0.013509,0.040956,-3.750057,2.984360,5,02/26/2026 14:03:47,23.388,23.067
562,0,5,9414.260000,14.820000,0.015437,0.046703,-3.750057,2.979477,5,02/26/2026 14:03:49,23.420,23.067
563,0,5,9416.430000,16.990000,0.017697,0.053432,-3.749905,2.974594,5,02/26/2026 14:03:51,23.436,23.067
564,0,5,9419.230000,19.790000,0.020614,0.062101,-3.749905,2.969406,5,02/26/2026 14:03:54,23.469,23.067
565,0,5,9422.410000,22.970000,0.023926,0.071929,-3.750210,2.964218,5,02/26/2026 14:03:57,23.517,23.083
566,0,5,9426.010000,26.570000,0.027676,0.083037,-3.750210,2.959030,5,02/26/2026 14:04:01,23.581,23.099
567,0,5,9431.080000,31.640000,0.032957,0.098652,-3.750057,2.954147,5,02/26/2026 14:04:06,23.678,23.099
568,0,5,9436.430000,36.990000,0.038530,0.115102,-3.750057,2.949264,5,02/26/2026 14:04:11,23.790,23.099
569,0,5,9444.650000,45.210000,0.047093,0.140334,-3.749905,2.944076,5,02/26/2026 14:04:19,23.983,23.115
570,0,5,9460.470000,61.030000,0.063572,0.188809,-3.749905,2.939193,5,02/26/2026 14:04:35,24.353,23.115
571,0,5,9480.470000,81.030000,0.084405,0.250013,-3.750057,2.936751,1,02/26/2026 14:04:55,24.804,23.131
572,0,5,9500.470000,101.030000,0.105239,0.311175,-3.749905,2.934920,1,02/26/2026 14:05:15,25.238,23.147
573,0,5,9520.470000,121.030000,0.126072,0.372317,-3.750210,2.934615,1,02/26/2026 14:05:35,25.705,23.179
574,0,5,9540.470000,141.030000,0.146905,0.433464,-3.749752,2.935225,1,02/26/2026 14:05:55,26.107,23.195
575,0,5,9560.470000,161.030000,0.167739,0.494629,-3.750057,2.936446,1,02/26/2026 14:06:15,26.525,23.228
576,0,5,9580.470000,181.030000,0.188572,0.555808,-3.749905,2.936751,1,02/26/2026 14:06:35,26.927,23.228
577,0,5,9600.470000,201.030000,0.209405,0.617006,-3.750210,2.937972,1,02/26/2026 14:06:55,27.265,23.244
578,0,5,9620.470000,221.030000,0.230239,0.678233,-3.750057,2.939803,1,02/26/2026 14:07:15,27.651,23.244
579,0,5,9640.470000,241.030000,0.251072,0.739488,-3.749905,2.940719,1,02/26/2026 14:07:35,27.957,23.244
580,0,5,9660.470000,261.030000,0.271905,0.800768,-3.750210,2.941634,1,02/26/2026 14:07:55,28.262,23.244
581,0,5,9680.470000,281.030000,0.292739,0.862070,-3.750057,2.942550,1,02/26/2026 14:08:15,28.584,23.244
582,0,5,9700.470000,301.030000,0.313572,0.923392,-3.750057,2.943465,1,02/26/2026 14:08:35,28.841,23.244
583,0,5,9720.470000,321.030000,0.334405,0.984735,-3.749905,2.944991,1,02/26/2026 14:08:55,29.067,23.244
584,0,5,9740.470000,341.030000,0.355239,1.046093,-3.749905,2.945296,1,02/26/2026 14:09:15,29.356,23.228
585,0,5,9760.470000,361.030000,0.376072,1.107460,-3.749905,2.945907,1,02/26/2026 14:09:35,29.549,23.195
586,0,5,9780.470000,381.030000,0.396905,1.168834,-3.749905,2.945602,1,02/26/2026 14:09:55,29.823,23.179
587,0,5,9800.470000,401.030000,0.417739,1.230209,-3.750057,2.945907,1,02/26/2026 14:10:15,30.031,23.179
588,0,5,9820.470000,421.030000,0.438572,1.291584,-3.750057,2.945907,1,02/26/2026 14:10:35,30.188,23.147
589,0,5,9840.470000,441.030000,0.459405,1.352959,-3.750057,2.945907,1,02/26/2026 14:10:55,30.486,23.115
590,0,5,9860.470000,461.030000,0.480239,1.414334,-3.749905,2.945907,1,02/26/2026 14:11:15,30.690,23.099
591,0,5,9880.470000,481.030000,0.501072,1.475705,-3.749905,2.945907,1,02/26/2026 14:11:35,30.753,23.099
592,0,5,9900.470000,501.030000,0.521905,1.537069,-3.749905,2.944991,1,02/26/2026 14:11:55,30.957,23.099
593,0,5,9920.470000,521.030000,0.542739,1.598423,-3.750057,2.944686,1,02/26/2026 14:12:15,31.161,23.115
594,0,5,9940.470000,541.030000,0.563572,1.659761,-3.750057,2.943771,1,02/26/2026 14:12:35,31.381,23.131
595,0,5,9960.470000,561.030000,0.584405,1.721084,-3.749752,2.942855,1,02/26/2026 14:12:55,31.475,23.147
596,0,5,9980.470000,581.030000,0.605239,1.782392,-3.750210,2.942245,1,02/26/2026 14:13:15,31.711,23.163
597,0,5,10000.470000,601.030000,0.626072,1.843684,-3.750057,2.941634,1,02/26/2026 14:13:35,31.821,23.179
598,0,5,10020.470000,621.030000,0.646905,1.904953,-3.750057,2.940414,1,02/26/2026 14:13:55,32.025,23.212
599,0,5,10040.470000,641.030000,0.667739,1.966198,-3.750057,2.938888,1,02/26/2026 14:14:15,32.166,23.228
600,0,5,10060.470000,661.030000,0.688572,2.027421,-3.750057,2.937972,1,02/26/2026 14:14:35,32.292,23.244
601,0,5,10080.470000,681.030000,0.709405,2.088619,-3.750057,2.936751,1,02/26/2026 14:14:55,32.511,23.244
602,0,5,10100.470000,701.030000,0.730239,2.149788,-3.750057,2.934920,1,02/26/2026 14:15:15,32.606,23.260
603,0,5,10120.470000,721.030000,0.751072,2.210924,-3.749905,2.933700,1,02/26/2026 14:15:35,32.668,23.292
604,0,5,10140.470000,741.030000,0.771905,2.272029,-3.749905,2.932174,1,02/26/2026 14:15:55,32.904,23.292
605,0,5,10160.470000,761.030000,0.792739,2.333104,-3.750057,2.930953,1,02/26/2026 14:16:15,33.124,23.308
606,0,5,10180.470000,781.030000,0.813572,2.394145,-3.750057,2.929122,1,02/26/2026 14:16:35,33.029,23.324
607,0,5,10200.470000,801.030000,0.834405,2.455149,-3.749905,2.927596,1,02/26/2026 14:16:55,33.139,23.324
608,0,5,10220.470000,821.030000,0.855239,2.516109,-3.750210,2.924849,1,02/26/2026 14:17:15,33.281,23.324
609,0,5,10240.470000,841.030000,0.876072,2.577028,-3.750057,2.923018,1,02/26/2026 14:17:35,33.359,23.308
610,0,5,10260.470000,861.030000,0.896905,2.637906,-3.750057,2.921187,1,02/26/2026 14:17:55,33.469,23.292
611,0,5,10280.470000,881.030000,0.917739,2.698741,-3.750057,2.918746,1,02/26/2026 14:18:15,33.485,23.260
612,0,5,10300.470000,901.030000,0.938572,2.759524,-3.750057,2.916609,1,02/26/2026 14:18:35,33.579,23.228
613,0,5,10320.470000,921.030000,0.959405,2.820256,-3.749752,2.914168,1,02/26/2026 14:18:55,33.752,23.212
614,0,5,10340.470000,941.030000,0.980239,2.880936,-3.750057,2.911421,1,02/26/2026 14:19:15,33.846,23.179
615,0,5,10360.470000,961.030000,1.001072,2.941556,-3.749905,2.908064,1,02/26/2026 14:19:35,33.846,23.147
616,0,5,10380.470000,981.030000,1.021905,3.002116,-3.749752,2.905318,1,02/26/2026 14:19:55,33.987,23.131
617,0,5,10400.470000,1001.030000,1.042739,3.062617,-3.749905,2.902571,1,02/26/2026 14:20:15,34.081,23.115
618,0,5,10420.470000,1021.030000,1.063572,3.123047,-3.749905,2.898604,1,02/26/2026 14:20:35,34.223,23.099
619,0,5,10440.470000,1041.030000,1.084405,3.183406,-3.749905,2.895247,1,02/26/2026 14:20:55,34.113,23.083
620,0,5,10460.470000,1061.030000,1.105239,3.243686,-3.749905,2.891279,1,02/26/2026 14:21:15,34.238,23.083
621,0,5,10480.470000,1081.030000,1.126072,3.303882,-3.749905,2.887312,1,02/26/2026 14:21:35,34.348,23.083
622,0,5,10500.470000,1101.030000,1.146905,3.363990,-3.749905,2.882734,1,02/26/2026 14:21:55,34.490,23.099
623,0,5,10520.340000,1120.900000,1.167603,3.423611,-3.750210,2.877852,5,02/26/2026 14:22:15,34.615,23.131
624,0,5,10538.550000,1139.110000,1.186572,3.478161,-3.749905,2.872969,5,02/26/2026 14:22:33,34.725,23.131
625,0,5,10555.690000,1156.250000,1.204426,3.529419,-3.749905,2.868086,5,02/26/2026 14:22:51,34.709,23.163
626,0,5,10571.500000,1172.060000,1.220895,3.576615,-3.750057,2.863203,5,02/26/2026 14:23:06,34.913,23.179
627,0,5,10585.140000,1185.700000,1.235103,3.617266,-3.750362,2.858320,5,02/26/2026 14:23:20,34.992,23.179
628,0,5,10598.620000,1199.180000,1.249145,3.657371,-3.750057,2.853132,5,02/26/2026 14:23:33,35.039,23.212
629,0,5,10611.240000,1211.800000,1.262291,3.694854,-3.750057,2.848249,5,02/26/2026 14:23:46,35.212,23.212
630,0,5,10623.340000,1223.900000,1.274895,3.730727,-3.750210,2.843366,5,02/26/2026 14:23:58,35.306,23.228
631,0,5,10633.470000,1234.030000,1.285447,3.760707,-3.750210,2.838483,5,02/26/2026 14:24:08,35.384,23.244
632,0,5,10643.860000,1244.420000,1.296270,3.791403,-3.750057,2.833600,5,02/26/2026 14:24:19,35.431,23.244
633,0,5,10652.440000,1253.000000,1.305207,3.816708,-3.750057,2.828717,5,02/26/2026 14:24:27,35.384,23.260
634,0,5,10661.140000,1261.700000,1.314270,3.842324,-3.750057,2.823835,5,02/26/2026 14:24:36,35.557,23.260
635,0,5,10669.320000,1269.880000,1.322791,3.866366,-3.750057,2.818952,5,02/26/2026 14:24:44,35.683,23.276
636,0,5,10676.390000,1276.950000,1.330155,3.887110,-3.749752,2.814069,5,02/26/2026 14:24:51,35.745,23.276
637,0,5,10683.680000,1284.240000,1.337749,3.908462,-3.750362,2.808881,5,02/26/2026 14:24:59,35.808,23.292
638,0,5,10690.570000,1291.130000,1.344926,3.928605,-3.750210,2.803998,5,02/26/2026 14:25:05,35.808,23.292
639,0,5,10696.900000,1297.460000,1.351520,3.947079,-3.749905,2.799115,5,02/26/2026 14:25:12,35.824,23.292
640,0,5,10702.780000,1303.340000,1.357645,3.964208,-3.750057,2.793927,5,02/26/2026 14:25:18,35.840,23.292
641,0,5,10708.470000,1309.030000,1.363572,3.980755,-3.749752,2.789044,5,02/26/2026 14:25:23,35.871,23.292
642,0,5,10713.710000,1314.270000,1.369030,3.995965,-3.750210,2.784161,5,02/26/2026 14:25:29,36.028,23.308
643,0,5,10718.460000,1319.020000,1.373978,4.009729,-3.749905,2.779278,5,02/26/2026 14:25:33,36.059,23.308
644,0,5,10723.380000,1323.940000,1.379103,4.023961,-3.749905,2.774395,5,02/26/2026 14:25:38,36.154,23.308
645,0,5,10727.720000,1328.280000,1.383624,4.036493,-3.750057,2.769207,5,02/26/2026 14:25:43,36.091,23.308
646,0,5,10732.480000,1333.040000,1.388582,4.050214,-3.750057,2.764324,5,02/26/2026 14:25:47,36.059,23.324
647,0,5,10736.810000,1337.370000,1.393093,4.062671,-3.749752,2.759442,5,02/26/2026 14:25:52,36.059,23.324
648,0,5,10740.700000,1341.260000,1.397145,4.073843,-3.750210,2.754559,5,02/26/2026 14:25:56,36.107,23.308
649,0,5,10744.520000,1345.080000,1.401124,4.084795,-3.750057,2.749676,5,02/26/2026 14:25:59,36.138,23.324
650,0,5,10747.990000,1348.550000,1.404739,4.094725,-3.749905,2.744793,5,02/26/2026 14:26:03,36.185,23.324
651,0,5,10751.740000,1352.300000,1.408645,4.105438,-3.749905,2.739910,5,02/26/2026 14:26:07,36.264,23.324
652,0,5,10755.180000,1355.740000,1.412228,4.115247,-3.749905,2.734722,5,02/26/2026 14:26:10,36.342,23.324
653,0,5,10758.560000,1359.120000,1.415749,4.124867,-3.749905,2.729534,5,02/26/2026 14:26:13,36.436,23.324
654,0,5,10762.150000,1362.710000,1.419489,4.135066,-3.750057,2.724651,5,02/26/2026 14:26:17,36.436,23.324
655,0,5,10765.130000,1365.690000,1.422593,4.143516,-3.750057,2.719768,5,02/26/2026 14:26:20,36.436,23.340
656,0,5,10768.250000,1368.810000,1.425843,4.152348,-3.750057,2.714885,5,02/26/2026 14:26:23,36.515,23.340
657,0,5,10771.110000,1371.670000,1.428822,4.160429,-3.750057,2.709697,5,02/26/2026 14:26:26,36.578,23.340
658,0,5,10774.050000,1374.610000,1.431884,4.168720,-3.749905,2.704814,5,02/26/2026 14:26:29,36.578,23.340
659,0,5,10776.950000,1377.510000,1.434905,4.176884,-3.750057,2.699626,5,02/26/2026 14:26:32,36.530,23.340
660,0,5,10779.650000,1380.210000,1.437718,4.184470,-3.750057,2.694743,5,02/26/2026 14:26:34,36.609,23.356
661,0,5,10782.340000,1382.900000,1.440520,4.192014,-3.750057,2.689860,5,02/26/2026 14:26:37,36.656,23.356
662,0,5,10784.840000,1385.400000,1.443124,4.199012,-3.750057,2.684672,5,02/26/2026 14:26:40,36.672,23.356
663,0,5,10787.660000,1388.220000,1.446062,4.206892,-3.750210,2.679484,5,02/26/2026 14:26:42,36.703,23.356
664,0,5,10790.170000,1390.730000,1.448676,4.213891,-3.749905,2.674601,5,02/26/2026 14:26:45,36.782,23.356
665,0,5,10792.460000,1393.020000,1.451062,4.220266,-3.750057,2.669718,5,02/26/2026 14:26:47,36.876,23.356
666,0,5,10794.920000,1395.480000,1.453624,4.227100,-3.750057,2.664530,5,02/26/2026 14:26:50,36.970,23.356
667,0,5,10797.280000,1397.840000,1.456082,4.233645,-3.749905,2.659342,5,02/26/2026 14:26:52,37.033,23.356
668,0,5,10799.620000,1400.180000,1.458520,4.240121,-3.749905,2.654459,5,02/26/2026 14:26:54,37.064,23.356
669,0,5,10801.750000,1402.310000,1.460739,4.246006,-3.749905,2.649577,5,02/26/2026 14:26:57,37.064,23.356
670,0,5,10803.880000,1404.440000,1.462957,4.251879,-3.749905,2.644694,5,02/26/2026 14:26:59,37.127,23.356
671,0,5,10806.110000,1406.670000,1.465280,4.258017,-3.750362,2.639200,5,02/26/2026 14:27:01,37.253,23.356
672,0,5,10808.330000,1408.890000,1.467593,4.264115,-3.750210,2.634012,5,02/26/2026 14:27:03,37.300,23.356
673,0,5,10810.480000,1411.040000,1.469832,4.270009,-3.749905,2.629129,5,02/26/2026 14:27:05,37.284,23.356
674,0,5,10812.330000,1412.890000,1.471759,4.275070,-3.749905,2.624247,5,02/26/2026 14:27:07,37.300,23.356
675,0,5,10814.320000,1414.880000,1.473832,4.280505,-3.750057,2.619364,5,02/26/2026 14:27:09,37.378,23.356
676,0,5,10816.190000,1416.750000,1.475780,4.285603,-3.750057,2.614481,5,02/26/2026 14:27:11,37.425,23.356
677,0,5,10818.020000,1418.580000,1.477687,4.290582,-3.749905,2.609598,5,02/26/2026 14:27:13,37.378,23.356
678,0,5,10819.900000,1420.460000,1.479645,4.295688,-3.750057,2.604410,5,02/26/2026 14:27:15,37.347,23.356
679,0,5,10821.780000,1422.340000,1.481603,4.300784,-3.750210,2.599222,5,02/26/2026 14:27:17,37.378,23.356
680,0,5,10823.720000,1424.280000,1.483624,4.306031,-3.750057,2.594339,5,02/26/2026 14:27:19,37.488,23.356
681,0,5,10825.410000,1425.970000,1.485384,4.310594,-3.749752,2.589456,5,02/26/2026 14:27:20,37.582,23.356
682,0,5,10827.140000,1427.700000,1.487187,4.315256,-3.750210,2.584268,5,02/26/2026 14:27:22,37.645,23.356
683,0,5,10828.940000,1429.500000,1.489062,4.320097,-3.749905,2.579385,5,02/26/2026 14:27:24,37.661,23.356
684,0,5,10830.580000,1431.140000,1.490770,4.324499,-3.750057,2.574197,5,02/26/2026 14:27:25,37.676,23.356
685,0,5,10832.450000,1433.010000,1.492718,4.329508,-3.750210,2.569009,5,02/26/2026 14:27:27,37.708,23.356
686,0,5,10834.090000,1434.650000,1.494426,4.333893,-3.749905,2.563821,5,02/26/2026 14:27:29,37.755,23.356
687,0,5,10835.710000,1436.270000,1.496114,4.338215,-3.750057,2.558633,5,02/26/2026 14:27:31,37.802,23.340
688,0,5,10837.410000,1437.970000,1.497884,4.342741,-3.750057,2.553445,5,02/26/2026 14:27:32,37.833,23.340
689,0,5,10838.950000,1439.510000,1.499489,4.346834,-3.750057,2.548562,5,02/26/2026 14:27:34,37.849,23.340
690,0,5,10840.430000,1440.990000,1.501030,4.350759,-3.750210,2.543374,5,02/26/2026 14:27:35,37.881,23.340
691,0,5,10841.990000,1442.550000,1.502655,4.354888,-3.750210,2.538491,5,02/26/2026 14:27:37,37.928,23.340
692,0,5,10843.570000,1444.130000,1.504301,4.359062,-3.750057,2.532998,5,02/26/2026 14:27:38,37.975,23.340
693,0,5,10845.160000,1445.720000,1.505957,4.363253,-3.749905,2.527810,5,02/26/2026 14:27:40,37.990,23.340
694,0,5,10846.640000,1447.200000,1.507499,4.367146,-3.750057,2.522621,5,02/26/2026 14:27:41,37.990,23.340
695,0,5,10848.130000,1448.690000,1.509051,4.371058,-3.749905,2.517739,5,02/26/2026 14:27:43,37.990,23.340
696,0,5,10849.510000,1450.070000,1.510489,4.374673,-3.750057,2.512856,5,02/26/2026 14:27:44,38.006,23.340
697,0,5,10850.940000,1451.500000,1.511978,4.378413,-3.750057,2.507668,5,02/26/2026 14:27:46,38.053,23.340
698,0,5,10852.380000,1452.940000,1.513478,4.382170,-3.750057,2.502785,5,02/26/2026 14:27:47,38.100,23.340
699,0,5,10853.070000,1453.630000,1.514197,4.383968,-3.750057,2.500038,133,02/26/2026 14:27:48,38.116,23.340
700,0,6,10853.080000,0.010000,0.000000,0.000000,0.000000,2.727092,0,02/26/2026 14:27:48,38.132,23.340
701,0,6,10853.240000,0.170000,0.000000,0.000000,0.000000,2.746624,5,02/26/2026 14:27:48,38.132,23.340
702,0,6,10853.360000,0.290000,0.000000,0.000000,0.000000,2.758831,5,02/26/2026 14:27:48,38.147,23.340
703,0,6,10853.500000,0.430000,0.000000,0.000000,0.000000,2.771038,5,02/26/2026 14:27:48,38.147,23.340
704,0,6,10853.650000,0.580000,0.000000,0.000000,0.000000,2.782635,5,02/26/2026 14:27:48,38.147,23.340
705,0,6,10853.800000,0.730000,0.000000,0.000000,0.000000,2.793927,5,02/26/2026 14:27:49,38.163,23.340
706,0,6,10853.950000,0.880000,0.000000,0.000000,0.000000,2.804303,5,02/26/2026 14:27:49,38.163,23.340
707,0,6,10854.110000,1.040000,0.000000,0.000000,0.000000,2.814069,5,02/26/2026 14:27:49,38.163,23.340
708,0,6,10854.270000,1.200000,0.000000,0.000000,0.000000,2.823529,5,02/26/2026 14:27:49,38.163,23.340
709,0,6,10854.440000,1.370000,0.000000,0.000000,0.000000,2.833295,5,02/26/2026 14:27:49,38.163,23.340
710,0,6,10854.620000,1.550000,0.000000,0.000000,0.000000,2.843061,5,02/26/2026 14:27:49,38.163,23.340
711,0,6,10854.810000,1.740000,0.000000,0.000000,0.000000,2.852522,5,02/26/2026 14:27:50,38.179,23.340
712,0,6,10855.000000,1.930000,0.000000,0.000000,0.000000,2.861677,5,02/26/2026 14:27:50,38.179,23.340
713,0,6,10855.190000,2.120000,0.000000,0.000000,0.000000,2.870222,5,02/26/2026 14:27:50,38.179,23.340
714,0,6,10855.380000,2.310000,0.000000,0.000000,0.000000,2.878767,5,02/26/2026 14:27:50,38.163,23.340
715,0,6,10855.580000,2.510000,0.000000,0.000000,0.000000,2.886702,5,02/26/2026 14:27:50,38.163,23.340
716,0,6,10855.770000,2.700000,0.000000,0.000000,0.000000,2.894636,5,02/26/2026 14:27:51,38.163,23.340
717,0,6,10855.980000,2.910000,0.000000,0.000000,0.000000,2.902876,5,02/26/2026 14:27:51,38.163,23.340
718,0,6,10856.210000,3.140000,0.000000,0.000000,0.000000,2.911116,5,02/26/2026 14:27:51,38.163,23.340
719,0,6,10856.430000,3.360000,0.000000,0.000000,0.000000,2.918441,5,02/26/2026 14:27:51,38.163,23.340
720,0,6,10856.640000,3.570000,0.000000,0.000000,0.000000,2.925765,5,02/26/2026 14:27:51,38.163,23.340
721,0,6,10856.860000,3.790000,0.000000,0.000000,0.000000,2.932784,5,02/26/2026 14:27:52,38.163,23.340
722,0,6,10857.090000,4.020000,0.000000,0.000000,0.000000,2.940108,5,02/26/2026 14:27:52,38.163,23.340
723,0,6,10857.330000,4.260000,0.000000,0.000000,0.000000,2.947738,5,02/26/2026 14:27:52,38.163,23.340
724,0,6,10857.570000,4.500000,0.000000,0.000000,0.000000,2.954452,5,02/26/2026 14:27:52,38.163,23.340
725,0,6,10857.830000,4.760000,0.000000,0.000000,0.000000,2.962081,5,02/26/2026 14:27:53,38.163,23.340
726,0,6,10858.100000,5.030000,0.000000,0.000000,0.000000,2.968490,5,02/26/2026 14:27:53,38.163,23.340
727,0,6,10858.350000,5.280000,0.000000,0.000000,0.000000,2.975204,5,02/26/2026 14:27:53,38.163,23.340
728,0,6,10858.630000,5.560000,0.000000,0.000000,0.000000,2.982223,5,02/26/2026 14:27:53,38.179,23.340
729,0,6,10858.920000,5.850000,0.000000,0.000000,0.000000,2.988937,5,02/26/2026 14:27:54,38.195,23.340
730,0,6,10859.220000,6.150000,0.000000,0.000000,0.000000,2.995346,5,02/26/2026 14:27:54,38.195,23.324
731,0,6,10859.500000,6.430000,0.000000,0.000000,0.000000,3.001755,5,02/26/2026 14:27:54,38.210,23.340
732,0,6,10859.800000,6.730000,0.000000,0.000000,0.000000,3.007858,5,02/26/2026 14:27:55,38.210,23.340
733,0,6,10860.110000,7.040000,0.000000,0.000000,0.000000,3.013962,5,02/26/2026 14:27:55,38.226,23.340
734,0,6,10860.430000,7.360000,0.000000,0.000000,0.000000,3.020371,5,02/26/2026 14:27:55,38.242,23.324
735,0,6,10860.770000,7.700000,0.000000,0.000000,0.000000,3.026169,5,02/26/2026 14:27:56,38.242,23.324
736,0,6,10861.140000,8.070000,0.000000,0.000000,0.000000,3.032578,5,02/26/2026 14:27:56,38.257,23.324
737,0,6,10861.530000,8.460000,0.000000,0.000000,0.000000,3.038987,5,02/26/2026 14:27:56,38.273,23.324
738,0,6,10861.940000,8.870000,0.000000,0.000000,0.000000,3.044785,5,02/26/2026 14:27:57,38.273,23.340
739,0,6,10862.340000,9.270000,0.000000,0.000000,0.000000,3.050584,5,02/26/2026 14:27:57,38.289,23.324
740,0,6,10862.790000,9.720000,0.000000,0.000000,0.000000,3.056382,5,02/26/2026 14:27:58,38.289,23.324
741,0,6,10863.230000,10.160000,0.000000,0.000000,0.000000,3.062181,5,02/26/2026 14:27:58,38.304,23.324
742,0,6,10863.730000,10.660000,0.000000,0.000000,0.000000,3.067674,5,02/26/2026 14:27:59,38.304,23.324
743,0,6,10864.240000,11.170000,0.000000,0.000000,0.000000,3.073472,5,02/26/2026 14:27:59,38.304,23.324
744,0,6,10864.790000,11.720000,0.000000,0.000000,0.000000,3.078965,5,02/26/2026 14:28:00,38.304,23.324
745,0,6,10865.360000,12.290000,0.000000,0.000000,0.000000,3.084459,5,02/26/2026 14:28:00,38.289,23.324
746,0,6,10866.010000,12.940000,0.000000,0.000000,0.000000,3.089952,5,02/26/2026 14:28:01,38.289,23.324
747,0,6,10866.730000,13.660000,0.000000,0.000000,0.000000,3.095445,5,02/26/2026 14:28:02,38.273,23.324
748,0,6,10867.440000,14.370000,0.000000,0.000000,0.000000,3.100633,5,02/26/2026 14:28:02,38.257,23.324
749,0,6,10868.260000,15.190000,0.000000,0.000000,0.000000,3.105821,5,02/26/2026 14:28:03,38.242,23.324
750,0,6,10869.160000,16.090000,0.000000,0.000000,0.000000,3.111315,5,02/26/2026 14:28:04,38.226,23.324
751,0,6,10870.120000,17.050000,0.000000,0.000000,0.000000,3.116503,5,02/26/2026 14:28:05,38.210,23.324
752,0,6,10871.270000,18.200000,0.000000,0.000000,0.000000,3.121691,5,02/26/2026 14:28:06,38.195,23.324
753,0,6,10872.420000,19.350000,0.000000,0.000000,0.000000,3.126574,5,02/26/2026 14:28:07,38.163,23.324
754,0,6,10873.720000,20.650000,0.000000,0.000000,0.000000,3.131762,5,02/26/2026 14:28:09,38.132,23.324
755,0,6,10875.310000,22.240000,0.000000,0.000000,0.000000,3.136950,5,02/26/2026 14:28:10,38.100,23.324
756,0,6,10876.950000,23.880000,0.000000,0.000000,0.000000,3.142138,5,02/26/2026 14:28:12,38.069,23.324
757,0,6,10879.070000,26.000000,0.000000,0.000000,0.000000,3.147326,5,02/26/2026 14:28:14,38.006,23.324
758,0,6,10881.290000,28.220000,0.000000,0.000000,0.000000,3.152514,5,02/26/2026 14:28:16,37.928,23.308
759,0,6,10884.130000,31.060000,0.000000,0.000000,0.000000,3.157702,5,02/26/2026 14:28:19,37.818,23.308
760,0,6,10887.060000,33.990000,0.000000,0.000000,0.000000,3.162585,5,02/26/2026 14:28:22,37.739,23.308
761,0,6,10890.430000,37.360000,0.000000,0.000000,0.000000,3.167468,5,02/26/2026 14:28:25,37.629,23.292
762,0,6,10894.690000,41.620000,0.000000,0.000000,0.000000,3.172351,5,02/26/2026 14:28:30,37.488,23.292
763,0,6,10899.310000,46.240000,0.000000,0.000000,0.000000,3.177234,5,02/26/2026 14:28:34,37.410,23.276
764,0,6,10905.930000,52.860000,0.000000,0.000000,0.000000,3.182116,5,02/26/2026 14:28:41,37.331,23.260
765,0,6,10913.300000,60.230000,0.000000,0.000000,0.000000,3.186999,5,02/26/2026 14:28:48,37.048,23.244
766,0,6,10923.860000,70.790000,0.000000,0.000000,0.000000,3.191882,5,02/26/2026 14:28:59,36.829,23.228
767,0,6,10936.400000,83.330000,0.000000,0.000000,0.000000,3.196765,5,02/26/2026 14:29:11,36.672,23.212
768,0,6,10954.640000,101.570000,0.000000,0.000000,0.000000,3.201648,5,02/26/2026 14:29:29,36.012,23.163
769,0,6,10974.640000,121.570000,0.000000,0.000000,0.000000,3.205005,1,02/26/2026 14:29:49,35.588,23.147
770,0,6,10994.640000,141.570000,0.000000,0.000000,0.000000,3.207752,1,02/26/2026 14:30:09,35.039,23.115
771,0,6,11014.640000,161.570000,0.000000,0.000000,0.000000,3.208972,1,02/26/2026 14:30:29,34.646,23.099
772,0,6,11034.640000,181.570000,0.000000,0.000000,0.000000,3.211109,1,02/26/2026 14:30:49,34.144,23.067
773,0,6,11054.640000,201.570000,0.000000,0.000000,0.000000,3.212329,1,02/26/2026 14:31:09,33.814,23.051
774,0,6,11074.640000,221.570000,0.000000,0.000000,0.000000,3.213245,1,02/26/2026 14:31:29,33.343,23.051
775,0,6,11094.640000,241.570000,0.000000,0.000000,0.000000,3.213855,1,02/26/2026 14:31:49,32.904,23.051
776,0,6,11114.640000,261.570000,0.000000,0.000000,0.000000,3.215076,1,02/26/2026 14:32:09,32.637,23.051
777,0,6,11134.640000,281.570000,0.000000,0.000000,0.000000,3.215076,1,02/26/2026 14:32:29,32.292,23.035
778,0,6,11154.640000,301.570000,0.000000,0.000000,0.000000,3.215686,1,02/26/2026 14:32:49,32.040,23.035
779,0,6,11174.640000,321.570000,0.000000,0.000000,0.000000,3.215991,1,02/26/2026 14:33:09,31.695,23.035
780,0,6,11194.640000,341.570000,0.000000,0.000000,0.000000,3.216297,1,02/26/2026 14:33:29,31.350,23.035
781,0,6,11214.640000,361.570000,0.000000,0.000000,0.000000,3.216297,1,02/26/2026 14:33:49,31.004,23.035
782,0,6,11234.640000,381.570000,0.000000,0.000000,0.000000,3.216907,1,02/26/2026 14:34:09,30.784,23.035
783,0,6,11254.640000,401.570000,0.000000,0.000000,0.000000,3.217212,1,02/26/2026 14:34:29,30.439,23.051
784,0,6,11274.640000,421.570000,0.000000,0.000000,0.000000,3.217212,1,02/26/2026 14:34:49,30.282,23.035
785,0,6,11294.640000,441.570000,0.000000,0.000000,0.000000,3.217517,1,02/26/2026 14:35:09,30.000,23.035
786,0,6,11314.640000,461.570000,0.000000,0.000000,0.000000,3.217517,1,02/26/2026 14:35:29,29.790,23.035
787,0,6,11334.640000,481.570000,0.000000,0.000000,0.000000,3.217517,1,02/26/2026 14:35:49,29.533,23.019
788,0,6,11354.640000,501.570000,0.000000,0.000000,0.000000,3.217823,1,02/26/2026 14:36:09,29.260,23.019
789,0,6,11374.640000,521.570000,0.000000,0.000000,0.000000,3.218433,1,02/26/2026 14:36:29,29.050,23.035
790,0,6,11394.640000,541.570000,0.000000,0.000000,0.000000,3.218433,1,02/26/2026 14:36:49,28.777,23.019
791,0,6,11414.640000,561.570000,0.000000,0.000000,0.000000,3.218738,1,02/26/2026 14:37:09,28.648,23.019
792,0,6,11434.640000,581.570000,0.000000,0.000000,0.000000,3.218433,1,02/26/2026 14:37:29,28.359,23.019
793,0,6,11454.640000,601.570000,0.000000,0.000000,0.000000,3.218738,1,02/26/2026 14:37:49,28.214,23.019
794,0,6,11474.640000,621.570000,0.000000,0.000000,0.000000,3.218738,1,02/26/2026 14:38:09,28.021,23.019
795,0,6,11494.640000,641.570000,0.000000,0.000000,0.000000,3.218433,1,02/26/2026 14:38:29,27.780,23.002
796,0,6,11514.640000,661.570000,0.000000,0.000000,0.000000,3.218738,1,02/26/2026 14:38:49,27.683,23.019
797,0,6,11534.640000,681.570000,0.000000,0.000000,0.000000,3.219348,1,02/26/2026 14:39:09,27.538,23.019
798,0,6,11554.640000,701.570000,0.000000,0.000000,0.000000,3.219348,1,02/26/2026 14:39:29,27.345,23.019
799,0,6,11574.640000,721.570000,0.000000,0.000000,0.000000,3.219348,1,02/26/2026 14:39:49,27.265,23.051
800,0,6,11594.640000,741.570000,0.000000,0.000000,0.000000,3.219348,1,02/26/2026 14:40:09,27.136,23.067
801,0,6,11614.640000,761.570000,0.000000,0.000000,0.000000,3.219348,1,02/26/2026 14:40:29,26.975,23.099
802,0,6,11634.640000,781.570000,0.000000,0.000000,0.000000,3.219654,1,02/26/2026 14:40:49,26.814,23.099
803,0,6,11654.640000,801.570000,0.000000,0.000000,0.000000,3.219348,1,02/26/2026 14:41:09,26.734,23.131
804,0,6,11674.640000,821.570000,0.000000,0.000000,0.000000,3.219654,1,02/26/2026 14:41:29,26.605,23.163
805,0,6,11694.640000,841.570000,0.000000,0.000000,0.000000,3.219654,1,02/26/2026 14:41:49,26.493,23.163
806,0,6,11714.640000,861.570000,0.000000,0.000000,0.000000,3.219654,1,02/26/2026 14:42:09,26.412,23.179
807,0,6,11734.640000,881.570000,0.000000,0.000000,0.000000,3.219959,1,02/26/2026 14:42:29,26.316,23.195
808,0,6,11754.640000,901.570000,0.000000,0.000000,0.000000,3.219959,1,02/26/2026 14:42:49,26.235,23.195
809,0,6,11774.640000,921.570000,0.000000,0.000000,0.000000,3.219959,1,02/26/2026 14:43:09,26.091,23.212
810,0,6,11794.640000,941.570000,0.000000,0.000000,0.000000,3.220264,1,02/26/2026 14:43:29,26.042,23.212
811,0,6,11814.640000,961.570000,0.000000,0.000000,0.000000,3.219959,1,02/26/2026 14:43:49,25.946,23.228
812,0,6,11834.640000,981.570000,0.000000,0.000000,0.000000,3.219959,1,02/26/2026 14:44:09,25.833,23.244
813,0,6,11854.640000,1001.570000,0.000000,0.000000,0.000000,3.219959,1,02/26/2026 14:44:29,25.753,23.244
814,0,6,11874.640000,1021.570000,0.000000,0.000000,0.000000,3.220264,1,02/26/2026 14:44:49,25.705,23.260
815,0,6,11894.640000,1041.570000,0.000000,0.000000,0.000000,3.220264,1,02/26/2026 14:45:09,25.608,23.260
816,0,6,11914.640000,1061.570000,0.000000,0.000000,0.000000,3.219959,1,02/26/2026 14:45:29,25.544,23.260
817,0,6,11934.640000,1081.570000,0.000000,0.000000,0.000000,3.220264,1,02/26/2026 14:45:49,25.463,23.260
818,0,6,11954.640000,1101.570000,0.000000,0.000000,0.000000,3.220264,1,02/26/2026 14:46:09,25.399,23.260
819,0,6,11974.640000,1121.570000,0.000000,0.000000,0.000000,3.220569,1,02/26/2026 14:46:29,25.318,23.260
820,0,6,11994.640000,1141.570000,0.000000,0.000000,0.000000,3.220569,1,02/26/2026 14:46:49,25.222,23.260
821,0,6,12014.640000,1161.570000,0.000000,0.000000,0.000000,3.220264,1,02/26/2026 14:47:09,25.174,23.260
822,0,6,12034.640000,1181.570000,0.000000,0.000000,0.000000,3.220569,1,02/26/2026 14:47:29,25.109,23.260
823,0,6,12054.640000,1201.570000,0.000000,0.000000,0.000000,3.220569,1,02/26/2026 14:47:49,25.029,23.260
824,0,6,12074.640000,1221.570000,0.000000,0.000000,0.000000,3.220264,1,02/26/2026 14:48:09,24.965,23.228
825,0,6,12094.640000,1241.570000,0.000000,0.000000,0.000000,3.220264,1,02/26/2026 14:48:29,24.884,23.212
826,0,6,12114.640000,1261.570000,0.000000,0.000000,0.000000,3.220264,1,02/26/2026 14:48:49,24.820,23.195
827,0,6,12134.640000,1281.570000,0.000000,0.000000,0.000000,3.220569,1,02/26/2026 14:49:09,24.755,23.163
828,0,6,12154.640000,1301.570000,0.000000,0.000000,0.000000,3.220264,1,02/26/2026 14:49:29,24.691,23.131
829,0,6,12174.640000,1321.570000,0.000000,0.000000,0.000000,3.220569,1,02/26/2026 14:49:49,24.627,23.115
830,0,6,12194.640000,1341.570000,0.000000,0.000000,0.000000,3.220264,1,02/26/2026 14:50:09,24.546,23.099
831,0,6,12214.640000,1361.570000,0.000000,0.000000,0.000000,3.220264,1,02/26/2026 14:50:29,24.482,23.083
832,0,6,12234.640000,1381.570000,0.000000,0.000000,0.000000,3.220264,1,02/26/2026 14:50:49,24.434,23.067
833,0,6,12254.640000,1401.570000,0.000000,0.000000,0.000000,3.220569,1,02/26/2026 14:51:09,24.369,23.035
834,0,6,12274.640000,1421.570000,0.000000,0.000000,0.000000,3.220569,1,02/26/2026 14:51:29,24.353,23.035
835,0,6,12294.640000,1441.570000,0.000000,0.000000,0.000000,3.220264,1,02/26/2026 14:51:49,24.289,23.035
836,0,6,12314.640000,1461.570000,0.000000,0.000000,0.000000,3.219654,1,02/26/2026 14:52:09,24.241,23.035
837,0,6,12334.640000,1481.570000,0.000000,0.000000,0.000000,3.220264,1,02/26/2026 14:52:29,24.209,23.035
838,0,6,12354.640000,1501.570000,0.000000,0.000000,0.000000,3.220569,1,02/26/2026 14:52:49,24.144,23.002
839,0,6,12374.640000,1521.570000,0.000000,0.000000,0.000000,3.220569,1,02/26/2026 14:53:09,24.128,23.002
840,0,6,12394.640000,1541.570000,0.000000,0.000000,0.000000,3.220569,1,02/26/2026 14:53:29,24.080,22.986
841,0,6,12414.640000,1561.570000,0.000000,0.000000,0.000000,3.220569,1,02/26/2026 14:53:49,24.048,22.970
842,0,6,12434.640000,1581.570000,0.000000,0.000000,0.000000,3.220264,1,02/26/2026 14:54:09,23.999,22.954
843,0,6,12454.640000,1601.570000,0.000000,0.000000,0.000000,3.220569,1,02/26/2026 14:54:29,23.967,22.954
844,0,6,12474.640000,1621.570000,0.000000,0.000000,0.000000,3.220569,1,02/26/2026 14:54:49,23.935,22.938
845,0,6,12494.640000,1641.570000,0.000000,0.000000,0.000000,3.220874,1,02/26/2026 14:55:09,23.903,22.922
846,0,6,12514.640000,1661.570000,0.000000,0.000000,0.000000,3.220569,1,02/26/2026 14:55:29,23.871,22.906
847,0,6,12534.640000,1681.570000,0.000000,0.000000,0.000000,3.220569,1,02/26/2026 14:55:49,23.855,22.890
848,0,6,12554.640000,1701.570000,0.000000,0.000000,0.000000,3.220569,1,02/26/2026 14:56:09,23.823,22.890
849,0,6,12574.640000,1721.570000,0.000000,0.000000,0.000000,3.220874,1,02/26/2026 14:56:29,23.790,22.874
850,0,6,12594.640000,1741.570000,0.000000,0.000000,0.000000,3.220264,1,02/26/2026 14:56:49,23.742,22.858
851,0,6,12614.640000,1761.570000,0.000000,0.000000,0.000000,3.220569,1,02/26/2026 14:57:09,23.710,22.858
852,0,6,12634.640000,1781.570000,0.000000,0.000000,0.000000,3.220264,1,02/26/2026 14:57:29,23.662,22.842
853,0,6,12653.070000,1800.000000,0.000000,0.000000,0.000000,3.220569,129,02/26/2026 14:57:48,23.646,22.826
854,0,7,12653.210000,1800.140000,0.000040,0.000133,1.949950,3.382620,0,02/26/2026 14:57:49,23.646,22.826
855,0,7,12653.410000,1800.340000,0.000148,0.000500,1.949798,3.390249,5,02/26/2026 14:57:49,23.646,22.826
856,0,7,12653.710000,1800.640000,0.000310,0.001051,1.949645,3.396353,5,02/26/2026 14:57:49,23.646,22.826
857,0,7,12654.120000,1801.050000,0.000532,0.001806,1.949798,3.402762,5,02/26/2026 14:57:49,23.646,22.826
858,0,7,12654.670000,1801.600000,0.000830,0.002821,1.949950,3.407950,5,02/26/2026 14:57:50,23.646,22.826
859,0,7,12655.420000,1802.350000,0.001237,0.004207,1.949798,3.413443,5,02/26/2026 14:57:51,23.646,22.826
860,0,7,12656.360000,1803.290000,0.001746,0.005946,1.949798,3.418326,5,02/26/2026 14:57:52,23.646,22.826
861,0,7,12657.770000,1804.700000,0.002509,0.008559,1.949798,3.423514,5,02/26/2026 14:57:53,23.646,22.826
862,0,7,12659.720000,1806.650000,0.003566,0.012178,1.949950,3.428702,5,02/26/2026 14:57:55,23.646,22.826
863,0,7,12662.740000,1809.670000,0.005201,0.017791,1.949798,3.433585,5,02/26/2026 14:57:58,23.646,22.826
864,0,7,12667.250000,1814.180000,0.007644,0.026185,1.949950,3.438773,5,02/26/2026 14:58:03,23.646,22.826
865,0,7,12674.460000,1821.390000,0.011549,0.039624,1.949950,3.443656,5,02/26/2026 14:58:10,23.662,22.826
866,0,7,12685.160000,1832.090000,0.017345,0.059598,1.949798,3.448539,5,02/26/2026 14:58:20,23.694,22.809
867,0,7,12701.600000,1848.530000,0.026249,0.090330,1.949950,3.453422,5,02/26/2026 14:58:37,23.806,22.826
868,0,7,12721.600000,1868.530000,0.037082,0.127761,1.949950,3.457084,1,02/26/2026 14:58:57,23.919,22.826
869,0,7,12741.600000,1888.530000,0.047915,0.165232,1.949798,3.460746,1,02/26/2026 14:59:17,24.032,22.809
870,0,7,12761.600000,1908.530000,0.058748,0.202739,1.949798,3.463798,1,02/26/2026 14:59:37,24.160,22.826
871,0,7,12781.600000,1928.530000,0.069580,0.240281,1.949798,3.467460,1,02/26/2026 14:59:57,24.257,22.826
872,0,7,12801.600000,1948.530000,0.080413,0.277863,1.950103,3.470817,1,02/26/2026 15:00:17,24.402,22.826
873,0,7,12821.600000,1968.530000,0.091246,0.315481,1.950103,3.474174,1,02/26/2026 15:00:37,24.482,22.842
874,0,7,12841.600000,1988.530000,0.102079,0.353138,1.949950,3.477836,1,02/26/2026 15:00:57,24.595,22.858
875,0,7,12861.600000,2008.530000,0.112911,0.390835,1.949950,3.481498,1,02/26/2026 15:01:17,24.691,22.858
876,0,7,12881.600000,2028.530000,0.123744,0.428567,1.949645,3.485161,1,02/26/2026 15:01:37,24.804,22.890
877,0,7,12901.600000,2048.530000,0.134577,0.466339,1.950103,3.488212,1,02/26/2026 15:01:57,24.900,22.890
878,0,7,12921.600000,2068.530000,0.145410,0.504143,1.949950,3.491264,1,02/26/2026 15:02:17,24.981,22.906
879,0,7,12941.600000,2088.530000,0.156242,0.541980,1.949950,3.494316,1,02/26/2026 15:02:37,25.061,22.906
880,0,7,12961.600000,2108.530000,0.167075,0.579849,1.949798,3.497063,1,02/26/2026 15:02:57,25.125,22.922
881,0,7,12981.600000,2128.530000,0.177908,0.617745,1.950256,3.499504,1,02/26/2026 15:03:17,25.206,22.922
882,0,7,13001.600000,2148.530000,0.188741,0.655665,1.949798,3.501335,1,02/26/2026 15:03:37,25.254,22.922
883,0,7,13021.600000,2168.530000,0.199573,0.693611,1.949950,3.503777,1,02/26/2026 15:03:57,25.351,22.938
884,0,7,13041.600000,2188.530000,0.210406,0.731577,1.949950,3.505608,1,02/26/2026 15:04:17,25.431,22.938
885,0,7,13061.600000,2208.530000,0.221239,0.769562,1.949798,3.507134,1,02/26/2026 15:04:37,25.479,22.938
886,0,7,13081.600000,2228.530000,0.232072,0.807563,1.950103,3.508354,1,02/26/2026 15:04:57,25.560,22.938
887,0,7,13101.600000,2248.530000,0.242904,0.845577,1.949798,3.509575,1,02/26/2026 15:05:17,25.608,22.938
888,0,7,13121.600000,2268.530000,0.253737,0.883607,1.949645,3.511406,1,02/26/2026 15:05:37,25.656,22.922
889,0,7,13141.600000,2288.530000,0.264570,0.921651,1.949950,3.512322,1,02/26/2026 15:05:57,25.721,22.922
890,0,7,13161.600000,2308.530000,0.275402,0.959704,1.949798,3.513237,1,02/26/2026 15:06:17,25.769,22.922
891,0,7,13181.600000,2328.530000,0.286235,0.997768,1.949798,3.513848,1,02/26/2026 15:06:37,25.801,22.906
892,0,7,13201.600000,2348.530000,0.297068,1.035840,1.949798,3.514763,1,02/26/2026 15:06:57,25.882,22.890
893,0,7,13212.320000,2359.250000,0.302874,1.056250,1.949798,3.515373,164,02/26/2026 15:07:08,25.914,22.890
894,0,8,13212.350000,2359.280000,0.302891,1.056308,2.175784,3.530938,0,02/26/2026 15:07:08,25.914,22.890
895,0,8,13227.480000,2374.410000,0.312032,1.088617,2.175021,3.535821,5,02/26/2026 15:07:23,25.930,22.890
896,0,8,13247.480000,2394.410000,0.324115,1.131353,2.174868,3.537041,1,02/26/2026 15:07:43,26.010,22.858
897,0,8,13267.480000,2414.410000,0.336198,1.174104,2.175021,3.538262,1,02/26/2026 15:08:03,26.107,22.874
898,0,8,13287.480000,2434.410000,0.348281,1.216863,2.174868,3.538872,1,02/26/2026 15:08:23,26.219,22.874
899,0,8,13307.480000,2454.410000,0.360364,1.259628,2.175021,3.539178,1,02/26/2026 15:08:43,26.284,22.874
900,0,8,13327.480000,2474.410000,0.372447,1.302398,2.175021,3.539788,1,02/26/2026 15:09:03,26.348,22.858
901,0,8,13347.480000,2494.410000,0.384530,1.345173,2.174868,3.540398,1,02/26/2026 15:09:23,26.445,22.858
902,0,8,13367.480000,2514.410000,0.396614,1.387954,2.175174,3.540703,1,02/26/2026 15:09:43,26.525,22.858
903,0,8,13387.480000,2534.410000,0.408697,1.430740,2.175174,3.541009,1,02/26/2026 15:10:03,26.589,22.842
904,0,8,13407.480000,2554.410000,0.420780,1.473532,2.174868,3.541314,1,02/26/2026 15:10:23,26.638,22.842
905,0,8,13427.480000,2574.410000,0.432863,1.516330,2.174868,3.541924,1,02/26/2026 15:10:43,26.718,22.842
906,0,8,13447.480000,2594.410000,0.444946,1.559133,2.174868,3.542840,1,02/26/2026 15:11:03,26.847,22.842
907,0,8,13467.480000,2614.410000,0.457029,1.601943,2.174868,3.542840,1,02/26/2026 15:11:23,26.879,22.842
908,0,8,13487.480000,2634.410000,0.469112,1.644759,2.175174,3.543755,1,02/26/2026 15:11:43,26.959,22.842
909,0,8,13507.480000,2654.410000,0.481195,1.687580,2.174868,3.543755,1,02/26/2026 15:12:03,27.024,22.842
910,0,8,13527.480000,2674.410000,0.493279,1.730407,2.174868,3.544366,1,02/26/2026 15:12:23,27.088,22.842
911,0,8,13547.480000,2694.410000,0.505362,1.773241,2.175021,3.544976,1,02/26/2026 15:12:43,27.184,22.826
912,0,8,13567.480000,2714.410000,0.517445,1.816086,2.175174,3.546197,1,02/26/2026 15:13:03,27.249,22.826
913,0,8,13587.480000,2734.410000,0.529528,1.858940,2.174868,3.546807,1,02/26/2026 15:13:23,27.297,22.826
914,0,8,13607.480000,2754.410000,0.541611,1.901801,2.174716,3.547417,1,02/26/2026 15:13:43,27.345,22.826
915,0,8,13627.480000,2774.410000,0.553694,1.944668,2.175021,3.547723,1,02/26/2026 15:14:03,27.410,22.809
916,0,8,13647.480000,2794.410000,0.565777,1.987543,2.175021,3.548638,1,02/26/2026 15:14:23,27.442,22.809
917,0,8,13667.480000,2814.410000,0.577861,2.030424,2.175021,3.549248,1,02/26/2026 15:14:43,27.474,22.793
918,0,8,13687.480000,2834.410000,0.589944,2.073313,2.174716,3.549859,1,02/26/2026 15:15:03,27.490,22.793
919,0,8,13707.480000,2854.410000,0.602027,2.116210,2.174716,3.550164,1,02/26/2026 15:15:23,27.538,22.777
920,0,8,13713.550000,2860.480000,0.605694,2.129231,2.174868,3.550774,164,02/26/2026 15:15:29,27.554,22.777
921,0,9,13713.580000,2860.510000,0.605712,2.129295,2.377966,3.564202,0,02/26/2026 15:15:29,27.554,22.777
922,0,9,13713.590000,2860.520000,0.605719,2.129319,2.422370,3.567254,4,02/26/2026 15:15:29,27.554,22.777
923,0,9,13713.600000,2860.530000,0.605725,2.129343,2.463111,3.570306,4,02/26/2026 15:15:29,27.554,22.777
924,0,9,13713.610000,2860.540000,0.605732,2.129367,2.502174,3.573053,4,02/26/2026 15:15:29,27.554,22.777
925,0,9,13713.620000,2860.550000,0.605739,2.129392,2.542000,3.576104,4,02/26/2026 15:15:29,27.554,22.777
926,0,9,13713.630000,2860.560000,0.605746,2.129418,2.578164,3.578241,4,02/26/2026 15:15:29,27.554,22.777
927,0,9,13713.640000,2860.570000,0.605753,2.129443,2.612955,3.581292,4,02/26/2026 15:15:29,27.554,22.777
928,0,9,13713.650000,2860.580000,0.605761,2.129469,2.625620,3.581598,4,02/26/2026 15:15:29,27.554,22.777
929,0,9,13713.660000,2860.590000,0.605768,2.129495,2.610666,3.580682,4,02/26/2026 15:15:29,27.554,22.777
930,0,9,13713.670000,2860.600000,0.605775,2.129521,2.622416,3.581598,4,02/26/2026 15:15:29,27.554,22.777
931,0,9,13716.680000,2863.610000,0.607970,2.137390,2.625010,3.586481,5,02/26/2026 15:15:32,27.571,22.777
932,0,9,13736.680000,2883.610000,0.622553,2.189735,2.625162,3.590753,1,02/26/2026 15:15:52,27.619,22.761
933,0,9,13756.680000,2903.610000,0.637136,2.242117,2.624704,3.592279,1,02/26/2026 15:16:12,27.731,22.745
934,0,9,13776.680000,2923.610000,0.651719,2.294513,2.624857,3.592889,1,02/26/2026 15:16:32,27.860,22.761
935,0,9,13796.680000,2943.610000,0.666302,2.346916,2.625010,3.593805,1,02/26/2026 15:16:52,27.941,22.761
936,0,9,13816.680000,2963.610000,0.680885,2.399326,2.624857,3.594110,1,02/26/2026 15:17:12,28.021,22.777
937,0,9,13836.680000,2983.610000,0.695468,2.451743,2.624857,3.594415,1,02/26/2026 15:17:32,28.166,22.777
938,0,9,13856.680000,3003.610000,0.710051,2.504168,2.625010,3.595026,1,02/26/2026 15:17:52,28.246,22.777
939,0,9,13876.680000,3023.610000,0.724634,2.556601,2.625010,3.595636,1,02/26/2026 15:18:12,28.327,22.809
940,0,9,13896.680000,3043.610000,0.739218,2.609045,2.624704,3.596551,1,02/26/2026 15:18:32,28.471,22.809
941,0,9,13916.680000,3063.610000,0.753801,2.661501,2.624857,3.597162,1,02/26/2026 15:18:52,28.504,22.842
942,0,9,13936.680000,3083.610000,0.768384,2.713971,2.625010,3.598383,1,02/26/2026 15:19:12,28.680,22.858
943,0,9,13956.680000,3103.610000,0.782967,2.766454,2.625010,3.599298,1,02/26/2026 15:19:32,28.777,22.874
944,0,9,13976.680000,3123.610000,0.797550,2.818951,2.625010,3.600214,1,02/26/2026 15:19:52,28.809,22.906
945,0,9,13996.680000,3143.610000,0.812133,2.871461,2.624857,3.601129,1,02/26/2026 15:20:12,28.970,22.938
946,0,9,14016.680000,3163.610000,0.826716,2.923987,2.624857,3.602350,1,02/26/2026 15:20:32,29.067,22.970
947,0,9,14036.680000,3183.610000,0.841299,2.976528,2.624857,3.603265,1,02/26/2026 15:20:52,29.131,22.986
948,0,9,14056.680000,3203.610000,0.855882,3.029085,2.625010,3.604486,1,02/26/2026 15:21:12,29.227,23.019
949,0,9,14076.680000,3223.610000,0.870465,3.081660,2.625010,3.605402,1,02/26/2026 15:21:32,29.372,23.019
950,0,9,14096.680000,3243.610000,0.885048,3.134257,2.625010,3.607538,1,02/26/2026 15:21:52,29.404,23.035
951,0,9,14116.680000,3263.610000,0.899631,3.186878,2.625162,3.608759,1,02/26/2026 15:22:12,29.501,23.051
952,0,9,14128.910000,3275.840000,0.908549,3.219064,2.624857,3.609674,164,02/26/2026 15:22:24,29.517,23.051
953,0,10,14128.940000,3275.870000,0.908567,3.219130,2.295567,3.588617,0,02/26/2026 15:22:24,29.517,23.051
954,0,10,14132.860000,3279.790000,0.911066,3.228089,2.294957,3.583734,5,02/26/2026 15:22:28,29.501,23.051
955,0,10,14152.860000,3299.790000,0.923815,3.273759,2.294804,3.581292,1,02/26/2026 15:22:48,29.581,23.067
956,0,10,14172.860000,3319.790000,0.936565,3.319420,2.294957,3.581292,1,02/26/2026 15:23:08,29.694,23.083
957,0,10,14192.860000,3339.790000,0.949314,3.365092,2.294804,3.582818,1,02/26/2026 15:23:28,29.613,23.083
958,0,10,14212.860000,3359.790000,0.962064,3.410782,2.294804,3.584344,1,02/26/2026 15:23:48,29.662,23.099
959,0,10,14232.860000,3379.790000,0.974813,3.456492,2.294957,3.585870,1,02/26/2026 15:24:08,29.630,23.099
960,0,10,14252.860000,3399.790000,0.987563,3.502227,2.294804,3.587701,1,02/26/2026 15:24:28,29.662,23.115
961,0,10,14272.860000,3419.790000,1.000312,3.547987,2.294652,3.590143,1,02/26/2026 15:24:48,29.694,23.115
962,0,10,14292.860000,3439.790000,1.013062,3.593772,2.294957,3.592279,1,02/26/2026 15:25:08,29.597,23.099
963,0,10,14312.860000,3459.790000,1.025811,3.639582,2.294804,3.594110,1,02/26/2026 15:25:28,29.662,23.099
964,0,10,14332.860000,3479.790000,1.038560,3.685417,2.294957,3.595941,1,02/26/2026 15:25:48,29.613,23.067
965,0,10,14352.860000,3499.790000,1.051310,3.731279,2.294652,3.598383,1,02/26/2026 15:26:08,29.678,23.067
966,0,10,14372.860000,3519.790000,1.064059,3.777169,2.295109,3.600214,1,02/26/2026 15:26:28,29.630,23.035
967,0,10,14392.860000,3539.790000,1.076809,3.823086,2.294804,3.602350,1,02/26/2026 15:26:48,29.613,23.019
968,0,10,14412.860000,3559.790000,1.089558,3.869030,2.294804,3.604486,1,02/26/2026 15:27:08,29.565,23.002
969,0,10,14432.860000,3579.790000,1.102308,3.915002,2.294957,3.606928,1,02/26/2026 15:27:28,29.565,22.986
970,0,10,14452.860000,3599.790000,1.115057,3.961009,2.295109,3.609674,1,02/26/2026 15:27:48,29.581,22.986
971,0,10,14472.860000,3619.790000,1.127807,4.007043,2.294804,3.612116,1,02/26/2026 15:28:08,29.646,22.970
972,0,10,14492.860000,3639.790000,1.140556,4.053106,2.294804,3.614252,1,02/26/2026 15:28:28,29.581,22.954
973,0,10,14512.860000,3659.790000,1.153305,4.099201,2.294804,3.616693,1,02/26/2026 15:28:48,29.597,22.954
974,0,10,14532.860000,3679.790000,1.166055,4.145328,2.294804,3.619135,1,02/26/2026 15:29:08,29.630,22.970
975,0,10,14552.860000,3699.790000,1.178804,4.191484,2.294804,3.621576,1,02/26/2026 15:29:28,29.646,22.986
976,0,10,14572.860000,3719.790000,1.191554,4.237671,2.294804,3.623713,1,02/26/2026 15:29:48,29.694,23.002
977,0,10,14592.860000,3739.790000,1.204303,4.283889,2.294804,3.626154,1,02/26/2026 15:30:08,29.742,23.019
978,0,10,14603.980000,3750.910000,1.211392,4.309598,2.294957,3.627070,164,02/26/2026 15:30:19,29.726,23.051
979,0,11,14604.000000,3750.930000,1.211395,4.309611,0.752728,3.530938,0,02/26/2026 15:30:19,29.726,23.051
980,0,11,14604.190000,3751.120000,1.211435,4.309750,0.749981,3.523919,5,02/26/2026 15:30:19,29.726,23.051
981,0,11,14604.600000,3751.530000,1.211520,4.310051,0.750134,3.517815,5,02/26/2026 15:30:20,29.726,23.035
982,0,11,14605.230000,3752.160000,1.211652,4.310512,0.749981,3.512932,5,02/26/2026 15:30:21,29.726,23.035
983,0,11,14606.090000,3753.020000,1.211831,4.311141,0.749828,3.507744,5,02/26/2026 15:30:21,29.742,23.051
984,0,11,14607.400000,3754.330000,1.212104,4.312098,0.750286,3.502861,5,02/26/2026 15:30:23,29.758,23.035
985,0,11,14609.210000,3756.140000,1.212481,4.313417,0.749981,3.497978,5,02/26/2026 15:30:25,29.774,23.051
986,0,11,14611.760000,3758.690000,1.213012,4.315274,0.749676,3.492485,5,02/26/2026 15:30:27,29.758,23.051
987,0,11,14615.670000,3762.600000,1.213826,4.318117,0.749828,3.487602,5,02/26/2026 15:30:31,29.742,23.051
988,0,11,14620.190000,3767.120000,1.214768,4.321398,0.750134,3.482719,5,02/26/2026 15:30:35,29.710,23.051
989,0,11,14626.570000,3773.500000,1.216097,4.326024,0.749981,3.477836,5,02/26/2026 15:30:42,29.678,23.067
990,0,11,14635.130000,3782.060000,1.217880,4.332221,0.749981,3.472953,5,02/26/2026 15:30:50,29.630,23.067
991,0,11,14649.190000,3796.120000,1.220809,4.342386,0.749828,3.468070,5,02/26/2026 15:31:04,29.581,23.083
992,0,11,14668.930000,3815.860000,1.224921,4.356637,0.749676,3.463188,5,02/26/2026 15:31:24,29.388,23.099
993,0,11,14688.930000,3835.860000,1.229087,4.371061,0.749981,3.460746,1,02/26/2026 15:31:44,29.211,23.115
994,0,11,14708.930000,3855.860000,1.233254,4.385477,0.749828,3.459220,1,02/26/2026 15:32:04,29.099,23.131
995,0,11,14728.930000,3875.860000,1.237420,4.399888,0.749828,3.458610,1,02/26/2026 15:32:24,28.986,23.147
996,0,11,14748.930000,3895.860000,1.241586,4.414298,0.749828,3.458305,1,02/26/2026 15:32:44,28.745,23.163
997,0,11,14768.930000,3915.860000,1.245752,4.428710,0.749981,3.459525,1,02/26/2026 15:33:04,28.616,23.163
998,0,11,14788.930000,3935.860000,1.249919,4.443127,0.749828,3.460746,1,02/26/2026 15:33:24,28.455,23.179
999,0,11,14808.930000,3955.860000,1.254085,4.457547,0.749981,3.461967,1,02/26/2026 15:33:44,28.327,23.179
1000,0,11,14828.930000,3975.860000,1.258251,4.471973,0.750134,3.462882,1,02/26/2026 15:34:04,28.166,23.195
1001,0,11,14848.930000,3995.860000,1.262417,4.486404,0.749828,3.464408,1,02/26/2026 15:34:24,28.053,23.195
1002,0,11,14868.930000,4015.860000,1.266584,4.500843,0.750134,3.466545,1,02/26/2026 15:34:44,27.908,23.195
1003,0,11,14888.930000,4035.860000,1.270750,4.515289,0.749676,3.468070,1,02/26/2026 15:35:04,27.796,23.195
1004,0,11,14908.930000,4055.860000,1.274916,4.529743,0.750134,3.469902,1,02/26/2026 15:35:24,27.699,23.195
1005,0,11,14928.930000,4075.860000,1.279082,4.544204,0.749981,3.472038,1,02/26/2026 15:35:44,27.587,23.195
1006,0,11,14948.930000,4095.860000,1.283248,4.558673,0.749676,3.473564,1,02/26/2026 15:36:04,27.474,23.195
1007,0,11,14968.930000,4115.860000,1.287415,4.573149,0.749828,3.476005,1,02/26/2026 15:36:24,27.329,23.195
1008,0,11,14988.930000,4135.860000,1.291581,4.587635,0.749676,3.477836,1,02/26/2026 15:36:44,27.249,23.195
1009,0,11,15008.930000,4155.860000,1.295747,4.602129,0.750134,3.479362,1,02/26/2026 15:37:04,27.152,23.195
1010,0,11,15028.930000,4175.860000,1.299913,4.616631,0.750134,3.481804,1,02/26/2026 15:37:24,27.056,23.179
1011,0,11,15048.930000,4195.860000,1.304080,4.631141,0.749981,3.483330,1,02/26/2026 15:37:44,26.975,23.179
1012,0,11,15068.930000,4215.860000,1.308246,4.645659,0.750134,3.486076,1,02/26/2026 15:38:04,26.879,23.179
1013,0,11,15088.930000,4235.860000,1.312412,4.660187,0.750134,3.487907,1,02/26/2026 15:38:24,26.782,23.163
1014,0,11,15108.930000,4255.860000,1.316578,4.674723,0.750134,3.489738,1,02/26/2026 15:38:44,26.702,23.179
1015,0,11,15128.930000,4275.860000,1.320745,4.689268,0.750134,3.491875,1,02/26/2026 15:39:04,26.654,23.163
1016,0,11,15148.930000,4295.860000,1.324911,4.703821,0.749676,3.494011,1,02/26/2026 15:39:24,26.573,23.147
1017,0,11,15168.930000,4315.860000,1.329077,4.718384,0.749981,3.496147,1,02/26/2026 15:39:44,26.493,23.147
1018,0,11,15188.930000,4335.860000,1.333243,4.732955,0.749981,3.498283,1,02/26/2026 15:40:04,26.412,23.147
1019,0,11,15208.930000,4355.860000,1.337410,4.747534,0.749981,3.500420,1,02/26/2026 15:40:24,26.316,23.147
1020,0,11,15228.930000,4375.860000,1.341576,4.762122,0.749828,3.502861,1,02/26/2026 15:40:44,26.251,23.115
1021,0,11,15248.930000,4395.860000,1.345742,4.776720,0.749981,3.504692,1,02/26/2026 15:41:04,26.187,23.115
1022,0,11,15268.930000,4415.860000,1.349908,4.791326,0.749981,3.506828,1,02/26/2026 15:41:24,26.107,23.099
1023,0,11,15288.930000,4435.860000,1.354075,4.805940,0.749828,3.508354,1,02/26/2026 15:41:44,26.042,23.083
1024,0,11,15308.930000,4455.860000,1.358241,4.820563,0.749981,3.511406,1,02/26/2026 15:42:04,25.962,23.067
1025,0,11,15328.930000,4475.860000,1.362407,4.835196,0.749981,3.513237,1,02/26/2026 15:42:24,25.898,23.035
1026,0,11,15348.930000,4495.860000,1.366573,4.849838,0.749828,3.515373,1,02/26/2026 15:42:44,25.849,23.019
1027,0,11,15368.930000,4515.860000,1.370740,4.864488,0.749981,3.517205,1,02/26/2026 15:43:04,25.785,23.002
1028,0,11,15388.930000,4535.860000,1.374906,4.879148,0.749981,3.519951,1,02/26/2026 15:43:24,25.721,22.986
1029,0,11,15408.930000,4555.860000,1.379072,4.893817,0.749828,3.522087,1,02/26/2026 15:43:44,25.672,22.986
1030,0,11,15428.930000,4575.860000,1.383238,4.908496,0.750134,3.523919,1,02/26/2026 15:44:04,25.656,22.986
1031,0,11,15448.930000,4595.860000,1.387405,4.923184,0.749981,3.526970,1,02/26/2026 15:44:24,25.640,23.002
1032,0,11,15468.930000,4615.860000,1.391571,4.937882,0.749981,3.529107,1,02/26/2026 15:44:44,25.624,23.002
1033,0,11,15488.930000,4635.860000,1.395737,4.952591,0.750134,3.531548,1,02/26/2026 15:45:04,25.576,23.019
1034,0,11,15508.930000,4655.860000,1.399903,4.967309,0.749981,3.533989,1,02/26/2026 15:45:24,25.544,23.019
1035,0,11,15528.930000,4675.860000,1.404070,4.982037,0.749828,3.536431,1,02/26/2026 15:45:44,25.560,23.035
1036,0,11,15548.930000,4695.860000,1.408236,4.996777,0.749828,3.538872,1,02/26/2026 15:46:04,25.544,23.051
1037,0,11,15568.930000,4715.860000,1.412402,5.011527,0.749981,3.541924,1,02/26/2026 15:46:24,25.544,23.051
1038,0,11,15588.930000,4735.860000,1.416568,5.026288,0.750134,3.544060,1,02/26/2026 15:46:44,25.528,23.067
1039,0,11,15608.930000,4755.860000,1.420735,5.041062,0.749828,3.547417,1,02/26/2026 15:47:04,25.512,23.083
1040,0,11,15628.930000,4775.860000,1.424901,5.055849,0.749828,3.550774,1,02/26/2026 15:47:24,25.495,23.083
1041,0,11,15648.930000,4795.860000,1.429067,5.070648,0.749828,3.553521,1,02/26/2026 15:47:44,25.512,23.099
1042,0,11,15668.930000,4815.860000,1.433233,5.085462,0.749828,3.557488,1,02/26/2026 15:48:04,25.479,23.115
1043,0,11,15688.930000,4835.860000,1.437399,5.100291,0.750286,3.560845,1,02/26/2026 15:48:24,25.479,23.115
1044,0,11,15708.930000,4855.860000,1.441566,5.115135,0.749676,3.565118,1,02/26/2026 15:48:44,25.479,23.115
1045,0,11,15728.930000,4875.860000,1.445732,5.129997,0.749981,3.569390,1,02/26/2026 15:49:04,25.447,23.115
1046,0,11,15748.930000,4895.860000,1.449898,5.144877,0.750286,3.574273,1,02/26/2026 15:49:24,25.431,23.099
1047,0,11,15768.930000,4915.860000,1.454064,5.159777,0.749828,3.578241,1,02/26/2026 15:49:44,25.447,23.099
1048,0,11,15785.140000,4932.070000,1.457441,5.171869,0.749828,3.583124,5,02/26/2026 15:50:00,25.431,23.099
1049,0,11,15802.540000,4949.470000,1.461066,5.184865,0.749676,3.588006,5,02/26/2026 15:50:18,25.415,23.083
1050,0,11,15817.940000,4964.870000,1.464274,5.196383,0.749828,3.592889,5,02/26/2026 15:50:33,25.399,23.067
1051,0,11,15832.230000,4979.160000,1.467251,5.207085,0.749981,3.597772,5,02/26/2026 15:50:48,25.383,23.067
1052,0,11,15844.890000,4991.820000,1.469888,5.216580,0.749828,3.602655,5,02/26/2026 15:51:00,25.367,23.051
1053,0,11,15855.850000,5002.780000,1.472171,5.224810,0.749981,3.607538,5,02/26/2026 15:51:11,25.367,23.051
1054,0,11,15866.240000,5013.170000,1.474335,5.232623,0.750134,3.612421,5,02/26/2026 15:51:22,25.335,23.035
1055,0,11,15875.530000,5022.460000,1.476271,5.239619,0.749828,3.617609,5,02/26/2026 15:51:31,25.351,23.035
1056,0,11,15884.730000,5031.660000,1.478187,5.246557,0.749676,3.622492,5,02/26/2026 15:51:40,25.335,23.019
1057,0,11,15891.600000,5038.530000,1.479618,5.251744,0.749676,3.627375,5,02/26/2026 15:51:47,25.335,23.019
1058,0,11,15898.870000,5045.800000,1.481133,5.257241,0.749981,3.632258,5,02/26/2026 15:51:54,25.318,23.002
1059,0,11,15904.830000,5051.760000,1.482374,5.261754,0.749676,3.637140,5,02/26/2026 15:52:00,25.302,23.002
1060,0,11,15910.420000,5057.350000,1.483539,5.265992,0.749981,3.642023,5,02/26/2026 15:52:06,25.318,23.002
1061,0,11,15915.680000,5062.610000,1.484634,5.269986,0.750134,3.646906,5,02/26/2026 15:52:11,25.286,22.986
1062,0,11,15920.050000,5066.980000,1.485543,5.273303,0.740063,3.650263,4,02/26/2026 15:52:15,25.286,22.986
1063,0,11,15921.110000,5068.040000,1.485760,5.274093,0.729839,3.650263,4,02/26/2026 15:52:16,25.286,22.986
1064,0,11,15922.360000,5069.290000,1.486011,5.275011,0.719768,3.649958,4,02/26/2026 15:52:18,25.286,22.986
1065,0,11,15924.400000,5071.330000,1.486417,5.276491,0.709697,3.650263,4,02/26/2026 15:52:20,25.286,22.986
1066,0,11,15926.580000,5073.510000,1.486843,5.278048,0.699626,3.649958,4,02/26/2026 15:52:22,25.286,22.986
1067,0,11,15928.760000,5075.690000,1.487264,5.279584,0.689097,3.650263,4,02/26/2026 15:52:24,25.302,22.986
1068,0,11,15930.920000,5077.850000,1.487675,5.281083,0.678874,3.649958,4,02/26/2026 15:52:26,25.286,22.986
1069,0,11,15933.290000,5080.220000,1.488119,5.282703,0.668803,3.650263,4,02/26/2026 15:52:29,25.286,22.970
1070,0,11,15935.720000,5082.650000,1.488567,5.284339,0.658579,3.649958,4,02/26/2026 15:52:31,25.286,22.970
1071,0,11,15938.010000,5084.940000,1.488982,5.285856,0.648508,3.649958,4,02/26/2026 15:52:33,25.286,22.970
1072,0,11,15940.440000,5087.370000,1.489417,5.287442,0.638132,3.650263,4,02/26/2026 15:52:36,25.286,22.970
1073,0,11,15942.870000,5089.800000,1.489844,5.289000,0.628061,3.650263,4,02/26/2026 15:52:38,25.286,22.970
1074,0,11,15944.900000,5091.830000,1.490195,5.290284,0.617990,3.649958,4,02/26/2026 15:52:40,25.286,22.954
1075,0,11,15947.600000,5094.530000,1.490656,5.291963,0.607919,3.650263,4,02/26/2026 15:52:43,25.270,22.954
1076,0,11,15949.830000,5096.760000,1.491029,5.293325,0.597696,3.649653,4,02/26/2026 15:52:45,25.270,22.954
1077,0,11,15952.510000,5099.440000,1.491470,5.294936,0.587472,3.649958,4,02/26/2026 15:52:48,25.270,22.954
1078,0,11,15954.980000,5101.910000,1.491870,5.296394,0.577401,3.649958,4,02/26/2026 15:52:50,25.270,22.954
1079,0,11,15957.380000,5104.310000,1.492251,5.297788,0.567330,3.650263,4,02/26/2026 15:52:53,25.254,22.954
1080,0,11,15960.160000,5107.090000,1.492686,5.299374,0.557259,3.649958,4,02/26/2026 15:52:55,25.254,22.938
1081,0,11,15962.400000,5109.330000,1.493029,5.300627,0.547189,3.649958,4,02/26/2026 15:52:58,25.270,22.938
1082,0,11,15964.950000,5111.880000,1.493414,5.302030,0.537118,3.649958,4,02/26/2026 15:53:00,25.270,22.938
1083,0,11,15967.770000,5114.700000,1.493830,5.303552,0.526894,3.650568,4,02/26/2026 15:53:03,25.270,22.938
1084,0,11,15970.550000,5117.480000,1.494233,5.305022,0.516823,3.650568,4,02/26/2026 15:53:06,25.254,22.938
1085,0,11,15973.210000,5120.140000,1.494611,5.306401,0.506752,3.649958,4,02/26/2026 15:53:08,25.254,22.938
1086,0,11,15975.460000,5122.390000,1.494925,5.307547,0.496681,3.649653,4,02/26/2026 15:53:11,25.238,22.938
1087,0,11,15978.310000,5125.240000,1.495315,5.308970,0.486610,3.650263,4,02/26/2026 15:53:14,25.238,22.938
1088,0,11,15981.100000,5128.030000,1.495689,5.310335,0.476539,3.649958,4,02/26/2026 15:53:16,25.222,22.922
1089,0,11,15984.070000,5131.000000,1.496079,5.311758,0.466316,3.650263,4,02/26/2026 15:53:19,25.206,22.922
1090,0,11,15986.750000,5133.680000,1.496423,5.313016,0.456245,3.649958,4,02/26/2026 15:53:22,25.206,22.922
1091,0,11,15990.310000,5137.240000,1.496870,5.314648,0.446174,3.649958,4,02/26/2026 15:53:26,25.206,22.922
1092,0,11,15993.240000,5140.170000,1.497230,5.315959,0.435950,3.650263,4,02/26/2026 15:53:29,25.206,22.922
1093,0,11,15996.350000,5143.280000,1.497602,5.317320,0.425879,3.649653,4,02/26/2026 15:53:32,25.206,22.922
1094,0,11,15999.330000,5146.260000,1.497952,5.318595,0.415808,3.649653,4,02/26/2026 15:53:35,25.222,22.922
1095,0,11,16002.560000,5149.490000,1.498321,5.319943,0.405737,3.650263,4,02/26/2026 15:53:38,25.206,22.922
1096,0,11,16006.450000,5153.380000,1.498755,5.321526,0.395514,3.650263,4,02/26/2026 15:53:42,25.222,22.922
1097,0,11,16010.000000,5156.930000,1.499140,5.322930,0.385443,3.649958,4,02/26/2026 15:53:45,25.222,22.922
1098,0,11,16013.270000,5160.200000,1.499485,5.324193,0.375372,3.649958,4,02/26/2026 15:53:49,25.222,22.922
1099,0,11,16016.890000,5163.820000,1.499859,5.325555,0.365301,3.649958,4,02/26/2026 15:53:52,25.206,22.922
1100,0,11,16020.830000,5167.760000,1.500253,5.326996,0.355230,3.649958,4,02/26/2026 15:53:56,25.206,22.938
1101,0,11,16024.410000,5171.340000,1.500602,5.328270,0.345159,3.649958,4,02/26/2026 15:54:00,25.206,22.922
1102,0,11,16028.290000,5175.220000,1.500970,5.329613,0.334936,3.649958,4,02/26/2026 15:54:04,25.206,22.922
1103,0,11,16032.870000,5179.800000,1.501392,5.331151,0.324712,3.649958,4,02/26/2026 15:54:08,25.206,22.938
1104,0,11,16037.450000,5184.380000,1.501799,5.332639,0.314641,3.649653,4,02/26/2026 15:54:13,25.206,22.938
1105,0,11,16042.220000,5189.150000,1.502209,5.334135,0.304417,3.649958,4,02/26/2026 15:54:18,25.190,22.938
1106,0,11,16047.070000,5194.000000,1.502613,5.335608,0.294194,3.650263,4,02/26/2026 15:54:22,25.174,22.938
1107,0,11,16051.560000,5198.490000,1.502974,5.336925,0.283970,3.649958,4,02/26/2026 15:54:27,25.158,22.938
1108,0,11,16056.780000,5203.710000,1.503379,5.338406,0.273899,3.650263,4,02/26/2026 15:54:32,25.158,22.938
1109,0,11,16062.870000,5209.800000,1.503834,5.340066,0.263828,3.649958,4,02/26/2026 15:54:38,25.158,22.954
1110,0,11,16068.450000,5215.380000,1.504235,5.341528,0.253758,3.650263,4,02/26/2026 15:54:44,25.142,22.938
1111,0,11,16073.530000,5220.460000,1.504586,5.342811,0.243687,3.649958,4,02/26/2026 15:54:49,25.142,22.954
1112,0,11,16080.010000,5226.940000,1.505017,5.344384,0.233616,3.649958,4,02/26/2026 15:54:55,25.142,22.970
1113,0,11,16087.320000,5234.250000,1.505482,5.346081,0.223392,3.649958,4,02/26/2026 15:55:03,25.125,22.970
1114,0,11,16093.940000,5240.870000,1.505884,5.347547,0.213321,3.650568,4,02/26/2026 15:55:09,25.109,22.970
1115,0,11,16101.450000,5248.380000,1.506319,5.349136,0.203250,3.649653,4,02/26/2026 15:55:17,25.109,22.970
1116,0,11,16109.460000,5256.390000,1.506761,5.350749,0.193027,3.649958,4,02/26/2026 15:55:25,25.109,22.986
1117,0,11,16118.070000,5265.000000,1.507212,5.352396,0.182956,3.649958,4,02/26/2026 15:55:33,25.109,22.986
1118,0,11,16127.120000,5274.050000,1.507661,5.354034,0.172885,3.649958,4,02/26/2026 15:55:42,25.093,23.002
1119,0,11,16137.330000,5284.260000,1.508139,5.355779,0.162814,3.649653,4,02/26/2026 15:55:53,25.093,23.002
1120,0,11,16147.870000,5294.800000,1.508603,5.357471,0.152743,3.649958,4,02/26/2026 15:56:03,25.061,23.002
1121,0,11,16158.180000,5305.110000,1.509030,5.359029,0.142672,3.649653,4,02/26/2026 15:56:13,25.061,23.019
1122,0,11,16172.310000,5319.240000,1.509575,5.361022,0.132448,3.650263,4,02/26/2026 15:56:28,25.045,23.019
1123,0,11,16188.140000,5335.070000,1.510138,5.363077,0.122377,3.649958,4,02/26/2026 15:56:43,24.997,23.035
1124,0,11,16203.730000,5350.660000,1.510648,5.364936,0.112154,3.649958,4,02/26/2026 15:56:59,24.965,23.051
1125,0,11,16222.260000,5369.190000,1.511203,5.366963,0.101930,3.649958,4,02/26/2026 15:57:18,24.949,23.051
1126,0,11,16242.260000,5389.190000,1.511747,5.368949,0.093690,3.649958,1,02/26/2026 15:57:38,24.916,23.067
1127,0,11,16261.550000,5408.480000,1.512224,5.370691,0.083619,3.649653,4,02/26/2026 15:57:57,24.884,23.067
1128,0,11,16281.550000,5428.480000,1.512676,5.372337,0.077821,3.649653,1,02/26/2026 15:58:17,24.836,23.083
1129,0,11,16301.550000,5448.480000,1.513088,5.373843,0.070802,3.649958,1,02/26/2026 15:58:37,24.804,23.083
1130,0,11,16321.550000,5468.480000,1.513467,5.375227,0.065309,3.649958,1,02/26/2026 15:58:57,24.755,23.083
1131,0,11,16341.550000,5488.480000,1.513816,5.376499,0.060426,3.649958,1,02/26/2026 15:59:17,24.723,23.083
1132,0,11,16361.550000,5508.480000,1.514138,5.377674,0.054475,3.649958,1,02/26/2026 15:59:37,24.675,23.067
1133,0,11,16381.550000,5528.480000,1.514436,5.378761,0.052491,3.649958,1,02/26/2026 15:59:57,24.643,23.067
1134,0,11,16401.550000,5548.480000,1.514712,5.379770,0.048371,3.649958,1,02/26/2026 16:00:17,24.611,23.067
1135,0,11,16421.550000,5568.480000,1.514969,5.380707,0.044404,3.649958,1,02/26/2026 16:00:37,24.562,23.067
1136,0,11,16441.550000,5588.480000,1.515209,5.381582,0.040894,3.649653,1,02/26/2026 16:00:57,24.530,23.051
1137,0,11,16461.550000,5608.480000,1.515433,5.382402,0.038148,3.649653,1,02/26/2026 16:01:17,24.482,23.067
1138,0,11,16481.550000,5628.480000,1.515644,5.383170,0.036469,3.649958,1,02/26/2026 16:01:37,24.450,23.067
1139,0,11,16501.550000,5648.480000,1.515842,5.383895,0.034638,3.649958,1,02/26/2026 16:01:57,24.418,23.067
1140,0,11,16521.550000,5668.480000,1.516029,5.384575,0.031586,3.649653,1,02/26/2026 16:02:17,24.369,23.067
1141,0,11,16541.550000,5688.480000,1.516205,5.385218,0.030213,3.649653,1,02/26/2026 16:02:37,24.353,23.067
1142,0,11,16561.550000,5708.480000,1.516372,5.385829,0.028840,3.649958,1,02/26/2026 16:02:57,24.305,23.051
1143,0,11,16581.550000,5728.480000,1.516530,5.386405,0.026856,3.649958,1,02/26/2026 16:03:17,24.257,23.035
1144,0,11,16601.550000,5748.480000,1.516680,5.386953,0.025483,3.649653,1,02/26/2026 16:03:37,24.225,23.051
1145,0,11,16621.550000,5768.480000,1.516822,5.387472,0.024720,3.650263,1,02/26/2026 16:03:57,24.192,23.035
1146,0,11,16641.550000,5788.480000,1.516959,5.387971,0.023804,3.649958,1,02/26/2026 16:04:17,24.144,23.019
1147,0,11,16661.550000,5808.480000,1.517089,5.388447,0.023499,3.649958,1,02/26/2026 16:04:37,24.096,22.986
1148,0,11,16681.550000,5828.480000,1.517213,5.388900,0.021057,3.649958,1,02/26/2026 16:04:57,24.048,22.970
1149,0,11,16701.550000,5848.480000,1.517331,5.389331,0.021363,3.649958,1,02/26/2026 16:05:17,23.999,22.954
1150,0,11,16721.550000,5868.480000,1.517446,5.389747,0.020600,3.650263,1,02/26/2026 16:05:37,23.951,22.938
1151,0,11,16741.550000,5888.480000,1.517555,5.390147,0.019074,3.649958,1,02/26/2026 16:05:57,23.903,22.906
1152,0,11,16761.550000,5908.480000,1.517660,5.390532,0.019532,3.650263,1,02/26/2026 16:06:17,23.871,22.906
1153,0,11,16781.550000,5928.480000,1.517762,5.390903,0.018158,3.649958,1,02/26/2026 16:06:37,23.839,22.890
1154,0,11,16801.550000,5948.480000,1.517860,5.391260,0.015869,3.649653,1,02/26/2026 16:06:57,23.806,22.890
1155,0,11,16821.550000,5968.480000,1.517954,5.391601,0.016632,3.649653,1,02/26/2026 16:07:17,23.774,22.874
1156,0,11,16826.660000,5973.590000,1.517977,5.391688,0.014954,3.649958,132,02/26/2026 16:07:22,23.758,22.874
1157,0,12,16826.670000,0.010000,0.000000,0.000000,0.000000,3.648737,0,02/26/2026 16:07:22,23.758,22.874
1158,0,12,16833.080000,6.420000,0.000000,0.000000,0.000000,3.643854,5,02/26/2026 16:07:28,23.758,22.858
1159,0,12,16840.870000,14.210000,0.000000,0.000000,0.000000,3.638972,5,02/26/2026 16:07:36,23.742,22.858
1160,0,12,16849.650000,22.990000,0.000000,0.000000,0.000000,3.634089,5,02/26/2026 16:07:45,23.742,22.874
1161,0,12,16858.800000,32.140000,0.000000,0.000000,0.000000,3.629206,5,02/26/2026 16:07:54,23.726,22.874
1162,0,12,16869.160000,42.500000,0.000000,0.000000,0.000000,3.624323,5,02/26/2026 16:08:04,23.726,22.874
1163,0,12,16879.260000,52.600000,0.000000,0.000000,0.000000,3.619440,5,02/26/2026 16:08:15,23.710,22.874
1164,0,12,16891.080000,64.420000,0.000000,0.000000,0.000000,3.614252,5,02/26/2026 16:08:26,23.710,22.906
1165,0,12,16904.850000,78.190000,0.000000,0.000000,0.000000,3.609369,5,02/26/2026 16:08:40,23.710,22.906
1166,0,12,16917.890000,91.230000,0.000000,0.000000,0.000000,3.604486,5,02/26/2026 16:08:53,23.694,22.906
1167,0,12,16932.920000,106.260000,0.000000,0.000000,0.000000,3.599603,5,02/26/2026 16:09:08,23.694,22.906
1168,0,12,16947.480000,120.820000,0.000000,0.000000,0.000000,3.594720,5,02/26/2026 16:09:23,23.694,22.922
1169,0,12,16965.370000,138.710000,0.000000,0.000000,0.000000,3.589837,5,02/26/2026 16:09:41,23.678,22.938
1170,0,12,16981.890000,155.230000,0.000000,0.000000,0.000000,3.584955,5,02/26/2026 16:09:57,23.678,22.954
1171,0,12,17000.890000,174.230000,0.000000,0.000000,0.000000,3.579767,5,02/26/2026 16:10:16,23.662,22.970
1172,0,12,17020.890000,194.230000,0.000000,0.000000,0.000000,3.575189,1,02/26/2026 16:10:36,23.662,22.970
1173,0,12,17040.890000,214.230000,0.000000,0.000000,0.000000,3.570611,1,02/26/2026 16:10:56,23.662,22.986
1174,0,12,17060.890000,234.230000,0.000000,0.000000,0.000000,3.566949,1,02/26/2026 16:11:16,23.678,23.002
1175,0,12,17080.890000,254.230000,0.000000,0.000000,0.000000,3.562371,1,02/26/2026 16:11:36,23.662,23.019
1176,0,12,17100.890000,274.230000,0.000000,0.000000,0.000000,3.559319,1,02/26/2026 16:11:56,23.662,23.035
1177,0,12,17120.890000,294.230000,0.000000,0.000000,0.000000,3.555657,1,02/26/2026 16:12:16,23.662,23.035
1178,0,12,17140.890000,314.230000,0.000000,0.000000,0.000000,3.552300,1,02/26/2026 16:12:36,23.646,23.051
1179,0,12,17160.890000,334.230000,0.000000,0.000000,0.000000,3.548943,1,02/26/2026 16:12:56,23.646,23.051
1180,0,12,17180.890000,354.230000,0.000000,0.000000,0.000000,3.545586,1,02/26/2026 16:13:16,23.629,23.051
1181,0,12,17200.890000,374.230000,0.000000,0.000000,0.000000,3.542840,1,02/26/2026 16:13:36,23.629,23.051
1182,0,12,17220.890000,394.230000,0.000000,0.000000,0.000000,3.540093,1,02/26/2026 16:13:56,23.613,23.035
1183,0,12,17240.890000,414.230000,0.000000,0.000000,0.000000,3.537346,1,02/26/2026 16:14:16,23.581,23.035
1184,0,12,17260.890000,434.230000,0.000000,0.000000,0.000000,3.534905,1,02/26/2026 16:14:36,23.565,23.035
1185,0,12,17280.890000,454.230000,0.000000,0.000000,0.000000,3.532464,1,02/26/2026 16:14:56,23.549,23.019
1186,0,12,17300.890000,474.230000,0.000000,0.000000,0.000000,3.530327,1,02/26/2026 16:15:16,23.517,23.019
1187,0,12,17320.890000,494.230000,0.000000,0.000000,0.000000,3.527581,1,02/26/2026 16:15:36,23.501,23.002
1188,0,12,17340.890000,514.230000,0.000000,0.000000,0.000000,3.525139,1,02/26/2026 16:15:56,23.469,23.002
1189,0,12,17360.890000,534.230000,0.000000,0.000000,0.000000,3.523308,1,02/26/2026 16:16:16,23.453,22.986
1190,0,12,17380.890000,554.230000,0.000000,0.000000,0.000000,3.521172,1,02/26/2026 16:16:36,23.420,22.954
1191,0,12,17400.890000,574.230000,0.000000,0.000000,0.000000,3.518730,1,02/26/2026 16:16:56,23.388,22.938
1192,0,12,17420.890000,594.230000,0.000000,0.000000,0.000000,3.517205,1,02/26/2026 16:17:16,23.372,22.922
1193,0,12,17440.890000,614.230000,0.000000,0.000000,0.000000,3.515373,1,02/26/2026 16:17:36,23.340,22.906
1194,0,12,17460.890000,634.230000,0.000000,0.000000,0.000000,3.513542,1,02/26/2026 16:17:56,23.340,22.906
1195,0,12,17480.890000,654.230000,0.000000,0.000000,0.000000,3.512016,1,02/26/2026 16:18:16,23.340,22.906
1196,0,12,17500.890000,674.230000,0.000000,0.000000,0.000000,3.510185,1,02/26/2026 16:18:36,23.340,22.922
1197,0,12,17520.890000,694.230000,0.000000,0.000000,0.000000,3.508354,1,02/26/2026 16:18:56,23.340,22.938
1198,0,12,17540.890000,714.230000,0.000000,0.000000,0.000000,3.507134,1,02/26/2026 16:19:16,23.340,22.938
1199,0,12,17560.890000,734.230000,0.000000,0.000000,0.000000,3.505913,1,02/26/2026 16:19:36,23.340,22.954
1200,0,12,17580.890000,754.230000,0.000000,0.000000,0.000000,3.503777,1,02/26/2026 16:19:56,23.356,22.986
1201,0,12,17600.890000,774.230000,0.000000,0.000000,0.000000,3.501946,1,02/26/2026 16:20:16,23.356,23.002
1202,0,12,17620.890000,794.230000,0.000000,0.000000,0.000000,3.500725,1,02/26/2026 16:20:36,23.372,23.002
1203,0,12,17640.890000,814.230000,0.000000,0.000000,0.000000,3.499504,1,02/26/2026 16:20:56,23.388,23.019
1204,0,12,17660.890000,834.230000,0.000000,0.000000,0.000000,3.498283,1,02/26/2026 16:21:16,23.388,23.035
1205,0,12,17680.890000,854.230000,0.000000,0.000000,0.000000,3.497063,1,02/26/2026 16:21:36,23.388,23.051
1206,0,12,17700.890000,874.230000,0.000000,0.000000,0.000000,3.495842,1,02/26/2026 16:21:56,23.404,23.067
1207,0,12,17720.890000,894.230000,0.000000,0.000000,0.000000,3.494621,1,02/26/2026 16:22:16,23.404,23.083
1208,0,12,17740.890000,914.230000,0.000000,0.000000,0.000000,3.493400,1,02/26/2026 16:22:36,23.404,23.083
1209,0,12,17760.890000,934.230000,0.000000,0.000000,0.000000,3.491875,1,02/26/2026 16:22:56,23.404,23.083
1210,0,12,17780.890000,954.230000,0.000000,0.000000,0.000000,3.490959,1,02/26/2026 16:23:16,23.404,23.099
1211,0,12,17800.890000,974.230000,0.000000,0.000000,0.000000,3.489738,1,02/26/2026 16:23:36,23.388,23.099
1212,0,12,17820.890000,994.230000,0.000000,0.000000,0.000000,3.488823,1,02/26/2026 16:23:56,23.388,23.099
1213,0,12,17840.890000,1014.230000,0.000000,0.000000,0.000000,3.487602,1,02/26/2026 16:24:16,23.372,23.083
1214,0,12,17860.890000,1034.230000,0.000000,0.000000,0.000000,3.486381,1,02/26/2026 16:24:36,23.372,23.083
1215,0,12,17880.890000,1054.230000,0.000000,0.000000,0.000000,3.485771,1,02/26/2026 16:24:56,23.372,23.083
1216,0,12,17900.890000,1074.230000,0.000000,0.000000,0.000000,3.484550,1,02/26/2026 16:25:16,23.372,23.083
1217,0,12,17920.890000,1094.230000,0.000000,0.000000,0.000000,3.483330,1,02/26/2026 16:25:36,23.356,23.083
1218,0,12,17940.890000,1114.230000,0.000000,0.000000,0.000000,3.482414,1,02/26/2026 16:25:56,23.356,23.083
1219,0,12,17960.890000,1134.230000,0.000000,0.000000,0.000000,3.481193,1,02/26/2026 16:26:16,23.356,23.083
1220,0,12,17980.890000,1154.230000,0.000000,0.000000,0.000000,3.480278,1,02/26/2026 16:26:36,23.356,23.083
1221,0,12,18000.890000,1174.230000,0.000000,0.000000,0.000000,3.479667,1,02/26/2026 16:26:56,23.356,23.083
1222,0,12,18020.890000,1194.230000,0.000000,0.000000,0.000000,3.478752,1,02/26/2026 16:27:16,23.356,23.083
1223,0,12,18040.890000,1214.230000,0.000000,0.000000,0.000000,3.477836,1,02/26/2026 16:27:36,23.340,23.099
1224,0,12,18060.890000,1234.230000,0.000000,0.000000,0.000000,3.477226,1,02/26/2026 16:27:56,23.340,23.083
1225,0,12,18080.890000,1254.230000,0.000000,0.000000,0.000000,3.476310,1,02/26/2026 16:28:16,23.340,23.099
1226,0,12,18100.890000,1274.230000,0.000000,0.000000,0.000000,3.475090,1,02/26/2026 16:28:36,23.340,23.099
1227,0,12,18120.890000,1294.230000,0.000000,0.000000,0.000000,3.474174,1,02/26/2026 16:28:56,23.340,23.099
1228,0,12,18140.890000,1314.230000,0.000000,0.000000,0.000000,3.473259,1,02/26/2026 16:29:16,23.340,23.099
1229,0,12,18160.890000,1334.230000,0.000000,0.000000,0.000000,3.472953,1,02/26/2026 16:29:36,23.340,23.099
1230,0,12,18180.890000,1354.230000,0.000000,0.000000,0.000000,3.472343,1,02/26/2026 16:29:56,23.340,23.115
1231,0,12,18200.890000,1374.230000,0.000000,0.000000,0.000000,3.471122,1,02/26/2026 16:30:16,23.340,23.099
1232,0,12,18220.890000,1394.230000,0.000000,0.000000,0.000000,3.470512,1,02/26/2026 16:30:36,23.340,23.099
1233,0,12,18240.890000,1414.230000,0.000000,0.000000,0.000000,3.470207,1,02/26/2026 16:30:56,23.324,23.099
1234,0,12,18260.890000,1434.230000,0.000000,0.000000,0.000000,3.469291,1,02/26/2026 16:31:16,23.324,23.099
1235,0,12,18280.890000,1454.230000,0.000000,0.000000,0.000000,3.468681,1,02/26/2026 16:31:36,23.308,23.083
1236,0,12,18300.890000,1474.230000,0.000000,0.000000,0.000000,3.467765,1,02/26/2026 16:31:56,23.292,23.083
1237,0,12,18320.890000,1494.230000,0.000000,0.000000,0.000000,3.466239,1,02/26/2026 16:32:16,23.276,23.067
1238,0,12,18340.890000,1514.230000,0.000000,0.000000,0.000000,3.466239,1,02/26/2026 16:32:36,23.243,23.051
1239,0,12,18360.890000,1534.230000,0.000000,0.000000,0.000000,3.465324,1,02/26/2026 16:32:56,23.227,23.035
1240,0,12,18380.890000,1554.230000,0.000000,0.000000,0.000000,3.464714,1,02/26/2026 16:33:16,23.211,23.002
1241,0,12,18400.890000,1574.230000,0.000000,0.000000,0.000000,3.463798,1,02/26/2026 16:33:36,23.195,23.002
1242,0,12,18420.890000,1594.230000,0.000000,0.000000,0.000000,3.463493,1,02/26/2026 16:33:56,23.179,22.986
1243,0,12,18440.890000,1614.230000,0.000000,0.000000,0.000000,3.462577,1,02/26/2026 16:34:16,23.163,22.970
1244,0,12,18460.890000,1634.230000,0.000000,0.000000,0.000000,3.462272,1,02/26/2026 16:34:36,23.147,22.954
1245,0,12,18480.890000,1654.230000,0.000000,0.000000,0.000000,3.461662,1,02/26/2026 16:34:56,23.131,22.938
1246,0,12,18500.890000,1674.230000,0.000000,0.000000,0.000000,3.461357,1,02/26/2026 16:35:16,23.115,22.938
1247,0,12,18520.890000,1694.230000,0.000000,0.000000,0.000000,3.461051,1,02/26/2026 16:35:36,23.131,22.938
1248,0,12,18540.890000,1714.230000,0.000000,0.000000,0.000000,3.459831,1,02/26/2026 16:35:56,23.131,22.954
1249,0,12,18560.890000,1734.230000,0.000000,0.000000,0.000000,3.459220,1,02/26/2026 16:36:16,23.147,22.954
1250,0,12,18580.890000,1754.230000,0.000000,0.000000,0.000000,3.458915,1,02/26/2026 16:36:36,23.163,22.970
1251,0,12,18600.890000,1774.230000,0.000000,0.000000,0.000000,3.458305,1,02/26/2026 16:36:56,23.179,22.986
1252,0,12,18620.890000,1794.230000,0.000000,0.000000,0.000000,3.457694,1,02/26/2026 16:37:16,23.195,23.002
1253,0,12,18626.660000,1800.000000,0.000000,0.000000,0.000000,3.457389,129,02/26/2026 16:37:22,23.195,23.002
1254,1,5,18626.700000,0.040000,0.000041,0.000129,-3.751888,3.178454,0,02/26/2026 16:37:22,23.195,23.002
1255,1,5,18626.860000,0.200000,0.000207,0.000657,-3.750057,3.156176,5,02/26/2026 16:37:23,23.195,23.002
1256,1,5,18626.980000,0.320000,0.000332,0.001050,-3.749905,3.143053,5,02/26/2026 16:37:23,23.195,23.002
1257,1,5,18627.120000,0.460000,0.000478,0.001508,-3.749905,3.130541,5,02/26/2026 16:37:23,23.195,23.002
1258,1,5,18627.270000,0.610000,0.000634,0.001996,-3.750210,3.119554,5,02/26/2026 16:37:23,23.195,23.002
1259,1,5,18627.440000,0.780000,0.000812,0.002547,-3.749905,3.109178,5,02/26/2026 16:37:23,23.195,23.002
1260,1,5,18627.610000,0.950000,0.000989,0.003097,-3.750057,3.100633,5,02/26/2026 16:37:23,23.195,23.002
1261,1,5,18627.800000,1.140000,0.001187,0.003709,-3.749905,3.092393,5,02/26/2026 16:37:24,23.195,23.002
1262,1,5,18628.010000,1.350000,0.001405,0.004385,-3.750057,3.084459,5,02/26/2026 16:37:24,23.195,23.002
1263,1,5,18628.240000,1.580000,0.001645,0.005123,-3.750057,3.077134,5,02/26/2026 16:37:24,23.195,23.002
1264,1,5,18628.490000,1.830000,0.001905,0.005923,-3.750057,3.070115,5,02/26/2026 16:37:24,23.195,23.002
1265,1,5,18628.790000,2.130000,0.002218,0.006881,-3.750057,3.063096,5,02/26/2026 16:37:25,23.195,23.002
1266,1,5,18629.100000,2.440000,0.002541,0.007869,-3.750057,3.057298,5,02/26/2026 16:37:25,23.195,23.002
1267,1,5,18629.440000,2.780000,0.002895,0.008951,-3.750057,3.050889,5,02/26/2026 16:37:25,23.195,23.002
1268,1,5,18629.830000,3.170000,0.003301,0.010189,-3.750210,3.045090,5,02/26/2026 16:37:26,23.195,23.002
1269,1,5,18630.250000,3.590000,0.003739,0.011520,-3.750210,3.039292,5,02/26/2026 16:37:26,23.195,23.002
1270,1,5,18630.730000,4.070000,0.004239,0.013038,-3.750057,3.034104,5,02/26/2026 16:37:26,23.195,23.002
1271,1,5,18631.220000,4.560000,0.004749,0.014585,-3.749905,3.028916,5,02/26/2026 16:37:27,23.195,23.002
1272,1,5,18631.820000,5.160000,0.005374,0.016476,-3.749752,3.023728,5,02/26/2026 16:37:28,23.195,23.002
1273,1,5,18632.460000,5.800000,0.006041,0.018490,-3.750057,3.018235,5,02/26/2026 16:37:28,23.211,23.002
1274,1,5,18633.360000,6.700000,0.006978,0.021317,-3.750057,3.013046,5,02/26/2026 16:37:29,23.211,23.002
1275,1,5,18634.290000,7.630000,0.007947,0.024233,-3.749905,3.008164,5,02/26/2026 16:37:30,23.211,23.002
1276,1,5,18635.350000,8.690000,0.009051,0.027552,-3.749905,3.002976,5,02/26/2026 16:37:31,23.211,23.002
1277,1,5,18636.730000,10.070000,0.010489,0.031865,-3.750210,2.997787,5,02/26/2026 16:37:33,23.211,23.002
1278,1,5,18638.430000,11.770000,0.012259,0.037169,-3.749905,2.992905,5,02/26/2026 16:37:34,23.227,23.002
1279,1,5,18640.420000,13.760000,0.014332,0.043368,-3.750057,2.987716,5,02/26/2026 16:37:36,23.259,23.002
1280,1,5,18642.750000,16.090000,0.016759,0.050613,-3.750057,2.982834,5,02/26/2026 16:37:39,23.292,23.002
1281,1,5,18645.310000,18.650000,0.019426,0.058561,-3.749905,2.977646,5,02/26/2026 16:37:41,23.308,23.019
1282,1,5,18649.020000,22.360000,0.023291,0.070059,-3.750210,2.972763,5,02/26/2026 16:37:45,23.372,23.019
1283,1,5,18652.800000,26.140000,0.027228,0.081754,-3.750057,2.967880,5,02/26/2026 16:37:49,23.436,23.019
1284,1,5,18657.940000,31.280000,0.032582,0.097632,-3.749905,2.962997,5,02/26/2026 16:37:54,23.533,23.019
1285,1,5,18664.780000,38.120000,0.039707,0.118726,-3.750057,2.958114,5,02/26/2026 16:38:01,23.662,23.019
1286,1,5,18675.020000,48.360000,0.050374,0.150252,-3.750362,2.953231,5,02/26/2026 16:38:11,23.871,23.035
1287,1,5,18691.460000,64.800000,0.067499,0.200780,-3.750057,2.948348,5,02/26/2026 16:38:27,24.241,23.035
1288,1,5,18711.460000,84.800000,0.088332,0.262184,-3.750057,2.946822,1,02/26/2026 16:38:47,24.691,23.067
1289,1,5,18731.460000,104.800000,0.109166,0.323566,-3.750057,2.946212,1,02/26/2026 16:39:07,25.125,23.067
1290,1,5,18751.460000,124.800000,0.129999,0.384946,-3.750057,2.946517,1,02/26/2026 16:39:27,25.544,23.083
1291,1,5,18771.460000,144.800000,0.150832,0.446337,-3.749905,2.946822,1,02/26/2026 16:39:47,25.962,23.099
1292,1,5,18791.460000,164.800000,0.171666,0.507742,-3.750057,2.947738,1,02/26/2026 16:40:07,26.332,23.131
1293,1,5,18811.460000,184.800000,0.192499,0.569166,-3.750057,2.948959,1,02/26/2026 16:40:27,26.686,23.147
1294,1,5,18831.460000,204.800000,0.213332,0.630610,-3.750210,2.949874,1,02/26/2026 16:40:47,27.024,23.147
1295,1,5,18851.460000,224.800000,0.234166,0.692075,-3.749905,2.951095,1,02/26/2026 16:41:07,27.410,23.147
1296,1,5,18871.460000,244.800000,0.254999,0.753560,-3.750210,2.951705,1,02/26/2026 16:41:27,27.747,23.147
1297,1,5,18891.460000,264.800000,0.275832,0.815062,-3.749905,2.952316,1,02/26/2026 16:41:47,27.989,23.147
1298,1,5,18911.460000,284.800000,0.296666,0.876577,-3.750057,2.952926,1,02/26/2026 16:42:07,28.294,23.147
1299,1,5,18931.460000,304.800000,0.317499,0.938107,-3.749905,2.953536,1,02/26/2026 16:42:27,28.584,23.163
1300,1,5,18951.460000,324.800000,0.338332,0.999646,-3.749905,2.953536,1,02/26/2026 16:42:47,28.857,23.147
1301,1,5,18971.460000,344.800000,0.359166,1.061189,-3.750057,2.954147,1,02/26/2026 16:43:07,29.115,23.147
1302,1,5,18991.460000,364.800000,0.379999,1.122733,-3.750057,2.953841,1,02/26/2026 16:43:27,29.356,23.147
1303,1,5,19011.460000,384.800000,0.400832,1.184277,-3.750057,2.953841,1,02/26/2026 16:43:47,29.613,23.163
1304,1,5,19031.460000,404.800000,0.421666,1.245820,-3.750057,2.954147,1,02/26/2026 16:44:07,29.839,23.179
1305,1,5,19051.460000,424.800000,0.442499,1.307361,-3.750057,2.953841,1,02/26/2026 16:44:27,30.047,23.179
1306,1,5,19071.460000,444.800000,0.463332,1.368898,-3.750057,2.953536,1,02/26/2026 16:44:47,30.235,23.163
1307,1,5,19091.460000,464.800000,0.484166,1.430428,-3.749905,2.952926,1,02/26/2026 16:45:07,30.502,23.179
1308,1,5,19111.460000,484.800000,0.504999,1.491950,-3.750057,2.952621,1,02/26/2026 16:45:27,30.659,23.195
1309,1,5,19131.460000,504.800000,0.525832,1.553460,-3.750210,2.952316,1,02/26/2026 16:45:47,30.832,23.195
1310,1,5,19151.460000,524.800000,0.546666,1.614958,-3.750057,2.951095,1,02/26/2026 16:46:07,30.926,23.195
1311,1,5,19171.460000,544.800000,0.567499,1.676440,-3.750057,2.950790,1,02/26/2026 16:46:27,31.193,23.212
1312,1,5,19191.460000,564.800000,0.588332,1.737902,-3.750057,2.949874,1,02/26/2026 16:46:47,31.271,23.212
1313,1,5,19211.460000,584.800000,0.609166,1.799344,-3.749905,2.948653,1,02/26/2026 16:47:07,31.507,23.212
1314,1,5,19231.460000,604.800000,0.629999,1.860768,-3.749905,2.947433,1,02/26/2026 16:47:27,31.617,23.212
1315,1,5,19251.460000,624.800000,0.650832,1.922168,-3.749905,2.946517,1,02/26/2026 16:47:47,31.821,23.212
1316,1,5,19271.460000,644.800000,0.671666,1.983547,-3.749905,2.945296,1,02/26/2026 16:48:07,31.883,23.212
1317,1,5,19291.460000,664.800000,0.692499,2.044896,-3.750057,2.943771,1,02/26/2026 16:48:27,31.993,23.195
1318,1,5,19311.460000,684.800000,0.713332,2.106213,-3.750057,2.942245,1,02/26/2026 16:48:47,32.119,23.195
1319,1,5,19331.460000,704.800000,0.734166,2.167500,-3.750057,2.941024,1,02/26/2026 16:49:07,32.182,23.179
1320,1,5,19351.460000,724.800000,0.754999,2.228756,-3.749905,2.939498,1,02/26/2026 16:49:27,32.402,23.163
1321,1,5,19371.460000,744.800000,0.775832,2.289979,-3.750057,2.938277,1,02/26/2026 16:49:47,32.527,23.147
1322,1,5,19391.460000,764.800000,0.796666,2.351170,-3.750210,2.936141,1,02/26/2026 16:50:07,32.558,23.131
1323,1,5,19411.460000,784.800000,0.817499,2.412320,-3.750210,2.934310,1,02/26/2026 16:50:27,32.574,23.115
1324,1,5,19431.460000,804.800000,0.838332,2.473431,-3.750057,2.932174,1,02/26/2026 16:50:47,32.668,23.115
1325,1,5,19451.460000,824.800000,0.859166,2.534503,-3.749905,2.930648,1,02/26/2026 16:51:07,32.810,23.099
1326,1,5,19471.460000,844.800000,0.879999,2.595533,-3.750057,2.928511,1,02/26/2026 16:51:27,32.982,23.099
1327,1,5,19491.460000,864.800000,0.900832,2.656520,-3.750057,2.926070,1,02/26/2026 16:51:47,33.014,23.099
1328,1,5,19511.460000,884.800000,0.921666,2.717458,-3.749905,2.923629,1,02/26/2026 16:52:07,33.218,23.131
1329,1,5,19531.460000,904.800000,0.942499,2.778349,-3.750057,2.921187,1,02/26/2026 16:52:27,33.202,23.147
1330,1,5,19551.460000,924.800000,0.963332,2.839189,-3.750057,2.918746,1,02/26/2026 16:52:47,33.328,23.163
1331,1,5,19571.460000,944.800000,0.984166,2.899971,-3.749752,2.915999,1,02/26/2026 16:53:07,33.469,23.195
1332,1,5,19591.460000,964.800000,1.004999,2.960696,-3.750210,2.913252,1,02/26/2026 16:53:27,33.579,23.212
1333,1,5,19611.460000,984.800000,1.025832,3.021362,-3.749905,2.910506,1,02/26/2026 16:53:47,33.736,23.228
1334,1,5,19631.460000,1004.800000,1.046666,3.081956,-3.750057,2.906844,1,02/26/2026 16:54:07,33.767,23.260
1335,1,5,19651.460000,1024.800000,1.067499,3.142484,-3.749905,2.903487,1,02/26/2026 16:54:27,34.034,23.260
1336,1,5,19671.460000,1044.800000,1.088332,3.202939,-3.749905,2.899825,1,02/26/2026 16:54:47,34.050,23.276
1337,1,5,19691.460000,1064.800000,1.109166,3.263311,-3.750057,2.895857,1,02/26/2026 16:55:07,34.113,23.292
1338,1,5,19711.460000,1084.800000,1.129999,3.323597,-3.749905,2.891279,1,02/26/2026 16:55:27,34.223,23.292
1339,1,5,19731.460000,1104.800000,1.150832,3.383785,-3.749905,2.886397,1,02/26/2026 16:55:47,34.348,23.308
1340,1,5,19749.760000,1123.100000,1.169895,3.438767,-3.750210,2.881209,5,02/26/2026 16:56:06,34.568,23.292
1341,1,5,19768.830000,1142.170000,1.189759,3.495961,-3.749905,2.876326,5,02/26/2026 16:56:25,34.474,23.292
1342,1,5,19784.320000,1157.660000,1.205895,3.542335,-3.749905,2.871443,5,02/26/2026 16:56:40,34.615,23.276
1343,1,5,19797.600000,1170.940000,1.219728,3.582027,-3.749905,2.866560,5,02/26/2026 16:56:53,34.646,23.260
1344,1,5,19811.980000,1185.320000,1.234707,3.624933,-3.749905,2.861372,5,02/26/2026 16:57:08,34.851,23.276
1345,1,5,19824.490000,1197.830000,1.247739,3.662193,-3.749905,2.856489,5,02/26/2026 16:57:20,34.851,23.260
1346,1,5,19836.150000,1209.490000,1.259885,3.696862,-3.750057,2.851606,5,02/26/2026 16:57:32,34.913,23.260
1347,1,5,19846.950000,1220.290000,1.271135,3.728915,-3.749905,2.846723,5,02/26/2026 16:57:43,35.023,23.260
1348,1,5,19856.690000,1230.030000,1.281280,3.757774,-3.750057,2.841840,5,02/26/2026 16:57:52,35.133,23.260
1349,1,5,19865.600000,1238.940000,1.290562,3.784128,-3.749905,2.836652,5,02/26/2026 16:58:01,35.243,23.260
1350,1,5,19874.570000,1247.910000,1.299905,3.810614,-3.749905,2.831769,5,02/26/2026 16:58:10,35.055,23.276
1351,1,5,19882.450000,1255.790000,1.308114,3.833839,-3.750057,2.826886,5,02/26/2026 16:58:18,35.180,23.276
1352,1,5,19889.850000,1263.190000,1.315822,3.855612,-3.750057,2.822004,5,02/26/2026 16:58:26,35.306,23.276
1353,1,5,19896.840000,1270.180000,1.323103,3.876143,-3.750210,2.817121,5,02/26/2026 16:58:33,35.526,23.276
1354,1,5,19903.410000,1276.750000,1.329947,3.895407,-3.750057,2.812238,5,02/26/2026 16:58:39,35.526,23.276
1355,1,5,19909.770000,1283.110000,1.336572,3.914023,-3.750057,2.807050,5,02/26/2026 16:58:46,35.510,23.276
1356,1,5,19915.980000,1289.320000,1.343041,3.932166,-3.750057,2.801862,5,02/26/2026 16:58:52,35.510,23.276
1357,1,5,19921.710000,1295.050000,1.349010,3.948877,-3.749905,2.796674,5,02/26/2026 16:58:57,35.588,23.292
1358,1,5,19927.490000,1300.830000,1.355030,3.965702,-3.749905,2.791791,5,02/26/2026 16:59:03,35.604,23.276
1359,1,5,19931.970000,1305.310000,1.359697,3.978719,-3.750057,2.786908,5,02/26/2026 16:59:08,35.683,23.276
1360,1,5,19937.140000,1310.480000,1.365082,3.993716,-3.750057,2.782025,5,02/26/2026 16:59:13,35.714,23.292
1361,1,5,19941.500000,1314.840000,1.369624,4.006340,-3.749905,2.776837,5,02/26/2026 16:59:17,35.761,23.292
1362,1,5,19946.110000,1319.450000,1.374426,4.019665,-3.749905,2.771954,5,02/26/2026 16:59:22,35.840,23.292
1363,1,5,19950.440000,1323.780000,1.378937,4.032157,-3.750057,2.767071,5,02/26/2026 16:59:26,35.824,23.292
1364,1,5,19954.430000,1327.770000,1.383093,4.043648,-3.750057,2.762188,5,02/26/2026 16:59:30,35.887,23.292
1365,1,5,19958.620000,1331.960000,1.387457,4.055694,-3.750057,2.757000,5,02/26/2026 16:59:34,35.965,23.292
1366,1,5,19962.630000,1335.970000,1.391635,4.067200,-3.750057,2.752117,5,02/26/2026 16:59:38,36.012,23.292
1367,1,5,19966.080000,1339.420000,1.395228,4.077082,-3.750057,2.747234,5,02/26/2026 16:59:42,36.044,23.292
1368,1,5,19969.640000,1342.980000,1.398937,4.087261,-3.750057,2.742351,5,02/26/2026 16:59:45,36.028,23.308
1369,1,5,19973.020000,1346.360000,1.402457,4.096908,-3.750210,2.737469,5,02/26/2026 16:59:49,36.059,23.308
1370,1,5,19976.540000,1349.880000,1.406124,4.106936,-3.750057,2.732280,5,02/26/2026 16:59:52,36.122,23.308
1371,1,5,19979.720000,1353.060000,1.409437,4.115979,-3.750057,2.727092,5,02/26/2026 16:59:55,36.185,23.308
1372,1,5,19983.340000,1356.680000,1.413207,4.126254,-3.750210,2.721904,5,02/26/2026 16:59:59,36.248,23.308
1373,1,5,19986.460000,1359.800000,1.416457,4.135093,-3.750057,2.716716,5,02/26/2026 17:00:02,36.264,23.308
1374,1,5,19989.500000,1362.840000,1.419624,4.143689,-3.749905,2.711833,5,02/26/2026 17:00:05,36.232,23.308
1375,1,5,19992.380000,1365.720000,1.422624,4.151817,-3.750057,2.706950,5,02/26/2026 17:00:08,36.264,23.308
1376,1,5,19995.230000,1368.570000,1.425593,4.159846,-3.749905,2.702068,5,02/26/2026 17:00:11,36.358,23.308
1377,1,5,19998.050000,1371.390000,1.428530,4.167777,-3.750057,2.697185,5,02/26/2026 17:00:14,36.421,23.308
1378,1,5,20000.570000,1373.910000,1.431155,4.174850,-3.750210,2.692302,5,02/26/2026 17:00:16,36.499,23.308
1379,1,5,20003.220000,1376.560000,1.433916,4.182276,-3.750057,2.687114,5,02/26/2026 17:00:19,36.578,23.308
1380,1,5,20005.930000,1379.270000,1.436739,4.189855,-3.750057,2.681926,5,02/26/2026 17:00:22,36.609,23.308
1381,1,5,20008.510000,1381.850000,1.439426,4.197057,-3.749905,2.677043,5,02/26/2026 17:00:24,36.640,23.308
1382,1,5,20011.150000,1384.490000,1.442176,4.204412,-3.750057,2.671550,5,02/26/2026 17:00:27,36.687,23.308
1383,1,5,20013.700000,1387.040000,1.444832,4.211503,-3.749905,2.666667,5,02/26/2026 17:00:29,36.703,23.308
1384,1,5,20016.170000,1389.510000,1.447405,4.218357,-3.749905,2.660868,5,02/26/2026 17:00:32,36.797,23.308
1385,1,5,20018.770000,1392.110000,1.450114,4.225558,-3.750210,2.655680,5,02/26/2026 17:00:35,36.876,23.324
1386,1,5,20021.220000,1394.560000,1.452666,4.232330,-3.750057,2.650797,5,02/26/2026 17:00:37,36.923,23.324
1387,1,5,20023.340000,1396.680000,1.454874,4.238178,-3.750057,2.645914,5,02/26/2026 17:00:39,36.923,23.308
1388,1,5,20025.370000,1398.710000,1.456989,4.243768,-3.749905,2.641032,5,02/26/2026 17:00:41,36.907,23.308
1389,1,5,20027.620000,1400.960000,1.459332,4.249953,-3.749905,2.636149,5,02/26/2026 17:00:43,36.923,23.324
1390,1,5,20029.800000,1403.140000,1.461603,4.255933,-3.750057,2.630961,5,02/26/2026 17:00:46,36.970,23.308
1391,1,5,20031.690000,1405.030000,1.463572,4.261108,-3.750057,2.626078,5,02/26/2026 17:00:47,37.017,23.308
1392,1,5,20033.950000,1407.290000,1.465926,4.267284,-3.750057,2.621195,5,02/26/2026 17:00:50,37.064,23.308
1393,1,5,20035.800000,1409.140000,1.467853,4.272330,-3.750057,2.616007,5,02/26/2026 17:00:52,37.096,23.308
1394,1,5,20037.890000,1411.230000,1.470030,4.278020,-3.750057,2.610819,5,02/26/2026 17:00:54,37.127,23.308
1395,1,5,20039.750000,1413.090000,1.471968,4.283074,-3.749905,2.605631,5,02/26/2026 17:00:56,37.174,23.308
1396,1,5,20041.750000,1415.090000,1.474051,4.288498,-3.749905,2.600137,5,02/26/2026 17:00:58,37.253,23.324
1397,1,5,20043.830000,1417.170000,1.476218,4.294127,-3.749905,2.595254,5,02/26/2026 17:01:00,37.347,23.324
1398,1,5,20045.620000,1418.960000,1.478082,4.298962,-3.750057,2.590372,5,02/26/2026 17:01:01,37.410,23.324
1399,1,5,20047.560000,1420.900000,1.480103,4.304192,-3.750057,2.585183,5,02/26/2026 17:01:03,37.441,23.308
1400,1,5,20049.380000,1422.720000,1.481999,4.309088,-3.750057,2.579995,5,02/26/2026 17:01:05,37.457,23.308
1401,1,5,20051.160000,1424.500000,1.483853,4.313867,-3.749905,2.575113,5,02/26/2026 17:01:07,37.441,23.324
1402,1,5,20052.850000,1426.190000,1.485614,4.318396,-3.749905,2.570230,5,02/26/2026 17:01:09,37.457,23.308
1403,1,5,20054.570000,1427.910000,1.487405,4.322997,-3.749905,2.565347,5,02/26/2026 17:01:10,37.488,23.308
1404,1,5,20056.340000,1429.680000,1.489249,4.327722,-3.750210,2.559854,5,02/26/2026 17:01:12,37.472,23.308
1405,1,5,20058.060000,1431.400000,1.491041,4.332305,-3.749905,2.554971,5,02/26/2026 17:01:14,37.472,23.324
1406,1,5,20059.660000,1433.000000,1.492707,4.336559,-3.749905,2.549783,5,02/26/2026 17:01:15,37.472,23.308
1407,1,5,20061.310000,1434.650000,1.494426,4.340937,-3.750210,2.544900,5,02/26/2026 17:01:17,37.488,23.308
1408,1,5,20062.850000,1436.190000,1.496030,4.345016,-3.750057,2.540017,5,02/26/2026 17:01:19,37.519,23.324
1409,1,5,20064.480000,1437.820000,1.497728,4.349324,-3.750057,2.535134,5,02/26/2026 17:01:20,37.567,23.308
1410,1,5,20066.010000,1439.350000,1.499322,4.353361,-3.749752,2.529946,5,02/26/2026 17:01:22,37.629,23.308
1411,1,5,20067.640000,1440.980000,1.501020,4.357652,-3.749905,2.524758,5,02/26/2026 17:01:23,37.676,23.308
1412,1,5,20069.230000,1442.570000,1.502676,4.361830,-3.750057,2.519570,5,02/26/2026 17:01:25,37.724,23.308
1413,1,5,20070.730000,1444.070000,1.504239,4.365763,-3.749905,2.514687,5,02/26/2026 17:01:26,37.739,23.308
1414,1,5,20072.290000,1445.630000,1.505864,4.369845,-3.750057,2.509499,5,02/26/2026 17:01:28,37.802,23.308
1415,1,5,20073.800000,1447.140000,1.507437,4.373788,-3.749905,2.504311,5,02/26/2026 17:01:30,37.849,23.308
1416,1,5,20075.060000,1448.400000,1.508749,4.377073,-3.749905,2.500038,133,02/26/2026 17:01:31,37.865,23.308
1417,1,6,20075.070000,0.010000,0.000000,0.000000,0.000000,2.722210,0,02/26/2026 17:01:31,37.865,23.308
1418,1,6,20075.230000,0.170000,0.000000,0.000000,0.000000,2.742351,5,02/26/2026 17:01:31,37.881,23.308
1419,1,6,20075.360000,0.300000,0.000000,0.000000,0.000000,2.754864,5,02/26/2026 17:01:31,37.881,23.308
1420,1,6,20075.500000,0.440000,0.000000,0.000000,0.000000,2.767071,5,02/26/2026 17:01:31,37.881,23.308
1421,1,6,20075.650000,0.590000,0.000000,0.000000,0.000000,2.778668,5,02/26/2026 17:01:31,37.881,23.308
1422,1,6,20075.790000,0.730000,0.000000,0.000000,0.000000,2.788739,5,02/26/2026 17:01:32,37.881,23.308
1423,1,6,20075.940000,0.880000,0.000000,0.000000,0.000000,2.799115,5,02/26/2026 17:01:32,37.881,23.308
1424,1,6,20076.100000,1.040000,0.000000,0.000000,0.000000,2.809186,5,02/26/2026 17:01:32,37.881,23.308
1425,1,6,20076.260000,1.200000,0.000000,0.000000,0.000000,2.818952,5,02/26/2026 17:01:32,37.881,23.308
1426,1,6,20076.430000,1.370000,0.000000,0.000000,0.000000,2.828412,5,02/26/2026 17:01:32,37.881,23.308
1427,1,6,20076.600000,1.540000,0.000000,0.000000,0.000000,2.837568,5,02/26/2026 17:01:32,37.881,23.308
1428,1,6,20076.780000,1.720000,0.000000,0.000000,0.000000,2.846418,5,02/26/2026 17:01:33,37.896,23.308
1429,1,6,20076.960000,1.900000,0.000000,0.000000,0.000000,2.855268,5,02/26/2026 17:01:33,37.896,23.308
1430,1,6,20077.140000,2.080000,0.000000,0.000000,0.000000,2.863508,5,02/26/2026 17:01:33,37.896,23.308
1431,1,6,20077.330000,2.270000,0.000000,0.000000,0.000000,2.871748,5,02/26/2026 17:01:33,37.896,23.308
1432,1,6,20077.520000,2.460000,0.000000,0.000000,0.000000,2.879988,5,02/26/2026 17:01:33,37.912,23.308
1433,1,6,20077.720000,2.660000,0.000000,0.000000,0.000000,2.887922,5,02/26/2026 17:01:33,37.912,23.292
1434,1,6,20077.920000,2.860000,0.000000,0.000000,0.000000,2.895552,5,02/26/2026 17:01:34,37.912,23.292
1435,1,6,20078.120000,3.060000,0.000000,0.000000,0.000000,2.903182,5,02/26/2026 17:01:34,37.928,23.292
1436,1,6,20078.340000,3.280000,0.000000,0.000000,0.000000,2.911116,5,02/26/2026 17:01:34,37.928,23.308
1437,1,6,20078.560000,3.500000,0.000000,0.000000,0.000000,2.918135,5,02/26/2026 17:01:34,37.943,23.308
1438,1,6,20078.770000,3.710000,0.000000,0.000000,0.000000,2.925460,5,02/26/2026 17:01:35,37.959,23.308
1439,1,6,20079.000000,3.940000,0.000000,0.000000,0.000000,2.933089,5,02/26/2026 17:01:35,37.959,23.308
1440,1,6,20079.250000,4.190000,0.000000,0.000000,0.000000,2.940108,5,02/26/2026 17:01:35,37.975,23.308
1441,1,6,20079.470000,4.410000,0.000000,0.000000,0.000000,2.947127,5,02/26/2026 17:01:35,37.975,23.308
1442,1,6,20079.710000,4.650000,0.000000,0.000000,0.000000,2.954147,5,02/26/2026 17:01:35,37.975,23.308
1443,1,6,20079.980000,4.920000,0.000000,0.000000,0.000000,2.961471,5,02/26/2026 17:01:36,37.990,23.308
1444,1,6,20080.240000,5.180000,0.000000,0.000000,0.000000,2.968490,5,02/26/2026 17:01:36,37.990,23.308
1445,1,6,20080.520000,5.460000,0.000000,0.000000,0.000000,2.975204,5,02/26/2026 17:01:36,37.990,23.308
1446,1,6,20080.790000,5.730000,0.000000,0.000000,0.000000,2.981918,5,02/26/2026 17:01:37,37.990,23.308
1447,1,6,20081.090000,6.030000,0.000000,0.000000,0.000000,2.988937,5,02/26/2026 17:01:37,37.990,23.308
1448,1,6,20081.400000,6.340000,0.000000,0.000000,0.000000,2.995956,5,02/26/2026 17:01:37,37.990,23.308
1449,1,6,20081.720000,6.660000,0.000000,0.000000,0.000000,3.002365,5,02/26/2026 17:01:37,37.990,23.308
1450,1,6,20082.030000,6.970000,0.000000,0.000000,0.000000,3.008774,5,02/26/2026 17:01:38,37.990,23.308
1451,1,6,20082.340000,7.280000,0.000000,0.000000,0.000000,3.014878,5,02/26/2026 17:01:38,37.990,23.308
1452,1,6,20082.690000,7.630000,0.000000,0.000000,0.000000,3.021286,5,02/26/2026 17:01:38,37.975,23.308
1453,1,6,20083.040000,7.980000,0.000000,0.000000,0.000000,3.027085,5,02/26/2026 17:01:39,37.975,23.308
1454,1,6,20083.350000,8.290000,0.000000,0.000000,0.000000,3.032883,5,02/26/2026 17:01:39,37.959,23.308
1455,1,6,20083.760000,8.700000,0.000000,0.000000,0.000000,3.039597,5,02/26/2026 17:01:40,37.959,23.324
1456,1,6,20084.170000,9.110000,0.000000,0.000000,0.000000,3.045396,5,02/26/2026 17:01:40,37.959,23.308
1457,1,6,20084.590000,9.530000,0.000000,0.000000,0.000000,3.051194,5,02/26/2026 17:01:40,37.943,23.308
1458,1,6,20085.010000,9.950000,0.000000,0.000000,0.000000,3.056992,5,02/26/2026 17:01:41,37.943,23.308
1459,1,6,20085.500000,10.440000,0.000000,0.000000,0.000000,3.063096,5,02/26/2026 17:01:41,37.943,23.308
1460,1,6,20085.990000,10.930000,0.000000,0.000000,0.000000,3.069200,5,02/26/2026 17:01:42,37.943,23.308
1461,1,6,20086.510000,11.450000,0.000000,0.000000,0.000000,3.074998,5,02/26/2026 17:01:42,37.928,23.308
1462,1,6,20087.100000,12.040000,0.000000,0.000000,0.000000,3.080491,5,02/26/2026 17:01:43,37.928,23.308
1463,1,6,20087.660000,12.600000,0.000000,0.000000,0.000000,3.086290,5,02/26/2026 17:01:43,37.912,23.308
1464,1,6,20088.320000,13.260000,0.000000,0.000000,0.000000,3.091478,5,02/26/2026 17:01:44,37.912,23.308
1465,1,6,20089.020000,13.960000,0.000000,0.000000,0.000000,3.097276,5,02/26/2026 17:01:45,37.881,23.308
1466,1,6,20089.770000,14.710000,0.000000,0.000000,0.000000,3.102770,5,02/26/2026 17:01:46,37.865,23.308
1467,1,6,20090.620000,15.560000,0.000000,0.000000,0.000000,3.108568,5,02/26/2026 17:01:46,37.849,23.308
1468,1,6,20091.530000,16.470000,0.000000,0.000000,0.000000,3.113451,5,02/26/2026 17:01:47,37.833,23.308
1469,1,6,20092.460000,17.400000,0.000000,0.000000,0.000000,3.118639,5,02/26/2026 17:01:48,37.818,23.308
1470,1,6,20093.540000,18.480000,0.000000,0.000000,0.000000,3.123827,5,02/26/2026 17:01:49,37.802,23.308
1471,1,6,20094.790000,19.730000,0.000000,0.000000,0.000000,3.129320,5,02/26/2026 17:01:51,37.771,23.308
1472,1,6,20096.120000,21.060000,0.000000,0.000000,0.000000,3.134203,5,02/26/2026 17:01:52,37.755,23.308
1473,1,6,20097.650000,22.590000,0.000000,0.000000,0.000000,3.139391,5,02/26/2026 17:01:53,37.739,23.308
1474,1,6,20099.230000,24.170000,0.000000,0.000000,0.000000,3.144274,5,02/26/2026 17:01:55,37.724,23.308
1475,1,6,20101.210000,26.150000,0.000000,0.000000,0.000000,3.149157,5,02/26/2026 17:01:57,37.724,23.308
1476,1,6,20103.250000,28.190000,0.000000,0.000000,0.000000,3.154040,5,02/26/2026 17:01:59,37.739,23.308
1477,1,6,20105.800000,30.740000,0.000000,0.000000,0.000000,3.159533,5,02/26/2026 17:02:02,37.692,23.308
1478,1,6,20109.000000,33.940000,0.000000,0.000000,0.000000,3.164416,5,02/26/2026 17:02:05,37.598,23.308
1479,1,6,20112.410000,37.350000,0.000000,0.000000,0.000000,3.169299,5,02/26/2026 17:02:08,37.504,23.308
1480,1,6,20116.610000,41.550000,0.000000,0.000000,0.000000,3.174182,5,02/26/2026 17:02:12,37.394,23.292
1481,1,6,20121.520000,46.460000,0.000000,0.000000,0.000000,3.179065,5,02/26/2026 17:02:17,37.190,23.292
1482,1,6,20127.780000,52.720000,0.000000,0.000000,0.000000,3.183948,5,02/26/2026 17:02:24,37.096,23.292
1483,1,6,20135.650000,60.590000,0.000000,0.000000,0.000000,3.189136,5,02/26/2026 17:02:31,36.923,23.276
1484,1,6,20146.230000,71.170000,0.000000,0.000000,0.000000,3.194018,5,02/26/2026 17:02:42,36.719,23.276
1485,1,6,20161.520000,86.460000,0.000000,0.000000,0.000000,3.198901,5,02/26/2026 17:02:57,36.169,23.260
1486,1,6,20181.520000,106.460000,0.000000,0.000000,0.000000,3.203174,1,02/26/2026 17:03:17,35.714,23.212
1487,1,6,20201.520000,126.460000,0.000000,0.000000,0.000000,3.206226,1,02/26/2026 17:03:37,35.306,23.179
1488,1,6,20221.520000,146.460000,0.000000,0.000000,0.000000,3.208362,1,02/26/2026 17:03:57,34.803,23.147
1489,1,6,20241.520000,166.460000,0.000000,0.000000,0.000000,3.210193,1,02/26/2026 17:04:17,34.333,23.115
1490,1,6,20261.520000,186.460000,0.000000,0.000000,0.000000,3.212024,1,02/26/2026 17:04:37,33.909,23.099
1491,1,6,20281.520000,206.460000,0.000000,0.000000,0.000000,3.212634,1,02/26/2026 17:04:57,33.453,23.067
1492,1,6,20301.520000,226.460000,0.000000,0.000000,0.000000,3.213550,1,02/26/2026 17:05:17,33.124,23.035
1493,1,6,20321.520000,246.460000,0.000000,0.000000,0.000000,3.214160,1,02/26/2026 17:05:37,32.841,23.019
1494,1,6,20341.520000,266.460000,0.000000,0.000000,0.000000,3.214466,1,02/26/2026 17:05:57,32.386,22.986
1495,1,6,20361.520000,286.460000,0.000000,0.000000,0.000000,3.215076,1,02/26/2026 17:06:17,32.009,22.986
1496,1,6,20381.520000,306.460000,0.000000,0.000000,0.000000,3.215686,1,02/26/2026 17:06:37,31.742,22.970
1497,1,6,20401.520000,326.460000,0.000000,0.000000,0.000000,3.215686,1,02/26/2026 17:06:57,31.444,22.986
1498,1,6,20421.520000,346.460000,0.000000,0.000000,0.000000,3.216297,1,02/26/2026 17:07:17,31.098,22.970
1499,1,6,20441.520000,366.460000,0.000000,0.000000,0.000000,3.216297,1,02/26/2026 17:07:37,30.737,22.970
1500,1,6,20461.520000,386.460000,0.000000,0.000000,0.000000,3.216602,1,02/26/2026 17:07:57,30.470,22.970
1501,1,6,20481.520000,406.460000,0.000000,0.000000,0.000000,3.217212,1,02/26/2026 17:08:17,30.282,22.970
1502,1,6,20501.520000,426.460000,0.000000,0.000000,0.000000,3.217212,1,02/26/2026 17:08:37,30.000,22.970
1503,1,6,20521.520000,446.460000,0.000000,0.000000,0.000000,3.217212,1,02/26/2026 17:08:57,29.758,22.954
1504,1,6,20541.520000,466.460000,0.000000,0.000000,0.000000,3.217517,1,02/26/2026 17:09:17,29.453,22.954
1505,1,6,20561.520000,486.460000,0.000000,0.000000,0.000000,3.217517,1,02/26/2026 17:09:37,29.195,22.954
1506,1,6,20581.520000,506.460000,0.000000,0.000000,0.000000,3.217823,1,02/26/2026 17:09:57,29.002,22.938
1507,1,6,20601.520000,526.460000,0.000000,0.000000,0.000000,3.217517,1,02/26/2026 17:10:17,28.809,22.938
1508,1,6,20621.520000,546.460000,0.000000,0.000000,0.000000,3.217823,1,02/26/2026 17:10:37,28.600,22.938
1509,1,6,20641.520000,566.460000,0.000000,0.000000,0.000000,3.218433,1,02/26/2026 17:10:57,28.391,22.954
1510,1,6,20661.520000,586.460000,0.000000,0.000000,0.000000,3.218128,1,02/26/2026 17:11:17,28.246,22.954
1511,1,6,20681.520000,606.460000,0.000000,0.000000,0.000000,3.218433,1,02/26/2026 17:11:37,28.005,22.954
1512,1,6,20701.520000,626.460000,0.000000,0.000000,0.000000,3.218433,1,02/26/2026 17:11:57,27.828,22.954
1513,1,6,20721.520000,646.460000,0.000000,0.000000,0.000000,3.218738,1,02/26/2026 17:12:17,27.667,22.954
1514,1,6,20741.520000,666.460000,0.000000,0.000000,0.000000,3.219043,1,02/26/2026 17:12:37,27.522,22.954
1515,1,6,20761.520000,686.460000,0.000000,0.000000,0.000000,3.218738,1,02/26/2026 17:12:57,27.426,22.954
1516,1,6,20781.520000,706.460000,0.000000,0.000000,0.000000,3.219043,1,02/26/2026 17:13:17,27.184,22.970
1517,1,6,20801.520000,726.460000,0.000000,0.000000,0.000000,3.219043,1,02/26/2026 17:13:37,27.056,22.986
1518,1,6,20821.520000,746.460000,0.000000,0.000000,0.000000,3.219348,1,02/26/2026 17:13:57,26.975,23.019
1519,1,6,20841.520000,766.460000,0.000000,0.000000,0.000000,3.219043,1,02/26/2026 17:14:17,26.879,23.051
1520,1,6,20861.520000,786.460000,0.000000,0.000000,0.000000,3.219043,1,02/26/2026 17:14:37,26.750,23.067
1521,1,6,20881.520000,806.460000,0.000000,0.000000,0.000000,3.219043,1,02/26/2026 17:14:57,26.638,23.083
1522,1,6,20901.520000,826.460000,0.000000,0.000000,0.000000,3.219348,1,02/26/2026 17:15:17,26.525,23.099
1523,1,6,20921.520000,846.460000,0.000000,0.000000,0.000000,3.219043,1,02/26/2026 17:15:37,26.445,23.115
1524,1,6,20941.520000,866.460000,0.000000,0.000000,0.000000,3.219348,1,02/26/2026 17:15:57,26.332,23.115
1525,1,6,20961.520000,886.460000,0.000000,0.000000,0.000000,3.219654,1,02/26/2026 17:16:17,26.251,23.131
1526,1,6,20981.520000,906.460000,0.000000,0.000000,0.000000,3.219348,1,02/26/2026 17:16:37,26.155,23.163
1527,1,6,21001.520000,926.460000,0.000000,0.000000,0.000000,3.219959,1,02/26/2026 17:16:57,26.075,23.179
1528,1,6,21021.520000,946.460000,0.000000,0.000000,0.000000,3.219959,1,02/26/2026 17:17:17,25.978,23.195
1529,1,6,21041.520000,966.460000,0.000000,0.000000,0.000000,3.219654,1,02/26/2026 17:17:37,25.898,23.212
1530,1,6,21061.520000,986.460000,0.000000,0.000000,0.000000,3.219348,1,02/26/2026 17:17:57,25.785,23.195
1531,1,6,21081.520000,1006.460000,0.000000,0.000000,0.000000,3.219959,1,02/26/2026 17:18:17,25.705,23.195
1532,1,6,21101.520000,1026.460000,0.000000,0.000000,0.000000,3.219959,1,02/26/2026 17:18:37,25.624,23.195
1533,1,6,21121.520000,1046.460000,0.000000,0.000000,0.000000,3.220264,1,02/26/2026 17:18:57,25.528,23.179
1534,1,6,21141.520000,1066.460000,0.000000,0.000000,0.000000,3.219654,1,02/26/2026 17:19:17,25.463,23.179
1535,1,6,21161.520000,1086.460000,0.000000,0.000000,0.000000,3.219654,1,02/26/2026 17:19:37,25.351,23.163
1536,1,6,21181.520000,1106.460000,0.000000,0.000000,0.000000,3.219654,1,02/26/2026 17:19:57,25.270,23.163
1537,1,6,21201.520000,1126.460000,0.000000,0.000000,0.000000,3.219959,1,02/26/2026 17:20:17,25.206,23.147
1538,1,6,21221.520000,1146.460000,0.000000,0.000000,0.000000,3.219959,1,02/26/2026 17:20:37,25.142,23.131
1539,1,6,21241.520000,1166.460000,0.000000,0.000000,0.000000,3.219959,1,02/26/2026 17:20:57,25.061,23.131
1540,1,6,21261.520000,1186.460000,0.000000,0.000000,0.000000,3.219959,1,02/26/2026 17:21:17,25.013,23.131
1541,1,6,21281.520000,1206.460000,0.000000,0.000000,0.000000,3.219959,1,02/26/2026 17:21:37,24.932,23.115
1542,1,6,21301.520000,1226.460000,0.000000,0.000000,0.000000,3.220264,1,02/26/2026 17:21:57,24.884,23.115
1543,1,6,21321.520000,1246.460000,0.000000,0.000000,0.000000,3.219959,1,02/26/2026 17:22:17,24.820,23.115
1544,1,6,21341.520000,1266.460000,0.000000,0.000000,0.000000,3.220264,1,02/26/2026 17:22:37,24.772,23.115
1545,1,6,21361.520000,1286.460000,0.000000,0.000000,0.000000,3.219959,1,02/26/2026 17:22:57,24.723,23.131
1546,1,6,21381.520000,1306.460000,0.000000,0.000000,0.000000,3.220264,1,02/26/2026 17:23:17,24.675,23.131
1547,1,6,21401.520000,1326.460000,0.000000,0.000000,0.000000,3.219959,1,02/26/2026 17:23:37,24.643,23.115
1548,1,6,21421.520000,1346.460000,0.000000,0.000000,0.000000,3.219959,1,02/26/2026 17:23:57,24.595,23.131
1549,1,6,21441.520000,1366.460000,0.000000,0.000000,0.000000,3.219959,1,02/26/2026 17:24:17,24.546,23.131
1550,1,6,21461.520000,1386.460000,0.000000,0.000000,0.000000,3.219959,1,02/26/2026 17:24:37,24.498,23.131
1551,1,6,21481.520000,1406.460000,0.000000,0.000000,0.000000,3.219654,1,02/26/2026 17:24:57,24.466,23.115
1552,1,6,21501.520000,1426.460000,0.000000,0.000000,0.000000,3.219959,1,02/26/2026 17:25:17,24.418,23.099
1553,1,6,21521.520000,1446.460000,0.000000,0.000000,0.000000,3.220264,1,02/26/2026 17:25:37,24.402,23.099
1554,1,6,21541.520000,1466.460000,0.000000,0.000000,0.000000,3.219959,1,02/26/2026 17:25:57,24.369,23.099
1555,1,6,21561.520000,1486.460000,0.000000,0.000000,0.000000,3.219959,1,02/26/2026 17:26:17,24.321,23.083
1556,1,6,21581.520000,1506.460000,0.000000,0.000000,0.000000,3.220569,1,02/26/2026 17:26:37,24.273,23.067
1557,1,6,21601.520000,1526.460000,0.000000,0.000000,0.000000,3.220264,1,02/26/2026 17:26:57,24.225,23.051
1558,1,6,21621.520000,1546.460000,0.000000,0.000000,0.000000,3.220569,1,02/26/2026 17:27:17,24.192,23.035
1559,1,6,21641.520000,1566.460000,0.000000,0.000000,0.000000,3.220264,1,02/26/2026 17:27:37,24.144,23.035
1560,1,6,21661.520000,1586.460000,0.000000,0.000000,0.000000,3.220264,1,02/26/2026 17:27:57,24.112,23.002
1561,1,6,21681.520000,1606.460000,0.000000,0.000000,0.000000,3.219959,1,02/26/2026 17:28:17,24.080,22.986
1562,1,6,21701.520000,1626.460000,0.000000,0.000000,0.000000,3.220264,1,02/26/2026 17:28:37,24.032,22.970
1563,1,6,21721.520000,1646.460000,0.000000,0.000000,0.000000,3.220264,1,02/26/2026 17:28:57,23.999,22.970
1564,1,6,21741.520000,1666.460000,0.000000,0.000000,0.000000,3.220264,1,02/26/2026 17:29:17,23.983,22.954
1565,1,6,21761.520000,1686.460000,0.000000,0.000000,0.000000,3.220569,1,02/26/2026 17:29:37,23.951,22.954
1566,1,6,21781.520000,1706.460000,0.000000,0.000000,0.000000,3.219959,1,02/26/2026 17:29:57,23.919,22.954
1567,1,6,21801.520000,1726.460000,0.000000,0.000000,0.000000,3.220569,1,02/26/2026 17:30:17,23.887,22.954
1568,1,6,21821.520000,1746.460000,0.000000,0.000000,0.000000,3.220264,1,02/26/2026 17:30:37,23.871,22.970
1569,1,6,21841.520000,1766.460000,0.000000,0.000000,0.000000,3.219959,1,02/26/2026 17:30:57,23.855,22.954
1570,1,6,21861.520000,1786.460000,0.000000,0.000000,0.000000,3.220264,1,02/26/2026 17:31:17,23.839,22.954
1571,1,6,21875.060000,1800.000000,0.000000,0.000000,0.000000,3.220264,129,02/26/2026 17:31:31,23.823,22.954
1572,1,7,21875.190000,1800.130000,0.000034,0.000115,1.954833,3.377127,0,02/26/2026 17:31:31,23.823,22.954
1573,1,7,21875.390000,1800.330000,0.000143,0.000481,1.949950,3.384756,5,02/26/2026 17:31:32,23.806,22.954
1574,1,7,21875.690000,1800.630000,0.000305,0.001032,1.950103,3.391165,5,02/26/2026 17:31:32,23.806,22.954
1575,1,7,21876.120000,1801.060000,0.000538,0.001822,1.949645,3.396658,5,02/26/2026 17:31:32,23.806,22.954
1576,1,7,21876.620000,1801.560000,0.000809,0.002743,1.949798,3.402152,5,02/26/2026 17:31:33,23.806,22.954
1577,1,7,21877.300000,1802.240000,0.001177,0.003997,1.949798,3.407340,5,02/26/2026 17:31:34,23.806,22.954
1578,1,7,21878.280000,1803.220000,0.001708,0.005807,1.949950,3.412222,5,02/26/2026 17:31:35,23.806,22.954
1579,1,7,21879.530000,1804.470000,0.002385,0.008119,1.949798,3.417411,5,02/26/2026 17:31:36,23.806,22.954
1580,1,7,21881.700000,1806.640000,0.003560,0.012139,1.949950,3.422293,5,02/26/2026 17:31:38,23.806,22.954
1581,1,7,21884.590000,1809.530000,0.005126,0.017501,1.949798,3.427176,5,02/26/2026 17:31:41,23.806,22.938
1582,1,7,21889.380000,1814.320000,0.007720,0.026400,1.950103,3.432364,5,02/26/2026 17:31:46,23.806,22.954
1583,1,7,21896.910000,1821.850000,0.011799,0.040410,1.949950,3.437247,5,02/26/2026 17:31:53,23.823,22.954
1584,1,7,21907.770000,1832.710000,0.017681,0.060643,1.949798,3.442130,5,02/26/2026 17:32:04,23.871,22.938
1585,1,7,21925.550000,1850.490000,0.027311,0.093817,1.950103,3.447318,5,02/26/2026 17:32:22,23.951,22.938
1586,1,7,21945.550000,1870.490000,0.038144,0.131181,1.949950,3.450980,1,02/26/2026 17:32:42,24.064,22.938
1587,1,7,21965.550000,1890.490000,0.048977,0.168586,1.949950,3.454643,1,02/26/2026 17:33:02,24.160,22.938
1588,1,7,21985.550000,1910.490000,0.059809,0.206029,1.950103,3.458305,1,02/26/2026 17:33:22,24.257,22.938
1589,1,7,22005.550000,1930.490000,0.070642,0.243512,1.949645,3.461662,1,02/26/2026 17:33:42,24.369,22.938
1590,1,7,22025.550000,1950.490000,0.081475,0.281035,1.949645,3.465324,1,02/26/2026 17:34:02,24.450,22.922
1591,1,7,22045.550000,1970.490000,0.092308,0.318599,1.949645,3.469291,1,02/26/2026 17:34:22,24.562,22.938
1592,1,7,22065.550000,1990.490000,0.103140,0.356205,1.950103,3.473259,1,02/26/2026 17:34:42,24.627,22.938
1593,1,7,22085.550000,2010.490000,0.113973,0.393852,1.949950,3.477226,1,02/26/2026 17:35:02,24.707,22.922
1594,1,7,22105.550000,2030.490000,0.124806,0.431539,1.949798,3.480583,1,02/26/2026 17:35:22,24.804,22.922
1595,1,7,22125.550000,2050.490000,0.135639,0.469263,1.949798,3.483635,1,02/26/2026 17:35:42,24.884,22.922
1596,1,7,22145.550000,2070.490000,0.146471,0.507025,1.949950,3.487297,1,02/26/2026 17:36:02,24.932,22.906
1597,1,7,22165.550000,2090.490000,0.157304,0.544820,1.950103,3.490349,1,02/26/2026 17:36:22,24.997,22.906
1598,1,7,22185.550000,2110.490000,0.168137,0.582645,1.949798,3.492790,1,02/26/2026 17:36:42,25.077,22.906
1599,1,7,22205.550000,2130.490000,0.178970,0.620500,1.949950,3.495842,1,02/26/2026 17:37:02,25.125,22.906
1600,1,7,22225.550000,2150.490000,0.189802,0.658380,1.949950,3.497978,1,02/26/2026 17:37:22,25.190,22.906
1601,1,7,22245.550000,2170.490000,0.200635,0.696282,1.949950,3.499504,1,02/26/2026 17:37:42,25.254,22.906
1602,1,7,22265.550000,2190.490000,0.211468,0.734204,1.949950,3.501946,1,02/26/2026 17:38:02,25.335,22.906
1603,1,7,22285.550000,2210.490000,0.222300,0.772147,1.950103,3.503471,1,02/26/2026 17:38:22,25.383,22.906
1604,1,7,22305.550000,2230.490000,0.233133,0.810106,1.949950,3.504997,1,02/26/2026 17:38:42,25.431,22.906
1605,1,7,22325.550000,2250.490000,0.243966,0.848081,1.950103,3.506218,1,02/26/2026 17:39:02,25.528,22.906
1606,1,7,22345.550000,2270.490000,0.254799,0.886070,1.949950,3.507134,1,02/26/2026 17:39:22,25.560,22.906
1607,1,7,22365.550000,2290.490000,0.265631,0.924070,1.950103,3.508354,1,02/26/2026 17:39:42,25.624,22.922
1608,1,7,22385.550000,2310.490000,0.276464,0.962080,1.949950,3.509270,1,02/26/2026 17:40:02,25.640,22.906
1609,1,7,22405.550000,2330.490000,0.287297,1.000098,1.949950,3.510185,1,02/26/2026 17:40:22,25.721,22.890
1610,1,7,22425.550000,2350.490000,0.298130,1.038128,1.950256,3.511101,1,02/26/2026 17:40:42,25.753,22.874
1611,1,7,22432.310000,2357.250000,0.301791,1.050984,1.949645,3.511406,164,02/26/2026 17:40:49,25.753,22.874
1612,1,8,22432.320000,2357.260000,0.301791,1.050984,2.174868,3.526970,0,02/26/2026 17:40:49,25.753,22.874
1613,1,8,22450.470000,2375.410000,0.312763,1.089721,2.174868,3.531853,5,02/26/2026 17:41:07,25.801,22.858
1614,1,8,22470.470000,2395.410000,0.324846,1.132404,2.175021,3.532769,1,02/26/2026 17:41:27,25.882,22.842
1615,1,8,22490.470000,2415.410000,0.336929,1.175098,2.175021,3.533379,1,02/26/2026 17:41:47,25.930,22.826
1616,1,8,22510.470000,2435.410000,0.349012,1.217799,2.175021,3.533989,1,02/26/2026 17:42:07,25.978,22.793
1617,1,8,22530.470000,2455.410000,0.361095,1.260506,2.174868,3.534600,1,02/26/2026 17:42:27,26.075,22.745
1618,1,8,22550.470000,2475.410000,0.373178,1.303218,2.175021,3.535210,1,02/26/2026 17:42:47,26.123,22.745
1619,1,8,22570.470000,2495.410000,0.385261,1.345936,2.175021,3.535515,1,02/26/2026 17:43:07,26.219,22.729
1620,1,8,22590.470000,2515.410000,0.397345,1.388662,2.174868,3.536126,1,02/26/2026 17:43:27,26.316,22.745
1621,1,8,22610.470000,2535.410000,0.409428,1.431394,2.174868,3.537041,1,02/26/2026 17:43:47,26.332,22.729
1622,1,8,22630.470000,2555.410000,0.421511,1.474133,2.175021,3.537346,1,02/26/2026 17:44:07,26.461,22.745
1623,1,8,22650.470000,2575.410000,0.433594,1.516881,2.175021,3.537652,1,02/26/2026 17:44:27,26.525,22.761
1624,1,8,22670.470000,2595.410000,0.445677,1.559634,2.174868,3.538567,1,02/26/2026 17:44:47,26.621,22.761
1625,1,8,22690.470000,2615.410000,0.457760,1.602394,2.174868,3.539178,1,02/26/2026 17:45:07,26.702,22.777
1626,1,8,22710.470000,2635.410000,0.469843,1.645161,2.174868,3.539483,1,02/26/2026 17:45:27,26.782,22.777
1627,1,8,22730.470000,2655.410000,0.481926,1.687934,2.175174,3.540093,1,02/26/2026 17:45:47,26.847,22.793
1628,1,8,22750.470000,2675.410000,0.494010,1.730714,2.175174,3.541009,1,02/26/2026 17:46:07,26.943,22.809
1629,1,8,22770.470000,2695.410000,0.506093,1.773502,2.174868,3.541314,1,02/26/2026 17:46:27,27.024,22.826
1630,1,8,22790.470000,2715.410000,0.518176,1.816298,2.175021,3.541924,1,02/26/2026 17:46:47,27.120,22.842
1631,1,8,22810.470000,2735.410000,0.530259,1.859100,2.175174,3.542840,1,02/26/2026 17:47:07,27.201,22.858
1632,1,8,22830.470000,2755.410000,0.542342,1.901911,2.174868,3.543145,1,02/26/2026 17:47:27,27.249,22.874
1633,1,8,22850.470000,2775.410000,0.554425,1.944729,2.174868,3.543755,1,02/26/2026 17:47:47,27.345,22.890
1634,1,8,22870.470000,2795.410000,0.566508,1.987555,2.175021,3.544671,1,02/26/2026 17:48:07,27.426,22.890
1635,1,8,22890.470000,2815.410000,0.578592,2.030390,2.175174,3.544976,1,02/26/2026 17:48:27,27.442,22.906
1636,1,8,22910.470000,2835.410000,0.590675,2.073237,2.174716,3.546502,1,02/26/2026 17:48:47,27.571,22.922
1637,1,8,22930.470000,2855.410000,0.602758,2.116095,2.175021,3.547112,1,02/26/2026 17:49:07,27.571,22.938
1638,1,8,22931.750000,2856.690000,0.603531,2.118838,2.174868,3.547112,164,02/26/2026 17:49:08,27.571,22.938
1639,1,9,22931.770000,2856.710000,0.603544,2.118885,2.426947,3.564202,0,02/26/2026 17:49:08,27.571,22.938
1640,1,9,22931.780000,2856.720000,0.603551,2.118909,2.468147,3.566339,4,02/26/2026 17:49:08,27.571,22.938
1641,1,9,22931.790000,2856.730000,0.603558,2.118933,2.508888,3.569390,4,02/26/2026 17:49:08,27.571,22.938
1642,1,9,22931.800000,2856.740000,0.603565,2.118958,2.550088,3.573053,4,02/26/2026 17:49:08,27.571,22.938
1643,1,9,22931.810000,2856.750000,0.603572,2.118983,2.587778,3.575494,4,02/26/2026 17:49:08,27.571,22.938
1644,1,9,22931.820000,2856.760000,0.603579,2.119009,2.625620,3.578241,4,02/26/2026 17:49:08,27.571,22.938
1645,1,9,22936.050000,2860.990000,0.606663,2.130056,2.624704,3.583124,5,02/26/2026 17:49:12,27.571,22.954
1646,1,9,22956.050000,2880.990000,0.621246,2.182344,2.624704,3.586786,1,02/26/2026 17:49:32,27.651,22.970
1647,1,9,22976.050000,2900.990000,0.635829,2.234666,2.625162,3.588006,1,02/26/2026 17:49:52,27.812,22.970
1648,1,9,22996.050000,2920.990000,0.650412,2.287001,2.625010,3.588922,1,02/26/2026 17:50:12,27.957,23.002
1649,1,9,23016.050000,2940.990000,0.664996,2.339346,2.625010,3.589837,1,02/26/2026 17:50:32,28.021,23.002
1650,1,9,23036.050000,2960.990000,0.679579,2.391700,2.625010,3.590448,1,02/26/2026 17:50:52,28.166,23.019
1651,1,9,23056.050000,2980.990000,0.694162,2.444061,2.624857,3.590753,1,02/26/2026 17:51:12,28.230,23.019
1652,1,9,23076.050000,3000.990000,0.708745,2.496431,2.625010,3.591363,1,02/26/2026 17:51:32,28.343,23.019
1653,1,9,23096.050000,3020.990000,0.723328,2.548810,2.624704,3.591974,1,02/26/2026 17:51:52,28.455,23.019
1654,1,9,23116.050000,3040.990000,0.737911,2.601197,2.625010,3.592584,1,02/26/2026 17:52:12,28.520,23.019
1655,1,9,23136.050000,3060.990000,0.752494,2.653595,2.624857,3.593194,1,02/26/2026 17:52:32,28.568,23.002
1656,1,9,23156.050000,3080.990000,0.767077,2.706005,2.625162,3.594110,1,02/26/2026 17:52:52,28.616,22.986
1657,1,9,23176.050000,3100.990000,0.781660,2.758427,2.624857,3.594720,1,02/26/2026 17:53:12,28.745,22.970
1658,1,9,23196.050000,3120.990000,0.796243,2.810861,2.624857,3.595941,1,02/26/2026 17:53:32,28.809,22.954
1659,1,9,23216.050000,3140.990000,0.810826,2.863310,2.624857,3.597162,1,02/26/2026 17:53:52,28.841,22.938
1660,1,9,23236.050000,3160.990000,0.825409,2.915776,2.624704,3.598688,1,02/26/2026 17:54:12,28.906,22.938
1661,1,9,23256.050000,3180.990000,0.839992,2.968261,2.625010,3.598993,1,02/26/2026 17:54:32,29.018,22.954
1662,1,9,23276.050000,3200.990000,0.854575,3.020762,2.625010,3.600519,1,02/26/2026 17:54:52,29.067,22.954
1663,1,9,23296.050000,3220.990000,0.869158,3.073281,2.624857,3.601740,1,02/26/2026 17:55:12,29.179,22.970
1664,1,9,23316.050000,3240.990000,0.883742,3.125819,2.625010,3.603265,1,02/26/2026 17:55:32,29.227,22.986
1665,1,9,23336.050000,3260.990000,0.898325,3.178376,2.625162,3.604486,1,02/26/2026 17:55:52,29.292,23.002
1666,1,9,23345.570000,3270.510000,0.905266,3.203400,2.625010,3.605097,164,02/26/2026 17:56:02,29.308,23.002
1667,1,10,23345.580000,3270.520000,0.905266,3.203400,2.296330,3.584344,0,02/26/2026 17:56:02,29.308,23.002
1668,1,10,23349.270000,3274.210000,0.907625,3.211847,2.294957,3.579461,5,02/26/2026 17:56:06,29.356,23.002
1669,1,10,23369.270000,3294.210000,0.920374,3.257464,2.294804,3.576715,1,02/26/2026 17:56:26,29.517,23.035
1670,1,10,23389.270000,3314.210000,0.933124,3.303073,2.294804,3.577630,1,02/26/2026 17:56:46,29.501,23.051
1671,1,10,23409.270000,3334.210000,0.945873,3.348693,2.295109,3.578546,1,02/26/2026 17:57:06,29.453,23.067
1672,1,10,23429.270000,3354.210000,0.958623,3.394330,2.294957,3.580377,1,02/26/2026 17:57:26,29.501,23.083
1673,1,10,23449.270000,3374.210000,0.971372,3.439991,2.295109,3.582513,1,02/26/2026 17:57:46,29.453,23.099
1674,1,10,23469.270000,3394.210000,0.984121,3.485677,2.294957,3.584039,1,02/26/2026 17:58:06,29.453,23.099
1675,1,10,23489.270000,3414.210000,0.996871,3.531385,2.294957,3.586175,1,02/26/2026 17:58:26,29.501,23.131
1676,1,10,23509.270000,3434.210000,1.009620,3.577119,2.294804,3.588006,1,02/26/2026 17:58:46,29.517,23.131
1677,1,10,23529.270000,3454.210000,1.022370,3.622878,2.294957,3.590143,1,02/26/2026 17:59:06,29.565,23.147
1678,1,10,23549.270000,3474.210000,1.035119,3.668666,2.294957,3.592279,1,02/26/2026 17:59:26,29.501,23.163
1679,1,10,23569.270000,3494.210000,1.047869,3.714479,2.294804,3.594110,1,02/26/2026 17:59:46,29.613,23.163
1680,1,10,23589.270000,3514.210000,1.060618,3.760318,2.294804,3.596857,1,02/26/2026 18:00:06,29.565,23.179
1681,1,10,23609.270000,3534.210000,1.073368,3.806187,2.294957,3.598688,1,02/26/2026 18:00:26,29.581,23.179
1682,1,10,23629.270000,3554.210000,1.086117,3.852085,2.294957,3.600824,1,02/26/2026 18:00:46,29.565,23.179
1683,1,10,23649.270000,3574.210000,1.098866,3.898011,2.294804,3.603265,1,02/26/2026 18:01:06,29.597,23.179
1684,1,10,23669.270000,3594.210000,1.111616,3.943966,2.294957,3.605402,1,02/26/2026 18:01:26,29.662,23.179
1685,1,10,23689.270000,3614.210000,1.124365,3.989954,2.294804,3.608453,1,02/26/2026 18:01:46,29.565,23.179
1686,1,10,23709.270000,3634.210000,1.137115,4.035973,2.294957,3.610590,1,02/26/2026 18:02:06,29.646,23.163
1687,1,10,23729.270000,3654.210000,1.149864,4.082022,2.294804,3.612726,1,02/26/2026 18:02:26,29.662,23.147
1688,1,10,23749.270000,3674.210000,1.162614,4.128102,2.295109,3.615167,1,02/26/2026 18:02:46,29.613,23.131
1689,1,10,23769.270000,3694.210000,1.175363,4.174217,2.294804,3.618219,1,02/26/2026 18:03:06,29.630,23.099
1690,1,10,23789.270000,3714.210000,1.188113,4.220362,2.295109,3.620356,1,02/26/2026 18:03:26,29.613,23.067
1691,1,10,23809.270000,3734.210000,1.200862,4.266540,2.294804,3.622797,1,02/26/2026 18:03:46,29.597,23.067
1692,1,10,23818.960000,3743.900000,1.207039,4.288926,2.294957,3.624628,164,02/26/2026 18:03:55,29.630,23.051
1693,1,11,23818.980000,3743.920000,1.207043,4.288941,0.746471,3.527276,0,02/26/2026 18:03:55,29.630,23.051
1694,1,11,23819.180000,3744.120000,1.207085,4.289087,0.749981,3.520562,5,02/26/2026 18:03:55,29.630,23.051
1695,1,11,23819.590000,3744.530000,1.207170,4.289388,0.749828,3.515068,5,02/26/2026 18:03:56,29.630,23.051
1696,1,11,23820.140000,3745.080000,1.207285,4.289790,0.749828,3.509880,5,02/26/2026 18:03:56,29.630,23.051
1697,1,11,23820.990000,3745.930000,1.207462,4.290411,0.749828,3.504387,5,02/26/2026 18:03:57,29.613,23.035
1698,1,11,23822.360000,3747.300000,1.207747,4.291410,0.749981,3.499199,5,02/26/2026 18:03:59,29.613,23.035
1699,1,11,23824.300000,3749.240000,1.208152,4.292824,0.750134,3.494316,5,02/26/2026 18:04:01,29.630,23.035
1700,1,11,23826.650000,3751.590000,1.208641,4.294533,0.749828,3.489128,5,02/26/2026 18:04:03,29.613,23.035
1701,1,11,23830.140000,3755.080000,1.209368,4.297068,0.749981,3.484245,5,02/26/2026 18:04:06,29.597,23.035
1702,1,11,23834.450000,3759.390000,1.210266,4.300194,0.749828,3.479362,5,02/26/2026 18:04:11,29.597,23.035
1703,1,11,23839.940000,3764.880000,1.211410,4.304170,0.749981,3.474479,5,02/26/2026 18:04:16,29.581,23.035
1704,1,11,23847.930000,3772.870000,1.213074,4.309949,0.749676,3.469596,5,02/26/2026 18:04:24,29.485,23.019
1705,1,11,23858.520000,3783.460000,1.215280,4.317598,0.749828,3.464408,5,02/26/2026 18:04:35,29.420,23.019
1706,1,11,23875.480000,3800.420000,1.218813,4.329829,0.749828,3.459525,5,02/26/2026 18:04:52,29.243,23.002
1707,1,11,23895.480000,3820.420000,1.222979,4.344235,0.749676,3.455863,1,02/26/2026 18:05:12,29.050,22.986
1708,1,11,23915.480000,3840.420000,1.227145,4.358631,0.749523,3.454337,1,02/26/2026 18:05:32,28.841,22.970
1709,1,11,23935.480000,3860.420000,1.231312,4.373021,0.749828,3.454032,1,02/26/2026 18:05:52,28.729,22.986
1710,1,11,23955.480000,3880.420000,1.235478,4.387412,0.750286,3.454032,1,02/26/2026 18:06:12,28.584,22.986
1711,1,11,23975.480000,3900.420000,1.239644,4.401804,0.749981,3.454948,1,02/26/2026 18:06:32,28.455,23.002
1712,1,11,23995.480000,3920.420000,1.243810,4.416201,0.750134,3.456168,1,02/26/2026 18:06:52,28.230,23.019
1713,1,11,24015.480000,3940.420000,1.247977,4.430602,0.749676,3.457389,1,02/26/2026 18:07:12,28.150,23.035
1714,1,11,24035.480000,3960.420000,1.252143,4.445009,0.750286,3.458305,1,02/26/2026 18:07:32,28.053,23.051
1715,1,11,24055.480000,3980.420000,1.256309,4.459423,0.750134,3.460441,1,02/26/2026 18:07:52,27.892,23.067
1716,1,11,24075.480000,4000.420000,1.260475,4.473844,0.749981,3.462272,1,02/26/2026 18:08:12,27.796,23.083
1717,1,11,24095.480000,4020.420000,1.264642,4.488271,0.750134,3.464103,1,02/26/2026 18:08:32,27.683,23.099
1718,1,11,24115.480000,4040.420000,1.268808,4.502706,0.749828,3.465629,1,02/26/2026 18:08:52,27.603,23.115
1719,1,11,24135.480000,4060.420000,1.272974,4.517149,0.749828,3.467460,1,02/26/2026 18:09:12,27.442,23.131
1720,1,11,24155.480000,4080.420000,1.277140,4.531600,0.749828,3.469291,1,02/26/2026 18:09:32,27.377,23.131
1721,1,11,24175.480000,4100.420000,1.281307,4.546059,0.749676,3.471427,1,02/26/2026 18:09:52,27.249,23.147
1722,1,11,24195.480000,4120.420000,1.285473,4.560526,0.749981,3.473259,1,02/26/2026 18:10:12,27.201,23.163
1723,1,11,24215.480000,4140.420000,1.289639,4.575001,0.749981,3.475395,1,02/26/2026 18:10:32,27.088,23.163
1724,1,11,24235.480000,4160.420000,1.293805,4.589484,0.749981,3.477531,1,02/26/2026 18:10:52,26.991,23.179
1725,1,11,24255.480000,4180.420000,1.297972,4.603976,0.749676,3.479057,1,02/26/2026 18:11:12,26.943,23.179
1726,1,11,24275.480000,4200.420000,1.302138,4.618476,0.750134,3.481193,1,02/26/2026 18:11:32,26.831,23.179
1727,1,11,24295.480000,4220.420000,1.306304,4.632984,0.749828,3.483024,1,02/26/2026 18:11:52,26.750,23.179
1728,1,11,24315.480000,4240.420000,1.310470,4.647500,0.749676,3.485771,1,02/26/2026 18:12:12,26.702,23.179
1729,1,11,24335.480000,4260.420000,1.314637,4.662026,0.749981,3.487297,1,02/26/2026 18:12:32,26.638,23.179
1730,1,11,24355.480000,4280.420000,1.318803,4.676559,0.749828,3.489128,1,02/26/2026 18:12:52,26.573,23.179
1731,1,11,24375.480000,4300.420000,1.322969,4.691101,0.749828,3.491264,1,02/26/2026 18:13:12,26.445,23.163
1732,1,11,24395.480000,4320.420000,1.327135,4.705651,0.749828,3.493095,1,02/26/2026 18:13:32,26.364,23.163
1733,1,11,24415.480000,4340.420000,1.331301,4.720210,0.749828,3.495537,1,02/26/2026 18:13:52,26.300,23.147
1734,1,11,24435.480000,4360.420000,1.335468,4.734778,0.749676,3.497063,1,02/26/2026 18:14:12,26.235,23.131
1735,1,11,24455.480000,4380.420000,1.339634,4.749354,0.749981,3.499504,1,02/26/2026 18:14:32,26.171,23.099
1736,1,11,24475.480000,4400.420000,1.343800,4.763939,0.749981,3.501640,1,02/26/2026 18:14:52,26.075,23.083
1737,1,11,24495.480000,4420.420000,1.347966,4.778533,0.749828,3.503777,1,02/26/2026 18:15:12,25.994,23.067
1738,1,11,24515.480000,4440.420000,1.352133,4.793136,0.749828,3.505913,1,02/26/2026 18:15:32,25.946,23.051
1739,1,11,24535.480000,4460.420000,1.356299,4.807748,0.749828,3.508049,1,02/26/2026 18:15:52,25.882,23.019
1740,1,11,24555.480000,4480.420000,1.360465,4.822369,0.749676,3.510491,1,02/26/2026 18:16:12,25.801,23.002
1741,1,11,24575.480000,4500.420000,1.364631,4.836999,0.749828,3.512627,1,02/26/2026 18:16:32,25.753,23.002
1742,1,11,24595.480000,4520.420000,1.368798,4.851639,0.749981,3.515068,1,02/26/2026 18:16:52,25.721,23.002
1743,1,11,24615.480000,4540.420000,1.372964,4.866289,0.750134,3.516899,1,02/26/2026 18:17:12,25.705,23.019
1744,1,11,24635.480000,4560.420000,1.377130,4.880948,0.749981,3.519951,1,02/26/2026 18:17:32,25.672,23.019
1745,1,11,24655.480000,4580.420000,1.381296,4.895617,0.749828,3.522087,1,02/26/2026 18:17:52,25.656,23.035
1746,1,11,24675.480000,4600.420000,1.385463,4.910297,0.749828,3.524529,1,02/26/2026 18:18:12,25.640,23.051
1747,1,11,24695.480000,4620.420000,1.389629,4.924986,0.749828,3.527276,1,02/26/2026 18:18:32,25.592,23.067
1748,1,11,24715.480000,4640.420000,1.393795,4.939687,0.749981,3.529412,1,02/26/2026 18:18:52,25.608,23.067
1749,1,11,24735.480000,4660.420000,1.397961,4.954398,0.750134,3.532158,1,02/26/2026 18:19:12,25.592,23.083
1750,1,11,24755.480000,4680.420000,1.402128,4.969120,0.749981,3.534295,1,02/26/2026 18:19:32,25.576,23.067
1751,1,11,24775.480000,4700.420000,1.406294,4.983852,0.749676,3.537346,1,02/26/2026 18:19:52,25.544,23.083
1752,1,11,24795.480000,4720.420000,1.410460,4.998597,0.749828,3.540093,1,02/26/2026 18:20:12,25.544,23.083
1753,1,11,24815.480000,4740.420000,1.414626,5.013353,0.749981,3.543145,1,02/26/2026 18:20:32,25.528,23.083
1754,1,11,24835.480000,4760.420000,1.418793,5.028122,0.750286,3.546197,1,02/26/2026 18:20:52,25.495,23.083
1755,1,11,24855.480000,4780.420000,1.422959,5.042905,0.749981,3.549859,1,02/26/2026 18:21:12,25.512,23.083
1756,1,11,24875.480000,4800.420000,1.427125,5.057702,0.749828,3.553216,1,02/26/2026 18:21:32,25.495,23.083
1757,1,11,24895.480000,4820.420000,1.431291,5.072514,0.749676,3.557183,1,02/26/2026 18:21:52,25.479,23.083
1758,1,11,24915.480000,4840.420000,1.435458,5.087342,0.749371,3.561151,1,02/26/2026 18:22:12,25.479,23.083
1759,1,11,24935.480000,4860.420000,1.439624,5.102188,0.749981,3.565423,1,02/26/2026 18:22:32,25.463,23.083
1760,1,11,24955.480000,4880.420000,1.443790,5.117053,0.749981,3.570306,1,02/26/2026 18:22:52,25.447,23.099
1761,1,11,24975.040000,4899.980000,1.447865,5.131611,0.749981,3.575189,5,02/26/2026 18:23:11,25.431,23.083
1762,1,11,24993.440000,4918.380000,1.451698,5.145324,0.750134,3.580072,5,02/26/2026 18:23:30,25.415,23.067
1763,1,11,25009.560000,4934.500000,1.455056,5.157355,0.749828,3.584955,5,02/26/2026 18:23:46,25.383,23.051
1764,1,11,25023.880000,4948.820000,1.458039,5.168056,0.749828,3.589837,5,02/26/2026 18:24:00,25.351,23.035
1765,1,11,25039.020000,4963.960000,1.461192,5.179385,0.749828,3.594720,5,02/26/2026 18:24:15,25.351,23.019
1766,1,11,25051.670000,4976.610000,1.463828,5.188864,0.749828,3.599603,5,02/26/2026 18:24:28,25.318,22.986
1767,1,11,25063.700000,4988.640000,1.466334,5.197891,0.749981,3.604486,5,02/26/2026 18:24:40,25.286,22.986
1768,1,11,25073.800000,4998.740000,1.468438,5.205480,0.749676,3.609369,5,02/26/2026 18:24:50,25.270,22.970
1769,1,11,25084.180000,5009.120000,1.470600,5.213289,0.749828,3.614252,5,02/26/2026 18:25:00,25.270,22.954
1770,1,11,25092.720000,5017.660000,1.472379,5.219723,0.750286,3.619135,5,02/26/2026 18:25:09,25.270,22.954
1771,1,11,25100.890000,5025.830000,1.474081,5.225887,0.749981,3.624018,5,02/26/2026 18:25:17,25.254,22.938
1772,1,11,25108.360000,5033.300000,1.475637,5.231530,0.750134,3.628901,5,02/26/2026 18:25:25,25.238,22.938
1773,1,11,25115.140000,5040.080000,1.477049,5.236659,0.749828,3.633783,5,02/26/2026 18:25:31,25.238,22.922
1774,1,11,25121.450000,5046.390000,1.478364,5.241438,0.750134,3.638666,5,02/26/2026 18:25:38,25.238,22.938
1775,1,11,25126.850000,5051.790000,1.479489,5.245534,0.749828,3.643549,5,02/26/2026 18:25:43,25.238,22.922
1776,1,11,25132.350000,5057.290000,1.480634,5.249711,0.749828,3.648432,5,02/26/2026 18:25:49,25.222,22.922
1777,1,11,25134.980000,5059.920000,1.481181,5.251706,0.739605,3.650263,4,02/26/2026 18:25:51,25.206,22.922
1778,1,11,25136.270000,5061.210000,1.481444,5.252666,0.729534,3.649958,4,02/26/2026 18:25:52,25.206,22.922
1779,1,11,25137.890000,5062.830000,1.481770,5.253856,0.719463,3.650263,4,02/26/2026 18:25:54,25.206,22.922
1780,1,11,25139.790000,5064.730000,1.482147,5.255232,0.709239,3.649653,4,02/26/2026 18:25:56,25.222,22.922
1781,1,11,25141.700000,5066.640000,1.482521,5.256597,0.699168,3.650263,4,02/26/2026 18:25:58,25.222,22.906
1782,1,11,25144.050000,5068.990000,1.482974,5.258251,0.689097,3.650263,4,02/26/2026 18:26:00,25.238,22.906
1783,1,11,25146.130000,5071.070000,1.483369,5.259695,0.678874,3.649958,4,02/26/2026 18:26:02,25.238,22.906
1784,1,11,25148.630000,5073.570000,1.483838,5.261404,0.668803,3.649958,4,02/26/2026 18:26:05,25.238,22.906
1785,1,11,25150.820000,5075.760000,1.484241,5.262878,0.658732,3.649958,4,02/26/2026 18:26:07,25.238,22.906
1786,1,11,25153.320000,5078.260000,1.484696,5.264535,0.648661,3.649958,4,02/26/2026 18:26:10,25.238,22.906
1787,1,11,25155.550000,5080.490000,1.485094,5.265991,0.638590,3.649958,4,02/26/2026 18:26:12,25.238,22.906
1788,1,11,25157.940000,5082.880000,1.485515,5.267526,0.628519,3.650263,4,02/26/2026 18:26:14,25.238,22.906
1789,1,11,25160.310000,5085.250000,1.485926,5.269025,0.618296,3.650263,4,02/26/2026 18:26:17,25.238,22.890
1790,1,11,25162.730000,5087.670000,1.486338,5.270530,0.608072,3.650568,4,02/26/2026 18:26:19,25.222,22.890
1791,1,11,25164.980000,5089.920000,1.486715,5.271906,0.598001,3.649958,4,02/26/2026 18:26:21,25.206,22.890
1792,1,11,25167.430000,5092.370000,1.487119,5.273381,0.587930,3.650263,4,02/26/2026 18:26:24,25.206,22.890
1793,1,11,25169.830000,5094.770000,1.487508,5.274802,0.577859,3.650263,4,02/26/2026 18:26:26,25.206,22.890
1794,1,11,25172.360000,5097.300000,1.487911,5.276273,0.567788,3.650263,4,02/26/2026 18:26:29,25.206,22.890
1795,1,11,25174.850000,5099.790000,1.488301,5.277695,0.557717,3.650263,4,02/26/2026 18:26:31,25.206,22.890
1796,1,11,25177.440000,5102.380000,1.488699,5.279147,0.547646,3.649653,4,02/26/2026 18:26:34,25.206,22.874
1797,1,11,25179.900000,5104.840000,1.489070,5.280501,0.537423,3.649958,4,02/26/2026 18:26:36,25.206,22.874
1798,1,11,25182.560000,5107.500000,1.489463,5.281938,0.527352,3.650263,4,02/26/2026 18:26:39,25.206,22.874
1799,1,11,25185.160000,5110.100000,1.489840,5.283313,0.517281,3.649958,4,02/26/2026 18:26:41,25.206,22.874
1800,1,11,25187.300000,5112.240000,1.490145,5.284426,0.507210,3.649958,4,02/26/2026 18:26:44,25.206,22.874
1801,1,11,25190.420000,5115.360000,1.490581,5.286018,0.497139,3.649958,4,02/26/2026 18:26:47,25.190,22.874
1802,1,11,25192.770000,5117.710000,1.490903,5.287192,0.487068,3.650263,4,02/26/2026 18:26:49,25.190,22.874
1803,1,11,25195.620000,5120.560000,1.491285,5.288586,0.476997,3.650263,4,02/26/2026 18:26:52,25.174,22.874
1804,1,11,25198.490000,5123.430000,1.491662,5.289962,0.466926,3.650263,4,02/26/2026 18:26:55,25.158,22.874
1805,1,11,25201.060000,5126.000000,1.491992,5.291167,0.456855,3.649958,4,02/26/2026 18:26:57,25.174,22.874
1806,1,11,25203.930000,5128.870000,1.492353,5.292485,0.446784,3.649958,4,02/26/2026 18:27:00,25.174,22.874
1807,1,11,25207.040000,5131.980000,1.492735,5.293880,0.436713,3.650263,4,02/26/2026 18:27:03,25.174,22.874
1808,1,11,25210.340000,5135.280000,1.493131,5.295324,0.426642,3.650263,4,02/26/2026 18:27:07,25.174,22.874
1809,1,11,25213.110000,5138.050000,1.493455,5.296507,0.416419,3.649653,4,02/26/2026 18:27:09,25.174,22.874
1810,1,11,25216.370000,5141.310000,1.493828,5.297869,0.406348,3.650263,4,02/26/2026 18:27:13,25.174,22.874
1811,1,11,25219.160000,5144.100000,1.494139,5.299003,0.396277,3.649653,4,02/26/2026 18:27:15,25.174,22.874
1812,1,11,25222.910000,5147.850000,1.494547,5.300494,0.386053,3.649958,4,02/26/2026 18:27:19,25.174,22.874
1813,1,11,25226.040000,5150.980000,1.494879,5.301705,0.375982,3.650263,4,02/26/2026 18:27:22,25.174,22.858
1814,1,11,25229.500000,5154.440000,1.495236,5.303007,0.365911,3.649958,4,02/26/2026 18:27:26,25.174,22.874
1815,1,11,25233.360000,5158.300000,1.495622,5.304420,0.355840,3.649958,4,02/26/2026 18:27:30,25.158,22.874
1816,1,11,25237.010000,5161.950000,1.495978,5.305717,0.345769,3.649653,4,02/26/2026 18:27:33,25.158,22.874
1817,1,11,25240.330000,5165.270000,1.496293,5.306865,0.335698,3.650263,4,02/26/2026 18:27:37,25.174,22.874
1818,1,11,25245.090000,5170.030000,1.496730,5.308461,0.325628,3.650263,4,02/26/2026 18:27:41,25.142,22.890
1819,1,11,25248.460000,5173.400000,1.497029,5.309555,0.315404,3.649958,4,02/26/2026 18:27:45,25.142,22.874
1820,1,11,25252.980000,5177.920000,1.497419,5.310979,0.305333,3.649958,4,02/26/2026 18:27:49,25.158,22.874
1821,1,11,25257.130000,5182.070000,1.497766,5.312243,0.295109,3.650568,4,02/26/2026 18:27:53,25.142,22.890
1822,1,11,25261.350000,5186.290000,1.498107,5.313488,0.285039,3.650263,4,02/26/2026 18:27:58,25.142,22.874
1823,1,11,25266.560000,5191.500000,1.498513,5.314970,0.274968,3.649653,4,02/26/2026 18:28:03,25.125,22.890
1824,1,11,25271.140000,5196.080000,1.498857,5.316226,0.264897,3.650263,4,02/26/2026 18:28:07,25.125,22.890
1825,1,11,25277.160000,5202.100000,1.499292,5.317812,0.254673,3.650263,4,02/26/2026 18:28:13,25.125,22.890
1826,1,11,25282.350000,5207.290000,1.499651,5.319124,0.244602,3.649653,4,02/26/2026 18:28:19,25.125,22.906
1827,1,11,25288.200000,5213.140000,1.500040,5.320544,0.234531,3.649958,4,02/26/2026 18:28:24,25.093,22.890
1828,1,11,25293.710000,5218.650000,1.500392,5.321827,0.224460,3.650263,4,02/26/2026 18:28:30,25.077,22.906
1829,1,11,25299.990000,5224.930000,1.500775,5.323228,0.214237,3.649958,4,02/26/2026 18:28:36,25.077,22.906
1830,1,11,25307.340000,5232.280000,1.501203,5.324790,0.204166,3.649958,4,02/26/2026 18:28:44,25.061,22.906
1831,1,11,25314.130000,5239.070000,1.501580,5.326163,0.194095,3.649958,4,02/26/2026 18:28:50,25.077,22.906
1832,1,11,25321.950000,5246.890000,1.501991,5.327666,0.183719,3.649958,4,02/26/2026 18:28:58,25.061,22.922
1833,1,11,25329.760000,5254.700000,1.502381,5.329089,0.173648,3.650263,4,02/26/2026 18:29:06,25.045,22.922
1834,1,11,25337.730000,5262.670000,1.502758,5.330464,0.163577,3.649653,4,02/26/2026 18:29:14,25.013,22.938
1835,1,11,25349.660000,5274.600000,1.503287,5.332394,0.153506,3.650263,4,02/26/2026 18:29:26,24.997,22.938
1836,1,11,25359.150000,5284.090000,1.503679,5.333825,0.143282,3.649958,4,02/26/2026 18:29:35,24.997,22.938
1837,1,11,25370.620000,5295.560000,1.504122,5.335443,0.133211,3.649958,4,02/26/2026 18:29:47,24.981,22.954
1838,1,11,25384.000000,5308.940000,1.504601,5.337192,0.123140,3.649653,4,02/26/2026 18:30:00,24.981,22.954
1839,1,11,25397.230000,5322.170000,1.505037,5.338783,0.112917,3.649958,4,02/26/2026 18:30:13,24.949,22.970
1840,1,11,25414.540000,5339.480000,1.505559,5.340689,0.102846,3.649958,4,02/26/2026 18:30:31,24.916,22.970
1841,1,11,25431.790000,5356.730000,1.506030,5.342409,0.092775,3.650263,4,02/26/2026 18:30:48,24.884,22.970
1842,1,11,25451.140000,5376.080000,1.506507,5.344149,0.082551,3.650263,4,02/26/2026 18:31:07,24.852,22.986
1843,1,11,25471.140000,5396.080000,1.506951,5.345769,0.075532,3.649958,1,02/26/2026 18:31:27,24.820,23.002
1844,1,11,25491.140000,5416.080000,1.507351,5.347228,0.069886,3.649958,1,02/26/2026 18:31:47,24.788,23.019
1845,1,11,25511.140000,5436.080000,1.507712,5.348548,0.062409,3.649958,1,02/26/2026 18:32:07,24.755,23.019
1846,1,11,25531.140000,5456.080000,1.508041,5.349748,0.056764,3.649958,1,02/26/2026 18:32:27,24.723,23.035
1847,1,11,25551.140000,5476.080000,1.508341,5.350842,0.052644,3.649653,1,02/26/2026 18:32:47,24.675,23.051
1848,1,11,25571.140000,5496.080000,1.508615,5.351842,0.046845,3.649958,1,02/26/2026 18:33:07,24.643,23.067
1849,1,11,25591.140000,5516.080000,1.508866,5.352760,0.044556,3.649653,1,02/26/2026 18:33:27,24.627,23.067
1850,1,11,25611.140000,5536.080000,1.509098,5.353607,0.039979,3.649653,1,02/26/2026 18:33:47,24.595,23.067
1851,1,11,25631.140000,5556.080000,1.509312,5.354388,0.036469,3.649653,1,02/26/2026 18:34:07,24.546,23.067
1852,1,11,25651.140000,5576.080000,1.509511,5.355112,0.034028,3.649958,1,02/26/2026 18:34:27,24.498,23.067
1853,1,11,25671.140000,5596.080000,1.509696,5.355788,0.032807,3.649653,1,02/26/2026 18:34:47,24.466,23.051
1854,1,11,25691.140000,5616.080000,1.509868,5.356416,0.031281,3.650263,1,02/26/2026 18:35:07,24.418,23.035
1855,1,11,25711.140000,5636.080000,1.510030,5.357006,0.028077,3.649958,1,02/26/2026 18:35:27,24.353,23.002
1856,1,11,25731.140000,5656.080000,1.510181,5.357557,0.027619,3.649958,1,02/26/2026 18:35:47,24.273,22.970
1857,1,11,25751.140000,5676.080000,1.510322,5.358074,0.024109,3.649653,1,02/26/2026 18:36:07,24.209,22.954
1858,1,11,25771.140000,5696.080000,1.510456,5.358561,0.023651,3.649958,1,02/26/2026 18:36:27,24.160,22.938
1859,1,11,25791.140000,5716.080000,1.510581,5.359020,0.021973,3.649348,1,02/26/2026 18:36:47,24.112,22.922
1860,1,11,25811.140000,5736.080000,1.510700,5.359452,0.020142,3.649653,1,02/26/2026 18:37:07,24.080,22.906
1861,1,11,25831.140000,5756.080000,1.510812,5.359862,0.018921,3.649958,1,02/26/2026 18:37:27,24.016,22.874
1862,1,11,25851.140000,5776.080000,1.510919,5.360251,0.018006,3.649653,1,02/26/2026 18:37:47,23.983,22.874
1863,1,11,25871.140000,5796.080000,1.511020,5.360622,0.018311,3.650263,1,02/26/2026 18:38:07,23.935,22.874
1864,1,11,25891.140000,5816.080000,1.511116,5.360971,0.016022,3.650263,1,02/26/2026 18:38:27,23.887,22.858
1865,1,11,25891.370000,5816.310000,1.511117,5.360975,0.014954,3.649653,132,02/26/2026 18:38:28,23.887,22.858
1866,1,12,25891.380000,0.010000,0.000000,0.000000,0.000000,3.648432,0,02/26/2026 18:38:28,23.887,22.858
1867,1,12,25898.100000,6.730000,0.000000,0.000000,0.000000,3.643549,5,02/26/2026 18:38:34,23.887,22.874
1868,1,12,25905.540000,14.170000,0.000000,0.000000,0.000000,3.638666,5,02/26/2026 18:38:42,23.871,22.858
1869,1,12,25914.190000,22.820000,0.000000,0.000000,0.000000,3.633783,5,02/26/2026 18:38:50,23.871,22.874
1870,1,12,25923.360000,31.990000,0.000000,0.000000,0.000000,3.628901,5,02/26/2026 18:39:00,23.855,22.874
1871,1,12,25933.600000,42.230000,0.000000,0.000000,0.000000,3.624018,5,02/26/2026 18:39:10,23.855,22.874
1872,1,12,25944.220000,52.850000,0.000000,0.000000,0.000000,3.619135,5,02/26/2026 18:39:20,23.855,22.890
1873,1,12,25956.000000,64.630000,0.000000,0.000000,0.000000,3.614252,5,02/26/2026 18:39:32,23.839,22.906
1874,1,12,25969.280000,77.910000,0.000000,0.000000,0.000000,3.609369,5,02/26/2026 18:39:45,23.839,22.890
1875,1,12,25982.410000,91.040000,0.000000,0.000000,0.000000,3.604486,5,02/26/2026 18:39:59,23.823,22.906
1876,1,12,25997.910000,106.540000,0.000000,0.000000,0.000000,3.599298,5,02/26/2026 18:40:14,23.823,22.922
1877,1,12,26014.530000,123.160000,0.000000,0.000000,0.000000,3.594110,5,02/26/2026 18:40:31,23.806,22.938
1878,1,12,26033.520000,142.150000,0.000000,0.000000,0.000000,3.589227,5,02/26/2026 18:40:50,23.806,22.938
1879,1,12,26051.190000,159.820000,0.000000,0.000000,0.000000,3.584344,5,02/26/2026 18:41:07,23.790,22.954
1880,1,12,26070.920000,179.550000,0.000000,0.000000,0.000000,3.579461,5,02/26/2026 18:41:27,23.790,22.970
1881,1,12,26090.920000,199.550000,0.000000,0.000000,0.000000,3.575494,1,02/26/2026 18:41:47,23.790,22.986
1882,1,12,26110.920000,219.550000,0.000000,0.000000,0.000000,3.570611,1,02/26/2026 18:42:07,23.758,23.002
1883,1,12,26130.920000,239.550000,0.000000,0.000000,0.000000,3.567254,1,02/26/2026 18:42:27,23.758,23.002
1884,1,12,26150.920000,259.550000,0.000000,0.000000,0.000000,3.563592,1,02/26/2026 18:42:47,23.758,23.019
1885,1,12,26170.920000,279.550000,0.000000,0.000000,0.000000,3.559930,1,02/26/2026 18:43:07,23.758,23.019
1886,1,12,26190.920000,299.550000,0.000000,0.000000,0.000000,3.556878,1,02/26/2026 18:43:27,23.742,23.035
1887,1,12,26210.920000,319.550000,0.000000,0.000000,0.000000,3.553521,1,02/26/2026 18:43:47,23.742,23.067
1888,1,12,26230.920000,339.550000,0.000000,0.000000,0.000000,3.550469,1,02/26/2026 18:44:07,23.726,23.067
1889,1,12,26250.920000,359.550000,0.000000,0.000000,0.000000,3.548028,1,02/26/2026 18:44:27,23.726,23.067
1890,1,12,26270.920000,379.550000,0.000000,0.000000,0.000000,3.544671,1,02/26/2026 18:44:47,23.710,23.067
1891,1,12,26290.920000,399.550000,0.000000,0.000000,0.000000,3.542535,1,02/26/2026 18:45:07,23.694,23.067
1892,1,12,26310.920000,419.550000,0.000000,0.000000,0.000000,3.540093,1,02/26/2026 18:45:27,23.678,23.067
1893,1,12,26330.920000,439.550000,0.000000,0.000000,0.000000,3.537652,1,02/26/2026 18:45:47,23.646,23.051
1894,1,12,26350.920000,459.550000,0.000000,0.000000,0.000000,3.535515,1,02/26/2026 18:46:07,23.613,23.035
1895,1,12,26370.920000,479.550000,0.000000,0.000000,0.000000,3.532769,1,02/26/2026 18:46:27,23.581,23.019
1896,1,12,26390.920000,499.550000,0.000000,0.000000,0.000000,3.531243,1,02/26/2026 18:46:47,23.549,22.986
1897,1,12,26410.920000,519.550000,0.000000,0.000000,0.000000,3.529412,1,02/26/2026 18:47:07,23.517,22.970
1898,1,12,26430.920000,539.550000,0.000000,0.000000,0.000000,3.526970,1,02/26/2026 18:47:27,23.485,22.938
1899,1,12,26450.920000,559.550000,0.000000,0.000000,0.000000,3.524834,1,02/26/2026 18:47:47,23.436,22.938
1900,1,12,26470.920000,579.550000,0.000000,0.000000,0.000000,3.522698,1,02/26/2026 18:48:07,23.404,22.906
1901,1,12,26490.920000,599.550000,0.000000,0.000000,0.000000,3.521477,1,02/26/2026 18:48:27,23.388,22.890
1902,1,12,26510.920000,619.550000,0.000000,0.000000,0.000000,3.519341,1,02/26/2026 18:48:47,23.356,22.874
1903,1,12,26530.920000,639.550000,0.000000,0.000000,0.000000,3.517815,1,02/26/2026 18:49:07,23.356,22.890
1904,1,12,26550.920000,659.550000,0.000000,0.000000,0.000000,3.516594,1,02/26/2026 18:49:27,23.356,22.890
1905,1,12,26570.920000,679.550000,0.000000,0.000000,0.000000,3.515373,1,02/26/2026 18:49:47,23.356,22.906
1906,1,12,26590.920000,699.550000,0.000000,0.000000,0.000000,3.513848,1,02/26/2026 18:50:07,23.356,22.922
1907,1,12,26610.920000,719.550000,0.000000,0.000000,0.000000,3.512627,1,02/26/2026 18:50:27,23.356,22.938
1908,1,12,26630.920000,739.550000,0.000000,0.000000,0.000000,3.510491,1,02/26/2026 18:50:47,23.372,22.954
1909,1,12,26650.920000,759.550000,0.000000,0.000000,0.000000,3.509270,1,02/26/2026 18:51:07,23.372,22.970
1910,1,12,26670.920000,779.550000,0.000000,0.000000,0.000000,3.508049,1,02/26/2026 18:51:27,23.388,22.986
1911,1,12,26690.920000,799.550000,0.000000,0.000000,0.000000,3.506828,1,02/26/2026 18:51:47,23.388,23.002
1912,1,12,26710.920000,819.550000,0.000000,0.000000,0.000000,3.505608,1,02/26/2026 18:52:07,23.388,23.002
1913,1,12,26730.920000,839.550000,0.000000,0.000000,0.000000,3.504692,1,02/26/2026 18:52:27,23.404,23.019
1914,1,12,26750.920000,859.550000,0.000000,0.000000,0.000000,3.503471,1,02/26/2026 18:52:47,23.420,23.051
1915,1,12,26770.920000,879.550000,0.000000,0.000000,0.000000,3.502861,1,02/26/2026 18:53:07,23.420,23.067
1916,1,12,26790.920000,899.550000,0.000000,0.000000,0.000000,3.501030,1,02/26/2026 18:53:27,23.420,23.083
1917,1,12,26810.920000,919.550000,0.000000,0.000000,0.000000,3.500114,1,02/26/2026 18:53:47,23.420,23.083
1918,1,12,26830.920000,939.550000,0.000000,0.000000,0.000000,3.498894,1,02/26/2026 18:54:07,23.420,23.099
1919,1,12,26850.920000,959.550000,0.000000,0.000000,0.000000,3.497978,1,02/26/2026 18:54:27,23.436,23.099
1920,1,12,26870.920000,979.550000,0.000000,0.000000,0.000000,3.497063,1,02/26/2026 18:54:47,23.436,23.099
1921,1,12,26890.920000,999.550000,0.000000,0.000000,0.000000,3.496147,1,02/26/2026 18:55:07,23.436,23.099
1922,1,12,26910.920000,1019.550000,0.000000,0.000000,0.000000,3.494926,1,02/26/2026 18:55:27,23.436,23.099
1923,1,12,26930.920000,1039.550000,0.000000,0.000000,0.000000,3.494316,1,02/26/2026 18:55:47,23.436,23.115
1924,1,12,26950.920000,1059.550000,0.000000,0.000000,0.000000,3.493095,1,02/26/2026 18:56:07,23.420,23.115
1925,1,12,26970.920000,1079.550000,0.000000,0.000000,0.000000,3.491875,1,02/26/2026 18:56:27,23.420,23.115
1926,1,12,26990.920000,1099.550000,0.000000,0.000000,0.000000,3.491264,1,02/26/2026 18:56:47,23.404,23.099
1927,1,12,27010.920000,1119.550000,0.000000,0.000000,0.000000,3.490043,1,02/26/2026 18:57:07,23.372,23.083
1928,1,12,27030.920000,1139.550000,0.000000,0.000000,0.000000,3.489433,1,02/26/2026 18:57:27,23.340,23.067
1929,1,12,27050.920000,1159.550000,0.000000,0.000000,0.000000,3.488518,1,02/26/2026 18:57:47,23.324,23.051
1930,1,12,27070.920000,1179.550000,0.000000,0.000000,0.000000,3.487602,1,02/26/2026 18:58:07,23.308,23.019
1931,1,12,27090.920000,1199.550000,0.000000,0.000000,0.000000,3.486992,1,02/26/2026 18:58:27,23.276,23.002
1932,1,12,27110.920000,1219.550000,0.000000,0.000000,0.000000,3.486076,1,02/26/2026 18:58:47,23.243,22.986
1933,1,12,27130.920000,1239.550000,0.000000,0.000000,0.000000,3.485161,1,02/26/2026 18:59:07,23.227,22.970
1934,1,12,27150.920000,1259.550000,0.000000,0.000000,0.000000,3.484245,1,02/26/2026 18:59:27,23.195,22.954
1935,1,12,27170.920000,1279.550000,0.000000,0.000000,0.000000,3.483330,1,02/26/2026 18:59:47,23.179,22.922
1936,1,12,27190.920000,1299.550000,0.000000,0.000000,0.000000,3.482719,1,02/26/2026 19:00:07,23.163,22.922
1937,1,12,27210.920000,1319.550000,0.000000,0.000000,0.000000,3.481804,1,02/26/2026 19:00:27,23.163,22.938
1938,1,12,27230.920000,1339.550000,0.000000,0.000000,0.000000,3.481498,1,02/26/2026 19:00:47,23.179,22.938
1939,1,12,27250.920000,1359.550000,0.000000,0.000000,0.000000,3.480888,1,02/26/2026 19:01:07,23.179,22.938
1940,1,12,27270.920000,1379.550000,0.000000,0.000000,0.000000,3.480278,1,02/26/2026 19:01:27,23.195,22.954
1941,1,12,27290.920000,1399.550000,0.000000,0.000000,0.000000,3.479667,1,02/26/2026 19:01:47,23.211,22.970
1942,1,12,27310.920000,1419.550000,0.000000,0.000000,0.000000,3.479057,1,02/26/2026 19:02:07,23.211,22.986
1943,1,12,27330.920000,1439.550000,0.000000,0.000000,0.000000,3.478447,1,02/26/2026 19:02:27,23.227,23.002
1944,1,12,27350.920000,1459.550000,0.000000,0.000000,0.000000,3.477836,1,02/26/2026 19:02:47,23.243,23.019
1945,1,12,27370.920000,1479.550000,0.000000,0.000000,0.000000,3.477226,1,02/26/2026 19:03:07,23.243,23.035
1946,1,12,27390.920000,1499.550000,0.000000,0.000000,0.000000,3.476616,1,02/26/2026 19:03:27,23.259,23.051
1947,1,12,27410.920000,1519.550000,0.000000,0.000000,0.000000,3.476005,1,02/26/2026 19:03:47,23.276,23.051
1948,1,12,27430.920000,1539.550000,0.000000,0.000000,0.000000,3.474784,1,02/26/2026 19:04:07,23.292,23.067
1949,1,12,27450.920000,1559.550000,0.000000,0.000000,0.000000,3.474479,1,02/26/2026 19:04:27,23.292,23.083
1950,1,12,27470.920000,1579.550000,0.000000,0.000000,0.000000,3.473564,1,02/26/2026 19:04:47,23.308,23.083
1951,1,12,27490.920000,1599.550000,0.000000,0.000000,0.000000,3.473564,1,02/26/2026 19:05:07,23.308,23.083
1952,1,12,27510.920000,1619.550000,0.000000,0.000000,0.000000,3.472953,1,02/26/2026 19:05:27,23.324,23.099
1953,1,12,27530.920000,1639.550000,0.000000,0.000000,0.000000,3.472343,1,02/26/2026 19:05:47,23.340,23.115
1954,1,12,27550.920000,1659.550000,0.000000,0.000000,0.000000,3.471733,1,02/26/2026 19:06:07,23.340,23.131
1955,1,12,27570.920000,1679.550000,0.000000,0.000000,0.000000,3.471427,1,02/26/2026 19:06:27,23.340,23.131
1956,1,12,27590.920000,1699.550000,0.000000,0.000000,0.000000,3.470817,1,02/26/2026 19:06:47,23.324,23.115
1957,1,12,27610.920000,1719.550000,0.000000,0.000000,0.000000,3.470207,1,02/26/2026 19:07:07,23.308,23.099
1958,1,12,27630.920000,1739.550000,0.000000,0.000000,0.000000,3.469902,1,02/26/2026 19:07:27,23.292,23.083
1959,1,12,27650.920000,1759.550000,0.000000,0.000000,0.000000,3.469291,1,02/26/2026 19:07:47,23.259,23.051
1960,1,12,27670.920000,1779.550000,0.000000,0.000000,0.000000,3.468376,1,02/26/2026 19:08:07,23.227,23.035
1961,1,12,27690.920000,1799.550000,0.000000,0.000000,0.000000,3.468070,1,02/26/2026 19:08:27,23.211,23.002
1962,1,12,27691.370000,1800.000000,0.000000,0.000000,0.000000,3.468376,129,02/26/2026 19:08:28,23.211,23.002
1963,2,5,27691.410000,0.040000,0.000041,0.000130,-3.752041,3.188525,0,02/26/2026 19:08:28,23.211,23.002
1964,2,5,27691.570000,0.200000,0.000207,0.000659,-3.749905,3.164111,5,02/26/2026 19:08:28,23.211,23.002
1965,2,5,27691.700000,0.330000,0.000343,0.001086,-3.750057,3.149157,5,02/26/2026 19:08:28,23.211,23.002
1966,2,5,27691.840000,0.470000,0.000489,0.001544,-3.750057,3.136339,5,02/26/2026 19:08:28,23.211,23.002
1967,2,5,27691.980000,0.610000,0.000634,0.002000,-3.749905,3.125658,5,02/26/2026 19:08:29,23.211,23.002
1968,2,5,27692.130000,0.760000,0.000791,0.002488,-3.750057,3.115587,5,02/26/2026 19:08:29,23.211,23.002
1969,2,5,27692.290000,0.920000,0.000957,0.003006,-3.749905,3.106126,5,02/26/2026 19:08:29,23.211,23.002
1970,2,5,27692.470000,1.100000,0.001145,0.003588,-3.750210,3.097276,5,02/26/2026 19:08:29,23.211,23.002
1971,2,5,27692.670000,1.300000,0.001353,0.004232,-3.749752,3.089036,5,02/26/2026 19:08:29,23.211,23.002
1972,2,5,27692.880000,1.510000,0.001572,0.004906,-3.750057,3.081102,5,02/26/2026 19:08:30,23.211,23.002
1973,2,5,27693.130000,1.760000,0.001832,0.005708,-3.749752,3.073777,5,02/26/2026 19:08:30,23.211,23.002
1974,2,5,27693.380000,2.010000,0.002093,0.006507,-3.750057,3.066758,5,02/26/2026 19:08:30,23.211,23.002
1975,2,5,27693.660000,2.290000,0.002384,0.007401,-3.750057,3.060349,5,02/26/2026 19:08:30,23.211,23.002
1976,2,5,27693.980000,2.610000,0.002718,0.008419,-3.749905,3.053941,5,02/26/2026 19:08:31,23.211,23.002
1977,2,5,27694.330000,2.960000,0.003082,0.009532,-3.749905,3.048142,5,02/26/2026 19:08:31,23.211,23.002
1978,2,5,27694.690000,3.320000,0.003457,0.010673,-3.749752,3.042344,5,02/26/2026 19:08:31,23.211,23.002
1979,2,5,27695.120000,3.750000,0.003905,0.012035,-3.750057,3.036851,5,02/26/2026 19:08:32,23.211,23.002
1980,2,5,27695.580000,4.210000,0.004384,0.013488,-3.750057,3.031052,5,02/26/2026 19:08:32,23.211,23.002
1981,2,5,27696.180000,4.810000,0.005009,0.015381,-3.749905,3.025254,5,02/26/2026 19:08:33,23.211,23.002
1982,2,5,27696.830000,5.460000,0.005687,0.017428,-3.750057,3.020066,5,02/26/2026 19:08:33,23.211,23.002
1983,2,5,27697.600000,6.230000,0.006489,0.019848,-3.749905,3.015183,5,02/26/2026 19:08:34,23.211,23.002
1984,2,5,27698.500000,7.130000,0.007426,0.022672,-3.749905,3.009689,5,02/26/2026 19:08:35,23.211,23.002
1985,2,5,27699.710000,8.340000,0.008687,0.026462,-3.750057,3.003891,5,02/26/2026 19:08:36,23.211,23.002
1986,2,5,27701.100000,9.730000,0.010134,0.030808,-3.750210,2.998703,5,02/26/2026 19:08:38,23.211,23.002
1987,2,5,27702.750000,11.380000,0.011853,0.035958,-3.749905,2.993820,5,02/26/2026 19:08:39,23.227,23.002
1988,2,5,27704.650000,13.280000,0.013832,0.041878,-3.749905,2.988937,5,02/26/2026 19:08:41,23.243,23.002
1989,2,5,27707.060000,15.690000,0.016343,0.049375,-3.749905,2.983749,5,02/26/2026 19:08:44,23.276,23.002
1990,2,5,27710.280000,18.910000,0.019697,0.059375,-3.749905,2.978561,5,02/26/2026 19:08:47,23.308,23.002
1991,2,5,27713.840000,22.470000,0.023405,0.070411,-3.749905,2.973678,5,02/26/2026 19:08:50,23.356,22.986
1992,2,5,27718.220000,26.850000,0.027968,0.083968,-3.749905,2.968795,5,02/26/2026 19:08:55,23.420,22.986
1993,2,5,27724.250000,32.880000,0.034249,0.102601,-3.750057,2.963607,5,02/26/2026 19:09:01,23.517,22.986
1994,2,5,27732.440000,41.070000,0.042780,0.127865,-3.749905,2.958724,5,02/26/2026 19:09:09,23.662,22.986
1995,2,5,27747.740000,56.370000,0.058718,0.174981,-3.749905,2.953841,5,02/26/2026 19:09:24,23.967,22.970
1996,2,5,27767.740000,76.370000,0.079551,0.236485,-3.749905,2.950790,1,02/26/2026 19:09:44,24.386,22.954
1997,2,5,27787.740000,96.370000,0.100384,0.297954,-3.750057,2.950484,1,02/26/2026 19:10:04,24.788,22.938
1998,2,5,27807.740000,116.370000,0.121218,0.359420,-3.750057,2.950790,1,02/26/2026 19:10:24,25.174,22.938
1999,2,5,27827.740000,136.370000,0.142051,0.420896,-3.750057,2.951095,1,02/26/2026 19:10:44,25.592,22.938
2000,2,5,27847.740000,156.370000,0.162884,0.482391,-3.750057,2.952316,1,02/26/2026 19:11:04,25.946,22.938
2001,2,5,27867.740000,176.370000,0.183718,0.543911,-3.749905,2.953536,1,02/26/2026 19:11:24,26.332,22.970
2002,2,5,27887.740000,196.370000,0.204551,0.605455,-3.749905,2.954452,1,02/26/2026 19:11:44,26.686,22.986
2003,2,5,27907.740000,216.370000,0.225384,0.667024,-3.750057,2.955673,1,02/26/2026 19:12:04,27.024,23.002
2004,2,5,27927.740000,236.370000,0.246218,0.728615,-3.749752,2.956893,1,02/26/2026 19:12:24,27.377,23.002
2005,2,5,27947.740000,256.370000,0.267051,0.790222,-3.749905,2.957504,1,02/26/2026 19:12:44,27.699,23.035
2006,2,5,27967.740000,276.370000,0.287884,0.851844,-3.749905,2.958114,1,02/26/2026 19:13:04,28.005,23.051
2007,2,5,27987.740000,296.370000,0.308718,0.913478,-3.749905,2.958724,1,02/26/2026 19:13:24,28.327,23.067
2008,2,5,28007.740000,316.370000,0.329551,0.975123,-3.750057,2.959030,1,02/26/2026 19:13:44,28.584,23.083
2009,2,5,28027.740000,336.370000,0.350384,1.036774,-3.750057,2.959030,1,02/26/2026 19:14:04,28.873,23.099
2010,2,5,28047.740000,356.370000,0.371218,1.098429,-3.749752,2.959335,1,02/26/2026 19:14:24,29.131,23.131
2011,2,5,28067.740000,376.370000,0.392051,1.160085,-3.749905,2.959640,1,02/26/2026 19:14:44,29.372,23.163
2012,2,5,28087.740000,396.370000,0.412884,1.221741,-3.750210,2.959335,1,02/26/2026 19:15:04,29.597,23.179
2013,2,5,28107.740000,416.370000,0.433718,1.283396,-3.750057,2.959335,1,02/26/2026 19:15:24,29.871,23.195
2014,2,5,28127.740000,436.370000,0.454551,1.345045,-3.749905,2.959030,1,02/26/2026 19:15:44,30.062,23.212
2015,2,5,28147.740000,456.370000,0.475384,1.406689,-3.749905,2.958419,1,02/26/2026 19:16:04,30.251,23.228
2016,2,5,28167.740000,476.370000,0.496218,1.468323,-3.750057,2.958114,1,02/26/2026 19:16:24,30.470,23.228
2017,2,5,28187.740000,496.370000,0.517051,1.529946,-3.750057,2.957809,1,02/26/2026 19:16:44,30.690,23.244
2018,2,5,28207.740000,516.370000,0.537884,1.591558,-3.749905,2.956893,1,02/26/2026 19:17:04,30.816,23.244
2019,2,5,28227.740000,536.370000,0.558718,1.653155,-3.749905,2.955978,1,02/26/2026 19:17:24,31.036,23.244
2020,2,5,28247.740000,556.370000,0.579551,1.714735,-3.749905,2.955062,1,02/26/2026 19:17:44,31.177,23.244
2021,2,5,28267.740000,576.370000,0.600384,1.776295,-3.750057,2.954452,1,02/26/2026 19:18:04,31.287,23.244
2022,2,5,28287.740000,596.370000,0.621218,1.837834,-3.749905,2.953231,1,02/26/2026 19:18:24,31.428,23.228
2023,2,5,28307.740000,616.370000,0.642051,1.899346,-3.750057,2.951705,1,02/26/2026 19:18:44,31.632,23.228
2024,2,5,28327.740000,636.370000,0.662884,1.960832,-3.750057,2.950179,1,02/26/2026 19:19:04,31.617,23.228
2025,2,5,28347.740000,656.370000,0.683718,2.022287,-3.750057,2.948959,1,02/26/2026 19:19:24,31.805,23.212
2026,2,5,28367.740000,676.370000,0.704551,2.083714,-3.750057,2.947433,1,02/26/2026 19:19:44,31.868,23.195
2027,2,5,28387.740000,696.370000,0.725384,2.145111,-3.749752,2.946517,1,02/26/2026 19:20:04,31.993,23.163
2028,2,5,28407.740000,716.370000,0.746218,2.206476,-3.749905,2.944381,1,02/26/2026 19:20:24,32.166,23.163
2029,2,5,28427.740000,736.370000,0.767051,2.267802,-3.750057,2.942550,1,02/26/2026 19:20:44,32.135,23.147
2030,2,5,28447.740000,756.370000,0.787884,2.329093,-3.750057,2.941024,1,02/26/2026 19:21:04,32.260,23.131
2031,2,5,28467.740000,776.370000,0.808718,2.390345,-3.750057,2.938888,1,02/26/2026 19:21:24,32.370,23.131
2032,2,5,28487.740000,796.370000,0.829551,2.451559,-3.750057,2.937362,1,02/26/2026 19:21:44,32.621,23.147
2033,2,5,28507.740000,816.370000,0.850384,2.512731,-3.749905,2.934920,1,02/26/2026 19:22:04,32.574,23.147
2034,2,5,28527.740000,836.370000,0.871218,2.573857,-3.749905,2.933089,1,02/26/2026 19:22:24,32.794,23.163
2035,2,5,28547.740000,856.370000,0.892051,2.634940,-3.750057,2.930648,1,02/26/2026 19:22:44,32.888,23.179
2036,2,5,28567.740000,876.370000,0.912884,2.695974,-3.749905,2.928511,1,02/26/2026 19:23:04,32.888,23.179
2037,2,5,28587.740000,896.370000,0.933718,2.756957,-3.749905,2.925765,1,02/26/2026 19:23:24,33.045,23.179
2038,2,5,28607.740000,916.370000,0.954551,2.817885,-3.749905,2.923323,1,02/26/2026 19:23:44,33.171,23.195
2039,2,5,28627.740000,936.370000,0.975384,2.878761,-3.749752,2.920577,1,02/26/2026 19:24:04,33.296,23.212
2040,2,5,28647.740000,956.370000,0.996218,2.939577,-3.750057,2.917220,1,02/26/2026 19:24:24,33.391,23.212
2041,2,5,28667.740000,976.370000,1.017051,3.000331,-3.750057,2.914473,1,02/26/2026 19:24:44,33.485,23.228
2042,2,5,28687.740000,996.370000,1.037884,3.061023,-3.749905,2.911421,1,02/26/2026 19:25:04,33.579,23.244
2043,2,5,28707.740000,1016.370000,1.058718,3.121640,-3.749905,2.907759,1,02/26/2026 19:25:24,33.579,23.260
2044,2,5,28727.740000,1036.370000,1.079551,3.182186,-3.749905,2.904097,1,02/26/2026 19:25:44,33.783,23.276
2045,2,5,28747.740000,1056.370000,1.100384,3.242656,-3.750057,2.900130,1,02/26/2026 19:26:04,33.877,23.292
2046,2,5,28767.740000,1076.370000,1.121218,3.303037,-3.749905,2.896162,1,02/26/2026 19:26:24,34.128,23.324
2047,2,5,28787.350000,1095.980000,1.141645,3.362152,-3.750057,2.891279,5,02/26/2026 19:26:44,34.238,23.340
2048,2,5,28807.090000,1115.720000,1.162207,3.421559,-3.750057,2.886397,5,02/26/2026 19:27:04,34.333,23.340
2049,2,5,28824.860000,1133.490000,1.180718,3.474946,-3.750210,2.881514,5,02/26/2026 19:27:22,34.411,23.356
2050,2,5,28840.910000,1149.540000,1.197437,3.523084,-3.750057,2.876631,5,02/26/2026 19:27:38,34.442,23.356
2051,2,5,28855.100000,1163.730000,1.212218,3.565571,-3.750057,2.871748,5,02/26/2026 19:27:52,34.490,23.340
2052,2,5,28867.990000,1176.620000,1.225645,3.604103,-3.749905,2.866865,5,02/26/2026 19:28:05,34.537,23.324
2053,2,5,28881.140000,1189.770000,1.239343,3.643343,-3.750057,2.861982,5,02/26/2026 19:28:18,34.631,23.292
2054,2,5,28892.300000,1200.930000,1.250968,3.676588,-3.749905,2.857099,5,02/26/2026 19:28:29,34.694,23.276
2055,2,5,28903.280000,1211.910000,1.262405,3.709241,-3.750057,2.852216,5,02/26/2026 19:28:40,34.725,23.260
2056,2,5,28913.150000,1221.780000,1.272687,3.738543,-3.749752,2.847333,5,02/26/2026 19:28:50,34.741,23.228
2057,2,5,28923.020000,1231.650000,1.282968,3.767794,-3.750057,2.842451,5,02/26/2026 19:29:00,34.803,23.212
2058,2,5,28931.190000,1239.820000,1.291478,3.791964,-3.750210,2.837263,5,02/26/2026 19:29:08,34.851,23.212
2059,2,5,28939.860000,1248.490000,1.300509,3.817569,-3.749905,2.832380,5,02/26/2026 19:29:17,34.913,23.179
2060,2,5,28947.220000,1255.850000,1.308176,3.839267,-3.749905,2.827497,5,02/26/2026 19:29:24,34.945,23.179
2061,2,5,28954.270000,1262.900000,1.315520,3.860017,-3.750057,2.822614,5,02/26/2026 19:29:31,34.929,23.179
2062,2,5,28961.340000,1269.970000,1.322884,3.880788,-3.749905,2.817731,5,02/26/2026 19:29:38,35.070,23.163
2063,2,5,28967.420000,1276.050000,1.329218,3.898620,-3.750210,2.812848,5,02/26/2026 19:29:44,35.117,23.147
2064,2,5,28973.700000,1282.330000,1.335759,3.917007,-3.749752,2.807965,5,02/26/2026 19:29:50,35.180,23.147
2065,2,5,28979.260000,1287.890000,1.341551,3.933257,-3.750210,2.803082,5,02/26/2026 19:29:56,35.274,23.131
2066,2,5,28984.650000,1293.280000,1.347166,3.948983,-3.749905,2.798199,5,02/26/2026 19:30:01,35.306,23.115
2067,2,5,28990.110000,1298.740000,1.352853,3.964885,-3.750057,2.793317,5,02/26/2026 19:30:07,35.322,23.115
2068,2,5,28994.620000,1303.250000,1.357551,3.977997,-3.750057,2.788434,5,02/26/2026 19:30:11,35.306,23.115
2069,2,5,28999.590000,1308.220000,1.362728,3.992422,-3.749905,2.783551,5,02/26/2026 19:30:16,35.369,23.115
2070,2,5,29004.110000,1312.740000,1.367437,4.005517,-3.750057,2.778363,5,02/26/2026 19:30:21,35.400,23.115
2071,2,5,29008.870000,1317.500000,1.372395,4.019282,-3.750210,2.773175,5,02/26/2026 19:30:26,35.494,23.099
2072,2,5,29013.290000,1321.920000,1.376999,4.032039,-3.750057,2.767987,5,02/26/2026 19:30:30,35.557,23.099
2073,2,5,29017.360000,1325.990000,1.381239,4.043765,-3.749905,2.763104,5,02/26/2026 19:30:34,35.604,23.083
2074,2,5,29021.560000,1330.190000,1.385614,4.055843,-3.750057,2.757916,5,02/26/2026 19:30:38,35.588,23.099
2075,2,5,29025.400000,1334.030000,1.389614,4.066865,-3.750057,2.753033,5,02/26/2026 19:30:42,35.557,23.099
2076,2,5,29028.980000,1337.610000,1.393343,4.077123,-3.750057,2.747845,5,02/26/2026 19:30:46,35.573,23.099
2077,2,5,29032.650000,1341.280000,1.397166,4.087620,-3.749905,2.742962,5,02/26/2026 19:30:49,35.573,23.099
2078,2,5,29036.070000,1344.700000,1.400728,4.097383,-3.750210,2.737469,5,02/26/2026 19:30:53,35.636,23.099
2079,2,5,29039.930000,1348.560000,1.404749,4.108381,-3.749905,2.731975,5,02/26/2026 19:30:57,35.730,23.083
2080,2,5,29043.270000,1351.900000,1.408228,4.117878,-3.750210,2.727092,5,02/26/2026 19:31:00,35.730,23.099
2081,2,5,29046.640000,1355.270000,1.411739,4.127443,-3.750210,2.721904,5,02/26/2026 19:31:03,35.793,23.099
2082,2,5,29049.660000,1358.290000,1.414884,4.135999,-3.750057,2.717021,5,02/26/2026 19:31:06,35.871,23.099
2083,2,5,29052.700000,1361.330000,1.418051,4.144596,-3.750057,2.712139,5,02/26/2026 19:31:09,35.965,23.099
2084,2,5,29055.610000,1364.240000,1.421082,4.152810,-3.750057,2.706950,5,02/26/2026 19:31:12,36.028,23.099
2085,2,5,29058.470000,1367.100000,1.424062,4.160867,-3.750057,2.701762,5,02/26/2026 19:31:15,36.012,23.099
2086,2,5,29061.330000,1369.960000,1.427041,4.168910,-3.749905,2.696880,5,02/26/2026 19:31:18,36.044,23.099
2087,2,5,29064.150000,1372.780000,1.429978,4.176825,-3.750057,2.691691,5,02/26/2026 19:31:21,36.122,23.099
2088,2,5,29066.890000,1375.520000,1.432832,4.184501,-3.750057,2.686198,5,02/26/2026 19:31:24,36.185,23.099
2089,2,5,29069.800000,1378.430000,1.435864,4.192637,-3.750057,2.681010,5,02/26/2026 19:31:26,36.264,23.099
2090,2,5,29072.310000,1380.940000,1.438478,4.199641,-3.749752,2.675822,5,02/26/2026 19:31:29,36.311,23.099
2091,2,5,29075.070000,1383.700000,1.441353,4.207327,-3.749905,2.670634,5,02/26/2026 19:31:32,36.326,23.099
2092,2,5,29077.510000,1386.140000,1.443895,4.214109,-3.749752,2.665446,5,02/26/2026 19:31:34,36.373,23.099
2093,2,5,29079.970000,1388.600000,1.446457,4.220933,-3.749905,2.660563,5,02/26/2026 19:31:37,36.373,23.099
2094,2,5,29082.330000,1390.960000,1.448916,4.227468,-3.750057,2.655375,5,02/26/2026 19:31:39,36.405,23.115
2095,2,5,29084.580000,1393.210000,1.451259,4.233686,-3.750057,2.650492,5,02/26/2026 19:31:41,36.452,23.099
2096,2,5,29086.830000,1395.460000,1.453603,4.239893,-3.750057,2.645609,5,02/26/2026 19:31:43,36.515,23.099
2097,2,5,29088.910000,1397.540000,1.455770,4.245619,-3.750057,2.640421,5,02/26/2026 19:31:46,36.546,23.115
2098,2,5,29091.110000,1399.740000,1.458062,4.251666,-3.750057,2.635538,5,02/26/2026 19:31:48,36.593,23.115
2099,2,5,29093.290000,1401.920000,1.460332,4.257645,-3.749905,2.630655,5,02/26/2026 19:31:50,36.672,23.115
2100,2,5,29095.170000,1403.800000,1.462291,4.262793,-3.750057,2.625467,5,02/26/2026 19:31:52,36.703,23.115
2101,2,5,29097.580000,1406.210000,1.464801,4.269378,-3.749905,2.620279,5,02/26/2026 19:31:54,36.735,23.115
2102,2,5,29099.470000,1408.100000,1.466770,4.274532,-3.750057,2.615091,5,02/26/2026 19:31:56,36.782,23.115
2103,2,5,29101.650000,1410.280000,1.469041,4.280465,-3.750057,2.609903,5,02/26/2026 19:31:58,36.813,23.115
2104,2,5,29103.580000,1412.210000,1.471051,4.285707,-3.749905,2.604715,5,02/26/2026 19:32:00,36.829,23.131
2105,2,5,29105.600000,1414.230000,1.473155,4.291183,-3.749905,2.599527,5,02/26/2026 19:32:02,36.813,23.131
2106,2,5,29107.640000,1416.270000,1.475280,4.296702,-3.749905,2.594339,5,02/26/2026 19:32:04,36.844,23.131
2107,2,5,29109.560000,1418.190000,1.477280,4.301886,-3.750057,2.589151,5,02/26/2026 19:32:06,36.923,23.131
2108,2,5,29111.480000,1420.110000,1.479280,4.307060,-3.750057,2.583963,5,02/26/2026 19:32:08,36.954,23.131
2109,2,5,29113.370000,1422.000000,1.481249,4.312142,-3.750057,2.579080,5,02/26/2026 19:32:10,36.970,23.147
2110,2,5,29115.150000,1423.780000,1.483103,4.316920,-3.750057,2.574197,5,02/26/2026 19:32:12,37.048,23.147
2111,2,5,29116.910000,1425.540000,1.484937,4.321635,-3.750057,2.569009,5,02/26/2026 19:32:14,37.111,23.147
2112,2,5,29118.650000,1427.280000,1.486749,4.326286,-3.750057,2.564126,5,02/26/2026 19:32:15,37.158,23.147
2113,2,5,29120.350000,1428.980000,1.488520,4.330823,-3.749905,2.558938,5,02/26/2026 19:32:17,37.158,23.147
2114,2,5,29122.070000,1430.700000,1.490312,4.335403,-3.750057,2.554055,5,02/26/2026 19:32:19,37.158,23.147
2115,2,5,29123.640000,1432.270000,1.491947,4.339576,-3.750057,2.548867,5,02/26/2026 19:32:20,37.174,23.163
2116,2,5,29125.390000,1434.020000,1.493770,4.344219,-3.749905,2.543984,5,02/26/2026 19:32:22,37.205,23.147
2117,2,5,29126.940000,1435.570000,1.495384,4.348322,-3.750057,2.539101,5,02/26/2026 19:32:24,37.221,23.163
2118,2,5,29128.540000,1437.170000,1.497051,4.352550,-3.750057,2.534218,5,02/26/2026 19:32:25,37.253,23.163
2119,2,5,29130.170000,1438.800000,1.498749,4.356849,-3.750057,2.529030,5,02/26/2026 19:32:27,37.315,23.163
2120,2,5,29131.720000,1440.350000,1.500364,4.360928,-3.749905,2.523842,5,02/26/2026 19:32:28,37.394,23.179
2121,2,5,29133.430000,1442.060000,1.502145,4.365419,-3.750057,2.518959,5,02/26/2026 19:32:30,37.472,23.179
2122,2,5,29134.820000,1443.450000,1.503593,4.369063,-3.750057,2.514076,5,02/26/2026 19:32:31,37.504,23.179
2123,2,5,29136.410000,1445.040000,1.505249,4.373223,-3.750057,2.509194,5,02/26/2026 19:32:33,37.551,23.179
2124,2,5,29137.900000,1446.530000,1.506801,4.377114,-3.750057,2.504005,5,02/26/2026 19:32:35,37.598,23.179
2125,2,5,29139.150000,1447.780000,1.508103,4.380372,-3.749905,2.500038,133,02/26/2026 19:32:36,37.629,23.179
2126,2,6,29139.160000,0.010000,0.000000,0.000000,0.000000,2.721599,0,02/26/2026 19:32:36,37.629,23.179
2127,2,6,29139.320000,0.170000,0.000000,0.000000,0.000000,2.741131,5,02/26/2026 19:32:36,37.645,23.179
2128,2,6,29139.450000,0.300000,0.000000,0.000000,0.000000,2.753948,5,02/26/2026 19:32:36,37.645,23.179
2129,2,6,29139.590000,0.440000,0.000000,0.000000,0.000000,2.765850,5,02/26/2026 19:32:36,37.645,23.179
2130,2,6,29139.730000,0.580000,0.000000,0.000000,0.000000,2.776226,5,02/26/2026 19:32:36,37.645,23.179
2131,2,6,29139.870000,0.720000,0.000000,0.000000,0.000000,2.786603,5,02/26/2026 19:32:37,37.645,23.179
2132,2,6,29140.010000,0.860000,0.000000,0.000000,0.000000,2.796674,5,02/26/2026 19:32:37,37.645,23.179
2133,2,6,29140.170000,1.020000,0.000000,0.000000,0.000000,2.806744,5,02/26/2026 19:32:37,37.661,23.179
2134,2,6,29140.330000,1.180000,0.000000,0.000000,0.000000,2.816510,5,02/26/2026 19:32:37,37.661,23.179
2135,2,6,29140.500000,1.350000,0.000000,0.000000,0.000000,2.825971,5,02/26/2026 19:32:37,37.661,23.179
2136,2,6,29140.670000,1.520000,0.000000,0.000000,0.000000,2.835126,5,02/26/2026 19:32:37,37.661,23.179
2137,2,6,29140.850000,1.700000,0.000000,0.000000,0.000000,2.844282,5,02/26/2026 19:32:37,37.661,23.179
2138,2,6,29141.040000,1.890000,0.000000,0.000000,0.000000,2.853437,5,02/26/2026 19:32:38,37.661,23.179
2139,2,6,29141.230000,2.080000,0.000000,0.000000,0.000000,2.861677,5,02/26/2026 19:32:38,37.661,23.179
2140,2,6,29141.420000,2.270000,0.000000,0.000000,0.000000,2.870222,5,02/26/2026 19:32:38,37.661,23.179
2141,2,6,29141.620000,2.470000,0.000000,0.000000,0.000000,2.878462,5,02/26/2026 19:32:38,37.661,23.179
2142,2,6,29141.830000,2.680000,0.000000,0.000000,0.000000,2.887007,5,02/26/2026 19:32:38,37.676,23.179
2143,2,6,29142.030000,2.880000,0.000000,0.000000,0.000000,2.894636,5,02/26/2026 19:32:39,37.676,23.179
2144,2,6,29142.250000,3.100000,0.000000,0.000000,0.000000,2.902876,5,02/26/2026 19:32:39,37.676,23.179
2145,2,6,29142.480000,3.330000,0.000000,0.000000,0.000000,2.910811,5,02/26/2026 19:32:39,37.692,23.179
2146,2,6,29142.710000,3.560000,0.000000,0.000000,0.000000,2.918441,5,02/26/2026 19:32:39,37.692,23.179
2147,2,6,29142.940000,3.790000,0.000000,0.000000,0.000000,2.925765,5,02/26/2026 19:32:40,37.708,23.179
2148,2,6,29143.160000,4.010000,0.000000,0.000000,0.000000,2.932784,5,02/26/2026 19:32:40,37.724,23.179
2149,2,6,29143.400000,4.250000,0.000000,0.000000,0.000000,2.940108,5,02/26/2026 19:32:40,37.724,23.179
2150,2,6,29143.640000,4.490000,0.000000,0.000000,0.000000,2.946517,5,02/26/2026 19:32:40,37.724,23.179
2151,2,6,29143.870000,4.720000,0.000000,0.000000,0.000000,2.953841,5,02/26/2026 19:32:41,37.739,23.179
2152,2,6,29144.140000,4.990000,0.000000,0.000000,0.000000,2.960861,5,02/26/2026 19:32:41,37.755,23.179
2153,2,6,29144.410000,5.260000,0.000000,0.000000,0.000000,2.967880,5,02/26/2026 19:32:41,37.755,23.179
2154,2,6,29144.670000,5.520000,0.000000,0.000000,0.000000,2.973983,5,02/26/2026 19:32:41,37.771,23.179
2155,2,6,29144.930000,5.780000,0.000000,0.000000,0.000000,2.980697,5,02/26/2026 19:32:42,37.771,23.179
2156,2,6,29145.240000,6.090000,0.000000,0.000000,0.000000,2.987411,5,02/26/2026 19:32:42,37.771,23.179
2157,2,6,29145.540000,6.390000,0.000000,0.000000,0.000000,2.994125,5,02/26/2026 19:32:42,37.786,23.179
2158,2,6,29145.860000,6.710000,0.000000,0.000000,0.000000,3.000839,5,02/26/2026 19:32:43,37.786,23.179
2159,2,6,29146.180000,7.030000,0.000000,0.000000,0.000000,3.007248,5,02/26/2026 19:32:43,37.786,23.179
2160,2,6,29146.520000,7.370000,0.000000,0.000000,0.000000,3.014267,5,02/26/2026 19:32:43,37.786,23.179
2161,2,6,29146.890000,7.740000,0.000000,0.000000,0.000000,3.020371,5,02/26/2026 19:32:44,37.771,23.179
2162,2,6,29147.230000,8.080000,0.000000,0.000000,0.000000,3.026474,5,02/26/2026 19:32:44,37.771,23.179
2163,2,6,29147.610000,8.460000,0.000000,0.000000,0.000000,3.032883,5,02/26/2026 19:32:44,37.786,23.179
2164,2,6,29148.030000,8.880000,0.000000,0.000000,0.000000,3.039292,5,02/26/2026 19:32:45,37.786,23.179
2165,2,6,29148.440000,9.290000,0.000000,0.000000,0.000000,3.044785,5,02/26/2026 19:32:45,37.786,23.179
2166,2,6,29148.820000,9.670000,0.000000,0.000000,0.000000,3.050278,5,02/26/2026 19:32:45,37.802,23.179
2167,2,6,29149.260000,10.110000,0.000000,0.000000,0.000000,3.056382,5,02/26/2026 19:32:46,37.818,23.179
2168,2,6,29149.750000,10.600000,0.000000,0.000000,0.000000,3.062486,5,02/26/2026 19:32:46,37.833,23.179
2169,2,6,29150.250000,11.100000,0.000000,0.000000,0.000000,3.067979,5,02/26/2026 19:32:47,37.849,23.179
2170,2,6,29150.750000,11.600000,0.000000,0.000000,0.000000,3.073777,5,02/26/2026 19:32:47,37.881,23.195
2171,2,6,29151.320000,12.170000,0.000000,0.000000,0.000000,3.079271,5,02/26/2026 19:32:48,37.896,23.179
2172,2,6,29151.900000,12.750000,0.000000,0.000000,0.000000,3.084764,5,02/26/2026 19:32:49,37.912,23.195
2173,2,6,29152.560000,13.410000,0.000000,0.000000,0.000000,3.090257,5,02/26/2026 19:32:49,37.912,23.195
2174,2,6,29153.260000,14.110000,0.000000,0.000000,0.000000,3.095445,5,02/26/2026 19:32:50,37.912,23.195
2175,2,6,29153.920000,14.770000,0.000000,0.000000,0.000000,3.100633,5,02/26/2026 19:32:51,37.912,23.195
2176,2,6,29154.790000,15.640000,0.000000,0.000000,0.000000,3.106126,5,02/26/2026 19:32:51,37.896,23.179
2177,2,6,29155.640000,16.490000,0.000000,0.000000,0.000000,3.111009,5,02/26/2026 19:32:52,37.881,23.195
2178,2,6,29156.400000,17.250000,0.000000,0.000000,0.000000,3.115892,5,02/26/2026 19:32:53,37.865,23.179
2179,2,6,29157.520000,18.370000,0.000000,0.000000,0.000000,3.121080,5,02/26/2026 19:32:54,37.849,23.195
2180,2,6,29158.580000,19.430000,0.000000,0.000000,0.000000,3.125963,5,02/26/2026 19:32:55,37.802,23.195
2181,2,6,29159.880000,20.730000,0.000000,0.000000,0.000000,3.131151,5,02/26/2026 19:32:57,37.739,23.195
2182,2,6,29161.300000,22.150000,0.000000,0.000000,0.000000,3.136339,5,02/26/2026 19:32:58,37.676,23.195
2183,2,6,29163.020000,23.870000,0.000000,0.000000,0.000000,3.141527,5,02/26/2026 19:33:00,37.614,23.195
2184,2,6,29164.900000,25.750000,0.000000,0.000000,0.000000,3.146715,5,02/26/2026 19:33:02,37.567,23.195
2185,2,6,29166.910000,27.760000,0.000000,0.000000,0.000000,3.151598,5,02/26/2026 19:33:04,37.519,23.212
2186,2,6,29169.350000,30.200000,0.000000,0.000000,0.000000,3.156481,5,02/26/2026 19:33:06,37.457,23.195
2187,2,6,29172.050000,32.900000,0.000000,0.000000,0.000000,3.161364,5,02/26/2026 19:33:09,37.457,23.212
2188,2,6,29175.550000,36.400000,0.000000,0.000000,0.000000,3.166552,5,02/26/2026 19:33:12,37.425,23.212
2189,2,6,29179.550000,40.400000,0.000000,0.000000,0.000000,3.171435,5,02/26/2026 19:33:16,37.331,23.212
2190,2,6,29183.920000,44.770000,0.000000,0.000000,0.000000,3.176623,5,02/26/2026 19:33:21,37.284,23.212
2191,2,6,29190.380000,51.230000,0.000000,0.000000,0.000000,3.181506,5,02/26/2026 19:33:27,37.158,23.228
2192,2,6,29197.340000,58.190000,0.000000,0.000000,0.000000,3.186389,5,02/26/2026 19:33:34,36.860,23.228
2193,2,6,29207.640000,68.490000,0.000000,0.000000,0.000000,3.191577,5,02/26/2026 19:33:44,36.656,23.244
2194,2,6,29220.750000,81.600000,0.000000,0.000000,0.000000,3.196460,5,02/26/2026 19:33:57,36.358,23.260
2195,2,6,29239.670000,100.520000,0.000000,0.000000,0.000000,3.201343,5,02/26/2026 19:34:16,35.934,23.276
2196,2,6,29259.670000,120.520000,0.000000,0.000000,0.000000,3.204700,1,02/26/2026 19:34:36,35.400,23.292
2197,2,6,29279.670000,140.520000,0.000000,0.000000,0.000000,3.207141,1,02/26/2026 19:34:56,34.976,23.292
2198,2,6,29299.670000,160.520000,0.000000,0.000000,0.000000,3.209277,1,02/26/2026 19:35:16,34.615,23.308
2199,2,6,29319.670000,180.520000,0.000000,0.000000,0.000000,3.210803,1,02/26/2026 19:35:36,34.144,23.340
2200,2,6,29339.670000,200.520000,0.000000,0.000000,0.000000,3.212024,1,02/26/2026 19:35:56,33.862,23.324
2201,2,6,29359.670000,220.520000,0.000000,0.000000,0.000000,3.212634,1,02/26/2026 19:36:16,33.453,23.340
2202,2,6,29379.670000,240.520000,0.000000,0.000000,0.000000,3.213245,1,02/26/2026 19:36:36,33.045,23.340
2203,2,6,29399.670000,260.520000,0.000000,0.000000,0.000000,3.214160,1,02/26/2026 19:36:56,32.825,23.340
2204,2,6,29419.670000,280.520000,0.000000,0.000000,0.000000,3.214466,1,02/26/2026 19:37:16,32.449,23.340
2205,2,6,29439.670000,300.520000,0.000000,0.000000,0.000000,3.215076,1,02/26/2026 19:37:36,32.103,23.324
2206,2,6,29459.670000,320.520000,0.000000,0.000000,0.000000,3.215381,1,02/26/2026 19:37:56,31.726,23.324
2207,2,6,29479.670000,340.520000,0.000000,0.000000,0.000000,3.215686,1,02/26/2026 19:38:16,31.460,23.308
2208,2,6,29499.670000,360.520000,0.000000,0.000000,0.000000,3.215991,1,02/26/2026 19:38:36,31.130,23.308
2209,2,6,29519.670000,380.520000,0.000000,0.000000,0.000000,3.216297,1,02/26/2026 19:38:56,30.847,23.292
2210,2,6,29539.670000,400.520000,0.000000,0.000000,0.000000,3.216602,1,02/26/2026 19:39:16,30.627,23.276
2211,2,6,29559.670000,420.520000,0.000000,0.000000,0.000000,3.216602,1,02/26/2026 19:39:36,30.408,23.244
2212,2,6,29579.670000,440.520000,0.000000,0.000000,0.000000,3.216602,1,02/26/2026 19:39:56,30.015,23.228
2213,2,6,29599.670000,460.520000,0.000000,0.000000,0.000000,3.217212,1,02/26/2026 19:40:16,29.758,23.195
2214,2,6,29619.670000,480.520000,0.000000,0.000000,0.000000,3.217212,1,02/26/2026 19:40:36,29.485,23.163
2215,2,6,29639.670000,500.520000,0.000000,0.000000,0.000000,3.217212,1,02/26/2026 19:40:56,29.227,23.147
2216,2,6,29659.670000,520.520000,0.000000,0.000000,0.000000,3.217212,1,02/26/2026 19:41:16,28.970,23.131
2217,2,6,29679.670000,540.520000,0.000000,0.000000,0.000000,3.217823,1,02/26/2026 19:41:36,28.761,23.099
2218,2,6,29699.670000,560.520000,0.000000,0.000000,0.000000,3.217517,1,02/26/2026 19:41:56,28.552,23.083
2219,2,6,29719.670000,580.520000,0.000000,0.000000,0.000000,3.217823,1,02/26/2026 19:42:16,28.343,23.067
2220,2,6,29739.670000,600.520000,0.000000,0.000000,0.000000,3.217823,1,02/26/2026 19:42:36,28.166,23.067
2221,2,6,29759.670000,620.520000,0.000000,0.000000,0.000000,3.218128,1,02/26/2026 19:42:56,27.973,23.083
2222,2,6,29779.670000,640.520000,0.000000,0.000000,0.000000,3.218128,1,02/26/2026 19:43:16,27.780,23.083
2223,2,6,29799.670000,660.520000,0.000000,0.000000,0.000000,3.218128,1,02/26/2026 19:43:36,27.651,23.099
2224,2,6,29819.670000,680.520000,0.000000,0.000000,0.000000,3.217823,1,02/26/2026 19:43:56,27.490,23.099
2225,2,6,29839.670000,700.520000,0.000000,0.000000,0.000000,3.218128,1,02/26/2026 19:44:16,27.345,23.115
2226,2,6,29859.670000,720.520000,0.000000,0.000000,0.000000,3.218433,1,02/26/2026 19:44:36,27.184,23.131
2227,2,6,29879.670000,740.520000,0.000000,0.000000,0.000000,3.218738,1,02/26/2026 19:44:56,27.072,23.131
2228,2,6,29899.670000,760.520000,0.000000,0.000000,0.000000,3.218433,1,02/26/2026 19:45:16,26.975,23.131
2229,2,6,29919.670000,780.520000,0.000000,0.000000,0.000000,3.218738,1,02/26/2026 19:45:36,26.814,23.147
2230,2,6,29939.670000,800.520000,0.000000,0.000000,0.000000,3.218433,1,02/26/2026 19:45:56,26.702,23.147
2231,2,6,29959.670000,820.520000,0.000000,0.000000,0.000000,3.218738,1,02/26/2026 19:46:16,26.573,23.163
2232,2,6,29979.670000,840.520000,0.000000,0.000000,0.000000,3.218738,1,02/26/2026 19:46:36,26.493,23.179
2233,2,6,29999.670000,860.520000,0.000000,0.000000,0.000000,3.218738,1,02/26/2026 19:46:56,26.396,23.195
2234,2,6,30019.670000,880.520000,0.000000,0.000000,0.000000,3.219043,1,02/26/2026 19:47:16,26.300,23.212
2235,2,6,30039.670000,900.520000,0.000000,0.000000,0.000000,3.219043,1,02/26/2026 19:47:36,26.171,23.212
2236,2,6,30059.670000,920.520000,0.000000,0.000000,0.000000,3.218738,1,02/26/2026 19:47:56,26.123,23.212
2237,2,6,30079.670000,940.520000,0.000000,0.000000,0.000000,3.219043,1,02/26/2026 19:48:16,25.994,23.212
2238,2,6,30099.670000,960.520000,0.000000,0.000000,0.000000,3.219043,1,02/26/2026 19:48:36,25.898,23.212
2239,2,6,30119.670000,980.520000,0.000000,0.000000,0.000000,3.219348,1,02/26/2026 19:48:56,25.769,23.212
2240,2,6,30139.670000,1000.520000,0.000000,0.000000,0.000000,3.219348,1,02/26/2026 19:49:16,25.688,23.195
2241,2,6,30159.670000,1020.520000,0.000000,0.000000,0.000000,3.219348,1,02/26/2026 19:49:36,25.592,23.179
2242,2,6,30179.670000,1040.520000,0.000000,0.000000,0.000000,3.219043,1,02/26/2026 19:49:56,25.495,23.147
2243,2,6,30199.670000,1060.520000,0.000000,0.000000,0.000000,3.219654,1,02/26/2026 19:50:16,25.399,23.115
2244,2,6,30219.670000,1080.520000,0.000000,0.000000,0.000000,3.219348,1,02/26/2026 19:50:36,25.254,23.083
2245,2,6,30239.670000,1100.520000,0.000000,0.000000,0.000000,3.219348,1,02/26/2026 19:50:56,25.174,23.067
2246,2,6,30259.670000,1120.520000,0.000000,0.000000,0.000000,3.219348,1,02/26/2026 19:51:16,25.109,23.035
2247,2,6,30279.670000,1140.520000,0.000000,0.000000,0.000000,3.219348,1,02/26/2026 19:51:36,25.029,23.019
2248,2,6,30299.670000,1160.520000,0.000000,0.000000,0.000000,3.219654,1,02/26/2026 19:51:56,24.932,23.002
2249,2,6,30319.670000,1180.520000,0.000000,0.000000,0.000000,3.219348,1,02/26/2026 19:52:16,24.852,22.986
2250,2,6,30339.670000,1200.520000,0.000000,0.000000,0.000000,3.219043,1,02/26/2026 19:52:36,24.788,22.970
2251,2,6,30359.670000,1220.520000,0.000000,0.000000,0.000000,3.219348,1,02/26/2026 19:52:56,24.707,22.970
2252,2,6,30379.670000,1240.520000,0.000000,0.000000,0.000000,3.219654,1,02/26/2026 19:53:16,24.675,22.970
2253,2,6,30399.670000,1260.520000,0.000000,0.000000,0.000000,3.219348,1,02/26/2026 19:53:36,24.627,22.986
2254,2,6,30419.670000,1280.520000,0.000000,0.000000,0.000000,3.219654,1,02/26/2026 19:53:56,24.579,22.986
2255,2,6,30439.670000,1300.520000,0.000000,0.000000,0.000000,3.219348,1,02/26/2026 19:54:16,24.546,22.986
2256,2,6,30459.670000,1320.520000,0.000000,0.000000,0.000000,3.219654,1,02/26/2026 19:54:36,24.498,22.986
2257,2,6,30479.670000,1340.520000,0.000000,0.000000,0.000000,3.219348,1,02/26/2026 19:54:56,24.450,22.986
2258,2,6,30499.670000,1360.520000,0.000000,0.000000,0.000000,3.219654,1,02/26/2026 19:55:16,24.418,22.986
2259,2,6,30519.670000,1380.520000,0.000000,0.000000,0.000000,3.219348,1,02/26/2026 19:55:36,24.386,22.986
2260,2,6,30539.670000,1400.520000,0.000000,0.000000,0.000000,3.219654,1,02/26/2026 19:55:56,24.369,23.002
2261,2,6,30559.670000,1420.520000,0.000000,0.000000,0.000000,3.219348,1,02/26/2026 19:56:16,24.337,23.002
2262,2,6,30579.670000,1440.520000,0.000000,0.000000,0.000000,3.219654,1,02/26/2026 19:56:36,24.305,23.002
2263,2,6,30599.670000,1460.520000,0.000000,0.000000,0.000000,3.219654,1,02/26/2026 19:56:56,24.257,23.002
2264,2,6,30619.670000,1480.520000,0.000000,0.000000,0.000000,3.219959,1,02/26/2026 19:57:16,24.241,23.002
2265,2,6,30639.670000,1500.520000,0.000000,0.000000,0.000000,3.219654,1,02/26/2026 19:57:36,24.192,23.002
2266,2,6,30659.670000,1520.520000,0.000000,0.000000,0.000000,3.219654,1,02/26/2026 19:57:56,24.176,23.002
2267,2,6,30679.670000,1540.520000,0.000000,0.000000,0.000000,3.219654,1,02/26/2026 19:58:16,24.144,23.002
2268,2,6,30699.670000,1560.520000,0.000000,0.000000,0.000000,3.219654,1,02/26/2026 19:58:36,24.128,23.002
2269,2,6,30719.670000,1580.520000,0.000000,0.000000,0.000000,3.219654,1,02/26/2026 19:58:56,24.096,22.986
2270,2,6,30739.670000,1600.520000,0.000000,0.000000,0.000000,3.219348,1,02/26/2026 19:59:16,24.048,22.970
2271,2,6,30759.670000,1620.520000,0.000000,0.000000,0.000000,3.219959,1,02/26/2026 19:59:36,24.016,22.954
2272,2,6,30779.670000,1640.520000,0.000000,0.000000,0.000000,3.219654,1,02/26/2026 19:59:56,23.983,22.938
2273,2,6,30799.670000,1660.520000,0.000000,0.000000,0.000000,3.219654,1,02/26/2026 20:00:16,23.935,22.922
2274,2,6,30819.670000,1680.520000,0.000000,0.000000,0.000000,3.219654,1,02/26/2026 20:00:36,23.887,22.906
2275,2,6,30839.670000,1700.520000,0.000000,0.000000,0.000000,3.219654,1,02/26/2026 20:00:56,23.839,22.874
2276,2,6,30859.670000,1720.520000,0.000000,0.000000,0.000000,3.219959,1,02/26/2026 20:01:16,23.790,22.858
2277,2,6,30879.670000,1740.520000,0.000000,0.000000,0.000000,3.219348,1,02/26/2026 20:01:36,23.742,22.826
2278,2,6,30899.670000,1760.520000,0.000000,0.000000,0.000000,3.219348,1,02/26/2026 20:01:56,23.694,22.809
2279,2,6,30919.670000,1780.520000,0.000000,0.000000,0.000000,3.219654,1,02/26/2026 20:02:16,23.646,22.793
2280,2,6,30939.150000,1800.000000,0.000000,0.000000,0.000000,3.219654,129,02/26/2026 20:02:36,23.613,22.761
2281,2,7,30939.280000,1800.130000,0.000034,0.000115,1.954223,3.371023,0,02/26/2026 20:02:36,23.613,22.761
2282,2,7,30939.460000,1800.310000,0.000132,0.000444,1.949798,3.378347,5,02/26/2026 20:02:37,23.613,22.761
2283,2,7,30939.760000,1800.610000,0.000294,0.000994,1.949798,3.384756,5,02/26/2026 20:02:37,23.613,22.761
2284,2,7,30940.120000,1800.970000,0.000489,0.001654,1.949798,3.390249,5,02/26/2026 20:02:37,23.613,22.761
2285,2,7,30940.670000,1801.520000,0.000787,0.002665,1.949798,3.395743,5,02/26/2026 20:02:38,23.597,22.761
2286,2,7,30941.310000,1802.160000,0.001134,0.003843,1.950103,3.400931,5,02/26/2026 20:02:38,23.597,22.761
2287,2,7,30942.330000,1803.180000,0.001686,0.005724,1.949950,3.406119,5,02/26/2026 20:02:39,23.597,22.761
2288,2,7,30943.710000,1804.560000,0.002434,0.008272,1.949950,3.411612,5,02/26/2026 20:02:41,23.597,22.761
2289,2,7,30945.900000,1806.750000,0.003620,0.012322,1.949950,3.416800,5,02/26/2026 20:02:43,23.597,22.761
2290,2,7,30949.260000,1810.110000,0.005440,0.018545,1.949798,3.421683,5,02/26/2026 20:02:46,23.597,22.761
2291,2,7,30954.210000,1815.060000,0.008121,0.027727,1.949950,3.426566,5,02/26/2026 20:02:51,23.597,22.745
2292,2,7,30961.970000,1822.820000,0.012324,0.042140,1.949950,3.431449,5,02/26/2026 20:02:59,23.597,22.745
2293,2,7,30973.710000,1834.560000,0.018683,0.063977,1.949950,3.436332,5,02/26/2026 20:03:11,23.646,22.745
2294,2,7,30993.710000,1854.560000,0.029516,0.101231,1.949950,3.441215,1,02/26/2026 20:03:31,23.742,22.745
2295,2,7,31013.710000,1874.560000,0.040349,0.138532,1.949798,3.445487,1,02/26/2026 20:03:51,23.855,22.745
2296,2,7,31033.710000,1894.560000,0.051181,0.175875,1.949950,3.448844,1,02/26/2026 20:04:11,23.967,22.761
2297,2,7,31053.710000,1914.560000,0.062014,0.213258,1.949798,3.452811,1,02/26/2026 20:04:31,24.080,22.777
2298,2,7,31073.710000,1934.560000,0.072847,0.250681,1.949798,3.456474,1,02/26/2026 20:04:51,24.176,22.793
2299,2,7,31093.710000,1954.560000,0.083679,0.288145,1.949798,3.460441,1,02/26/2026 20:05:11,24.305,22.793
2300,2,7,31113.710000,1974.560000,0.094512,0.325653,1.949950,3.464408,1,02/26/2026 20:05:31,24.402,22.809
2301,2,7,31133.710000,1994.560000,0.105345,0.363203,1.950103,3.468070,1,02/26/2026 20:05:51,24.498,22.809
2302,2,7,31153.710000,2014.560000,0.116178,0.400796,1.949950,3.472038,1,02/26/2026 20:06:11,24.611,22.826
2303,2,7,31173.710000,2034.560000,0.127010,0.438430,1.950103,3.476005,1,02/26/2026 20:06:31,24.691,22.842
2304,2,7,31193.710000,2054.560000,0.137843,0.476104,1.949950,3.479057,1,02/26/2026 20:06:51,24.755,22.858
2305,2,7,31213.710000,2074.560000,0.148676,0.513815,1.949950,3.482719,1,02/26/2026 20:07:11,24.852,22.858
2306,2,7,31233.710000,2094.560000,0.159509,0.551560,1.949950,3.486076,1,02/26/2026 20:07:31,24.932,22.874
2307,2,7,31253.710000,2114.560000,0.170341,0.589338,1.950103,3.488518,1,02/26/2026 20:07:51,24.981,22.874
2308,2,7,31273.710000,2134.560000,0.181174,0.627144,1.949950,3.490959,1,02/26/2026 20:08:11,25.077,22.890
2309,2,7,31293.710000,2154.560000,0.192007,0.664976,1.949950,3.493706,1,02/26/2026 20:08:31,25.142,22.890
2310,2,7,31313.710000,2174.560000,0.202840,0.702835,1.949798,3.495537,1,02/26/2026 20:08:51,25.222,22.906
2311,2,7,31333.710000,2194.560000,0.213672,0.740714,1.949950,3.497673,1,02/26/2026 20:09:11,25.270,22.922
2312,2,7,31353.710000,2214.560000,0.224505,0.778612,1.949950,3.499199,1,02/26/2026 20:09:31,25.302,22.922
2313,2,7,31373.710000,2234.560000,0.235338,0.816526,1.949798,3.500725,1,02/26/2026 20:09:51,25.399,22.906
2314,2,7,31393.710000,2254.560000,0.246171,0.854455,1.949950,3.501640,1,02/26/2026 20:10:11,25.463,22.906
2315,2,7,31413.710000,2274.560000,0.257003,0.892400,1.949798,3.503166,1,02/26/2026 20:10:31,25.495,22.906
2316,2,7,31433.710000,2294.560000,0.267836,0.930357,1.949798,3.504387,1,02/26/2026 20:10:51,25.544,22.890
2317,2,7,31453.710000,2314.560000,0.278669,0.968324,1.949950,3.505303,1,02/26/2026 20:11:11,25.544,22.858
2318,2,7,31473.710000,2334.560000,0.289502,1.006301,1.949798,3.506218,1,02/26/2026 20:11:31,25.592,22.826
2319,2,7,31493.710000,2354.560000,0.300334,1.044288,1.949645,3.506828,1,02/26/2026 20:11:51,25.608,22.809
2320,2,7,31496.620000,2357.470000,0.301910,1.049815,1.949645,3.506828,164,02/26/2026 20:11:54,25.624,22.809
2321,2,8,31496.630000,2357.480000,0.301910,1.049815,2.175021,3.522087,0,02/26/2026 20:11:54,25.624,22.809
2322,2,8,31513.030000,2373.880000,0.311825,1.084770,2.175021,3.526970,5,02/26/2026 20:12:10,25.688,22.777
2323,2,8,31533.030000,2393.880000,0.323908,1.127397,2.175021,3.528496,1,02/26/2026 20:12:30,25.705,22.761
2324,2,8,31553.030000,2413.880000,0.335991,1.170039,2.175021,3.529412,1,02/26/2026 20:12:50,25.785,22.729
2325,2,8,31573.030000,2433.880000,0.348074,1.212689,2.174716,3.530022,1,02/26/2026 20:13:10,25.882,22.729
2326,2,8,31593.030000,2453.880000,0.360157,1.255346,2.175174,3.530327,1,02/26/2026 20:13:30,25.930,22.713
2327,2,8,31613.030000,2473.880000,0.372240,1.298009,2.174868,3.530938,1,02/26/2026 20:13:50,25.994,22.697
2328,2,8,31633.030000,2493.880000,0.384323,1.340678,2.175021,3.531548,1,02/26/2026 20:14:10,26.058,22.681
2329,2,8,31653.030000,2513.880000,0.396407,1.383354,2.175174,3.531853,1,02/26/2026 20:14:30,26.171,22.681
2330,2,8,31673.030000,2533.880000,0.408490,1.426035,2.175174,3.532464,1,02/26/2026 20:14:50,26.235,22.697
2331,2,8,31693.030000,2553.880000,0.420573,1.468721,2.174868,3.533074,1,02/26/2026 20:15:10,26.332,22.713
2332,2,8,31713.030000,2573.880000,0.432656,1.511414,2.174868,3.533379,1,02/26/2026 20:15:30,26.445,22.729
2333,2,8,31733.030000,2593.880000,0.444739,1.554114,2.174868,3.533989,1,02/26/2026 20:15:50,26.477,22.745
2334,2,8,31753.030000,2613.880000,0.456822,1.596821,2.174868,3.534600,1,02/26/2026 20:16:10,26.589,22.761
2335,2,8,31773.030000,2633.880000,0.468905,1.639534,2.174716,3.535210,1,02/26/2026 20:16:30,26.718,22.777
2336,2,8,31793.030000,2653.880000,0.480989,1.682254,2.175174,3.535515,1,02/26/2026 20:16:50,26.766,22.793
2337,2,8,31813.030000,2673.880000,0.493072,1.724984,2.174868,3.536126,1,02/26/2026 20:17:10,26.863,22.809
2338,2,8,31833.030000,2693.880000,0.505155,1.767723,2.175174,3.537041,1,02/26/2026 20:17:30,26.959,22.826
2339,2,8,31853.030000,2713.880000,0.517238,1.810471,2.174868,3.538262,1,02/26/2026 20:17:50,26.991,22.858
2340,2,8,31873.030000,2733.880000,0.529321,1.853227,2.175174,3.538567,1,02/26/2026 20:18:10,27.120,22.890
2341,2,8,31893.030000,2753.880000,0.541404,1.895991,2.174868,3.539483,1,02/26/2026 20:18:30,27.184,22.922
2342,2,8,31913.030000,2773.880000,0.553487,1.938762,2.175174,3.539788,1,02/26/2026 20:18:50,27.233,22.954
2343,2,8,31933.030000,2793.880000,0.565570,1.981542,2.175174,3.540703,1,02/26/2026 20:19:10,27.313,22.986
2344,2,8,31953.030000,2813.880000,0.577654,2.024332,2.175021,3.541924,1,02/26/2026 20:19:30,27.361,23.002
2345,2,8,31973.030000,2833.880000,0.589737,2.067130,2.175021,3.542229,1,02/26/2026 20:19:50,27.458,23.019
2346,2,8,31993.030000,2853.880000,0.601820,2.109937,2.174868,3.543145,1,02/26/2026 20:20:10,27.538,23.051
2347,2,8,31995.460000,2856.310000,0.603288,2.115138,2.175021,3.542840,164,02/26/2026 20:20:13,27.538,23.051
2348,2,9,31995.470000,2856.320000,0.603288,2.115138,2.419623,3.559014,0,02/26/2026 20:20:13,27.538,23.051
2349,2,9,31995.480000,2856.330000,0.603301,2.115186,2.469825,3.562371,4,02/26/2026 20:20:13,27.538,23.051
2350,2,9,31995.490000,2856.340000,0.603308,2.115211,2.515755,3.565728,4,02/26/2026 20:20:13,27.538,23.051
2351,2,9,31995.500000,2856.350000,0.603315,2.115235,2.555886,3.568780,4,02/26/2026 20:20:13,27.538,23.051
2352,2,9,31995.510000,2856.360000,0.603322,2.115261,2.596170,3.570916,4,02/26/2026 20:20:13,27.538,23.051
2353,2,9,31995.520000,2856.370000,0.603330,2.115287,2.626535,3.573663,4,02/26/2026 20:20:13,27.538,23.051
2354,2,9,31999.840000,2860.690000,0.606479,2.126555,2.625315,3.578546,5,02/26/2026 20:20:17,27.554,23.051
2355,2,9,32019.840000,2880.690000,0.621063,2.178780,2.625162,3.582513,1,02/26/2026 20:20:37,27.635,23.067
2356,2,9,32039.840000,2900.690000,0.635646,2.231039,2.624704,3.584039,1,02/26/2026 20:20:57,27.764,23.067
2357,2,9,32059.840000,2920.690000,0.650229,2.283311,2.625010,3.584649,1,02/26/2026 20:21:17,27.844,23.067
2358,2,9,32079.840000,2940.690000,0.664812,2.335593,2.625010,3.585260,1,02/26/2026 20:21:37,27.908,23.067
2359,2,9,32099.840000,2960.690000,0.679395,2.387882,2.624857,3.586175,1,02/26/2026 20:21:57,28.101,23.067
2360,2,9,32119.840000,2980.690000,0.693978,2.440181,2.625010,3.586481,1,02/26/2026 20:22:17,28.150,23.051
2361,2,9,32139.840000,3000.690000,0.708561,2.492490,2.624857,3.587396,1,02/26/2026 20:22:37,28.230,23.035
2362,2,9,32159.840000,3020.690000,0.723144,2.544807,2.625010,3.587701,1,02/26/2026 20:22:57,28.343,23.035
2363,2,9,32179.840000,3040.690000,0.737727,2.597135,2.624857,3.588617,1,02/26/2026 20:23:17,28.359,23.035
2364,2,9,32199.840000,3060.690000,0.752310,2.649474,2.625010,3.588922,1,02/26/2026 20:23:37,28.552,23.035
2365,2,9,32219.840000,3080.690000,0.766893,2.701827,2.625010,3.589837,1,02/26/2026 20:23:57,28.584,23.019
2366,2,9,32239.840000,3100.690000,0.781476,2.754193,2.625010,3.591363,1,02/26/2026 20:24:17,28.664,23.019
2367,2,9,32259.840000,3120.690000,0.796059,2.806572,2.625010,3.591974,1,02/26/2026 20:24:37,28.729,23.002
2368,2,9,32279.840000,3140.690000,0.810642,2.858965,2.624857,3.593194,1,02/26/2026 20:24:57,28.761,22.986
2369,2,9,32299.840000,3160.690000,0.825225,2.911373,2.625162,3.594110,1,02/26/2026 20:25:17,28.825,22.970
2370,2,9,32319.840000,3180.690000,0.839809,2.963797,2.625010,3.595636,1,02/26/2026 20:25:37,28.906,22.970
2371,2,9,32339.840000,3200.690000,0.854392,3.016238,2.625010,3.596857,1,02/26/2026 20:25:57,28.938,22.970
2372,2,9,32359.840000,3220.690000,0.868975,3.068699,2.625162,3.597772,1,02/26/2026 20:26:17,29.002,22.986
2373,2,9,32379.840000,3240.690000,0.883558,3.121182,2.625315,3.599603,1,02/26/2026 20:26:37,29.099,22.986
2374,2,9,32399.840000,3260.690000,0.898141,3.173683,2.625010,3.600824,1,02/26/2026 20:26:57,29.211,23.019
2375,2,9,32409.110000,3269.960000,0.904900,3.198024,2.625010,3.601129,164,02/26/2026 20:27:06,29.211,23.035
2376,2,10,32409.120000,3269.970000,0.904900,3.198024,2.295262,3.580987,0,02/26/2026 20:27:06,29.211,23.035
2377,2,10,32412.420000,3273.270000,0.907010,3.205572,2.294957,3.576104,5,02/26/2026 20:27:10,29.227,23.035
2378,2,10,32432.420000,3293.270000,0.919760,3.251144,2.294804,3.573663,1,02/26/2026 20:27:30,29.308,23.035
2379,2,10,32452.420000,3313.270000,0.932509,3.296708,2.294804,3.573968,1,02/26/2026 20:27:50,29.324,23.051
2380,2,10,32472.420000,3333.270000,0.945258,3.342282,2.294957,3.575189,1,02/26/2026 20:28:10,29.388,23.067
2381,2,10,32492.420000,3353.270000,0.958008,3.387873,2.294652,3.576715,1,02/26/2026 20:28:30,29.372,23.067
2382,2,10,32512.420000,3373.270000,0.970757,3.433487,2.295109,3.578241,1,02/26/2026 20:28:50,29.469,23.083
2383,2,10,32532.420000,3393.270000,0.983507,3.479121,2.294957,3.580072,1,02/26/2026 20:29:10,29.372,23.099
2384,2,10,32552.420000,3413.270000,0.996256,3.524783,2.295109,3.582208,1,02/26/2026 20:29:30,29.388,23.115
2385,2,10,32572.420000,3433.270000,1.009006,3.570468,2.295109,3.584344,1,02/26/2026 20:29:50,29.356,23.115
2386,2,10,32592.420000,3453.270000,1.021755,3.616178,2.294957,3.586175,1,02/26/2026 20:30:10,29.404,23.147
2387,2,10,32612.420000,3473.270000,1.034505,3.661914,2.294804,3.588006,1,02/26/2026 20:30:30,29.469,23.163
2388,2,10,32632.420000,3493.270000,1.047254,3.707677,2.295109,3.590143,1,02/26/2026 20:30:50,29.517,23.163
2389,2,10,32652.420000,3513.270000,1.060003,3.753469,2.294652,3.592584,1,02/26/2026 20:31:10,29.453,23.179
2390,2,10,32672.420000,3533.270000,1.072753,3.799286,2.294804,3.594720,1,02/26/2026 20:31:30,29.517,23.179
2391,2,10,32692.420000,3553.270000,1.085502,3.845131,2.294804,3.596857,1,02/26/2026 20:31:50,29.581,23.179
2392,2,10,32712.420000,3573.270000,1.098252,3.891006,2.294957,3.599298,1,02/26/2026 20:32:10,29.549,23.179
2393,2,10,32732.420000,3593.270000,1.111001,3.936909,2.294957,3.601740,1,02/26/2026 20:32:30,29.533,23.147
2394,2,10,32752.420000,3613.270000,1.123751,3.982841,2.294804,3.603876,1,02/26/2026 20:32:50,29.501,23.131
2395,2,10,32772.420000,3633.270000,1.136500,4.028801,2.294957,3.606012,1,02/26/2026 20:33:10,29.501,23.115
2396,2,10,32792.420000,3653.270000,1.149250,4.074797,2.294652,3.609064,1,02/26/2026 20:33:30,29.549,23.083
2397,2,10,32812.420000,3673.270000,1.161999,4.120824,2.295109,3.611200,1,02/26/2026 20:33:50,29.517,23.067
2398,2,10,32832.420000,3693.270000,1.174748,4.166883,2.294957,3.613947,1,02/26/2026 20:34:10,29.517,23.051
2399,2,10,32852.420000,3713.270000,1.187498,4.212973,2.294957,3.616388,1,02/26/2026 20:34:30,29.453,23.035
2400,2,10,32872.420000,3733.270000,1.200247,4.259101,2.294957,3.619135,1,02/26/2026 20:34:50,29.420,23.019
2401,2,10,32882.250000,3743.100000,1.206514,4.281784,2.294652,3.620356,164,02/26/2026 20:34:59,29.420,23.002
2402,2,11,32882.260000,3743.110000,1.206514,4.281784,0.749218,3.526055,0,02/26/2026 20:34:59,29.420,23.002
2403,2,11,32882.420000,3743.270000,1.206549,4.281909,0.750134,3.518425,5,02/26/2026 20:35:00,29.436,23.002
2404,2,11,32882.770000,3743.620000,1.206622,4.282165,0.749981,3.512932,5,02/26/2026 20:35:00,29.436,23.002
2405,2,11,32883.260000,3744.110000,1.206724,4.282523,0.750134,3.507744,5,02/26/2026 20:35:00,29.436,23.019
2406,2,11,32884.140000,3744.990000,1.206907,4.283166,0.749981,3.501640,5,02/26/2026 20:35:01,29.436,23.019
2407,2,11,32885.510000,3746.360000,1.207193,4.284164,0.749828,3.496452,5,02/26/2026 20:35:03,29.453,23.002
2408,2,11,32887.270000,3748.120000,1.207559,4.285445,0.749828,3.491264,5,02/26/2026 20:35:04,29.436,23.002
2409,2,11,32889.820000,3750.670000,1.208091,4.287298,0.749523,3.486381,5,02/26/2026 20:35:07,29.453,23.002
2410,2,11,32892.840000,3753.690000,1.208720,4.289490,0.749981,3.481193,5,02/26/2026 20:35:10,29.469,23.002
2411,2,11,32897.350000,3758.200000,1.209659,4.292758,0.749981,3.476310,5,02/26/2026 20:35:14,29.453,23.002
2412,2,11,32902.410000,3763.260000,1.210713,4.296420,0.749828,3.471427,5,02/26/2026 20:35:20,29.420,23.002
2413,2,11,32909.340000,3770.190000,1.212157,4.301428,0.749981,3.466545,5,02/26/2026 20:35:26,29.404,22.986
2414,2,11,32919.190000,3780.040000,1.214209,4.308536,0.750134,3.461662,5,02/26/2026 20:35:36,29.324,22.986
2415,2,11,32932.570000,3793.420000,1.216996,4.318178,0.749981,3.456779,5,02/26/2026 20:35:50,29.179,22.986
2416,2,11,32952.570000,3813.420000,1.221162,4.332571,0.749981,3.452811,1,02/26/2026 20:36:10,29.034,23.002
2417,2,11,32972.570000,3833.420000,1.225328,4.346954,0.749676,3.451286,1,02/26/2026 20:36:30,28.906,23.019
2418,2,11,32992.570000,3853.420000,1.229495,4.361332,0.749828,3.450980,1,02/26/2026 20:36:50,28.680,23.019
2419,2,11,33012.570000,3873.420000,1.233661,4.375710,0.749981,3.450980,1,02/26/2026 20:37:10,28.568,23.035
2420,2,11,33032.570000,3893.420000,1.237827,4.390089,0.750286,3.451896,1,02/26/2026 20:37:30,28.407,23.051
2421,2,11,33052.570000,3913.420000,1.241993,4.404473,0.749981,3.452506,1,02/26/2026 20:37:50,28.262,23.067
2422,2,11,33072.570000,3933.420000,1.246160,4.418861,0.749981,3.454032,1,02/26/2026 20:38:10,28.166,23.083
2423,2,11,33092.570000,3953.420000,1.250326,4.433255,0.750134,3.455558,1,02/26/2026 20:38:30,28.005,23.099
2424,2,11,33112.570000,3973.420000,1.254492,4.447655,0.750134,3.457084,1,02/26/2026 20:38:50,27.924,23.099
2425,2,11,33132.570000,3993.420000,1.258658,4.462061,0.749981,3.458610,1,02/26/2026 20:39:10,27.796,23.131
2426,2,11,33152.570000,4013.420000,1.262825,4.476475,0.749676,3.460441,1,02/26/2026 20:39:30,27.683,23.131
2427,2,11,33172.570000,4033.420000,1.266991,4.490896,0.750134,3.462272,1,02/26/2026 20:39:50,27.603,23.163
2428,2,11,33192.570000,4053.420000,1.271157,4.505325,0.749981,3.463798,1,02/26/2026 20:40:10,27.458,23.179
2429,2,11,33212.570000,4073.420000,1.275323,4.519761,0.749828,3.465629,1,02/26/2026 20:40:30,27.394,23.179
2430,2,11,33232.570000,4093.420000,1.279490,4.534204,0.749981,3.467765,1,02/26/2026 20:40:50,27.281,23.195
2431,2,11,33252.570000,4113.420000,1.283656,4.548656,0.749828,3.469596,1,02/26/2026 20:41:10,27.168,23.212
2432,2,11,33272.570000,4133.420000,1.287822,4.563116,0.750134,3.471733,1,02/26/2026 20:41:30,27.104,23.212
2433,2,11,33292.570000,4153.420000,1.291988,4.577584,0.750134,3.473564,1,02/26/2026 20:41:50,27.040,23.228
2434,2,11,33312.570000,4173.420000,1.296155,4.592058,0.749828,3.475395,1,02/26/2026 20:42:10,26.927,23.228
2435,2,11,33332.570000,4193.420000,1.300321,4.606542,0.750134,3.477531,1,02/26/2026 20:42:30,26.863,23.212
2436,2,11,33352.570000,4213.420000,1.304487,4.621034,0.749981,3.479667,1,02/26/2026 20:42:50,26.782,23.212
2437,2,11,33372.570000,4233.420000,1.308653,4.635534,0.749676,3.480888,1,02/26/2026 20:43:10,26.686,23.195
2438,2,11,33392.570000,4253.420000,1.312820,4.650041,0.749828,3.482719,1,02/26/2026 20:43:30,26.573,23.179
2439,2,11,33412.570000,4273.420000,1.316986,4.664556,0.750134,3.485161,1,02/26/2026 20:43:50,26.525,23.147
2440,2,11,33432.570000,4293.420000,1.321152,4.679080,0.749676,3.486992,1,02/26/2026 20:44:10,26.428,23.115
2441,2,11,33452.570000,4313.420000,1.325318,4.693612,0.749828,3.489128,1,02/26/2026 20:44:30,26.268,23.083
2442,2,11,33472.570000,4333.420000,1.329484,4.708153,0.750286,3.490959,1,02/26/2026 20:44:50,26.203,23.067
2443,2,11,33492.570000,4353.420000,1.333651,4.722701,0.749676,3.493095,1,02/26/2026 20:45:10,26.155,23.051
2444,2,11,33512.570000,4373.420000,1.337817,4.737259,0.750134,3.495232,1,02/26/2026 20:45:30,26.058,23.035
2445,2,11,33532.570000,4393.420000,1.341983,4.751825,0.749828,3.497368,1,02/26/2026 20:45:50,26.010,23.019
2446,2,11,33552.570000,4413.420000,1.346149,4.766400,0.749676,3.499199,1,02/26/2026 20:46:10,25.946,23.019
2447,2,11,33572.570000,4433.420000,1.350316,4.780984,0.750134,3.501335,1,02/26/2026 20:46:30,25.898,23.002
2448,2,11,33592.570000,4453.420000,1.354482,4.795577,0.749981,3.503777,1,02/26/2026 20:46:50,25.817,23.019
2449,2,11,33612.570000,4473.420000,1.358648,4.810180,0.749981,3.506218,1,02/26/2026 20:47:10,25.817,23.019
2450,2,11,33632.570000,4493.420000,1.362814,4.824792,0.749523,3.508354,1,02/26/2026 20:47:30,25.785,23.035
2451,2,11,33652.570000,4513.420000,1.366981,4.839413,0.749981,3.510185,1,02/26/2026 20:47:50,25.737,23.035
2452,2,11,33672.570000,4533.420000,1.371147,4.854045,0.749676,3.512932,1,02/26/2026 20:48:10,25.737,23.051
2453,2,11,33692.570000,4553.420000,1.375313,4.868686,0.749828,3.515373,1,02/26/2026 20:48:30,25.688,23.067
2454,2,11,33712.570000,4573.420000,1.379479,4.883337,0.750134,3.517510,1,02/26/2026 20:48:50,25.640,23.067
2455,2,11,33732.570000,4593.420000,1.383646,4.897999,0.749981,3.520256,1,02/26/2026 20:49:10,25.640,23.067
2456,2,11,33752.570000,4613.420000,1.387812,4.912671,0.749981,3.522698,1,02/26/2026 20:49:30,25.656,23.067
2457,2,11,33772.570000,4633.420000,1.391978,4.927354,0.749828,3.525444,1,02/26/2026 20:49:50,25.640,23.067
2458,2,11,33792.570000,4653.420000,1.396144,4.942048,0.749828,3.528496,1,02/26/2026 20:50:10,25.608,23.067
2459,2,11,33812.570000,4673.420000,1.400311,4.956753,0.749981,3.530632,1,02/26/2026 20:50:30,25.592,23.083
2460,2,11,33832.570000,4693.420000,1.404477,4.971470,0.749828,3.533379,1,02/26/2026 20:50:50,25.560,23.083
2461,2,11,33852.570000,4713.420000,1.408643,4.986197,0.750134,3.536431,1,02/26/2026 20:51:10,25.560,23.099
2462,2,11,33872.570000,4733.420000,1.412809,5.000938,0.749676,3.539178,1,02/26/2026 20:51:30,25.544,23.115
2463,2,11,33892.570000,4753.420000,1.416976,5.015691,0.749981,3.542535,1,02/26/2026 20:51:50,25.528,23.115
2464,2,11,33912.570000,4773.420000,1.421142,5.030457,0.749828,3.545892,1,02/26/2026 20:52:10,25.528,23.115
2465,2,11,33932.570000,4793.420000,1.425308,5.045239,0.749981,3.549554,1,02/26/2026 20:52:30,25.495,23.131
2466,2,11,33952.570000,4813.420000,1.429474,5.060035,0.749981,3.553216,1,02/26/2026 20:52:50,25.512,23.131
2467,2,11,33972.570000,4833.420000,1.433641,5.074848,0.749828,3.557183,1,02/26/2026 20:53:10,25.463,23.115
2468,2,11,33992.570000,4853.420000,1.437807,5.089677,0.749828,3.561151,1,02/26/2026 20:53:30,25.447,23.115
2469,2,11,34010.730000,4871.580000,1.441590,5.103159,0.750134,3.566033,5,02/26/2026 20:53:48,25.431,23.099
2470,2,11,34030.540000,4891.390000,1.445716,5.117885,0.749981,3.570916,5,02/26/2026 20:54:08,25.399,23.083
2471,2,11,34048.080000,4908.930000,1.449370,5.130942,0.749981,3.575799,5,02/26/2026 20:54:25,25.383,23.067
2472,2,11,34064.540000,4925.390000,1.452799,5.143211,0.749828,3.580682,5,02/26/2026 20:54:42,25.351,23.051
2473,2,11,34080.210000,4941.060000,1.456063,5.154907,0.749981,3.585565,5,02/26/2026 20:54:57,25.318,23.019
2474,2,11,34093.290000,4954.140000,1.458788,5.164684,0.749981,3.590448,5,02/26/2026 20:55:10,25.302,23.002
2475,2,11,34106.630000,4967.480000,1.461567,5.174668,0.749981,3.595331,5,02/26/2026 20:55:24,25.270,23.002
2476,2,11,34118.280000,4979.130000,1.463994,5.183399,0.749981,3.600214,5,02/26/2026 20:55:35,25.254,22.986
2477,2,11,34129.780000,4990.630000,1.466389,5.192030,0.749828,3.605097,5,02/26/2026 20:55:47,25.254,22.986
2478,2,11,34139.700000,5000.550000,1.468456,5.199485,0.750134,3.609979,5,02/26/2026 20:55:57,25.270,22.970
2479,2,11,34149.180000,5010.030000,1.470431,5.206619,0.749981,3.614862,5,02/26/2026 20:56:06,25.254,22.970
2480,2,11,34157.590000,5018.440000,1.472182,5.212957,0.749981,3.619745,5,02/26/2026 20:56:15,25.222,22.970
2481,2,11,34165.150000,5026.000000,1.473757,5.218661,0.749523,3.624628,5,02/26/2026 20:56:22,25.254,22.954
2482,2,11,34172.570000,5033.420000,1.475303,5.224267,0.749981,3.629511,5,02/26/2026 20:56:30,25.238,22.970
2483,2,11,34179.000000,5039.850000,1.476642,5.229132,0.749828,3.634699,5,02/26/2026 20:56:36,25.238,22.970
2484,2,11,34185.820000,5046.670000,1.478063,5.234299,0.749828,3.639582,5,02/26/2026 20:56:43,25.238,22.970
2485,2,11,34191.290000,5052.140000,1.479203,5.238449,0.749981,3.644465,5,02/26/2026 20:56:48,25.238,22.970
2486,2,11,34196.750000,5057.600000,1.480340,5.242597,0.749828,3.649348,5,02/26/2026 20:56:54,25.238,22.954
2487,2,11,34198.320000,5059.170000,1.480666,5.243786,0.739757,3.650568,4,02/26/2026 20:56:55,25.238,22.954
2488,2,11,34199.450000,5060.300000,1.480896,5.244628,0.729381,3.650568,4,02/26/2026 20:56:57,25.238,22.954
2489,2,11,34201.110000,5061.960000,1.481230,5.245846,0.719310,3.649958,4,02/26/2026 20:56:58,25.238,22.954
2490,2,11,34203.060000,5063.910000,1.481617,5.247258,0.709239,3.650263,4,02/26/2026 20:57:00,25.238,22.954
2491,2,11,34205.110000,5065.960000,1.482018,5.248723,0.699168,3.649958,4,02/26/2026 20:57:02,25.238,22.954
2492,2,11,34207.730000,5068.580000,1.482523,5.250567,0.689097,3.650263,4,02/26/2026 20:57:05,25.238,22.954
2493,2,11,34209.720000,5070.570000,1.482901,5.251946,0.679026,3.650263,4,02/26/2026 20:57:07,25.238,22.954
2494,2,11,34211.840000,5072.690000,1.483298,5.253396,0.668956,3.649958,4,02/26/2026 20:57:09,25.254,22.954
2495,2,11,34214.690000,5075.540000,1.483824,5.255314,0.658732,3.649958,4,02/26/2026 20:57:12,25.238,22.954
2496,2,11,34216.430000,5077.280000,1.484140,5.256467,0.648661,3.650263,4,02/26/2026 20:57:14,25.254,22.954
2497,2,11,34218.970000,5079.820000,1.484594,5.258127,0.638590,3.650568,4,02/26/2026 20:57:16,25.254,22.954
2498,2,11,34221.460000,5082.310000,1.485033,5.259727,0.628519,3.649653,4,02/26/2026 20:57:19,25.254,22.954
2499,2,11,34223.940000,5084.790000,1.485462,5.261295,0.618143,3.650263,4,02/26/2026 20:57:21,25.254,22.954
2500,2,11,34226.230000,5087.080000,1.485853,5.262721,0.608072,3.650263,4,02/26/2026 20:57:23,25.254,22.970
2501,2,11,34228.880000,5089.730000,1.486297,5.264341,0.597848,3.649958,4,02/26/2026 20:57:26,25.254,22.954
2502,2,11,34231.000000,5091.850000,1.486646,5.265616,0.587778,3.649958,4,02/26/2026 20:57:28,25.254,22.970
2503,2,11,34233.810000,5094.660000,1.487101,5.267277,0.577707,3.649958,4,02/26/2026 20:57:31,25.254,22.954
2504,2,11,34235.900000,5096.750000,1.487434,5.268491,0.567636,3.649958,4,02/26/2026 20:57:33,25.254,22.970
2505,2,11,34238.580000,5099.430000,1.487853,5.270021,0.557565,3.650263,4,02/26/2026 20:57:36,25.254,22.970
2506,2,11,34241.410000,5102.260000,1.488287,5.271606,0.547494,3.650263,4,02/26/2026 20:57:38,25.238,22.970
2507,2,11,34243.470000,5104.320000,1.488598,5.272739,0.537423,3.649958,4,02/26/2026 20:57:41,25.254,22.970
2508,2,11,34246.050000,5106.900000,1.488980,5.274134,0.527352,3.649958,4,02/26/2026 20:57:43,25.238,22.970
2509,2,11,34248.620000,5109.470000,1.489353,5.275495,0.517281,3.650263,4,02/26/2026 20:57:46,25.238,22.970
2510,2,11,34251.420000,5112.270000,1.489752,5.276951,0.507210,3.650263,4,02/26/2026 20:57:48,25.238,22.970
2511,2,11,34254.060000,5114.910000,1.490120,5.278294,0.497139,3.650263,4,02/26/2026 20:57:51,25.238,22.970
2512,2,11,34256.480000,5117.330000,1.490451,5.279504,0.487068,3.649958,4,02/26/2026 20:57:54,25.238,22.970
2513,2,11,34259.570000,5120.420000,1.490865,5.281014,0.476692,3.650263,4,02/26/2026 20:57:57,25.238,22.970
2514,2,11,34262.150000,5123.000000,1.491202,5.282247,0.466621,3.649958,4,02/26/2026 20:57:59,25.238,22.986
2515,2,11,34264.740000,5125.590000,1.491535,5.283461,0.456550,3.650263,4,02/26/2026 20:58:02,25.254,22.970
2516,2,11,34267.940000,5128.790000,1.491937,5.284927,0.446479,3.650263,4,02/26/2026 20:58:05,25.254,22.970
2517,2,11,34270.490000,5131.340000,1.492250,5.286069,0.436255,3.649958,4,02/26/2026 20:58:08,25.270,22.970
2518,2,11,34273.740000,5134.590000,1.492639,5.287491,0.426184,3.649958,4,02/26/2026 20:58:11,25.270,22.986
2519,2,11,34276.320000,5137.170000,1.492941,5.288594,0.416114,3.650263,4,02/26/2026 20:58:13,25.270,22.986
2520,2,11,34279.520000,5140.370000,1.493308,5.289931,0.406043,3.649958,4,02/26/2026 20:58:17,25.270,22.986
2521,2,11,34282.790000,5143.640000,1.493672,5.291262,0.395972,3.649958,4,02/26/2026 20:58:20,25.270,22.986
2522,2,11,34286.070000,5146.920000,1.494029,5.292564,0.385748,3.650263,4,02/26/2026 20:58:23,25.270,22.986
2523,2,11,34289.480000,5150.330000,1.494390,5.293881,0.375677,3.649653,4,02/26/2026 20:58:27,25.270,22.986
2524,2,11,34292.680000,5153.530000,1.494720,5.295085,0.365606,3.649958,4,02/26/2026 20:58:30,25.254,22.986
2525,2,11,34296.260000,5157.110000,1.495079,5.296395,0.355535,3.650263,4,02/26/2026 20:58:33,25.254,23.002
2526,2,11,34300.170000,5161.020000,1.495459,5.297784,0.345312,3.650263,4,02/26/2026 20:58:37,25.238,23.002
2527,2,11,34303.180000,5164.030000,1.495744,5.298823,0.335241,3.650263,4,02/26/2026 20:58:40,25.238,23.002
2528,2,11,34307.580000,5168.430000,1.496148,5.300299,0.325170,3.650263,4,02/26/2026 20:58:45,25.238,23.002
2529,2,11,34311.070000,5171.920000,1.496459,5.301433,0.314946,3.650263,4,02/26/2026 20:58:48,25.254,23.002
2530,2,11,34315.440000,5176.290000,1.496836,5.302809,0.304875,3.649958,4,02/26/2026 20:58:53,25.238,23.002
2531,2,11,34319.760000,5180.610000,1.497196,5.304123,0.294652,3.650263,4,02/26/2026 20:58:57,25.222,23.019
2532,2,11,34324.160000,5185.010000,1.497550,5.305416,0.284581,3.649958,4,02/26/2026 20:59:01,25.222,23.019
2533,2,11,34328.820000,5189.670000,1.497912,5.306737,0.274357,3.650263,4,02/26/2026 20:59:06,25.222,23.019
2534,2,11,34333.260000,5194.110000,1.498245,5.307953,0.264134,3.649958,4,02/26/2026 20:59:10,25.206,23.019
2535,2,11,34338.440000,5199.290000,1.498619,5.309319,0.254063,3.649653,4,02/26/2026 20:59:16,25.206,23.019
2536,2,11,34344.260000,5205.110000,1.499023,5.310791,0.243687,3.650263,4,02/26/2026 20:59:21,25.190,23.035
2537,2,11,34349.520000,5210.370000,1.499371,5.312063,0.233616,3.649958,4,02/26/2026 20:59:27,25.190,23.035
2538,2,11,34355.070000,5215.920000,1.499725,5.313355,0.223545,3.649958,4,02/26/2026 20:59:32,25.190,23.035
2539,2,11,34361.110000,5221.960000,1.500093,5.314698,0.213474,3.649958,4,02/26/2026 20:59:38,25.174,23.035
2540,2,11,34367.790000,5228.640000,1.500481,5.316115,0.203403,3.649958,4,02/26/2026 20:59:45,25.190,23.035
2541,2,11,34374.560000,5235.410000,1.500856,5.317484,0.193332,3.650263,4,02/26/2026 20:59:52,25.174,23.051
2542,2,11,34382.500000,5243.350000,1.501273,5.319004,0.183261,3.649653,4,02/26/2026 21:00:00,25.142,23.051
2543,2,11,34390.080000,5250.930000,1.501648,5.320375,0.173037,3.650263,4,02/26/2026 21:00:07,25.142,23.051
2544,2,11,34398.270000,5259.120000,1.502033,5.321779,0.162966,3.649958,4,02/26/2026 21:00:15,25.125,23.051
2545,2,11,34408.480000,5269.330000,1.502483,5.323421,0.152895,3.649958,4,02/26/2026 21:00:26,25.109,23.067
2546,2,11,34418.890000,5279.740000,1.502910,5.324980,0.142672,3.649958,4,02/26/2026 21:00:36,25.109,23.067
2547,2,11,34429.640000,5290.490000,1.503321,5.326479,0.132601,3.650263,4,02/26/2026 21:00:47,25.093,23.083
2548,2,11,34439.030000,5299.880000,1.503656,5.327703,0.122530,3.649653,4,02/26/2026 21:00:56,25.093,23.083
2549,2,11,34454.730000,5315.580000,1.504175,5.329596,0.112459,3.650263,4,02/26/2026 21:01:12,25.061,23.099
2550,2,11,34468.480000,5329.330000,1.504589,5.331107,0.102388,3.649653,4,02/26/2026 21:01:26,25.029,23.099
2551,2,11,34486.530000,5347.380000,1.505082,5.332907,0.092164,3.649958,4,02/26/2026 21:01:44,24.997,23.115
2552,2,11,34506.380000,5367.230000,1.505567,5.334678,0.082094,3.649958,4,02/26/2026 21:02:03,24.965,23.115
2553,2,11,34526.380000,5387.230000,1.506003,5.336270,0.074464,3.649653,1,02/26/2026 21:02:23,24.932,23.115
2554,2,11,34546.380000,5407.230000,1.506394,5.337698,0.066682,3.649653,1,02/26/2026 21:02:43,24.884,23.131
2555,2,11,34566.380000,5427.230000,1.506746,5.338983,0.059663,3.649958,1,02/26/2026 21:03:03,24.836,23.115
2556,2,11,34586.380000,5447.230000,1.507065,5.340145,0.055848,3.650263,1,02/26/2026 21:03:23,24.772,23.115
2557,2,11,34606.380000,5467.230000,1.507353,5.341197,0.050050,3.649653,1,02/26/2026 21:03:43,24.723,23.115
2558,2,11,34626.380000,5487.230000,1.507616,5.342157,0.046235,3.650263,1,02/26/2026 21:04:03,24.675,23.099
2559,2,11,34646.380000,5507.230000,1.507857,5.343035,0.042267,3.649958,1,02/26/2026 21:04:23,24.627,23.083
2560,2,11,34666.380000,5527.230000,1.508077,5.343838,0.038605,3.649653,1,02/26/2026 21:04:43,24.562,23.051
2561,2,11,34686.380000,5547.230000,1.508280,5.344581,0.035554,3.650263,1,02/26/2026 21:05:03,24.514,23.051
2562,2,11,34706.380000,5567.230000,1.508467,5.345264,0.031434,3.649653,1,02/26/2026 21:05:23,24.450,23.019
2563,2,11,34726.380000,5587.230000,1.508641,5.345899,0.030518,3.650263,1,02/26/2026 21:05:43,24.386,23.002
2564,2,11,34746.380000,5607.230000,1.508803,5.346489,0.028992,3.649958,1,02/26/2026 21:06:03,24.337,22.986
2565,2,11,34766.380000,5627.230000,1.508953,5.347037,0.025330,3.649653,1,02/26/2026 21:06:23,24.257,22.954
2566,2,11,34786.390000,5647.240000,1.509092,5.347546,0.024109,3.650263,1,02/26/2026 21:06:43,24.192,22.938
2567,2,11,34806.390000,5667.240000,1.509224,5.348024,0.023804,3.650263,1,02/26/2026 21:07:03,24.160,22.954
2568,2,11,34826.390000,5687.240000,1.509346,5.348471,0.021363,3.649958,1,02/26/2026 21:07:23,24.144,22.954
2569,2,11,34846.390000,5707.240000,1.509461,5.348891,0.020600,3.650263,1,02/26/2026 21:07:43,24.144,22.970
2570,2,11,34866.400000,5727.250000,1.509570,5.349288,0.018158,3.649958,1,02/26/2026 21:08:03,24.096,22.970
2571,2,11,34886.400000,5747.250000,1.509672,5.349662,0.018311,3.649958,1,02/26/2026 21:08:23,24.080,22.986
2572,2,11,34906.400000,5767.250000,1.509770,5.350018,0.016175,3.649958,1,02/26/2026 21:08:43,24.080,23.002
2573,2,11,34912.300000,5773.150000,1.509797,5.350117,0.014954,3.649653,132,02/26/2026 21:08:49,24.064,23.002
2574,2,12,34912.310000,0.010000,0.000000,0.000000,0.000000,3.648737,0,02/26/2026 21:08:49,24.064,23.002
2575,2,12,34918.800000,6.500000,0.000000,0.000000,0.000000,3.643549,5,02/26/2026 21:08:56,24.064,23.002
2576,2,12,34926.820000,14.520000,0.000000,0.000000,0.000000,3.638666,5,02/26/2026 21:09:04,24.064,23.019
2577,2,12,34935.690000,23.390000,0.000000,0.000000,0.000000,3.633783,5,02/26/2026 21:09:13,24.048,23.019
2578,2,12,34944.820000,32.520000,0.000000,0.000000,0.000000,3.628901,5,02/26/2026 21:09:22,24.048,23.019
2579,2,12,34955.320000,43.020000,0.000000,0.000000,0.000000,3.624018,5,02/26/2026 21:09:32,24.032,23.035
2580,2,12,34966.280000,53.980000,0.000000,0.000000,0.000000,3.619135,5,02/26/2026 21:09:43,24.032,23.035
2581,2,12,34977.630000,65.330000,0.000000,0.000000,0.000000,3.614252,5,02/26/2026 21:09:55,24.032,23.051
2582,2,12,34991.730000,79.430000,0.000000,0.000000,0.000000,3.609369,5,02/26/2026 21:10:09,24.016,23.067
2583,2,12,35004.830000,92.530000,0.000000,0.000000,0.000000,3.604486,5,02/26/2026 21:10:22,24.016,23.067
2584,2,12,35020.650000,108.350000,0.000000,0.000000,0.000000,3.599298,5,02/26/2026 21:10:38,23.999,23.083
2585,2,12,35037.880000,125.580000,0.000000,0.000000,0.000000,3.594415,5,02/26/2026 21:10:55,23.983,23.083
2586,2,12,35056.160000,143.860000,0.000000,0.000000,0.000000,3.589532,5,02/26/2026 21:11:13,23.983,23.099
2587,2,12,35074.890000,162.590000,0.000000,0.000000,0.000000,3.584649,5,02/26/2026 21:11:32,23.967,23.115
2588,2,12,35094.790000,182.490000,0.000000,0.000000,0.000000,3.579767,5,02/26/2026 21:11:52,23.967,23.115
2589,2,12,35114.790000,202.490000,0.000000,0.000000,0.000000,3.576104,1,02/26/2026 21:12:12,23.951,23.115
2590,2,12,35134.790000,222.490000,0.000000,0.000000,0.000000,3.572137,1,02/26/2026 21:12:32,23.935,23.131
2591,2,12,35154.790000,242.490000,0.000000,0.000000,0.000000,3.568170,1,02/26/2026 21:12:52,23.919,23.131
2592,2,12,35174.790000,262.490000,0.000000,0.000000,0.000000,3.564202,1,02/26/2026 21:13:12,23.887,23.115
2593,2,12,35194.790000,282.490000,0.000000,0.000000,0.000000,3.560540,1,02/26/2026 21:13:32,23.839,23.099
2594,2,12,35214.790000,302.490000,0.000000,0.000000,0.000000,3.557794,1,02/26/2026 21:13:52,23.774,23.051
2595,2,12,35234.790000,322.490000,0.000000,0.000000,0.000000,3.554437,1,02/26/2026 21:14:12,23.710,23.002
2596,2,12,35254.790000,342.490000,0.000000,0.000000,0.000000,3.551690,1,02/26/2026 21:14:32,23.662,22.970
2597,2,12,35274.790000,362.490000,0.000000,0.000000,0.000000,3.548638,1,02/26/2026 21:14:52,23.613,22.938
2598,2,12,35294.790000,382.490000,0.000000,0.000000,0.000000,3.546502,1,02/26/2026 21:15:12,23.565,22.906
2599,2,12,35314.790000,402.490000,0.000000,0.000000,0.000000,3.543755,1,02/26/2026 21:15:32,23.533,22.874
2600,2,12,35334.790000,422.490000,0.000000,0.000000,0.000000,3.541619,1,02/26/2026 21:15:52,23.517,22.858
2601,2,12,35354.790000,442.490000,0.000000,0.000000,0.000000,3.538872,1,02/26/2026 21:16:12,23.501,22.874
2602,2,12,35374.790000,462.490000,0.000000,0.000000,0.000000,3.537041,1,02/26/2026 21:16:32,23.485,22.874
2603,2,12,35394.790000,482.490000,0.000000,0.000000,0.000000,3.534905,1,02/26/2026 21:16:52,23.485,22.874
2604,2,12,35414.790000,502.490000,0.000000,0.000000,0.000000,3.533074,1,02/26/2026 21:17:12,23.485,22.890
2605,2,12,35434.790000,522.490000,0.000000,0.000000,0.000000,3.531548,1,02/26/2026 21:17:32,23.485,22.906
2606,2,12,35454.790000,542.490000,0.000000,0.000000,0.000000,3.529412,1,02/26/2026 21:17:52,23.485,22.922
2607,2,12,35474.790000,562.490000,0.000000,0.000000,0.000000,3.527581,1,02/26/2026 21:18:12,23.469,22.922
2608,2,12,35494.790000,582.490000,0.000000,0.000000,0.000000,3.526055,1,02/26/2026 21:18:32,23.485,22.938
2609,2,12,35514.790000,602.490000,0.000000,0.000000,0.000000,3.524529,1,02/26/2026 21:18:52,23.469,22.954
2610,2,12,35534.790000,622.490000,0.000000,0.000000,0.000000,3.523003,1,02/26/2026 21:19:12,23.485,22.954
2611,2,12,35554.790000,642.490000,0.000000,0.000000,0.000000,3.521172,1,02/26/2026 21:19:32,23.469,22.970
2612,2,12,35574.790000,662.490000,0.000000,0.000000,0.000000,3.519341,1,02/26/2026 21:19:52,23.469,22.970
2613,2,12,35594.790000,682.490000,0.000000,0.000000,0.000000,3.518120,1,02/26/2026 21:20:12,23.485,23.002
2614,2,12,35614.790000,702.490000,0.000000,0.000000,0.000000,3.516899,1,02/26/2026 21:20:32,23.485,23.002
2615,2,12,35634.790000,722.490000,0.000000,0.000000,0.000000,3.515679,1,02/26/2026 21:20:52,23.485,23.019
2616,2,12,35654.790000,742.490000,0.000000,0.000000,0.000000,3.514458,1,02/26/2026 21:21:12,23.485,23.035
2617,2,12,35674.790000,762.490000,0.000000,0.000000,0.000000,3.512932,1,02/26/2026 21:21:32,23.501,23.051
2618,2,12,35694.790000,782.490000,0.000000,0.000000,0.000000,3.512016,1,02/26/2026 21:21:52,23.501,23.067
2619,2,12,35714.790000,802.490000,0.000000,0.000000,0.000000,3.510491,1,02/26/2026 21:22:12,23.517,23.083
2620,2,12,35734.790000,822.490000,0.000000,0.000000,0.000000,3.508965,1,02/26/2026 21:22:32,23.517,23.115
2621,2,12,35754.790000,842.490000,0.000000,0.000000,0.000000,3.507744,1,02/26/2026 21:22:52,23.501,23.115
2622,2,12,35774.790000,862.490000,0.000000,0.000000,0.000000,3.506828,1,02/26/2026 21:23:12,23.501,23.115
2623,2,12,35794.790000,882.490000,0.000000,0.000000,0.000000,3.506218,1,02/26/2026 21:23:32,23.485,23.115
2624,2,12,35814.790000,902.490000,0.000000,0.000000,0.000000,3.504692,1,02/26/2026 21:23:52,23.469,23.099
2625,2,12,35834.790000,922.490000,0.000000,0.000000,0.000000,3.503777,1,02/26/2026 21:24:12,23.453,23.083
2626,2,12,35854.790000,942.490000,0.000000,0.000000,0.000000,3.502556,1,02/26/2026 21:24:32,23.420,23.051
2627,2,12,35874.790000,962.490000,0.000000,0.000000,0.000000,3.501946,1,02/26/2026 21:24:52,23.404,23.051
2628,2,12,35894.790000,982.490000,0.000000,0.000000,0.000000,3.500725,1,02/26/2026 21:25:12,23.372,23.019
2629,2,12,35914.790000,1002.490000,0.000000,0.000000,0.000000,3.499504,1,02/26/2026 21:25:32,23.356,23.019
2630,2,12,35934.790000,1022.490000,0.000000,0.000000,0.000000,3.498589,1,02/26/2026 21:25:52,23.324,23.002
2631,2,12,35954.790000,1042.490000,0.000000,0.000000,0.000000,3.497978,1,02/26/2026 21:26:12,23.308,23.002
2632,2,12,35974.790000,1062.490000,0.000000,0.000000,0.000000,3.496757,1,02/26/2026 21:26:32,23.276,22.970
2633,2,12,35994.790000,1082.490000,0.000000,0.000000,0.000000,3.495842,1,02/26/2026 21:26:52,23.243,22.954
2634,2,12,36014.790000,1102.490000,0.000000,0.000000,0.000000,3.495232,1,02/26/2026 21:27:12,23.211,22.938
2635,2,12,36034.790000,1122.490000,0.000000,0.000000,0.000000,3.494316,1,02/26/2026 21:27:32,23.227,22.938
2636,2,12,36054.790000,1142.490000,0.000000,0.000000,0.000000,3.493400,1,02/26/2026 21:27:52,23.227,22.954
2637,2,12,36074.790000,1162.490000,0.000000,0.000000,0.000000,3.492485,1,02/26/2026 21:28:12,23.227,22.954
2638,2,12,36094.790000,1182.490000,0.000000,0.000000,0.000000,3.491875,1,02/26/2026 21:28:32,23.243,22.970
2639,2,12,36114.790000,1202.490000,0.000000,0.000000,0.000000,3.491264,1,02/26/2026 21:28:52,23.243,22.986
2640,2,12,36134.790000,1222.490000,0.000000,0.000000,0.000000,3.490654,1,02/26/2026 21:29:12,23.276,23.002
2641,2,12,36154.790000,1242.490000,0.000000,0.000000,0.000000,3.489738,1,02/26/2026 21:29:32,23.276,23.019
2642,2,12,36174.790000,1262.490000,0.000000,0.000000,0.000000,3.488518,1,02/26/2026 21:29:52,23.292,23.019
2643,2,12,36194.790000,1282.490000,0.000000,0.000000,0.000000,3.489128,1,02/26/2026 21:30:12,23.308,23.035
2644,2,12,36214.790000,1302.490000,0.000000,0.000000,0.000000,3.487907,1,02/26/2026 21:30:32,23.308,23.051
2645,2,12,36234.790000,1322.490000,0.000000,0.000000,0.000000,3.487297,1,02/26/2026 21:30:52,23.324,23.067
2646,2,12,36254.790000,1342.490000,0.000000,0.000000,0.000000,3.486687,1,02/26/2026 21:31:12,23.324,23.083
2647,2,12,36274.790000,1362.490000,0.000000,0.000000,0.000000,3.485771,1,02/26/2026 21:31:32,23.340,23.083
2648,2,12,36294.790000,1382.490000,0.000000,0.000000,0.000000,3.485161,1,02/26/2026 21:31:52,23.340,23.083
2649,2,12,36314.790000,1402.490000,0.000000,0.000000,0.000000,3.484550,1,02/26/2026 21:32:12,23.340,23.099
2650,2,12,36334.790000,1422.490000,0.000000,0.000000,0.000000,3.483635,1,02/26/2026 21:32:32,23.356,23.115
2651,2,12,36354.790000,1442.490000,0.000000,0.000000,0.000000,3.483330,1,02/26/2026 21:32:52,23.356,23.115
2652,2,12,36374.790000,1462.490000,0.000000,0.000000,0.000000,3.482719,1,02/26/2026 21:33:12,23.372,23.131
2653,2,12,36394.790000,1482.490000,0.000000,0.000000,0.000000,3.482109,1,02/26/2026 21:33:32,23.372,23.131
2654,2,12,36414.790000,1502.490000,0.000000,0.000000,0.000000,3.481498,1,02/26/2026 21:33:52,23.372,23.147
2655,2,12,36434.790000,1522.490000,0.000000,0.000000,0.000000,3.480888,1,02/26/2026 21:34:12,23.372,23.163
2656,2,12,36454.790000,1542.490000,0.000000,0.000000,0.000000,3.480278,1,02/26/2026 21:34:32,23.356,23.147
2657,2,12,36474.790000,1562.490000,0.000000,0.000000,0.000000,3.479667,1,02/26/2026 21:34:52,23.340,23.131
2658,2,12,36494.790000,1582.490000,0.000000,0.000000,0.000000,3.479057,1,02/26/2026 21:35:12,23.308,23.083
2659,2,12,36514.790000,1602.490000,0.000000,0.000000,0.000000,3.478447,1,02/26/2026 21:35:32,23.276,23.067
2660,2,12,36534.790000,1622.490000,0.000000,0.000000,0.000000,3.478141,1,02/26/2026 21:35:52,23.243,23.019
2661,2,12,36554.790000,1642.490000,0.000000,0.000000,0.000000,3.477531,1,02/26/2026 21:36:12,23.211,23.002
2662,2,12,36574.790000,1662.490000,0.000000,0.000000,0.000000,3.476921,1,02/26/2026 21:36:32,23.195,22.986
2663,2,12,36594.790000,1682.490000,0.000000,0.000000,0.000000,3.476616,1,02/26/2026 21:36:52,23.179,22.970
2664,2,12,36614.790000,1702.490000,0.000000,0.000000,0.000000,3.476005,1,02/26/2026 21:37:12,23.163,22.954
2665,2,12,36634.790000,1722.490000,0.000000,0.000000,0.000000,3.475090,1,02/26/2026 21:37:32,23.131,22.938
2666,2,12,36654.790000,1742.490000,0.000000,0.000000,0.000000,3.474784,1,02/26/2026 21:37:52,23.115,22.922
2667,2,12,36674.790000,1762.490000,0.000000,0.000000,0.000000,3.473869,1,02/26/2026 21:38:12,23.115,22.938
2668,2,12,36694.790000,1782.490000,0.000000,0.000000,0.000000,3.473564,1,02/26/2026 21:38:32,23.131,22.938
2669,2,12,36712.300000,1800.000000,0.000000,0.000000,0.000000,3.473869,129,02/26/2026 21:38:49,23.131,22.954
2670,3,5,36712.340000,0.040000,0.000041,0.000130,-3.751736,3.198291,0,02/26/2026 21:38:50,23.131,22.954
2671,3,5,36712.500000,0.200000,0.000207,0.000661,-3.749905,3.172961,5,02/26/2026 21:38:50,23.131,22.954
2672,3,5,36712.620000,0.320000,0.000332,0.001056,-3.750057,3.158312,5,02/26/2026 21:38:50,23.131,22.954
2673,3,5,36712.750000,0.450000,0.000468,0.001483,-3.750210,3.145190,5,02/26/2026 21:38:50,23.131,22.954
2674,3,5,36712.890000,0.590000,0.000614,0.001940,-3.750210,3.133593,5,02/26/2026 21:38:50,23.131,22.954
2675,3,5,36713.040000,0.740000,0.000770,0.002429,-3.750057,3.122911,5,02/26/2026 21:38:51,23.131,22.954
2676,3,5,36713.200000,0.900000,0.000937,0.002948,-3.750057,3.112840,5,02/26/2026 21:38:51,23.131,22.954
2677,3,5,36713.390000,1.090000,0.001134,0.003563,-3.749905,3.103075,5,02/26/2026 21:38:51,23.131,22.954
2678,3,5,36713.590000,1.290000,0.001343,0.004209,-3.749905,3.094530,5,02/26/2026 21:38:51,23.131,22.954
2679,3,5,36713.790000,1.490000,0.001551,0.004852,-3.750057,3.086595,5,02/26/2026 21:38:51,23.131,22.954
2680,3,5,36714.010000,1.710000,0.001780,0.005559,-3.750057,3.079271,5,02/26/2026 21:38:52,23.131,22.954
2681,3,5,36714.260000,1.960000,0.002041,0.006359,-3.750057,3.071641,5,02/26/2026 21:38:52,23.131,22.954
2682,3,5,36714.540000,2.240000,0.002332,0.007254,-3.749905,3.065232,5,02/26/2026 21:38:52,23.131,22.954
2683,3,5,36714.820000,2.520000,0.002624,0.008147,-3.749905,3.058824,5,02/26/2026 21:38:52,23.131,22.954
2684,3,5,36715.130000,2.830000,0.002947,0.009134,-3.749905,3.052720,5,02/26/2026 21:38:53,23.131,22.954
2685,3,5,36715.540000,3.240000,0.003374,0.010436,-3.750057,3.046006,5,02/26/2026 21:38:53,23.131,22.954
2686,3,5,36715.980000,3.680000,0.003832,0.011831,-3.750057,3.039902,5,02/26/2026 21:38:54,23.131,22.954
2687,3,5,36716.480000,4.180000,0.004353,0.013413,-3.749905,3.034409,5,02/26/2026 21:38:54,23.131,22.954
2688,3,5,36717.010000,4.710000,0.004905,0.015087,-3.750057,3.028916,5,02/26/2026 21:38:55,23.131,22.954
2689,3,5,36717.710000,5.410000,0.005634,0.017293,-3.749905,3.023728,5,02/26/2026 21:38:55,23.147,22.954
2690,3,5,36718.420000,6.120000,0.006374,0.019527,-3.749752,3.018540,5,02/26/2026 21:38:56,23.147,22.954
2691,3,5,36719.380000,7.080000,0.007374,0.022543,-3.750057,3.013046,5,02/26/2026 21:38:57,23.147,22.954
2692,3,5,36720.510000,8.210000,0.008551,0.026087,-3.749905,3.007858,5,02/26/2026 21:38:58,23.163,22.954
2693,3,5,36721.750000,9.450000,0.009843,0.029968,-3.750057,3.002670,5,02/26/2026 21:38:59,23.163,22.970
2694,3,5,36723.460000,11.160000,0.011624,0.035313,-3.749905,2.997787,5,02/26/2026 21:39:01,23.179,22.954
2695,3,5,36725.450000,13.150000,0.013697,0.041521,-3.750057,2.992599,5,02/26/2026 21:39:03,23.195,22.970
2696,3,5,36728.020000,15.720000,0.016374,0.049526,-3.750057,2.987716,5,02/26/2026 21:39:06,23.211,22.970
2697,3,5,36731.010000,18.710000,0.019489,0.058824,-3.750057,2.982834,5,02/26/2026 21:39:09,23.243,22.970
2698,3,5,36734.900000,22.600000,0.023541,0.070901,-3.750057,2.977951,5,02/26/2026 21:39:12,23.308,22.970
2699,3,5,36739.700000,27.400000,0.028541,0.085778,-3.749905,2.973068,5,02/26/2026 21:39:17,23.388,22.970
2700,3,5,36745.800000,33.500000,0.034895,0.104654,-3.749905,2.968185,5,02/26/2026 21:39:23,23.501,22.970
2701,3,5,36754.630000,42.330000,0.044093,0.131934,-3.749905,2.963302,5,02/26/2026 21:39:32,23.662,22.986
2702,3,5,36770.730000,58.430000,0.060864,0.181589,-3.749752,2.958419,5,02/26/2026 21:39:48,24.016,23.002
2703,3,5,36790.730000,78.430000,0.081697,0.243198,-3.749752,2.956283,1,02/26/2026 21:40:08,24.450,23.019
2704,3,5,36810.730000,98.430000,0.102530,0.304779,-3.749905,2.955673,1,02/26/2026 21:40:28,24.884,23.035
2705,3,5,36830.730000,118.430000,0.123364,0.366358,-3.750057,2.955978,1,02/26/2026 21:40:48,25.286,23.051
2706,3,5,36850.730000,138.430000,0.144197,0.427948,-3.750057,2.956588,1,02/26/2026 21:41:08,25.672,23.067
2707,3,5,36870.730000,158.430000,0.165030,0.489551,-3.749905,2.957198,1,02/26/2026 21:41:28,26.058,23.083
2708,3,5,36890.730000,178.430000,0.185864,0.551174,-3.750057,2.958114,1,02/26/2026 21:41:48,26.445,23.099
2709,3,5,36910.730000,198.430000,0.206697,0.612817,-3.749905,2.959335,1,02/26/2026 21:42:08,26.782,23.115
2710,3,5,36930.730000,218.430000,0.227530,0.674480,-3.749905,2.960250,1,02/26/2026 21:42:28,27.136,23.131
2711,3,5,36950.730000,238.430000,0.248364,0.736167,-3.749905,2.961471,1,02/26/2026 21:42:48,27.442,23.147
2712,3,5,36970.730000,258.430000,0.269197,0.797875,-3.750057,2.962387,1,02/26/2026 21:43:08,27.747,23.163
2713,3,5,36990.730000,278.430000,0.290030,0.859598,-3.750057,2.962692,1,02/26/2026 21:43:28,28.037,23.179
2714,3,5,37010.730000,298.430000,0.310864,0.921331,-3.750057,2.962997,1,02/26/2026 21:43:48,28.375,23.195
2715,3,5,37030.730000,318.430000,0.331697,0.983071,-3.750057,2.963607,1,02/26/2026 21:44:08,28.632,23.212
2716,3,5,37050.730000,338.430000,0.352530,1.044815,-3.750057,2.963607,1,02/26/2026 21:44:28,28.857,23.212
2717,3,5,37070.730000,358.430000,0.373364,1.106563,-3.750057,2.963912,1,02/26/2026 21:44:48,29.131,23.212
2718,3,5,37090.730000,378.430000,0.394197,1.168313,-3.750057,2.963912,1,02/26/2026 21:45:08,29.356,23.228
2719,3,5,37110.730000,398.430000,0.415030,1.230062,-3.750057,2.963912,1,02/26/2026 21:45:28,29.581,23.212
2720,3,5,37130.730000,418.430000,0.435864,1.291809,-3.750057,2.963607,1,02/26/2026 21:45:48,29.790,23.195
2721,3,5,37150.730000,438.430000,0.456697,1.353548,-3.750057,2.963302,1,02/26/2026 21:46:08,29.967,23.179
2722,3,5,37170.730000,458.430000,0.477530,1.415282,-3.749905,2.962692,1,02/26/2026 21:46:28,30.078,23.147
2723,3,5,37190.730000,478.430000,0.498364,1.477007,-3.750057,2.962387,1,02/26/2026 21:46:48,30.266,23.131
2724,3,5,37210.730000,498.430000,0.519197,1.538720,-3.750210,2.961776,1,02/26/2026 21:47:08,30.376,23.115
2725,3,5,37230.730000,518.430000,0.540030,1.600419,-3.750057,2.961471,1,02/26/2026 21:47:28,30.675,23.115
2726,3,5,37250.730000,538.430000,0.560864,1.662099,-3.750057,2.960250,1,02/26/2026 21:47:48,30.722,23.099
2727,3,5,37270.730000,558.430000,0.581697,1.723758,-3.750057,2.959335,1,02/26/2026 21:48:08,30.910,23.083
2728,3,5,37290.730000,578.430000,0.602530,1.785399,-3.749905,2.958419,1,02/26/2026 21:48:28,31.067,23.083
2729,3,5,37310.730000,598.430000,0.623364,1.847021,-3.750057,2.957198,1,02/26/2026 21:48:48,31.161,23.083
2730,3,5,37330.730000,618.430000,0.644197,1.908624,-3.749752,2.956283,1,02/26/2026 21:49:08,31.287,23.067
2731,3,5,37350.730000,638.430000,0.665030,1.970202,-3.749905,2.955062,1,02/26/2026 21:49:28,31.428,23.083
2732,3,5,37370.730000,658.430000,0.685864,2.031755,-3.749905,2.954147,1,02/26/2026 21:49:48,31.601,23.083
2733,3,5,37390.730000,678.430000,0.706697,2.093281,-3.750057,2.952010,1,02/26/2026 21:50:08,31.742,23.099
2734,3,5,37410.730000,698.430000,0.727530,2.154774,-3.750057,2.950790,1,02/26/2026 21:50:28,31.899,23.099
2735,3,5,37430.730000,718.430000,0.748364,2.216230,-3.749905,2.948959,1,02/26/2026 21:50:48,32.009,23.115
2736,3,5,37450.730000,738.430000,0.769197,2.277655,-3.750057,2.947433,1,02/26/2026 21:51:08,32.182,23.131
2737,3,5,37470.730000,758.430000,0.790030,2.339048,-3.750210,2.945907,1,02/26/2026 21:51:28,32.276,23.147
2738,3,5,37490.730000,778.430000,0.810864,2.400404,-3.750057,2.944076,1,02/26/2026 21:51:48,32.417,23.179
2739,3,5,37510.730000,798.430000,0.831697,2.461718,-3.749752,2.941939,1,02/26/2026 21:52:08,32.402,23.195
2740,3,5,37530.730000,818.430000,0.852530,2.522990,-3.750210,2.939803,1,02/26/2026 21:52:28,32.496,23.212
2741,3,5,37550.730000,838.430000,0.873364,2.584217,-3.750057,2.937667,1,02/26/2026 21:52:48,32.606,23.228
2742,3,5,37570.730000,858.430000,0.894197,2.645399,-3.749905,2.935225,1,02/26/2026 21:53:08,32.825,23.260
2743,3,5,37590.730000,878.430000,0.915030,2.706530,-3.750057,2.932784,1,02/26/2026 21:53:28,32.967,23.276
2744,3,5,37610.730000,898.430000,0.935864,2.767613,-3.749905,2.930648,1,02/26/2026 21:53:48,33.124,23.276
2745,3,5,37630.730000,918.430000,0.956697,2.828642,-3.750057,2.927901,1,02/26/2026 21:54:08,33.202,23.292
2746,3,5,37650.730000,938.430000,0.977530,2.889613,-3.750057,2.925154,1,02/26/2026 21:54:28,33.249,23.308
2747,3,5,37670.730000,958.430000,0.998364,2.950524,-3.749905,2.922103,1,02/26/2026 21:54:48,33.375,23.308
2748,3,5,37690.730000,978.430000,1.019197,3.011374,-3.749752,2.919356,1,02/26/2026 21:55:08,33.516,23.324
2749,3,5,37710.730000,998.430000,1.040030,3.072154,-3.749905,2.915694,1,02/26/2026 21:55:28,33.548,23.308
2750,3,5,37730.730000,1018.430000,1.060864,3.132865,-3.750057,2.912642,1,02/26/2026 21:55:48,33.626,23.308
2751,3,5,37750.730000,1038.430000,1.081697,3.193498,-3.750057,2.908370,1,02/26/2026 21:56:08,33.783,23.292
2752,3,5,37770.730000,1058.430000,1.102530,3.254051,-3.750057,2.904402,1,02/26/2026 21:56:28,33.720,23.260
2753,3,5,37790.730000,1078.430000,1.123364,3.314519,-3.750057,2.900130,1,02/26/2026 21:56:48,33.909,23.244
2754,3,5,37810.730000,1098.430000,1.144197,3.374890,-3.749905,2.894942,1,02/26/2026 21:57:08,34.034,23.244
2755,3,5,37830.180000,1117.880000,1.164457,3.433501,-3.750057,2.889754,5,02/26/2026 21:57:28,34.081,23.212
2756,3,5,37849.080000,1136.780000,1.184145,3.490350,-3.749905,2.884871,5,02/26/2026 21:57:47,34.144,23.212
2757,3,5,37863.350000,1151.050000,1.199009,3.533198,-3.750057,2.879988,5,02/26/2026 21:58:01,34.191,23.195
2758,3,5,37877.660000,1165.360000,1.213916,3.576097,-3.750210,2.874800,5,02/26/2026 21:58:15,34.254,23.179
2759,3,5,37891.670000,1179.370000,1.228509,3.618021,-3.750057,2.869917,5,02/26/2026 21:58:29,34.254,23.179
2760,3,5,37903.380000,1191.080000,1.240707,3.653000,-3.750210,2.865034,5,02/26/2026 21:58:41,34.395,23.163
2761,3,5,37915.110000,1202.810000,1.252926,3.687980,-3.750057,2.859846,5,02/26/2026 21:58:53,34.442,23.163
2762,3,5,37926.040000,1213.740000,1.264312,3.720515,-3.750057,2.854963,5,02/26/2026 21:59:04,34.490,23.131
2763,3,5,37935.760000,1223.460000,1.274437,3.749398,-3.750057,2.849775,5,02/26/2026 21:59:13,34.599,23.131
2764,3,5,37945.350000,1233.050000,1.284426,3.777844,-3.749905,2.844587,5,02/26/2026 21:59:23,34.631,23.131
2765,3,5,37953.660000,1241.360000,1.293082,3.802449,-3.749905,2.839704,5,02/26/2026 21:59:31,34.631,23.131
2766,3,5,37961.890000,1249.590000,1.301655,3.826775,-3.750057,2.834821,5,02/26/2026 21:59:39,34.725,23.131
2767,3,5,37968.980000,1256.680000,1.309041,3.847694,-3.750057,2.829938,5,02/26/2026 21:59:46,34.709,23.131
2768,3,5,37976.320000,1264.020000,1.316687,3.869313,-3.750057,2.824750,5,02/26/2026 21:59:54,34.756,23.131
2769,3,5,37983.190000,1270.890000,1.323843,3.889510,-3.750057,2.819867,5,02/26/2026 22:00:01,34.803,23.131
2770,3,5,37988.870000,1276.570000,1.329759,3.906181,-3.749905,2.814984,5,02/26/2026 22:00:06,34.913,23.131
2771,3,5,37995.100000,1282.800000,1.336249,3.924434,-3.749905,2.810101,5,02/26/2026 22:00:13,35.117,23.131
2772,3,5,38000.630000,1288.330000,1.342009,3.940608,-3.750057,2.804913,5,02/26/2026 22:00:18,35.086,23.131
2773,3,5,38006.370000,1294.070000,1.347989,3.957366,-3.749905,2.800031,5,02/26/2026 22:00:24,35.180,23.131
2774,3,5,38011.130000,1298.830000,1.352947,3.971237,-3.750057,2.795148,5,02/26/2026 22:00:29,35.180,23.131
2775,3,5,38016.260000,1303.960000,1.358291,3.986162,-3.749905,2.789960,5,02/26/2026 22:00:34,35.243,23.131
2776,3,5,38021.080000,1308.780000,1.363312,4.000158,-3.749905,2.785077,5,02/26/2026 22:00:39,35.274,23.131
2777,3,5,38025.310000,1313.010000,1.367718,4.012420,-3.749905,2.780194,5,02/26/2026 22:00:43,35.290,23.147
2778,3,5,38029.880000,1317.580000,1.372478,4.025643,-3.749905,2.775006,5,02/26/2026 22:00:47,35.290,23.147
2779,3,5,38034.180000,1321.880000,1.376957,4.038063,-3.749905,2.769818,5,02/26/2026 22:00:52,35.384,23.163
2780,3,5,38038.420000,1326.120000,1.381374,4.050286,-3.750057,2.764935,5,02/26/2026 22:00:56,35.416,23.147
2781,3,5,38042.230000,1329.930000,1.385343,4.061249,-3.750057,2.760052,5,02/26/2026 22:01:00,35.447,23.163
2782,3,5,38045.960000,1333.660000,1.389228,4.071964,-3.749905,2.754864,5,02/26/2026 22:01:03,35.494,23.163
2783,3,5,38049.950000,1337.650000,1.393384,4.083404,-3.750057,2.749981,5,02/26/2026 22:01:07,35.479,23.147
2784,3,5,38053.120000,1340.820000,1.396687,4.092476,-3.750057,2.745098,5,02/26/2026 22:01:11,35.557,23.163
2785,3,5,38056.700000,1344.400000,1.400416,4.102704,-3.749905,2.739910,5,02/26/2026 22:01:14,35.698,23.163
2786,3,5,38059.970000,1347.670000,1.403822,4.112030,-3.750210,2.735027,5,02/26/2026 22:01:17,35.730,23.163
2787,3,5,38063.330000,1351.030000,1.407322,4.121594,-3.749905,2.729839,5,02/26/2026 22:01:21,35.824,23.179
2788,3,5,38066.600000,1354.300000,1.410728,4.130885,-3.749905,2.724956,5,02/26/2026 22:01:24,35.793,23.179
2789,3,5,38069.720000,1357.420000,1.413978,4.139733,-3.750057,2.719768,5,02/26/2026 22:01:27,35.855,23.179
2790,3,5,38072.900000,1360.600000,1.417291,4.148735,-3.750210,2.714580,5,02/26/2026 22:01:30,35.934,23.179
2791,3,5,38075.930000,1363.630000,1.420447,4.157295,-3.749905,2.709697,5,02/26/2026 22:01:33,35.950,23.179
2792,3,5,38078.680000,1366.380000,1.423312,4.165050,-3.750057,2.704204,5,02/26/2026 22:01:36,35.981,23.179
2793,3,5,38081.870000,1369.570000,1.426634,4.174028,-3.750057,2.699016,5,02/26/2026 22:01:39,36.059,23.195
2794,3,5,38084.600000,1372.300000,1.429478,4.181697,-3.749905,2.693828,5,02/26/2026 22:01:42,36.107,23.179
2795,3,5,38087.390000,1375.090000,1.432384,4.189519,-3.750057,2.688945,5,02/26/2026 22:01:45,36.154,23.179
2796,3,5,38089.900000,1377.600000,1.434999,4.196542,-3.750057,2.683452,5,02/26/2026 22:01:47,36.201,23.195
2797,3,5,38092.740000,1380.440000,1.437957,4.204475,-3.750210,2.678264,5,02/26/2026 22:01:50,36.216,23.195
2798,3,5,38095.270000,1382.970000,1.440593,4.211527,-3.750057,2.673381,5,02/26/2026 22:01:53,36.248,23.195
2799,3,5,38097.650000,1385.350000,1.443072,4.218149,-3.749905,2.668498,5,02/26/2026 22:01:55,36.311,23.195
2800,3,5,38100.100000,1387.800000,1.445624,4.224953,-3.749905,2.663310,5,02/26/2026 22:01:58,36.342,23.195
2801,3,5,38102.610000,1390.310000,1.448239,4.231910,-3.749905,2.658122,5,02/26/2026 22:02:00,36.389,23.195
2802,3,5,38104.950000,1392.650000,1.450676,4.238383,-3.750057,2.652934,5,02/26/2026 22:02:02,36.483,23.195
2803,3,5,38107.200000,1394.900000,1.453020,4.244595,-3.749905,2.647745,5,02/26/2026 22:02:05,36.593,23.195
2804,3,5,38109.450000,1397.150000,1.455364,4.250795,-3.749905,2.642863,5,02/26/2026 22:02:07,36.593,23.195
2805,3,5,38111.590000,1399.290000,1.457593,4.256681,-3.750057,2.637980,5,02/26/2026 22:02:09,36.578,23.212
2806,3,5,38113.690000,1401.390000,1.459780,4.262447,-3.750210,2.633097,5,02/26/2026 22:02:11,36.593,23.195
2807,3,5,38115.800000,1403.500000,1.461978,4.268229,-3.749905,2.628214,5,02/26/2026 22:02:13,36.672,23.212
2808,3,5,38117.800000,1405.500000,1.464062,4.273698,-3.750057,2.622721,5,02/26/2026 22:02:15,36.766,23.212
2809,3,5,38119.990000,1407.690000,1.466343,4.279677,-3.750057,2.617838,5,02/26/2026 22:02:18,36.829,23.212
2810,3,5,38121.890000,1409.590000,1.468322,4.284853,-3.749905,2.612955,5,02/26/2026 22:02:19,36.876,23.212
2811,3,5,38123.880000,1411.580000,1.470395,4.290264,-3.750057,2.608072,5,02/26/2026 22:02:21,36.891,23.212
2812,3,5,38125.830000,1413.530000,1.472426,4.295557,-3.750057,2.602884,5,02/26/2026 22:02:23,36.954,23.212
2813,3,5,38127.720000,1415.420000,1.474395,4.300676,-3.750057,2.597696,5,02/26/2026 22:02:25,37.017,23.212
2814,3,5,38129.710000,1417.410000,1.476468,4.306056,-3.750057,2.592508,5,02/26/2026 22:02:27,37.033,23.212
2815,3,5,38131.690000,1419.390000,1.478530,4.311398,-3.749905,2.587625,5,02/26/2026 22:02:29,37.033,23.212
2816,3,5,38133.480000,1421.180000,1.480395,4.316219,-3.749905,2.582437,5,02/26/2026 22:02:31,37.064,23.212
2817,3,5,38135.390000,1423.090000,1.482384,4.321352,-3.750057,2.577554,5,02/26/2026 22:02:33,37.064,23.212
2818,3,5,38137.000000,1424.700000,1.484062,4.325671,-3.749905,2.572671,5,02/26/2026 22:02:35,37.064,23.212
2819,3,5,38138.880000,1426.580000,1.486020,4.330704,-3.749905,2.567483,5,02/26/2026 22:02:36,37.111,23.212
2820,3,5,38140.630000,1428.330000,1.487843,4.335380,-3.750057,2.562295,5,02/26/2026 22:02:38,37.190,23.228
2821,3,5,38142.350000,1430.050000,1.489634,4.339966,-3.750057,2.557412,5,02/26/2026 22:02:40,37.205,23.212
2822,3,5,38144.080000,1431.780000,1.491437,4.344571,-3.749905,2.552224,5,02/26/2026 22:02:42,37.221,23.228
2823,3,5,38145.890000,1433.590000,1.493322,4.349378,-3.750057,2.546731,5,02/26/2026 22:02:43,37.268,23.228
2824,3,5,38147.530000,1435.230000,1.495030,4.353724,-3.749905,2.541543,5,02/26/2026 22:02:45,37.315,23.228
2825,3,5,38149.270000,1436.970000,1.496843,4.358327,-3.750057,2.536660,5,02/26/2026 22:02:47,37.347,23.228
2826,3,5,38150.860000,1438.560000,1.498499,4.362524,-3.749905,2.531472,5,02/26/2026 22:02:48,37.410,23.228
2827,3,5,38152.540000,1440.240000,1.500249,4.366949,-3.750057,2.526589,5,02/26/2026 22:02:50,37.457,23.228
2828,3,5,38154.010000,1441.710000,1.501780,4.370814,-3.750057,2.521401,5,02/26/2026 22:02:52,37.472,23.228
2829,3,5,38155.720000,1443.420000,1.503562,4.375301,-3.749905,2.515908,5,02/26/2026 22:02:53,37.488,23.228
2830,3,5,38157.380000,1445.080000,1.505291,4.379647,-3.750057,2.511025,5,02/26/2026 22:02:55,37.535,23.228
2831,3,5,38158.830000,1446.530000,1.506801,4.383436,-3.750057,2.506142,5,02/26/2026 22:02:56,37.614,23.228
2832,3,5,38160.380000,1448.080000,1.508416,4.387478,-3.749905,2.501259,5,02/26/2026 22:02:58,37.676,23.228
2833,3,5,38160.640000,1448.340000,1.508687,4.388156,-3.749905,2.500038,133,02/26/2026 22:02:58,37.692,23.228
2834,3,6,38160.650000,0.010000,0.000000,0.000000,0.000000,2.717021,0,02/26/2026 22:02:58,37.692,23.228
2835,3,6,38160.810000,0.170000,0.000000,0.000000,0.000000,2.737469,5,02/26/2026 22:02:58,37.708,23.228
2836,3,6,38160.940000,0.300000,0.000000,0.000000,0.000000,2.750286,5,02/26/2026 22:02:58,37.708,23.228
2837,3,6,38161.080000,0.440000,0.000000,0.000000,0.000000,2.762188,5,02/26/2026 22:02:59,37.708,23.228
2838,3,6,38161.220000,0.580000,0.000000,0.000000,0.000000,2.773175,5,02/26/2026 22:02:59,37.724,23.228
2839,3,6,38161.370000,0.730000,0.000000,0.000000,0.000000,2.783856,5,02/26/2026 22:02:59,37.724,23.228
2840,3,6,38161.530000,0.890000,0.000000,0.000000,0.000000,2.794842,5,02/26/2026 22:02:59,37.724,23.228
2841,3,6,38161.690000,1.050000,0.000000,0.000000,0.000000,2.804913,5,02/26/2026 22:02:59,37.724,23.228
2842,3,6,38161.860000,1.220000,0.000000,0.000000,0.000000,2.814679,5,02/26/2026 22:02:59,37.724,23.228
2843,3,6,38162.030000,1.390000,0.000000,0.000000,0.000000,2.824750,5,02/26/2026 22:03:00,37.739,23.228
2844,3,6,38162.210000,1.570000,0.000000,0.000000,0.000000,2.833600,5,02/26/2026 22:03:00,37.739,23.228
2845,3,6,38162.390000,1.750000,0.000000,0.000000,0.000000,2.842451,5,02/26/2026 22:03:00,37.739,23.228
2846,3,6,38162.580000,1.940000,0.000000,0.000000,0.000000,2.851911,5,02/26/2026 22:03:00,37.739,23.228
2847,3,6,38162.780000,2.140000,0.000000,0.000000,0.000000,2.860456,5,02/26/2026 22:03:00,37.739,23.228
2848,3,6,38162.970000,2.330000,0.000000,0.000000,0.000000,2.868696,5,02/26/2026 22:03:00,37.739,23.228
2849,3,6,38163.170000,2.530000,0.000000,0.000000,0.000000,2.877241,5,02/26/2026 22:03:01,37.739,23.228
2850,3,6,38163.390000,2.750000,0.000000,0.000000,0.000000,2.885786,5,02/26/2026 22:03:01,37.755,23.228
2851,3,6,38163.610000,2.970000,0.000000,0.000000,0.000000,2.894026,5,02/26/2026 22:03:01,37.755,23.228
2852,3,6,38163.830000,3.190000,0.000000,0.000000,0.000000,2.901961,5,02/26/2026 22:03:01,37.755,23.228
2853,3,6,38164.070000,3.430000,0.000000,0.000000,0.000000,2.909285,5,02/26/2026 22:03:02,37.755,23.228
2854,3,6,38164.280000,3.640000,0.000000,0.000000,0.000000,2.916915,5,02/26/2026 22:03:02,37.755,23.228
2855,3,6,38164.510000,3.870000,0.000000,0.000000,0.000000,2.924239,5,02/26/2026 22:03:02,37.755,23.228
2856,3,6,38164.760000,4.120000,0.000000,0.000000,0.000000,2.931868,5,02/26/2026 22:03:02,37.755,23.228
2857,3,6,38165.010000,4.370000,0.000000,0.000000,0.000000,2.939193,5,02/26/2026 22:03:03,37.755,23.228
2858,3,6,38165.260000,4.620000,0.000000,0.000000,0.000000,2.946212,5,02/26/2026 22:03:03,37.755,23.244
2859,3,6,38165.510000,4.870000,0.000000,0.000000,0.000000,2.953231,5,02/26/2026 22:03:03,37.771,23.244
2860,3,6,38165.780000,5.140000,0.000000,0.000000,0.000000,2.960250,5,02/26/2026 22:03:03,37.771,23.244
2861,3,6,38166.060000,5.420000,0.000000,0.000000,0.000000,2.966964,5,02/26/2026 22:03:04,37.771,23.244
2862,3,6,38166.320000,5.680000,0.000000,0.000000,0.000000,2.973678,5,02/26/2026 22:03:04,37.771,23.244
2863,3,6,38166.610000,5.970000,0.000000,0.000000,0.000000,2.980392,5,02/26/2026 22:03:04,37.771,23.228
2864,3,6,38166.920000,6.280000,0.000000,0.000000,0.000000,2.987106,5,02/26/2026 22:03:04,37.786,23.228
2865,3,6,38167.220000,6.580000,0.000000,0.000000,0.000000,2.993210,5,02/26/2026 22:03:05,37.786,23.228
2866,3,6,38167.520000,6.880000,0.000000,0.000000,0.000000,2.999924,5,02/26/2026 22:03:05,37.786,23.244
2867,3,6,38167.850000,7.210000,0.000000,0.000000,0.000000,3.006332,5,02/26/2026 22:03:05,37.802,23.244
2868,3,6,38168.200000,7.560000,0.000000,0.000000,0.000000,3.012436,5,02/26/2026 22:03:06,37.818,23.244
2869,3,6,38168.530000,7.890000,0.000000,0.000000,0.000000,3.018235,5,02/26/2026 22:03:06,37.818,23.244
2870,3,6,38168.870000,8.230000,0.000000,0.000000,0.000000,3.024643,5,02/26/2026 22:03:06,37.833,23.228
2871,3,6,38169.260000,8.620000,0.000000,0.000000,0.000000,3.031052,5,02/26/2026 22:03:07,37.849,23.228
2872,3,6,38169.680000,9.040000,0.000000,0.000000,0.000000,3.036851,5,02/26/2026 22:03:07,37.865,23.244
2873,3,6,38170.090000,9.450000,0.000000,0.000000,0.000000,3.042954,5,02/26/2026 22:03:08,37.865,23.244
2874,3,6,38170.500000,9.860000,0.000000,0.000000,0.000000,3.048753,5,02/26/2026 22:03:08,37.881,23.244
2875,3,6,38170.980000,10.340000,0.000000,0.000000,0.000000,3.054856,5,02/26/2026 22:03:08,37.881,23.244
2876,3,6,38171.430000,10.790000,0.000000,0.000000,0.000000,3.060349,5,02/26/2026 22:03:09,37.896,23.228
2877,3,6,38171.910000,11.270000,0.000000,0.000000,0.000000,3.065843,5,02/26/2026 22:03:09,37.896,23.228
2878,3,6,38172.460000,11.820000,0.000000,0.000000,0.000000,3.071336,5,02/26/2026 22:03:10,37.896,23.244
2879,3,6,38173.000000,12.360000,0.000000,0.000000,0.000000,3.076829,5,02/26/2026 22:03:11,37.896,23.244
2880,3,6,38173.570000,12.930000,0.000000,0.000000,0.000000,3.082322,5,02/26/2026 22:03:11,37.896,23.244
2881,3,6,38174.200000,13.560000,0.000000,0.000000,0.000000,3.087510,5,02/26/2026 22:03:12,37.896,23.244
2882,3,6,38174.890000,14.250000,0.000000,0.000000,0.000000,3.093309,5,02/26/2026 22:03:12,37.896,23.244
2883,3,6,38175.670000,15.030000,0.000000,0.000000,0.000000,3.098497,5,02/26/2026 22:03:13,37.865,23.244
2884,3,6,38176.460000,15.820000,0.000000,0.000000,0.000000,3.103990,5,02/26/2026 22:03:14,37.849,23.244
2885,3,6,38177.330000,16.690000,0.000000,0.000000,0.000000,3.109178,5,02/26/2026 22:03:15,37.818,23.244
2886,3,6,38178.260000,17.620000,0.000000,0.000000,0.000000,3.114366,5,02/26/2026 22:03:16,37.802,23.244
2887,3,6,38179.360000,18.720000,0.000000,0.000000,0.000000,3.119860,5,02/26/2026 22:03:17,37.786,23.244
2888,3,6,38180.500000,19.860000,0.000000,0.000000,0.000000,3.124743,5,02/26/2026 22:03:18,37.786,23.244
2889,3,6,38181.820000,21.180000,0.000000,0.000000,0.000000,3.129931,5,02/26/2026 22:03:19,37.771,23.244
2890,3,6,38183.250000,22.610000,0.000000,0.000000,0.000000,3.134813,5,02/26/2026 22:03:21,37.755,23.244
2891,3,6,38184.920000,24.280000,0.000000,0.000000,0.000000,3.140002,5,02/26/2026 22:03:22,37.739,23.244
2892,3,6,38186.730000,26.090000,0.000000,0.000000,0.000000,3.145190,5,02/26/2026 22:03:24,37.661,23.244
2893,3,6,38188.910000,28.270000,0.000000,0.000000,0.000000,3.150072,5,02/26/2026 22:03:26,37.567,23.244
2894,3,6,38191.300000,30.660000,0.000000,0.000000,0.000000,3.155261,5,02/26/2026 22:03:29,37.519,23.260
2895,3,6,38194.230000,33.590000,0.000000,0.000000,0.000000,3.160449,5,02/26/2026 22:03:32,37.441,23.260
2896,3,6,38197.690000,37.050000,0.000000,0.000000,0.000000,3.165332,5,02/26/2026 22:03:35,37.378,23.260
2897,3,6,38201.770000,41.130000,0.000000,0.000000,0.000000,3.170520,5,02/26/2026 22:03:39,37.347,23.260
2898,3,6,38206.690000,46.050000,0.000000,0.000000,0.000000,3.175708,5,02/26/2026 22:03:44,37.221,23.260
2899,3,6,38213.070000,52.430000,0.000000,0.000000,0.000000,3.180591,5,02/26/2026 22:03:51,36.986,23.276
2900,3,6,38220.260000,59.620000,0.000000,0.000000,0.000000,3.185473,5,02/26/2026 22:03:58,36.766,23.276
2901,3,6,38230.720000,70.080000,0.000000,0.000000,0.000000,3.190356,5,02/26/2026 22:04:08,36.593,23.292
2902,3,6,38242.830000,82.190000,0.000000,0.000000,0.000000,3.195239,5,02/26/2026 22:04:20,36.248,23.292
2903,3,6,38262.640000,102.000000,0.000000,0.000000,0.000000,3.200122,5,02/26/2026 22:04:40,35.745,23.308
2904,3,6,38282.640000,122.000000,0.000000,0.000000,0.000000,3.203784,1,02/26/2026 22:05:00,35.416,23.308
2905,3,6,38302.640000,142.000000,0.000000,0.000000,0.000000,3.205921,1,02/26/2026 22:05:20,34.851,23.324
2906,3,6,38322.640000,162.000000,0.000000,0.000000,0.000000,3.207446,1,02/26/2026 22:05:40,34.442,23.324
2907,3,6,38342.640000,182.000000,0.000000,0.000000,0.000000,3.209583,1,02/26/2026 22:06:00,34.050,23.324
2908,3,6,38362.640000,202.000000,0.000000,0.000000,0.000000,3.210803,1,02/26/2026 22:06:20,33.783,23.324
2909,3,6,38382.640000,222.000000,0.000000,0.000000,0.000000,3.211719,1,02/26/2026 22:06:40,33.359,23.308
2910,3,6,38402.640000,242.000000,0.000000,0.000000,0.000000,3.212634,1,02/26/2026 22:07:00,32.951,23.292
2911,3,6,38422.640000,262.000000,0.000000,0.000000,0.000000,3.212940,1,02/26/2026 22:07:20,32.590,23.260
2912,3,6,38442.640000,282.000000,0.000000,0.000000,0.000000,3.213855,1,02/26/2026 22:07:40,32.260,23.244
2913,3,6,38462.640000,302.000000,0.000000,0.000000,0.000000,3.214160,1,02/26/2026 22:08:00,31.868,23.228
2914,3,6,38482.640000,322.000000,0.000000,0.000000,0.000000,3.214160,1,02/26/2026 22:08:20,31.569,23.212
2915,3,6,38502.640000,342.000000,0.000000,0.000000,0.000000,3.214466,1,02/26/2026 22:08:40,31.193,23.179
2916,3,6,38522.640000,362.000000,0.000000,0.000000,0.000000,3.215381,1,02/26/2026 22:09:00,30.863,23.163
2917,3,6,38542.640000,382.000000,0.000000,0.000000,0.000000,3.215686,1,02/26/2026 22:09:20,30.659,23.131
2918,3,6,38562.640000,402.000000,0.000000,0.000000,0.000000,3.215686,1,02/26/2026 22:09:40,30.345,23.115
2919,3,6,38582.640000,422.000000,0.000000,0.000000,0.000000,3.215991,1,02/26/2026 22:10:00,30.141,23.099
2920,3,6,38602.640000,442.000000,0.000000,0.000000,0.000000,3.216297,1,02/26/2026 22:10:20,29.790,23.099
2921,3,6,38622.640000,462.000000,0.000000,0.000000,0.000000,3.216602,1,02/26/2026 22:10:40,29.597,23.099
2922,3,6,38642.640000,482.000000,0.000000,0.000000,0.000000,3.216297,1,02/26/2026 22:11:00,29.356,23.115
2923,3,6,38662.640000,502.000000,0.000000,0.000000,0.000000,3.216602,1,02/26/2026 22:11:20,29.147,23.115
2924,3,6,38682.640000,522.000000,0.000000,0.000000,0.000000,3.216907,1,02/26/2026 22:11:40,28.906,23.147
2925,3,6,38702.640000,542.000000,0.000000,0.000000,0.000000,3.216602,1,02/26/2026 22:12:00,28.729,23.147
2926,3,6,38722.640000,562.000000,0.000000,0.000000,0.000000,3.216907,1,02/26/2026 22:12:20,28.552,23.163
2927,3,6,38742.640000,582.000000,0.000000,0.000000,0.000000,3.217212,1,02/26/2026 22:12:40,28.327,23.179
2928,3,6,38762.640000,602.000000,0.000000,0.000000,0.000000,3.217212,1,02/26/2026 22:13:00,28.198,23.179
2929,3,6,38782.640000,622.000000,0.000000,0.000000,0.000000,3.217212,1,02/26/2026 22:13:20,28.037,23.195
2930,3,6,38802.640000,642.000000,0.000000,0.000000,0.000000,3.217212,1,02/26/2026 22:13:40,27.828,23.212
2931,3,6,38822.640000,662.000000,0.000000,0.000000,0.000000,3.217212,1,02/26/2026 22:14:00,27.731,23.228
2932,3,6,38842.640000,682.000000,0.000000,0.000000,0.000000,3.217517,1,02/26/2026 22:14:20,27.554,23.212
2933,3,6,38862.640000,702.000000,0.000000,0.000000,0.000000,3.217823,1,02/26/2026 22:14:40,27.426,23.244
2934,3,6,38882.640000,722.000000,0.000000,0.000000,0.000000,3.217823,1,02/26/2026 22:15:00,27.281,23.244
2935,3,6,38902.640000,742.000000,0.000000,0.000000,0.000000,3.217823,1,02/26/2026 22:15:20,27.152,23.244
2936,3,6,38922.640000,762.000000,0.000000,0.000000,0.000000,3.217823,1,02/26/2026 22:15:40,26.991,23.260
2937,3,6,38942.640000,782.000000,0.000000,0.000000,0.000000,3.217823,1,02/26/2026 22:16:00,26.911,23.260
2938,3,6,38962.640000,802.000000,0.000000,0.000000,0.000000,3.217823,1,02/26/2026 22:16:20,26.766,23.276
2939,3,6,38982.640000,822.000000,0.000000,0.000000,0.000000,3.217823,1,02/26/2026 22:16:40,26.638,23.276
2940,3,6,39002.640000,842.000000,0.000000,0.000000,0.000000,3.217823,1,02/26/2026 22:17:00,26.509,23.260
2941,3,6,39022.640000,862.000000,0.000000,0.000000,0.000000,3.218433,1,02/26/2026 22:17:20,26.396,23.244
2942,3,6,39042.640000,882.000000,0.000000,0.000000,0.000000,3.218128,1,02/26/2026 22:17:40,26.268,23.228
2943,3,6,39062.640000,902.000000,0.000000,0.000000,0.000000,3.218128,1,02/26/2026 22:18:00,26.171,23.228
2944,3,6,39082.640000,922.000000,0.000000,0.000000,0.000000,3.218433,1,02/26/2026 22:18:20,26.042,23.195
2945,3,6,39102.640000,942.000000,0.000000,0.000000,0.000000,3.218433,1,02/26/2026 22:18:40,25.930,23.179
2946,3,6,39122.640000,962.000000,0.000000,0.000000,0.000000,3.218433,1,02/26/2026 22:19:00,25.801,23.163
2947,3,6,39142.640000,982.000000,0.000000,0.000000,0.000000,3.218433,1,02/26/2026 22:19:20,25.688,23.147
2948,3,6,39162.640000,1002.000000,0.000000,0.000000,0.000000,3.218128,1,02/26/2026 22:19:40,25.576,23.115
2949,3,6,39182.640000,1022.000000,0.000000,0.000000,0.000000,3.218433,1,02/26/2026 22:20:00,25.463,23.083
2950,3,6,39202.640000,1042.000000,0.000000,0.000000,0.000000,3.218738,1,02/26/2026 22:20:20,25.383,23.067
2951,3,6,39222.640000,1062.000000,0.000000,0.000000,0.000000,3.217823,1,02/26/2026 22:20:40,25.270,23.035
2952,3,6,39242.640000,1082.000000,0.000000,0.000000,0.000000,3.218738,1,02/26/2026 22:21:00,25.174,23.019
2953,3,6,39262.640000,1102.000000,0.000000,0.000000,0.000000,3.218738,1,02/26/2026 22:21:20,25.077,23.002
2954,3,6,39282.640000,1122.000000,0.000000,0.000000,0.000000,3.218433,1,02/26/2026 22:21:40,25.029,23.019
2955,3,6,39302.640000,1142.000000,0.000000,0.000000,0.000000,3.218433,1,02/26/2026 22:22:00,24.981,23.019
2956,3,6,39322.640000,1162.000000,0.000000,0.000000,0.000000,3.218738,1,02/26/2026 22:22:20,24.932,23.035
2957,3,6,39342.640000,1182.000000,0.000000,0.000000,0.000000,3.218738,1,02/26/2026 22:22:40,24.868,23.035
2958,3,6,39362.640000,1202.000000,0.000000,0.000000,0.000000,3.218433,1,02/26/2026 22:23:00,24.836,23.035
2959,3,6,39382.640000,1222.000000,0.000000,0.000000,0.000000,3.218738,1,02/26/2026 22:23:20,24.772,23.035
2960,3,6,39402.640000,1242.000000,0.000000,0.000000,0.000000,3.219043,1,02/26/2026 22:23:40,24.723,23.035
2961,3,6,39422.640000,1262.000000,0.000000,0.000000,0.000000,3.219043,1,02/26/2026 22:24:00,24.691,23.035
2962,3,6,39442.640000,1282.000000,0.000000,0.000000,0.000000,3.218738,1,02/26/2026 22:24:20,24.659,23.035
2963,3,6,39462.640000,1302.000000,0.000000,0.000000,0.000000,3.219043,1,02/26/2026 22:24:40,24.611,23.035
2964,3,6,39482.640000,1322.000000,0.000000,0.000000,0.000000,3.219043,1,02/26/2026 22:25:00,24.579,23.035
2965,3,6,39502.640000,1342.000000,0.000000,0.000000,0.000000,3.218738,1,02/26/2026 22:25:20,24.530,23.051
2966,3,6,39522.640000,1362.000000,0.000000,0.000000,0.000000,3.219043,1,02/26/2026 22:25:40,24.498,23.051
2967,3,6,39542.640000,1382.000000,0.000000,0.000000,0.000000,3.219043,1,02/26/2026 22:26:00,24.466,23.051
2968,3,6,39562.640000,1402.000000,0.000000,0.000000,0.000000,3.219043,1,02/26/2026 22:26:20,24.418,23.051
2969,3,6,39582.640000,1422.000000,0.000000,0.000000,0.000000,3.219043,1,02/26/2026 22:26:40,24.386,23.067
2970,3,6,39602.640000,1442.000000,0.000000,0.000000,0.000000,3.219043,1,02/26/2026 22:27:00,24.353,23.051
2971,3,6,39622.640000,1462.000000,0.000000,0.000000,0.000000,3.219043,1,02/26/2026 22:27:20,24.305,23.051
2972,3,6,39642.640000,1482.000000,0.000000,0.000000,0.000000,3.218738,1,02/26/2026 22:27:40,24.257,23.051
2973,3,6,39662.640000,1502.000000,0.000000,0.000000,0.000000,3.219043,1,02/26/2026 22:28:00,24.225,23.035
2974,3,6,39682.640000,1522.000000,0.000000,0.000000,0.000000,3.219043,1,02/26/2026 22:28:20,24.176,23.019
2975,3,6,39702.640000,1542.000000,0.000000,0.000000,0.000000,3.219043,1,02/26/2026 22:28:40,24.128,23.002
2976,3,6,39722.640000,1562.000000,0.000000,0.000000,0.000000,3.219043,1,02/26/2026 22:29:00,24.080,22.970
2977,3,6,39742.640000,1582.000000,0.000000,0.000000,0.000000,3.218738,1,02/26/2026 22:29:20,23.999,22.922
2978,3,6,39762.640000,1602.000000,0.000000,0.000000,0.000000,3.219348,1,02/26/2026 22:29:40,23.951,22.906
2979,3,6,39782.640000,1622.000000,0.000000,0.000000,0.000000,3.218738,1,02/26/2026 22:30:00,23.903,22.874
2980,3,6,39802.640000,1642.000000,0.000000,0.000000,0.000000,3.218738,1,02/26/2026 22:30:20,23.871,22.858
2981,3,6,39822.640000,1662.000000,0.000000,0.000000,0.000000,3.219043,1,02/26/2026 22:30:40,23.823,22.842
2982,3,6,39842.640000,1682.000000,0.000000,0.000000,0.000000,3.218738,1,02/26/2026 22:31:00,23.758,22.826
2983,3,6,39862.640000,1702.000000,0.000000,0.000000,0.000000,3.219043,1,02/26/2026 22:31:20,23.726,22.826
2984,3,6,39882.640000,1722.000000,0.000000,0.000000,0.000000,3.219043,1,02/26/2026 22:31:40,23.694,22.809
2985,3,6,39902.640000,1742.000000,0.000000,0.000000,0.000000,3.219043,1,02/26/2026 22:32:00,23.678,22.809
2986,3,6,39922.640000,1762.000000,0.000000,0.000000,0.000000,3.219043,1,02/26/2026 22:32:20,23.662,22.809
2987,3,6,39942.640000,1782.000000,0.000000,0.000000,0.000000,3.219043,1,02/26/2026 22:32:40,23.662,22.826
2988,3,6,39960.640000,1800.000000,0.000000,0.000000,0.000000,3.219348,129,02/26/2026 22:32:58,23.629,22.826
2989,3,7,39960.770000,1800.130000,0.000035,0.000115,1.953918,3.366445,0,02/26/2026 22:32:59,23.646,22.826
2990,3,7,39960.980000,1800.340000,0.000148,0.000499,1.950103,3.374075,5,02/26/2026 22:32:59,23.646,22.826
2991,3,7,39961.310000,1800.670000,0.000327,0.001103,1.949798,3.380484,5,02/26/2026 22:32:59,23.646,22.826
2992,3,7,39961.720000,1801.080000,0.000549,0.001854,1.949798,3.385977,5,02/26/2026 22:33:00,23.646,22.842
2993,3,7,39962.260000,1801.620000,0.000842,0.002845,1.949950,3.391165,5,02/26/2026 22:33:00,23.646,22.842
2994,3,7,39962.990000,1802.350000,0.001237,0.004188,1.949798,3.396658,5,02/26/2026 22:33:01,23.646,22.842
2995,3,7,39964.040000,1803.400000,0.001806,0.006121,1.949798,3.401846,5,02/26/2026 22:33:02,23.629,22.826
2996,3,7,39965.500000,1804.860000,0.002597,0.008813,1.949950,3.407034,5,02/26/2026 22:33:04,23.629,22.842
2997,3,7,39967.780000,1807.140000,0.003832,0.013024,1.949798,3.411917,5,02/26/2026 22:33:06,23.629,22.842
2998,3,7,39971.220000,1810.580000,0.005695,0.019386,1.950103,3.416800,5,02/26/2026 22:33:09,23.646,22.842
2999,3,7,39976.590000,1815.950000,0.008603,0.029333,1.949950,3.421988,5,02/26/2026 22:33:15,23.662,22.842
3000,3,7,39985.540000,1824.900000,0.013451,0.045934,1.949798,3.427176,5,02/26/2026 22:33:24,23.678,22.842
3001,3,7,40001.200000,1840.560000,0.021933,0.075025,1.949950,3.432059,5,02/26/2026 22:33:39,23.758,22.842
3002,3,7,40021.200000,1860.560000,0.032766,0.112232,1.949645,3.436637,1,02/26/2026 22:33:59,23.871,22.858
3003,3,7,40041.200000,1880.560000,0.043598,0.149481,1.949798,3.439994,1,02/26/2026 22:34:19,23.967,22.874
3004,3,7,40061.200000,1900.560000,0.054431,0.186770,1.949645,3.443656,1,02/26/2026 22:34:39,24.096,22.890
3005,3,7,40081.200000,1920.560000,0.065264,0.224099,1.949950,3.447623,1,02/26/2026 22:34:59,24.192,22.890
3006,3,7,40101.200000,1940.560000,0.076097,0.261469,1.949950,3.452201,1,02/26/2026 22:35:19,24.321,22.922
3007,3,7,40121.200000,1960.560000,0.086929,0.298883,1.949950,3.455253,1,02/26/2026 22:35:39,24.402,22.922
3008,3,7,40141.200000,1980.560000,0.097762,0.336338,1.949950,3.459525,1,02/26/2026 22:35:59,24.514,22.938
3009,3,7,40161.200000,2000.560000,0.108595,0.373839,1.949950,3.463493,1,02/26/2026 22:36:19,24.611,22.954
3010,3,7,40181.200000,2020.560000,0.119428,0.411382,1.949798,3.467460,1,02/26/2026 22:36:39,24.691,22.954
3011,3,7,40201.200000,2040.560000,0.130260,0.448968,1.949798,3.471122,1,02/26/2026 22:36:59,24.755,22.970
3012,3,7,40221.200000,2060.560000,0.141093,0.486592,1.950103,3.474479,1,02/26/2026 22:37:19,24.836,22.970
3013,3,7,40241.200000,2080.560000,0.151926,0.524256,1.949798,3.478447,1,02/26/2026 22:37:39,24.900,22.970
3014,3,7,40261.200000,2100.560000,0.162759,0.561954,1.949493,3.481193,1,02/26/2026 22:37:59,24.981,22.970
3015,3,7,40281.200000,2120.560000,0.173591,0.599682,1.949950,3.483635,1,02/26/2026 22:38:19,25.013,22.954
3016,3,7,40301.200000,2140.560000,0.184424,0.637441,1.949645,3.486687,1,02/26/2026 22:38:39,25.045,22.922
3017,3,7,40321.200000,2160.560000,0.195257,0.675226,1.949950,3.488823,1,02/26/2026 22:38:59,25.093,22.890
3018,3,7,40341.200000,2180.560000,0.206090,0.713033,1.949798,3.490959,1,02/26/2026 22:39:19,25.125,22.858
3019,3,7,40361.200000,2200.560000,0.216922,0.750860,1.949798,3.492790,1,02/26/2026 22:39:39,25.125,22.826
3020,3,7,40381.200000,2220.560000,0.227755,0.788708,1.949798,3.494621,1,02/26/2026 22:39:59,25.174,22.809
3021,3,7,40401.200000,2240.560000,0.238588,0.826574,1.949798,3.496147,1,02/26/2026 22:40:19,25.206,22.793
3022,3,7,40421.200000,2260.560000,0.249421,0.864455,1.949950,3.497368,1,02/26/2026 22:40:39,25.254,22.777
3023,3,7,40441.200000,2280.560000,0.260253,0.902349,1.949950,3.498589,1,02/26/2026 22:40:59,25.286,22.761
3024,3,7,40461.200000,2300.560000,0.271086,0.940255,1.949950,3.499504,1,02/26/2026 22:41:19,25.351,22.729
3025,3,7,40481.200000,2320.560000,0.281919,0.978172,1.949950,3.500420,1,02/26/2026 22:41:39,25.383,22.729
3026,3,7,40501.200000,2340.560000,0.292751,1.016099,1.949798,3.501640,1,02/26/2026 22:41:59,25.415,22.729
3027,3,7,40517.830000,2357.190000,0.301759,1.047643,1.949798,3.502556,164,02/26/2026 22:42:16,25.463,22.729
3028,3,8,40517.840000,2357.200000,0.301759,1.047643,2.174105,3.517205,0,02/26/2026 22:42:16,25.463,22.729
3029,3,8,40532.550000,2371.910000,0.310652,1.078954,2.175021,3.522087,5,02/26/2026 22:42:31,25.528,22.729
3030,3,8,40552.550000,2391.910000,0.322735,1.121521,2.175174,3.523613,1,02/26/2026 22:42:51,25.624,22.729
3031,3,8,40572.550000,2411.910000,0.334818,1.164101,2.174716,3.524224,1,02/26/2026 22:43:11,25.672,22.745
3032,3,8,40592.550000,2431.910000,0.346901,1.206691,2.175021,3.524834,1,02/26/2026 22:43:31,25.801,22.745
3033,3,8,40612.550000,2451.910000,0.358985,1.249289,2.175021,3.525750,1,02/26/2026 22:43:51,25.882,22.761
3034,3,8,40632.550000,2471.910000,0.371068,1.291896,2.175174,3.526665,1,02/26/2026 22:44:11,26.010,22.777
3035,3,8,40652.550000,2491.910000,0.383151,1.334511,2.175021,3.526970,1,02/26/2026 22:44:31,26.075,22.777
3036,3,8,40672.550000,2511.910000,0.395234,1.377132,2.174868,3.527276,1,02/26/2026 22:44:51,26.171,22.793
3037,3,8,40692.550000,2531.910000,0.407317,1.419762,2.175021,3.528496,1,02/26/2026 22:45:11,26.251,22.809
3038,3,8,40712.550000,2551.910000,0.419400,1.462401,2.174868,3.528801,1,02/26/2026 22:45:31,26.332,22.809
3039,3,8,40732.550000,2571.910000,0.431483,1.505046,2.174868,3.529717,1,02/26/2026 22:45:51,26.445,22.826
3040,3,8,40752.550000,2591.910000,0.443567,1.547697,2.174868,3.530022,1,02/26/2026 22:46:11,26.525,22.858
3041,3,8,40772.550000,2611.910000,0.455650,1.590355,2.175021,3.530632,1,02/26/2026 22:46:31,26.621,22.874
3042,3,8,40792.550000,2631.910000,0.467733,1.633020,2.174868,3.530938,1,02/26/2026 22:46:51,26.718,22.906
3043,3,8,40812.550000,2651.910000,0.479816,1.675692,2.174868,3.531853,1,02/26/2026 22:47:11,26.814,22.938
3044,3,8,40832.550000,2671.910000,0.491899,1.718371,2.175021,3.532464,1,02/26/2026 22:47:31,26.895,22.970
3045,3,8,40852.550000,2691.910000,0.503982,1.761057,2.174868,3.532464,1,02/26/2026 22:47:51,26.975,22.986
3046,3,8,40872.550000,2711.910000,0.516065,1.803750,2.174716,3.533684,1,02/26/2026 22:48:11,26.991,23.002
3047,3,8,40892.550000,2731.910000,0.528148,1.846451,2.175174,3.534295,1,02/26/2026 22:48:31,27.152,23.019
3048,3,8,40912.550000,2751.910000,0.540232,1.889160,2.175174,3.534600,1,02/26/2026 22:48:51,27.184,23.035
3049,3,8,40932.550000,2771.910000,0.552315,1.931876,2.174716,3.535210,1,02/26/2026 22:49:11,27.233,23.019
3050,3,8,40952.550000,2791.910000,0.564398,1.974602,2.175174,3.536126,1,02/26/2026 22:49:31,27.249,23.019
3051,3,8,40972.550000,2811.910000,0.576481,2.017337,2.174868,3.537041,1,02/26/2026 22:49:51,27.313,23.019
3052,3,8,40992.550000,2831.910000,0.588564,2.060083,2.174716,3.537957,1,02/26/2026 22:50:11,27.361,23.002
3053,3,8,41012.550000,2851.910000,0.600647,2.102837,2.175174,3.538567,1,02/26/2026 22:50:31,27.394,22.970
3054,3,8,41017.300000,2856.660000,0.603517,2.112992,2.174868,3.538872,164,02/26/2026 22:50:35,27.377,22.970
3055,3,9,41017.310000,2856.670000,0.603517,2.112992,2.419928,3.554742,0,02/26/2026 22:50:35,27.377,22.970
3056,3,9,41017.320000,2856.680000,0.603530,2.113040,2.472114,3.558099,4,02/26/2026 22:50:35,27.377,22.970
3057,3,9,41017.330000,2856.690000,0.603537,2.113064,2.519112,3.561151,4,02/26/2026 22:50:35,27.377,22.970
3058,3,9,41017.340000,2856.700000,0.603544,2.113089,2.562295,3.564202,4,02/26/2026 22:50:35,27.377,22.970
3059,3,9,41017.350000,2856.710000,0.603551,2.113115,2.606851,3.567254,4,02/26/2026 22:50:35,27.377,22.970
3060,3,9,41017.360000,2856.720000,0.603559,2.113140,2.625620,3.568170,4,02/26/2026 22:50:35,27.377,22.970
3061,3,9,41020.320000,2859.680000,0.605717,2.120849,2.624857,3.573053,5,02/26/2026 22:50:38,27.410,22.970
3062,3,9,41040.320000,2879.680000,0.620300,2.172995,2.625162,3.577325,1,02/26/2026 22:50:58,27.426,22.954
3063,3,9,41060.320000,2899.680000,0.634883,2.225179,2.624857,3.578851,1,02/26/2026 22:51:18,27.506,22.938
3064,3,9,41080.320000,2919.680000,0.649466,2.277378,2.624857,3.579767,1,02/26/2026 22:51:38,27.619,22.922
3065,3,9,41100.320000,2939.680000,0.664049,2.329588,2.625010,3.580072,1,02/26/2026 22:51:58,27.715,22.906
3066,3,9,41120.320000,2959.680000,0.678632,2.381809,2.625010,3.581292,1,02/26/2026 22:52:18,27.780,22.874
3067,3,9,41140.320000,2979.680000,0.693215,2.434041,2.625010,3.581903,1,02/26/2026 22:52:38,27.924,22.890
3068,3,9,41160.320000,2999.680000,0.707798,2.486283,2.624857,3.582513,1,02/26/2026 22:52:58,28.053,22.906
3069,3,9,41180.320000,3019.680000,0.722381,2.538536,2.625010,3.583429,1,02/26/2026 22:53:18,28.166,22.938
3070,3,9,41200.320000,3039.680000,0.736965,2.590799,2.624704,3.584039,1,02/26/2026 22:53:38,28.278,22.954
3071,3,9,41220.320000,3059.680000,0.751548,2.643074,2.624857,3.584955,1,02/26/2026 22:53:58,28.375,22.986
3072,3,9,41240.320000,3079.680000,0.766131,2.695362,2.625162,3.585870,1,02/26/2026 22:54:18,28.487,23.002
3073,3,9,41260.320000,3099.680000,0.780714,2.747665,2.624704,3.587091,1,02/26/2026 22:54:38,28.616,23.035
3074,3,9,41280.320000,3119.680000,0.795297,2.799982,2.624857,3.588006,1,02/26/2026 22:54:58,28.713,23.051
3075,3,9,41300.320000,3139.680000,0.809880,2.852315,2.624857,3.589227,1,02/26/2026 22:55:18,28.761,23.067
3076,3,9,41320.320000,3159.680000,0.824463,2.904666,2.624857,3.590143,1,02/26/2026 22:55:38,28.825,23.067
3077,3,9,41340.320000,3179.680000,0.839046,2.957034,2.624704,3.591669,1,02/26/2026 22:55:58,28.938,23.083
3078,3,9,41360.320000,3199.680000,0.853629,3.009419,2.625010,3.592889,1,02/26/2026 22:56:18,29.050,23.083
3079,3,9,41380.320000,3219.680000,0.868212,3.061821,2.625162,3.594110,1,02/26/2026 22:56:38,29.131,23.099
3080,3,9,41400.320000,3239.680000,0.882795,3.114241,2.625162,3.595026,1,02/26/2026 22:56:58,29.131,23.115
3081,3,9,41420.320000,3259.680000,0.897378,3.166681,2.625162,3.596246,1,02/26/2026 22:57:18,29.276,23.131
3082,3,9,41431.130000,3270.490000,0.905260,3.195034,2.625162,3.597467,164,02/26/2026 22:57:29,29.276,23.131
3083,3,10,41431.140000,3270.500000,0.905260,3.195034,2.296178,3.577020,0,02/26/2026 22:57:29,29.276,23.131
3084,3,10,41435.780000,3275.140000,0.908225,3.205628,2.294804,3.572137,5,02/26/2026 22:57:34,29.308,23.131
3085,3,10,41455.780000,3295.140000,0.920974,3.251151,2.294957,3.570001,1,02/26/2026 22:57:54,29.404,23.147
3086,3,10,41475.780000,3315.140000,0.933724,3.296667,2.294957,3.570611,1,02/26/2026 22:58:14,29.372,23.163
3087,3,10,41495.780000,3335.140000,0.946473,3.342195,2.294804,3.572137,1,02/26/2026 22:58:34,29.388,23.179
3088,3,10,41515.780000,3355.140000,0.959222,3.387744,2.294652,3.573358,1,02/26/2026 22:58:54,29.388,23.179
3089,3,10,41535.780000,3375.140000,0.971972,3.433314,2.294957,3.574884,1,02/26/2026 22:59:14,29.388,23.179
3090,3,10,41555.780000,3395.140000,0.984721,3.478905,2.294957,3.576715,1,02/26/2026 22:59:34,29.356,23.163
3091,3,10,41575.780000,3415.140000,0.997471,3.524519,2.294957,3.578546,1,02/26/2026 22:59:54,29.372,23.147
3092,3,10,41595.780000,3435.140000,1.010220,3.570154,2.294804,3.579767,1,02/26/2026 23:00:14,29.340,23.115
3093,3,10,41615.780000,3455.140000,1.022970,3.615817,2.294804,3.582513,1,02/26/2026 23:00:34,29.324,23.083
3094,3,10,41635.780000,3475.140000,1.035719,3.661504,2.294957,3.584039,1,02/26/2026 23:00:54,29.260,23.035
3095,3,10,41655.780000,3495.140000,1.048469,3.707215,2.294804,3.586175,1,02/26/2026 23:01:14,29.276,23.019
3096,3,10,41675.780000,3515.140000,1.061218,3.752952,2.295109,3.588312,1,02/26/2026 23:01:34,29.227,23.002
3097,3,10,41695.780000,3535.140000,1.073967,3.798718,2.294804,3.590448,1,02/26/2026 23:01:54,29.260,22.986
3098,3,10,41715.780000,3555.140000,1.086717,3.844511,2.295109,3.592584,1,02/26/2026 23:02:14,29.243,22.970
3099,3,10,41735.780000,3575.140000,1.099466,3.890331,2.294804,3.594720,1,02/26/2026 23:02:34,29.227,22.954
3100,3,10,41755.780000,3595.140000,1.112216,3.936179,2.295109,3.596857,1,02/26/2026 23:02:54,29.276,22.938
3101,3,10,41775.780000,3615.140000,1.124965,3.982060,2.294652,3.599603,1,02/26/2026 23:03:14,29.211,22.938
3102,3,10,41795.780000,3635.140000,1.137715,4.027970,2.295109,3.602045,1,02/26/2026 23:03:34,29.260,22.938
3103,3,10,41815.780000,3655.140000,1.150464,4.073911,2.294957,3.604486,1,02/26/2026 23:03:54,29.292,22.954
3104,3,10,41835.780000,3675.140000,1.163214,4.119884,2.294957,3.607233,1,02/26/2026 23:04:14,29.227,22.970
3105,3,10,41855.780000,3695.140000,1.175963,4.165893,2.294804,3.609979,1,02/26/2026 23:04:34,29.340,23.002
3106,3,10,41875.780000,3715.140000,1.188712,4.211935,2.294957,3.612726,1,02/26/2026 23:04:54,29.372,23.019
3107,3,10,41895.780000,3735.140000,1.201462,4.258011,2.294804,3.615473,1,02/26/2026 23:05:14,29.404,23.051
3108,3,10,41904.410000,3743.770000,1.206963,4.277904,2.294957,3.616693,164,02/26/2026 23:05:22,29.436,23.051
3109,3,11,41904.420000,3743.780000,1.206963,4.277904,0.749218,3.523003,0,02/26/2026 23:05:22,29.436,23.051
3110,3,11,41904.590000,3743.950000,1.207001,4.278036,0.749676,3.515679,5,02/26/2026 23:05:23,29.436,23.051
3111,3,11,41904.980000,3744.340000,1.207082,4.278322,0.749981,3.509270,5,02/26/2026 23:05:23,29.436,23.051
3112,3,11,41905.590000,3744.950000,1.207209,4.278767,0.749828,3.503777,5,02/26/2026 23:05:24,29.453,23.051
3113,3,11,41906.520000,3745.880000,1.207403,4.279445,0.749676,3.498283,5,02/26/2026 23:05:25,29.453,23.051
3114,3,11,41907.880000,3747.240000,1.207686,4.280436,0.749828,3.493095,5,02/26/2026 23:05:26,29.436,23.035
3115,3,11,41909.600000,3748.960000,1.208044,4.281686,0.749828,3.488212,5,02/26/2026 23:05:28,29.404,23.051
3116,3,11,41911.980000,3751.340000,1.208540,4.283415,0.749981,3.483330,5,02/26/2026 23:05:30,29.372,23.051
3117,3,11,41915.260000,3754.620000,1.209223,4.285793,0.749828,3.478141,5,02/26/2026 23:05:33,29.388,23.051
3118,3,11,41919.120000,3758.480000,1.210028,4.288588,0.749828,3.473259,5,02/26/2026 23:05:37,29.388,23.067
3119,3,11,41925.040000,3764.400000,1.211261,4.292868,0.749828,3.468376,5,02/26/2026 23:05:43,29.356,23.067
3120,3,11,41931.750000,3771.110000,1.212659,4.297713,0.749981,3.463493,5,02/26/2026 23:05:50,29.340,23.083
3121,3,11,41941.150000,3780.510000,1.214617,4.304490,0.749981,3.458305,5,02/26/2026 23:05:59,29.276,23.083
3122,3,11,41956.630000,3795.990000,1.217841,4.315635,0.749981,3.453117,5,02/26/2026 23:06:15,29.179,23.083
3123,3,11,41976.630000,3815.990000,1.222008,4.330016,0.750134,3.450675,1,02/26/2026 23:06:35,29.050,23.099
3124,3,11,41996.630000,3835.990000,1.226174,4.344386,0.749981,3.448539,1,02/26/2026 23:06:55,28.873,23.115
3125,3,11,42016.630000,3855.990000,1.230340,4.358753,0.749828,3.448234,1,02/26/2026 23:07:15,28.745,23.115
3126,3,11,42036.630000,3875.990000,1.234506,4.373120,0.750134,3.448844,1,02/26/2026 23:07:35,28.600,23.131
3127,3,11,42056.630000,3895.990000,1.238673,4.387490,0.749828,3.449149,1,02/26/2026 23:07:55,28.455,23.147
3128,3,11,42076.630000,3915.990000,1.242839,4.401865,0.749981,3.450980,1,02/26/2026 23:08:15,28.294,23.163
3129,3,11,42096.630000,3935.990000,1.247005,4.416245,0.749828,3.452201,1,02/26/2026 23:08:35,28.166,23.163
3130,3,11,42116.630000,3955.990000,1.251171,4.430631,0.749828,3.453422,1,02/26/2026 23:08:55,28.037,23.179
3131,3,11,42136.630000,3975.990000,1.255337,4.445023,0.749981,3.455253,1,02/26/2026 23:09:15,27.924,23.179
3132,3,11,42156.630000,3995.990000,1.259504,4.459422,0.749828,3.456474,1,02/26/2026 23:09:35,27.731,23.195
3133,3,11,42176.630000,4015.990000,1.263670,4.473826,0.750134,3.458610,1,02/26/2026 23:09:55,27.683,23.179
3134,3,11,42196.630000,4035.990000,1.267836,4.488239,0.749676,3.460136,1,02/26/2026 23:10:15,27.522,23.163
3135,3,11,42216.630000,4055.990000,1.272002,4.502659,0.749676,3.461357,1,02/26/2026 23:10:35,27.426,23.131
3136,3,11,42236.630000,4075.990000,1.276169,4.517085,0.749981,3.463493,1,02/26/2026 23:10:55,27.313,23.115
3137,3,11,42256.630000,4095.990000,1.280335,4.531519,0.749676,3.465019,1,02/26/2026 23:11:15,27.168,23.099
3138,3,11,42276.630000,4115.990000,1.284501,4.545960,0.749676,3.466850,1,02/26/2026 23:11:35,27.040,23.067
3139,3,11,42296.630000,4135.990000,1.288667,4.560409,0.749828,3.468986,1,02/26/2026 23:11:55,26.911,23.051
3140,3,11,42316.630000,4155.990000,1.292834,4.574865,0.749828,3.470817,1,02/26/2026 23:12:15,26.766,23.019
3141,3,11,42336.630000,4175.990000,1.297000,4.589329,0.749981,3.472648,1,02/26/2026 23:12:35,26.654,22.986
3142,3,11,42356.630000,4195.990000,1.301166,4.603800,0.749828,3.474174,1,02/26/2026 23:12:55,26.525,22.970
3143,3,11,42376.630000,4215.990000,1.305332,4.618279,0.750134,3.476310,1,02/26/2026 23:13:15,26.445,22.938
3144,3,11,42396.630000,4235.990000,1.309499,4.632766,0.749981,3.478141,1,02/26/2026 23:13:35,26.396,22.938
3145,3,11,42416.630000,4255.990000,1.313665,4.647262,0.749981,3.479973,1,02/26/2026 23:13:55,26.300,22.922
3146,3,11,42436.630000,4275.990000,1.317831,4.661765,0.749981,3.481804,1,02/26/2026 23:14:15,26.187,22.938
3147,3,11,42456.630000,4295.990000,1.321997,4.676275,0.749828,3.483635,1,02/26/2026 23:14:35,26.139,22.922
3148,3,11,42476.630000,4315.990000,1.326164,4.690794,0.750134,3.486076,1,02/26/2026 23:14:55,26.075,22.922
3149,3,11,42496.630000,4335.990000,1.330330,4.705322,0.749981,3.487907,1,02/26/2026 23:15:15,26.026,22.922
3150,3,11,42516.630000,4355.990000,1.334496,4.719859,0.749981,3.489433,1,02/26/2026 23:15:35,25.962,22.922
3151,3,11,42536.630000,4375.990000,1.338662,4.734403,0.749981,3.491875,1,02/26/2026 23:15:55,25.930,22.922
3152,3,11,42556.630000,4395.990000,1.342829,4.748956,0.749828,3.494011,1,02/26/2026 23:16:15,25.849,22.938
3153,3,11,42576.630000,4415.990000,1.346995,4.763518,0.750134,3.496147,1,02/26/2026 23:16:35,25.817,22.938
3154,3,11,42596.630000,4435.990000,1.351161,4.778089,0.749828,3.497978,1,02/26/2026 23:16:55,25.785,22.954
3155,3,11,42616.630000,4455.990000,1.355327,4.792669,0.750286,3.500420,1,02/26/2026 23:17:15,25.769,22.970
3156,3,11,42636.630000,4475.990000,1.359494,4.807258,0.749981,3.502861,1,02/26/2026 23:17:35,25.721,22.986
3157,3,11,42656.630000,4495.990000,1.363660,4.821857,0.749981,3.504997,1,02/26/2026 23:17:55,25.688,22.986
3158,3,11,42676.630000,4515.990000,1.367826,4.836465,0.749828,3.507439,1,02/26/2026 23:18:15,25.656,22.986
3159,3,11,42696.630000,4535.990000,1.371992,4.851082,0.749828,3.509270,1,02/26/2026 23:18:35,25.640,22.986
3160,3,11,42716.630000,4555.990000,1.376159,4.865710,0.749981,3.512016,1,02/26/2026 23:18:55,25.576,22.986
3161,3,11,42736.630000,4575.990000,1.380325,4.880348,0.749981,3.514458,1,02/26/2026 23:19:15,25.560,22.986
3162,3,11,42756.630000,4595.990000,1.384491,4.894996,0.750134,3.517205,1,02/26/2026 23:19:35,25.544,22.986
3163,3,11,42776.630000,4615.990000,1.388657,4.909653,0.749828,3.519341,1,02/26/2026 23:19:55,25.495,22.970
3164,3,11,42796.630000,4635.990000,1.392824,4.924323,0.749981,3.522393,1,02/26/2026 23:20:15,25.495,22.986
3165,3,11,42816.630000,4655.990000,1.396990,4.939003,0.750134,3.524834,1,02/26/2026 23:20:35,25.463,23.002
3166,3,11,42836.630000,4675.990000,1.401156,4.953694,0.749828,3.527581,1,02/26/2026 23:20:55,25.463,23.002
3167,3,11,42856.630000,4695.990000,1.405322,4.968398,0.750134,3.530632,1,02/26/2026 23:21:15,25.463,23.019
3168,3,11,42876.630000,4715.990000,1.409489,4.983114,0.749676,3.533074,1,02/26/2026 23:21:35,25.463,23.019
3169,3,11,42896.630000,4735.990000,1.413655,4.997842,0.749828,3.536431,1,02/26/2026 23:21:55,25.447,23.035
3170,3,11,42916.630000,4755.990000,1.417821,5.012583,0.750286,3.539788,1,02/26/2026 23:22:15,25.447,23.051
3171,3,11,42936.630000,4775.990000,1.421987,5.027339,0.749828,3.542840,1,02/26/2026 23:22:35,25.431,23.067
3172,3,11,42956.630000,4795.990000,1.426154,5.042109,0.749828,3.546807,1,02/26/2026 23:22:55,25.447,23.083
3173,3,11,42976.630000,4815.990000,1.430320,5.056894,0.749828,3.550774,1,02/26/2026 23:23:15,25.415,23.099
3174,3,11,42996.630000,4835.990000,1.434486,5.071696,0.749981,3.554742,1,02/26/2026 23:23:35,25.431,23.115
3175,3,11,43016.630000,4855.990000,1.438652,5.086517,0.749981,3.559319,1,02/26/2026 23:23:55,25.463,23.115
3176,3,11,43035.890000,4875.250000,1.442664,5.100807,0.749828,3.564508,5,02/26/2026 23:24:14,25.431,23.131
3177,3,11,43055.620000,4894.980000,1.446774,5.115466,0.749828,3.569696,5,02/26/2026 23:24:34,25.431,23.131
3178,3,11,43072.750000,4912.110000,1.450343,5.128212,0.749828,3.574578,5,02/26/2026 23:24:51,25.415,23.147
3179,3,11,43089.190000,4928.550000,1.453767,5.140462,0.749981,3.579461,5,02/26/2026 23:25:07,25.431,23.147
3180,3,11,43103.750000,4943.110000,1.456800,5.151326,0.749981,3.584344,5,02/26/2026 23:25:22,25.415,23.147
3181,3,11,43117.170000,4956.530000,1.459596,5.161353,0.749828,3.589532,5,02/26/2026 23:25:35,25.415,23.163
3182,3,11,43130.380000,4969.740000,1.462348,5.171238,0.749828,3.594415,5,02/26/2026 23:25:48,25.431,23.163
3183,3,11,43141.430000,4980.790000,1.464650,5.179517,0.749828,3.599298,5,02/26/2026 23:25:59,25.431,23.163
3184,3,11,43152.440000,4991.800000,1.466943,5.187778,0.749981,3.604181,5,02/26/2026 23:26:10,25.447,23.179
3185,3,11,43161.480000,5000.840000,1.468826,5.194569,0.749676,3.609064,5,02/26/2026 23:26:19,25.431,23.179
3186,3,11,43171.200000,5010.560000,1.470851,5.201882,0.749981,3.613947,5,02/26/2026 23:26:29,25.447,23.179
3187,3,11,43179.250000,5018.610000,1.472528,5.207946,0.749828,3.618830,5,02/26/2026 23:26:37,25.431,23.179
3188,3,11,43186.910000,5026.270000,1.474124,5.213724,0.749981,3.623713,5,02/26/2026 23:26:45,25.431,23.179
3189,3,11,43194.370000,5033.730000,1.475678,5.219360,0.750134,3.628901,5,02/26/2026 23:26:52,25.431,23.179
3190,3,11,43201.340000,5040.700000,1.477130,5.224632,0.750134,3.634089,5,02/26/2026 23:26:59,25.431,23.179
3191,3,11,43207.840000,5047.200000,1.478484,5.229556,0.749828,3.638972,5,02/26/2026 23:27:06,25.431,23.195
3192,3,11,43213.200000,5052.560000,1.479600,5.233621,0.749676,3.643854,5,02/26/2026 23:27:11,25.447,23.179
3193,3,11,43218.970000,5058.330000,1.480802,5.238004,0.749676,3.649042,5,02/26/2026 23:27:17,25.431,23.179
3194,3,11,43221.080000,5060.440000,1.481240,5.239604,0.739605,3.650263,4,02/26/2026 23:27:19,25.431,23.179
3195,3,11,43222.360000,5061.720000,1.481501,5.240556,0.729229,3.650263,4,02/26/2026 23:27:20,25.431,23.179
3196,3,11,43223.840000,5063.200000,1.481799,5.241644,0.719158,3.650263,4,02/26/2026 23:27:22,25.431,23.179
3197,3,11,43225.950000,5065.310000,1.482218,5.243172,0.709087,3.650263,4,02/26/2026 23:27:24,25.431,23.179
3198,3,11,43227.950000,5067.310000,1.482609,5.244601,0.699016,3.649958,4,02/26/2026 23:27:26,25.431,23.195
3199,3,11,43230.550000,5069.910000,1.483111,5.246431,0.688945,3.649958,4,02/26/2026 23:27:28,25.431,23.195
3200,3,11,43232.860000,5072.220000,1.483549,5.248032,0.678874,3.650263,4,02/26/2026 23:27:31,25.447,23.195
3201,3,11,43235.130000,5074.490000,1.483974,5.249583,0.668803,3.650263,4,02/26/2026 23:27:33,25.463,23.195
3202,3,11,43237.430000,5076.790000,1.484399,5.251131,0.658732,3.649958,4,02/26/2026 23:27:35,25.479,23.179
3203,3,11,43240.090000,5079.450000,1.484881,5.252894,0.648661,3.649958,4,02/26/2026 23:27:38,25.479,23.195
3204,3,11,43241.980000,5081.340000,1.485219,5.254128,0.638590,3.650263,4,02/26/2026 23:27:40,25.463,23.195
3205,3,11,43244.630000,5083.990000,1.485686,5.255831,0.628519,3.650263,4,02/26/2026 23:27:43,25.463,23.195
3206,3,11,43247.010000,5086.370000,1.486098,5.257336,0.618296,3.649653,4,02/26/2026 23:27:45,25.463,23.195
3207,3,11,43249.650000,5089.010000,1.486548,5.258978,0.608225,3.650263,4,02/26/2026 23:27:48,25.463,23.195
3208,3,11,43251.970000,5091.330000,1.486937,5.260396,0.598154,3.649653,4,02/26/2026 23:27:50,25.463,23.195
3209,3,11,43254.600000,5093.960000,1.487370,5.261978,0.587930,3.650263,4,02/26/2026 23:27:53,25.479,23.195
3210,3,11,43256.960000,5096.320000,1.487752,5.263374,0.577859,3.650263,4,02/26/2026 23:27:55,25.479,23.195
3211,3,11,43259.540000,5098.900000,1.488163,5.264872,0.567788,3.649958,4,02/26/2026 23:27:57,25.479,23.179
3212,3,11,43261.790000,5101.150000,1.488515,5.266157,0.557717,3.649958,4,02/26/2026 23:28:00,25.495,23.195
3213,3,11,43264.750000,5104.110000,1.488969,5.267815,0.547646,3.650568,4,02/26/2026 23:28:03,25.479,23.195
3214,3,11,43267.010000,5106.370000,1.489310,5.269059,0.537575,3.649958,4,02/26/2026 23:28:05,25.463,23.195
3215,3,11,43269.530000,5108.890000,1.489683,5.270419,0.527504,3.650263,4,02/26/2026 23:28:07,25.463,23.179
3216,3,11,43272.260000,5111.620000,1.490079,5.271864,0.517281,3.649958,4,02/26/2026 23:28:10,25.463,23.179
3217,3,11,43274.660000,5114.020000,1.490420,5.273112,0.507210,3.649958,4,02/26/2026 23:28:13,25.463,23.179
3218,3,11,43277.760000,5117.120000,1.490853,5.274690,0.496986,3.650263,4,02/26/2026 23:28:16,25.463,23.195
3219,3,11,43280.190000,5119.550000,1.491185,5.275901,0.486763,3.650263,4,02/26/2026 23:28:18,25.447,23.179
3220,3,11,43282.990000,5122.350000,1.491560,5.277270,0.476387,3.650263,4,02/26/2026 23:28:21,25.447,23.179
3221,3,11,43285.730000,5125.090000,1.491918,5.278580,0.466316,3.649958,4,02/26/2026 23:28:24,25.447,23.179
3222,3,11,43288.570000,5127.930000,1.492282,5.279908,0.456245,3.650263,4,02/26/2026 23:28:26,25.447,23.179
3223,3,11,43291.550000,5130.910000,1.492656,5.281270,0.446174,3.649958,4,02/26/2026 23:28:29,25.463,23.179
3224,3,11,43294.140000,5133.500000,1.492973,5.282428,0.436103,3.649958,4,02/26/2026 23:28:32,25.463,23.179
3225,3,11,43297.170000,5136.530000,1.493336,5.283754,0.425879,3.649958,4,02/26/2026 23:28:35,25.479,23.179
3226,3,11,43300.050000,5139.410000,1.493673,5.284986,0.415808,3.650263,4,02/26/2026 23:28:38,25.463,23.195
3227,3,11,43303.450000,5142.810000,1.494061,5.286401,0.405737,3.650263,4,02/26/2026 23:28:41,25.463,23.195
3228,3,11,43306.190000,5145.550000,1.494366,5.287514,0.395666,3.649958,4,02/26/2026 23:28:44,25.463,23.179
3229,3,11,43309.540000,5148.900000,1.494730,5.288843,0.385595,3.650263,4,02/26/2026 23:28:47,25.447,23.195
3230,3,11,43313.090000,5152.450000,1.495105,5.290213,0.375525,3.650263,4,02/26/2026 23:28:51,25.447,23.195
3231,3,11,43316.490000,5155.850000,1.495455,5.291488,0.365454,3.650568,4,02/26/2026 23:28:54,25.447,23.195
3232,3,11,43319.760000,5159.120000,1.495782,5.292681,0.355383,3.649653,4,02/26/2026 23:28:58,25.447,23.195
3233,3,11,43323.150000,5162.510000,1.496111,5.293885,0.345312,3.650263,4,02/26/2026 23:29:01,25.447,23.179
3234,3,11,43327.360000,5166.720000,1.496509,5.295335,0.335241,3.650263,4,02/26/2026 23:29:05,25.447,23.195
3235,3,11,43330.690000,5170.050000,1.496814,5.296448,0.325017,3.649958,4,02/26/2026 23:29:09,25.431,23.195
3236,3,11,43334.400000,5173.760000,1.497143,5.297651,0.314946,3.649958,4,02/26/2026 23:29:12,25.431,23.195
3237,3,11,43337.960000,5177.320000,1.497451,5.298775,0.304875,3.649958,4,02/26/2026 23:29:16,25.415,23.195
3238,3,11,43342.810000,5182.170000,1.497856,5.300251,0.294804,3.649653,4,02/26/2026 23:29:21,25.415,23.195
3239,3,11,43346.840000,5186.200000,1.498180,5.301435,0.284581,3.650263,4,02/26/2026 23:29:25,25.415,23.179
3240,3,11,43351.500000,5190.860000,1.498542,5.302757,0.274510,3.649653,4,02/26/2026 23:29:29,25.415,23.195
3241,3,11,43356.030000,5195.390000,1.498882,5.303996,0.264439,3.649958,4,02/26/2026 23:29:34,25.399,23.195
3242,3,11,43361.010000,5200.370000,1.499242,5.305310,0.254368,3.649653,4,02/26/2026 23:29:39,25.383,23.195
3243,3,11,43366.050000,5205.410000,1.499591,5.306586,0.244297,3.650263,4,02/26/2026 23:29:44,25.351,23.195
3244,3,11,43370.780000,5210.140000,1.499907,5.307739,0.234226,3.650263,4,02/26/2026 23:29:49,25.351,23.179
3245,3,11,43377.170000,5216.530000,1.500316,5.309231,0.224002,3.649653,4,02/26/2026 23:29:55,25.351,23.195
3246,3,11,43383.220000,5222.580000,1.500685,5.310577,0.213931,3.649958,4,02/26/2026 23:30:01,25.318,23.179
3247,3,11,43389.670000,5229.030000,1.501059,5.311945,0.203861,3.649958,4,02/26/2026 23:30:08,25.318,23.195
3248,3,11,43396.640000,5236.000000,1.501445,5.313351,0.193790,3.650263,4,02/26/2026 23:30:15,25.302,23.179
3249,3,11,43403.040000,5242.400000,1.501781,5.314578,0.183566,3.650263,4,02/26/2026 23:30:21,25.302,23.179
3250,3,11,43410.970000,5250.330000,1.502176,5.316021,0.173495,3.649958,4,02/26/2026 23:30:29,25.286,23.179
3251,3,11,43419.760000,5259.120000,1.502589,5.317527,0.163424,3.649958,4,02/26/2026 23:30:38,25.254,23.179
3252,3,11,43427.290000,5266.650000,1.502922,5.318743,0.153353,3.650263,4,02/26/2026 23:30:45,25.238,23.179
3253,3,11,43438.480000,5277.840000,1.503386,5.320435,0.143282,3.649958,4,02/26/2026 23:30:56,25.222,23.179
3254,3,11,43448.650000,5288.010000,1.503777,5.321864,0.133211,3.650263,4,02/26/2026 23:31:07,25.190,23.179
3255,3,11,43458.830000,5298.190000,1.504142,5.323197,0.123140,3.649958,4,02/26/2026 23:31:17,25.158,23.163
3256,3,11,43473.610000,5312.970000,1.504631,5.324982,0.113069,3.649958,4,02/26/2026 23:31:32,25.109,23.147
3257,3,11,43487.120000,5326.480000,1.505038,5.326468,0.102998,3.649958,4,02/26/2026 23:31:45,25.077,23.131
3258,3,11,43503.220000,5342.580000,1.505481,5.328083,0.092927,3.650263,4,02/26/2026 23:32:01,25.013,23.115
3259,3,11,43522.780000,5362.140000,1.505962,5.329841,0.082856,3.650263,4,02/26/2026 23:32:21,24.965,23.099
3260,3,11,43542.780000,5382.140000,1.506401,5.331441,0.074769,3.649348,1,02/26/2026 23:32:41,24.900,23.083
3261,3,11,43562.780000,5402.140000,1.506792,5.332871,0.066529,3.649653,1,02/26/2026 23:33:01,24.852,23.067
3262,3,11,43582.780000,5422.140000,1.507143,5.334151,0.059663,3.649958,1,02/26/2026 23:33:21,24.755,23.051
3263,3,11,43602.780000,5442.140000,1.507459,5.335303,0.052644,3.649958,1,02/26/2026 23:33:41,24.707,23.035
3264,3,11,43622.780000,5462.140000,1.507744,5.336345,0.048219,3.650263,1,02/26/2026 23:34:01,24.659,23.019
3265,3,11,43642.780000,5482.140000,1.508003,5.337290,0.044404,3.649958,1,02/26/2026 23:34:21,24.611,23.002
3266,3,11,43662.790000,5502.150000,1.508239,5.338152,0.040742,3.649958,1,02/26/2026 23:34:41,24.546,22.986
3267,3,11,43682.790000,5522.150000,1.508455,5.338940,0.037842,3.649958,1,02/26/2026 23:35:01,24.498,22.970
3268,3,11,43702.790000,5542.150000,1.508654,5.339665,0.034485,3.649958,1,02/26/2026 23:35:21,24.434,22.970
3269,3,11,43722.790000,5562.150000,1.508837,5.340332,0.032654,3.649958,1,02/26/2026 23:35:41,24.402,22.970
3270,3,11,43742.790000,5582.150000,1.509006,5.340949,0.029145,3.650263,1,02/26/2026 23:36:01,24.353,22.970
3271,3,11,43762.790000,5602.150000,1.509162,5.341521,0.026703,3.649958,1,02/26/2026 23:36:21,24.289,22.954
3272,3,11,43782.790000,5622.150000,1.509308,5.342052,0.025635,3.649653,1,02/26/2026 23:36:41,24.257,22.954
3273,3,11,43802.790000,5642.150000,1.509444,5.342547,0.023194,3.649958,1,02/26/2026 23:37:01,24.209,22.938
3274,3,11,43822.790000,5662.150000,1.509570,5.343009,0.021820,3.649958,1,02/26/2026 23:37:21,24.176,22.954
3275,3,11,43842.790000,5682.150000,1.509688,5.343441,0.020447,3.649958,1,02/26/2026 23:37:41,24.144,22.938
3276,3,11,43862.790000,5702.150000,1.509799,5.343846,0.019989,3.650263,1,02/26/2026 23:38:01,24.112,22.938
3277,3,11,43882.790000,5722.150000,1.509904,5.344228,0.018311,3.649653,1,02/26/2026 23:38:21,24.080,22.954
3278,3,11,43902.790000,5742.150000,1.510002,5.344587,0.016938,3.649958,1,02/26/2026 23:38:41,24.048,22.938
3279,3,11,43915.450000,5754.810000,1.510062,5.344805,0.014954,3.649958,132,02/26/2026 23:38:53,24.016,22.938
3280,3,12,43915.460000,0.010000,0.000000,0.000000,0.000000,3.648737,0,02/26/2026 23:38:53,24.016,22.938
3281,3,12,43921.940000,6.490000,0.000000,0.000000,0.000000,3.643854,5,02/26/2026 23:39:00,24.016,22.938
3282,3,12,43929.430000,13.980000,0.000000,0.000000,0.000000,3.638666,5,02/26/2026 23:39:07,24.016,22.938
3283,3,12,43938.890000,23.440000,0.000000,0.000000,0.000000,3.633478,5,02/26/2026 23:39:17,23.999,22.938
3284,3,12,43948.880000,33.430000,0.000000,0.000000,0.000000,3.628595,5,02/26/2026 23:39:27,23.983,22.938
3285,3,12,43959.700000,44.250000,0.000000,0.000000,0.000000,3.623713,5,02/26/2026 23:39:38,23.967,22.938
3286,3,12,43970.570000,55.120000,0.000000,0.000000,0.000000,3.618830,5,02/26/2026 23:39:48,23.951,22.954
3287,3,12,43982.660000,67.210000,0.000000,0.000000,0.000000,3.613947,5,02/26/2026 23:40:01,23.951,22.954
3288,3,12,43996.390000,80.940000,0.000000,0.000000,0.000000,3.609064,5,02/26/2026 23:40:14,23.951,22.954
3289,3,12,44009.620000,94.170000,0.000000,0.000000,0.000000,3.604181,5,02/26/2026 23:40:27,23.919,22.954
3290,3,12,44026.340000,110.890000,0.000000,0.000000,0.000000,3.598993,5,02/26/2026 23:40:44,23.919,22.970
3291,3,12,44043.300000,127.850000,0.000000,0.000000,0.000000,3.594110,5,02/26/2026 23:41:01,23.903,22.970
3292,3,12,44061.810000,146.360000,0.000000,0.000000,0.000000,3.588922,5,02/26/2026 23:41:20,23.887,22.986
3293,3,12,44081.810000,166.360000,0.000000,0.000000,0.000000,3.584344,1,02/26/2026 23:41:40,23.871,23.002
3294,3,12,44101.810000,186.360000,0.000000,0.000000,0.000000,3.579767,1,02/26/2026 23:42:00,23.871,23.002
3295,3,12,44121.810000,206.360000,0.000000,0.000000,0.000000,3.575799,1,02/26/2026 23:42:20,23.839,23.019
3296,3,12,44141.810000,226.360000,0.000000,0.000000,0.000000,3.571832,1,02/26/2026 23:42:40,23.823,23.019
3297,3,12,44161.810000,246.360000,0.000000,0.000000,0.000000,3.568170,1,02/26/2026 23:43:00,23.823,23.035
3298,3,12,44181.810000,266.360000,0.000000,0.000000,0.000000,3.564813,1,02/26/2026 23:43:20,23.806,23.035
3299,3,12,44201.810000,286.360000,0.000000,0.000000,0.000000,3.561151,1,02/26/2026 23:43:40,23.806,23.035
3300,3,12,44221.810000,306.360000,0.000000,0.000000,0.000000,3.557794,1,02/26/2026 23:44:00,23.774,23.035
3301,3,12,44241.810000,326.360000,0.000000,0.000000,0.000000,3.555352,1,02/26/2026 23:44:20,23.758,23.035
3302,3,12,44261.810000,346.360000,0.000000,0.000000,0.000000,3.551995,1,02/26/2026 23:44:40,23.742,23.035
3303,3,12,44281.810000,366.360000,0.000000,0.000000,0.000000,3.549554,1,02/26/2026 23:45:00,23.726,23.035
3304,3,12,44301.810000,386.360000,0.000000,0.000000,0.000000,3.547417,1,02/26/2026 23:45:20,23.710,23.035
3305,3,12,44321.810000,406.360000,0.000000,0.000000,0.000000,3.544671,1,02/26/2026 23:45:40,23.678,23.019
3306,3,12,44341.810000,426.360000,0.000000,0.000000,0.000000,3.542229,1,02/26/2026 23:46:00,23.646,23.002
3307,3,12,44361.810000,446.360000,0.000000,0.000000,0.000000,3.540093,1,02/26/2026 23:46:20,23.629,22.986
3308,3,12,44381.810000,466.360000,0.000000,0.000000,0.000000,3.538262,1,02/26/2026 23:46:40,23.613,22.986
3309,3,12,44401.810000,486.360000,0.000000,0.000000,0.000000,3.535821,1,02/26/2026 23:47:00,23.581,22.970
3310,3,12,44421.810000,506.360000,0.000000,0.000000,0.000000,3.533989,1,02/26/2026 23:47:20,23.549,22.954
3311,3,12,44441.810000,526.360000,0.000000,0.000000,0.000000,3.532158,1,02/26/2026 23:47:40,23.517,22.938
3312,3,12,44461.810000,546.360000,0.000000,0.000000,0.000000,3.530327,1,02/26/2026 23:48:00,23.485,22.922
3313,3,12,44481.810000,566.360000,0.000000,0.000000,0.000000,3.529107,1,02/26/2026 23:48:20,23.453,22.906
3314,3,12,44501.810000,586.360000,0.000000,0.000000,0.000000,3.526970,1,02/26/2026 23:48:40,23.420,22.890
3315,3,12,44521.810000,606.360000,0.000000,0.000000,0.000000,3.525444,1,02/26/2026 23:49:00,23.388,22.890
3316,3,12,44541.810000,626.360000,0.000000,0.000000,0.000000,3.523919,1,02/26/2026 23:49:20,23.372,22.890
3317,3,12,44561.810000,646.360000,0.000000,0.000000,0.000000,3.522393,1,02/26/2026 23:49:40,23.356,22.890
3318,3,12,44581.810000,666.360000,0.000000,0.000000,0.000000,3.520867,1,02/26/2026 23:50:00,23.356,22.906
3319,3,12,44601.810000,686.360000,0.000000,0.000000,0.000000,3.519341,1,02/26/2026 23:50:20,23.356,22.922
3320,3,12,44621.810000,706.360000,0.000000,0.000000,0.000000,3.517815,1,02/26/2026 23:50:40,23.356,22.938
3321,3,12,44641.810000,726.360000,0.000000,0.000000,0.000000,3.516899,1,02/26/2026 23:51:00,23.356,22.954
3322,3,12,44661.810000,746.360000,0.000000,0.000000,0.000000,3.515984,1,02/26/2026 23:51:20,23.356,22.954
3323,3,12,44681.810000,766.360000,0.000000,0.000000,0.000000,3.514458,1,02/26/2026 23:51:40,23.356,22.970
3324,3,12,44701.810000,786.360000,0.000000,0.000000,0.000000,3.513237,1,02/26/2026 23:52:00,23.372,22.986
3325,3,12,44721.810000,806.360000,0.000000,0.000000,0.000000,3.512016,1,02/26/2026 23:52:20,23.372,23.002
3326,3,12,44741.810000,826.360000,0.000000,0.000000,0.000000,3.511101,1,02/26/2026 23:52:40,23.388,23.019
3327,3,12,44761.810000,846.360000,0.000000,0.000000,0.000000,3.509575,1,02/26/2026 23:53:00,23.388,23.035
3328,3,12,44781.810000,866.360000,0.000000,0.000000,0.000000,3.508354,1,02/26/2026 23:53:20,23.404,23.051
3329,3,12,44801.810000,886.360000,0.000000,0.000000,0.000000,3.507439,1,02/26/2026 23:53:40,23.420,23.067
3330,3,12,44821.810000,906.360000,0.000000,0.000000,0.000000,3.506828,1,02/26/2026 23:54:00,23.404,23.083
3331,3,12,44841.810000,926.360000,0.000000,0.000000,0.000000,3.505608,1,02/26/2026 23:54:20,23.420,23.099
3332,3,12,44861.810000,946.360000,0.000000,0.000000,0.000000,3.504387,1,02/26/2026 23:54:40,23.420,23.083
3333,3,12,44881.810000,966.360000,0.000000,0.000000,0.000000,3.503777,1,02/26/2026 23:55:00,23.420,23.083
3334,3,12,44901.810000,986.360000,0.000000,0.000000,0.000000,3.502556,1,02/26/2026 23:55:20,23.404,23.083
3335,3,12,44921.810000,1006.360000,0.000000,0.000000,0.000000,3.501640,1,02/26/2026 23:55:40,23.404,23.083
3336,3,12,44941.810000,1026.360000,0.000000,0.000000,0.000000,3.500725,1,02/26/2026 23:56:00,23.388,23.083
3337,3,12,44961.810000,1046.360000,0.000000,0.000000,0.000000,3.499504,1,02/26/2026 23:56:20,23.388,23.083
3338,3,12,44981.810000,1066.360000,0.000000,0.000000,0.000000,3.498894,1,02/26/2026 23:56:40,23.356,23.067
3339,3,12,45001.810000,1086.360000,0.000000,0.000000,0.000000,3.498283,1,02/26/2026 23:57:00,23.340,23.051
3340,3,12,45021.810000,1106.360000,0.000000,0.000000,0.000000,3.497368,1,02/26/2026 23:57:20,23.324,23.035
3341,3,12,45041.810000,1126.360000,0.000000,0.000000,0.000000,3.496757,1,02/26/2026 23:57:40,23.308,23.035
3342,3,12,45061.810000,1146.360000,0.000000,0.000000,0.000000,3.495842,1,02/26/2026 23:58:00,23.292,23.035
3343,3,12,45081.810000,1166.360000,0.000000,0.000000,0.000000,3.494926,1,02/26/2026 23:58:20,23.259,23.002
3344,3,12,45101.810000,1186.360000,0.000000,0.000000,0.000000,3.494011,1,02/26/2026 23:58:40,23.211,22.986
3345,3,12,45121.810000,1206.360000,0.000000,0.000000,0.000000,3.493400,1,02/26/2026 23:59:00,23.195,22.954
3346,3,12,45141.810000,1226.360000,0.000000,0.000000,0.000000,3.492180,1,02/26/2026 23:59:20,23.179,22.938
3347,3,12,45161.810000,1246.360000,0.000000,0.000000,0.000000,3.491875,1,02/26/2026 23:59:40,23.179,22.938
3348,3,12,45181.810000,1266.360000,0.000000,0.000000,0.000000,3.490959,1,02/27/2026 00:00:00,23.179,22.938
3349,3,12,45201.810000,1286.360000,0.000000,0.000000,0.000000,3.490349,1,02/27/2026 00:00:20,23.179,22.954
3350,3,12,45221.810000,1306.360000,0.000000,0.000000,0.000000,3.490043,1,02/27/2026 00:00:40,23.195,22.970
3351,3,12,45241.810000,1326.360000,0.000000,0.000000,0.000000,3.489128,1,02/27/2026 00:01:00,23.211,22.986
3352,3,12,45261.810000,1346.360000,0.000000,0.000000,0.000000,3.488823,1,02/27/2026 00:01:20,23.211,23.002
3353,3,12,45281.810000,1366.360000,0.000000,0.000000,0.000000,3.487907,1,02/27/2026 00:01:40,23.227,23.019
3354,3,12,45301.810000,1386.360000,0.000000,0.000000,0.000000,3.487297,1,02/27/2026 00:02:00,23.243,23.035
3355,3,12,45321.810000,1406.360000,0.000000,0.000000,0.000000,3.486992,1,02/27/2026 00:02:20,23.259,23.035
3356,3,12,45341.810000,1426.360000,0.000000,0.000000,0.000000,3.486381,1,02/27/2026 00:02:40,23.276,23.067
3357,3,12,45361.810000,1446.360000,0.000000,0.000000,0.000000,3.485771,1,02/27/2026 00:03:00,23.292,23.083
3358,3,12,45381.810000,1466.360000,0.000000,0.000000,0.000000,3.484855,1,02/27/2026 00:03:20,23.308,23.083
3359,3,12,45401.810000,1486.360000,0.000000,0.000000,0.000000,3.484245,1,02/27/2026 00:03:40,23.308,23.099
3360,3,12,45421.810000,1506.360000,0.000000,0.000000,0.000000,3.483635,1,02/27/2026 00:04:00,23.324,23.115
3361,3,12,45441.810000,1526.360000,0.000000,0.000000,0.000000,3.483024,1,02/27/2026 00:04:20,23.324,23.115
3362,3,12,45461.810000,1546.360000,0.000000,0.000000,0.000000,3.482719,1,02/27/2026 00:04:40,23.340,23.131
3363,3,12,45481.810000,1566.360000,0.000000,0.000000,0.000000,3.482109,1,02/27/2026 00:05:00,23.340,23.131
3364,3,12,45501.810000,1586.360000,0.000000,0.000000,0.000000,3.481804,1,02/27/2026 00:05:20,23.356,23.147
3365,3,12,45521.810000,1606.360000,0.000000,0.000000,0.000000,3.481193,1,02/27/2026 00:05:40,23.356,23.147
3366,3,12,45541.810000,1626.360000,0.000000,0.000000,0.000000,3.480888,1,02/27/2026 00:06:00,23.356,23.147
3367,3,12,45561.810000,1646.360000,0.000000,0.000000,0.000000,3.480278,1,02/27/2026 00:06:20,23.356,23.147
3368,3,12,45581.810000,1666.360000,0.000000,0.000000,0.000000,3.479667,1,02/27/2026 00:06:40,23.340,23.147
3369,3,12,45601.810000,1686.360000,0.000000,0.000000,0.000000,3.479057,1,02/27/2026 00:07:00,23.324,23.115
3370,3,12,45621.810000,1706.360000,0.000000,0.000000,0.000000,3.478752,1,02/27/2026 00:07:20,23.292,23.083
3371,3,12,45641.810000,1726.360000,0.000000,0.000000,0.000000,3.478447,1,02/27/2026 00:07:40,23.259,23.067
3372,3,12,45661.810000,1746.360000,0.000000,0.000000,0.000000,3.477836,1,02/27/2026 00:08:00,23.227,23.035
3373,3,12,45681.810000,1766.360000,0.000000,0.000000,0.000000,3.477226,1,02/27/2026 00:08:20,23.211,23.019
3374,3,12,45701.810000,1786.360000,0.000000,0.000000,0.000000,3.476616,1,02/27/2026 00:08:40,23.179,23.002
3375,3,12,45715.450000,1800.000000,0.000000,0.000000,0.000000,3.476310,129,02/27/2026 00:08:53,23.163,22.986
3376,4,5,45715.490000,0.040000,0.000041,0.000131,-3.751431,3.206226,0,02/27/2026 00:08:54,23.163,22.986
3377,4,5,45715.650000,0.200000,0.000207,0.000662,-3.750057,3.180285,5,02/27/2026 00:08:54,23.163,22.986
3378,4,5,45715.770000,0.320000,0.000332,0.001058,-3.750057,3.164721,5,02/27/2026 00:08:54,23.163,22.986
3379,4,5,45715.900000,0.450000,0.000468,0.001486,-3.749752,3.151904,5,02/27/2026 00:08:54,23.163,22.986
3380,4,5,45716.040000,0.590000,0.000614,0.001944,-3.750057,3.139696,5,02/27/2026 00:08:54,23.179,22.986
3381,4,5,45716.190000,0.740000,0.000770,0.002434,-3.750057,3.129015,5,02/27/2026 00:08:55,23.179,22.986
3382,4,5,45716.340000,0.890000,0.000926,0.002922,-3.749905,3.119249,5,02/27/2026 00:08:55,23.179,22.986
3383,4,5,45716.520000,1.070000,0.001114,0.003506,-3.749905,3.109483,5,02/27/2026 00:08:55,23.179,22.986
3384,4,5,45716.700000,1.250000,0.001301,0.004088,-3.749905,3.100938,5,02/27/2026 00:08:55,23.179,22.986
3385,4,5,45716.910000,1.460000,0.001520,0.004765,-3.750057,3.092699,5,02/27/2026 00:08:55,23.179,22.986
3386,4,5,45717.130000,1.680000,0.001749,0.005473,-3.750057,3.084764,5,02/27/2026 00:08:55,23.179,22.986
3387,4,5,45717.360000,1.910000,0.001989,0.006211,-3.750057,3.078050,5,02/27/2026 00:08:56,23.179,22.986
3388,4,5,45717.630000,2.180000,0.002270,0.007075,-3.750057,3.071031,5,02/27/2026 00:08:56,23.179,22.986
3389,4,5,45717.910000,2.460000,0.002562,0.007970,-3.749905,3.064317,5,02/27/2026 00:08:56,23.179,22.986
3390,4,5,45718.240000,2.790000,0.002905,0.009022,-3.749905,3.058213,5,02/27/2026 00:08:57,23.179,22.986
3391,4,5,45718.580000,3.130000,0.003259,0.010104,-3.750057,3.051804,5,02/27/2026 00:08:57,23.163,22.986
3392,4,5,45719.000000,3.550000,0.003697,0.011438,-3.749905,3.045701,5,02/27/2026 00:08:57,23.163,22.970
3393,4,5,45719.460000,4.010000,0.004176,0.012896,-3.750057,3.040208,5,02/27/2026 00:08:58,23.163,22.970
3394,4,5,45719.970000,4.520000,0.004707,0.014509,-3.749905,3.034714,5,02/27/2026 00:08:58,23.163,22.986
3395,4,5,45720.550000,5.100000,0.005312,0.016341,-3.750057,3.029221,5,02/27/2026 00:08:59,23.163,22.986
3396,4,5,45721.320000,5.870000,0.006114,0.018769,-3.749905,3.024033,5,02/27/2026 00:09:00,23.163,22.970
3397,4,5,45722.150000,6.700000,0.006978,0.021381,-3.749905,3.018845,5,02/27/2026 00:09:00,23.179,22.970
3398,4,5,45723.250000,7.800000,0.008124,0.024837,-3.749905,3.013962,5,02/27/2026 00:09:02,23.179,22.970
3399,4,5,45724.460000,9.010000,0.009384,0.028632,-3.749905,3.009079,5,02/27/2026 00:09:03,23.179,22.970
3400,4,5,45726.160000,10.710000,0.011155,0.033956,-3.750057,3.003891,5,02/27/2026 00:09:04,23.195,22.970
3401,4,5,45728.100000,12.650000,0.013176,0.040022,-3.750057,2.999008,5,02/27/2026 00:09:06,23.195,22.970
3402,4,5,45730.430000,14.980000,0.015603,0.047294,-3.750057,2.993820,5,02/27/2026 00:09:09,23.227,22.970
3403,4,5,45733.640000,18.190000,0.018947,0.057297,-3.750057,2.988937,5,02/27/2026 00:09:12,23.243,22.970
3404,4,5,45737.460000,22.010000,0.022926,0.069181,-3.749905,2.984054,5,02/27/2026 00:09:16,23.308,22.970
3405,4,5,45742.390000,26.940000,0.028062,0.084493,-3.750057,2.979171,5,02/27/2026 00:09:21,23.372,22.970
3406,4,5,45748.970000,33.520000,0.034916,0.104896,-3.750210,2.974289,5,02/27/2026 00:09:27,23.485,22.954
3407,4,5,45757.290000,41.840000,0.043582,0.130653,-3.749905,2.969406,5,02/27/2026 00:09:36,23.629,22.954
3408,4,5,45774.260000,58.810000,0.061259,0.183099,-3.749752,2.964523,5,02/27/2026 00:09:53,23.967,22.938
3409,4,5,45794.260000,78.810000,0.082093,0.244836,-3.749905,2.962387,1,02/27/2026 00:10:13,24.386,22.954
3410,4,5,45814.260000,98.810000,0.102926,0.306543,-3.750057,2.961776,1,02/27/2026 00:10:33,24.788,22.970
3411,4,5,45834.260000,118.810000,0.123759,0.368246,-3.750057,2.961776,1,02/27/2026 00:10:53,25.190,22.986
3412,4,5,45854.260000,138.810000,0.144593,0.429955,-3.750057,2.962081,1,02/27/2026 00:11:13,25.576,23.002
3413,4,5,45874.260000,158.810000,0.165426,0.491677,-3.750057,2.962692,1,02/27/2026 00:11:33,25.994,23.019
3414,4,5,45894.260000,178.810000,0.186259,0.553417,-3.750210,2.963912,1,02/27/2026 00:11:53,26.348,23.035
3415,4,5,45914.260000,198.810000,0.207093,0.615175,-3.749905,2.964828,1,02/27/2026 00:12:13,26.702,23.067
3416,4,5,45934.260000,218.810000,0.227926,0.676954,-3.750057,2.965743,1,02/27/2026 00:12:33,27.024,23.083
3417,4,5,45954.260000,238.810000,0.248759,0.738751,-3.750057,2.966659,1,02/27/2026 00:12:53,27.361,23.099
3418,4,5,45974.260000,258.810000,0.269593,0.800563,-3.749905,2.966964,1,02/27/2026 00:13:13,27.635,23.115
3419,4,5,45994.260000,278.810000,0.290426,0.862386,-3.750057,2.967880,1,02/27/2026 00:13:33,27.941,23.131
3420,4,5,46014.260000,298.810000,0.311259,0.924219,-3.749905,2.967880,1,02/27/2026 00:13:53,28.246,23.147
3421,4,5,46034.260000,318.810000,0.332093,0.986059,-3.750210,2.968490,1,02/27/2026 00:14:13,28.504,23.147
3422,4,5,46054.260000,338.810000,0.352926,1.047904,-3.750057,2.968490,1,02/27/2026 00:14:33,28.745,23.163
3423,4,5,46074.260000,358.810000,0.373759,1.109750,-3.749905,2.968185,1,02/27/2026 00:14:53,29.034,23.195
3424,4,5,46094.260000,378.810000,0.394593,1.171596,-3.749905,2.968185,1,02/27/2026 00:15:13,29.260,23.212
3425,4,5,46114.260000,398.810000,0.415426,1.233440,-3.750057,2.967880,1,02/27/2026 00:15:33,29.469,23.195
3426,4,5,46134.260000,418.810000,0.436259,1.295279,-3.750057,2.967880,1,02/27/2026 00:15:53,29.662,23.195
3427,4,5,46154.260000,438.810000,0.457093,1.357113,-3.750057,2.967880,1,02/27/2026 00:16:13,29.935,23.212
3428,4,5,46174.260000,458.810000,0.477926,1.418938,-3.749905,2.967269,1,02/27/2026 00:16:33,30.125,23.195
3429,4,5,46194.260000,478.810000,0.498759,1.480753,-3.749905,2.966659,1,02/27/2026 00:16:53,30.188,23.195
3430,4,5,46214.260000,498.810000,0.519593,1.542558,-3.749905,2.966049,1,02/27/2026 00:17:13,30.439,23.179
3431,4,5,46234.260000,518.810000,0.540426,1.604347,-3.750057,2.965438,1,02/27/2026 00:17:33,30.565,23.163
3432,4,5,46254.260000,538.810000,0.561259,1.666120,-3.750057,2.964523,1,02/27/2026 00:17:53,30.690,23.131
3433,4,5,46274.260000,558.810000,0.582093,1.727874,-3.749905,2.963607,1,02/27/2026 00:18:13,30.784,23.115
3434,4,5,46294.260000,578.810000,0.602926,1.789610,-3.749905,2.962692,1,02/27/2026 00:18:33,31.004,23.099
3435,4,5,46314.260000,598.810000,0.623759,1.851326,-3.750210,2.961471,1,02/27/2026 00:18:53,31.114,23.099
3436,4,5,46334.260000,618.810000,0.644593,1.913015,-3.750057,2.960250,1,02/27/2026 00:19:13,31.240,23.083
3437,4,5,46354.260000,638.810000,0.665426,1.974675,-3.750057,2.959030,1,02/27/2026 00:19:33,31.350,23.067
3438,4,5,46374.260000,658.810000,0.686259,2.036311,-3.750210,2.957809,1,02/27/2026 00:19:53,31.491,23.067
3439,4,5,46394.260000,678.810000,0.707093,2.097919,-3.750057,2.956283,1,02/27/2026 00:20:13,31.569,23.067
3440,4,5,46414.260000,698.810000,0.727926,2.159498,-3.750057,2.955062,1,02/27/2026 00:20:33,31.648,23.067
3441,4,5,46434.260000,718.810000,0.748759,2.221046,-3.750057,2.953231,1,02/27/2026 00:20:53,31.805,23.083
3442,4,5,46454.260000,738.810000,0.769593,2.282559,-3.750057,2.951705,1,02/27/2026 00:21:13,31.962,23.083
3443,4,5,46474.260000,758.810000,0.790426,2.344034,-3.749905,2.949569,1,02/27/2026 00:21:33,32.072,23.083
3444,4,5,46494.260000,778.810000,0.811259,2.405470,-3.749905,2.948043,1,02/27/2026 00:21:53,32.150,23.083
3445,4,5,46514.260000,798.810000,0.832093,2.466866,-3.750210,2.945907,1,02/27/2026 00:22:13,32.276,23.099
3446,4,5,46534.260000,818.810000,0.852926,2.528221,-3.750210,2.943771,1,02/27/2026 00:22:33,32.323,23.115
3447,4,5,46554.260000,838.810000,0.873759,2.589529,-3.749905,2.941634,1,02/27/2026 00:22:53,32.527,23.131
3448,4,5,46574.260000,858.810000,0.894593,2.650793,-3.750057,2.939193,1,02/27/2026 00:23:13,32.653,23.163
3449,4,5,46594.260000,878.810000,0.915426,2.712009,-3.750210,2.937057,1,02/27/2026 00:23:33,32.794,23.179
3450,4,5,46614.260000,898.810000,0.936259,2.773174,-3.749752,2.934310,1,02/27/2026 00:23:53,32.778,23.212
3451,4,5,46634.260000,918.810000,0.957093,2.834284,-3.749905,2.931868,1,02/27/2026 00:24:13,33.045,23.212
3452,4,5,46654.260000,938.810000,0.977926,2.895340,-3.750057,2.929122,1,02/27/2026 00:24:33,33.124,23.228
3453,4,5,46674.260000,958.810000,0.998759,2.956336,-3.750057,2.926070,1,02/27/2026 00:24:53,33.139,23.244
3454,4,5,46694.260000,978.810000,1.019593,3.017269,-3.749905,2.923018,1,02/27/2026 00:25:13,33.312,23.260
3455,4,5,46714.260000,998.810000,1.040426,3.078140,-3.750210,2.919966,1,02/27/2026 00:25:33,33.391,23.276
3456,4,5,46734.260000,1018.810000,1.061259,3.138937,-3.750210,2.916609,1,02/27/2026 00:25:53,33.328,23.276
3457,4,5,46754.260000,1038.810000,1.082093,3.199659,-3.749905,2.913252,1,02/27/2026 00:26:13,33.657,23.276
3458,4,5,46772.690000,1057.240000,1.101291,3.255540,-3.749905,2.908370,5,02/27/2026 00:26:31,33.595,23.276
3459,4,5,46792.690000,1077.240000,1.122124,3.316097,-3.750057,2.904402,1,02/27/2026 00:26:51,33.783,23.276
3460,4,5,46812.690000,1097.240000,1.142957,3.376562,-3.749905,2.899519,1,02/27/2026 00:27:11,33.909,23.276
3461,4,5,46831.750000,1116.300000,1.162812,3.434086,-3.750057,2.894636,5,02/27/2026 00:27:30,33.971,23.260
3462,4,5,46848.550000,1133.100000,1.180312,3.484703,-3.749905,2.889448,5,02/27/2026 00:27:47,34.034,23.260
3463,4,5,46865.070000,1149.620000,1.197520,3.534391,-3.749752,2.884565,5,02/27/2026 00:28:03,34.144,23.228
3464,4,5,46879.540000,1164.090000,1.212593,3.577836,-3.749752,2.879683,5,02/27/2026 00:28:18,34.238,23.228
3465,4,5,46892.170000,1176.720000,1.225749,3.615692,-3.750057,2.874800,5,02/27/2026 00:28:30,34.301,23.212
3466,4,5,46904.340000,1188.890000,1.238426,3.652108,-3.750057,2.869612,5,02/27/2026 00:28:43,34.395,23.212
3467,4,5,46916.020000,1200.570000,1.250593,3.686996,-3.749905,2.864729,5,02/27/2026 00:28:54,34.442,23.212
3468,4,5,46926.920000,1211.470000,1.261947,3.719496,-3.749905,2.859846,5,02/27/2026 00:29:05,34.521,23.195
3469,4,5,46936.310000,1220.860000,1.271728,3.747445,-3.750057,2.854963,5,02/27/2026 00:29:15,34.505,23.195
3470,4,5,46945.100000,1229.650000,1.280884,3.773565,-3.749905,2.850080,5,02/27/2026 00:29:23,34.537,23.195
3471,4,5,46953.690000,1238.240000,1.289832,3.799046,-3.750057,2.845197,5,02/27/2026 00:29:32,34.646,23.179
3472,4,5,46961.190000,1245.740000,1.297645,3.821257,-3.749905,2.840314,5,02/27/2026 00:29:40,34.725,23.179
3473,4,5,46969.030000,1253.580000,1.305812,3.844434,-3.750057,2.835431,5,02/27/2026 00:29:47,34.803,23.179
3474,4,5,46975.750000,1260.300000,1.312812,3.864267,-3.749752,2.830549,5,02/27/2026 00:29:54,34.898,23.163
3475,4,5,46983.020000,1267.570000,1.320384,3.885684,-3.750210,2.825666,5,02/27/2026 00:30:01,34.929,23.163
3476,4,5,46989.060000,1273.610000,1.326676,3.903447,-3.749905,2.820783,5,02/27/2026 00:30:07,34.851,23.163
3477,4,5,46994.950000,1279.500000,1.332812,3.920739,-3.749752,2.815900,5,02/27/2026 00:30:13,34.803,23.147
3478,4,5,47000.440000,1284.990000,1.338530,3.936829,-3.750057,2.811017,5,02/27/2026 00:30:19,34.898,23.147
3479,4,5,47005.880000,1290.430000,1.344197,3.952745,-3.750057,2.806134,5,02/27/2026 00:30:24,34.992,23.147
3480,4,5,47011.180000,1295.730000,1.349718,3.968224,-3.750057,2.801251,5,02/27/2026 00:30:30,34.976,23.147
3481,4,5,47015.860000,1300.410000,1.354593,3.981869,-3.749752,2.796063,5,02/27/2026 00:30:34,35.023,23.147
3482,4,5,47021.110000,1305.660000,1.360062,3.997149,-3.750210,2.791180,5,02/27/2026 00:30:39,35.117,23.131
3483,4,5,47025.210000,1309.760000,1.364332,4.009059,-3.749905,2.786297,5,02/27/2026 00:30:44,35.133,23.131
3484,4,5,47029.850000,1314.400000,1.369166,4.022516,-3.750057,2.781109,5,02/27/2026 00:30:48,35.274,23.131
3485,4,5,47034.420000,1318.970000,1.373926,4.035744,-3.750057,2.776226,5,02/27/2026 00:30:53,35.243,23.147
3486,4,5,47038.360000,1322.910000,1.378030,4.047128,-3.749905,2.771344,5,02/27/2026 00:30:57,35.322,23.147
3487,4,5,47042.230000,1326.780000,1.382062,4.058291,-3.750210,2.766461,5,02/27/2026 00:31:01,35.447,23.147
3488,4,5,47046.050000,1330.600000,1.386041,4.069290,-3.750057,2.761578,5,02/27/2026 00:31:04,35.416,23.131
3489,4,5,47049.890000,1334.440000,1.390041,4.080327,-3.750057,2.756695,5,02/27/2026 00:31:08,35.431,23.131
3490,4,5,47053.450000,1338.000000,1.393749,4.090540,-3.749905,2.751812,5,02/27/2026 00:31:12,35.526,23.131
3491,4,5,47056.620000,1341.170000,1.397051,4.099620,-3.750057,2.746624,5,02/27/2026 00:31:15,35.588,23.131
3492,4,5,47060.340000,1344.890000,1.400926,4.110254,-3.750057,2.741741,5,02/27/2026 00:31:19,35.588,23.131
3493,4,5,47063.390000,1347.940000,1.404103,4.118958,-3.749905,2.736858,5,02/27/2026 00:31:22,35.636,23.131
3494,4,5,47066.840000,1351.390000,1.407697,4.128785,-3.750057,2.731975,5,02/27/2026 00:31:25,35.698,23.147
3495,4,5,47069.680000,1354.230000,1.410655,4.136860,-3.750057,2.727092,5,02/27/2026 00:31:28,35.730,23.147
3496,4,5,47073.150000,1357.700000,1.414270,4.146709,-3.750210,2.721904,5,02/27/2026 00:31:31,35.824,23.131
3497,4,5,47076.200000,1360.750000,1.417447,4.155349,-3.750057,2.717021,5,02/27/2026 00:31:35,35.840,23.131
3498,4,5,47078.900000,1363.450000,1.420259,4.162984,-3.749905,2.712139,5,02/27/2026 00:31:37,35.855,23.131
3499,4,5,47081.800000,1366.350000,1.423280,4.171170,-3.749905,2.707256,5,02/27/2026 00:31:40,35.934,23.131
3500,4,5,47084.360000,1368.910000,1.425947,4.178383,-3.749905,2.702068,5,02/27/2026 00:31:43,35.965,23.131
3501,4,5,47087.260000,1371.810000,1.428968,4.186539,-3.750057,2.697185,5,02/27/2026 00:31:46,36.059,23.147
3502,4,5,47089.970000,1374.520000,1.431791,4.194146,-3.750057,2.691997,5,02/27/2026 00:31:48,36.091,23.147
3503,4,5,47092.620000,1377.170000,1.434551,4.201571,-3.749752,2.687114,5,02/27/2026 00:31:51,36.107,23.147
3504,4,5,47095.230000,1379.780000,1.437270,4.208869,-3.750057,2.681926,5,02/27/2026 00:31:54,36.122,23.131
3505,4,5,47097.810000,1382.360000,1.439957,4.216071,-3.749905,2.676738,5,02/27/2026 00:31:56,36.169,23.147
3506,4,5,47100.440000,1384.990000,1.442697,4.223397,-3.750057,2.671550,5,02/27/2026 00:31:59,36.185,23.147
3507,4,5,47102.760000,1387.310000,1.445114,4.229847,-3.750057,2.666667,5,02/27/2026 00:32:01,36.185,23.147
3508,4,5,47105.130000,1389.680000,1.447582,4.236425,-3.750210,2.661784,5,02/27/2026 00:32:03,36.216,23.147
3509,4,5,47107.410000,1391.960000,1.449957,4.242740,-3.749752,2.656901,5,02/27/2026 00:32:06,36.232,23.147
3510,4,5,47109.480000,1394.030000,1.452114,4.248464,-3.750057,2.652018,5,02/27/2026 00:32:08,36.264,23.163
3511,4,5,47111.800000,1396.350000,1.454530,4.254868,-3.749905,2.646830,5,02/27/2026 00:32:10,36.311,23.163
3512,4,5,47114.080000,1398.630000,1.456905,4.261148,-3.750057,2.641642,5,02/27/2026 00:32:12,36.342,23.163
3513,4,5,47116.260000,1400.810000,1.459176,4.267141,-3.750057,2.636759,5,02/27/2026 00:32:15,36.389,23.163
3514,4,5,47118.400000,1402.950000,1.461405,4.273013,-3.749905,2.631876,5,02/27/2026 00:32:17,36.421,23.163
3515,4,5,47120.310000,1404.860000,1.463395,4.278245,-3.750057,2.626688,5,02/27/2026 00:32:19,36.452,23.163
3516,4,5,47122.450000,1407.000000,1.465624,4.284095,-3.750057,2.621805,5,02/27/2026 00:32:21,36.436,23.163
3517,4,5,47124.470000,1409.020000,1.467728,4.289606,-3.749905,2.616617,5,02/27/2026 00:32:23,36.468,23.163
3518,4,5,47126.600000,1411.150000,1.469947,4.295406,-3.749905,2.611429,5,02/27/2026 00:32:25,36.562,23.163
3519,4,5,47128.440000,1412.990000,1.471864,4.300406,-3.750057,2.606241,5,02/27/2026 00:32:27,36.656,23.179
3520,4,5,47130.450000,1415.000000,1.473957,4.305859,-3.749905,2.601358,5,02/27/2026 00:32:29,36.703,23.163
3521,4,5,47132.350000,1416.900000,1.475937,4.311002,-3.750057,2.596475,5,02/27/2026 00:32:31,36.735,23.163
3522,4,5,47134.110000,1418.660000,1.477770,4.315758,-3.750057,2.591287,5,02/27/2026 00:32:32,36.766,23.179
3523,4,5,47136.170000,1420.720000,1.479916,4.321313,-3.750057,2.586099,5,02/27/2026 00:32:34,36.797,23.179
3524,4,5,47137.980000,1422.530000,1.481801,4.326185,-3.749905,2.580911,5,02/27/2026 00:32:36,36.829,23.179
3525,4,5,47139.830000,1424.380000,1.483728,4.331154,-3.749905,2.575723,5,02/27/2026 00:32:38,36.876,23.179
3526,4,5,47141.720000,1426.270000,1.485697,4.336220,-3.750057,2.570230,5,02/27/2026 00:32:40,36.939,23.195
3527,4,5,47143.580000,1428.130000,1.487634,4.341196,-3.750057,2.565347,5,02/27/2026 00:32:42,36.970,23.195
3528,4,5,47145.380000,1429.930000,1.489509,4.346001,-3.750057,2.559854,5,02/27/2026 00:32:44,37.017,23.179
3529,4,5,47147.080000,1431.630000,1.491280,4.350530,-3.750057,2.554971,5,02/27/2026 00:32:45,37.080,23.179
3530,4,5,47148.800000,1433.350000,1.493072,4.355103,-3.750057,2.549783,5,02/27/2026 00:32:47,37.127,23.195
3531,4,5,47150.460000,1435.010000,1.494801,4.359508,-3.750210,2.544900,5,02/27/2026 00:32:49,37.127,23.179
3532,4,5,47151.970000,1436.520000,1.496374,4.363508,-3.750057,2.540017,5,02/27/2026 00:32:50,37.127,23.179
3533,4,5,47153.710000,1438.260000,1.498187,4.368107,-3.749905,2.534829,5,02/27/2026 00:32:52,37.143,23.195
3534,4,5,47155.260000,1439.810000,1.499801,4.372196,-3.750210,2.529946,5,02/27/2026 00:32:54,37.174,23.195
3535,4,5,47156.950000,1441.500000,1.501562,4.376645,-3.749905,2.524147,5,02/27/2026 00:32:55,37.190,23.195
3536,4,5,47158.740000,1443.290000,1.503426,4.381348,-3.750210,2.519265,5,02/27/2026 00:32:57,37.253,23.195
3537,4,5,47160.150000,1444.700000,1.504895,4.385045,-3.749905,2.514382,5,02/27/2026 00:32:58,37.300,23.195
3538,4,5,47161.790000,1446.340000,1.506603,4.389336,-3.750057,2.509194,5,02/27/2026 00:33:00,37.378,23.195
3539,4,5,47163.330000,1447.880000,1.508207,4.393357,-3.749905,2.504005,5,02/27/2026 00:33:02,37.410,23.212
3540,4,5,47164.650000,1449.200000,1.509582,4.396798,-3.750057,2.500038,133,02/27/2026 00:33:03,37.441,23.195
3541,4,6,47164.660000,0.010000,0.000000,0.000000,0.000000,2.713664,0,02/27/2026 00:33:03,37.441,23.195
3542,4,6,47164.820000,0.170000,0.000000,0.000000,0.000000,2.733196,5,02/27/2026 00:33:03,37.441,23.195
3543,4,6,47164.950000,0.300000,0.000000,0.000000,0.000000,2.745403,5,02/27/2026 00:33:03,37.441,23.195
3544,4,6,47165.080000,0.430000,0.000000,0.000000,0.000000,2.757000,5,02/27/2026 00:33:03,37.441,23.195
3545,4,6,47165.220000,0.570000,0.000000,0.000000,0.000000,2.767376,5,02/27/2026 00:33:04,37.441,23.195
3546,4,6,47165.360000,0.710000,0.000000,0.000000,0.000000,2.777447,5,02/27/2026 00:33:04,37.441,23.195
3547,4,6,47165.500000,0.850000,0.000000,0.000000,0.000000,2.787213,5,02/27/2026 00:33:04,37.457,23.212
3548,4,6,47165.650000,1.000000,0.000000,0.000000,0.000000,2.796979,5,02/27/2026 00:33:04,37.457,23.212
3549,4,6,47165.810000,1.160000,0.000000,0.000000,0.000000,2.806439,5,02/27/2026 00:33:04,37.457,23.212
3550,4,6,47165.980000,1.330000,0.000000,0.000000,0.000000,2.816205,5,02/27/2026 00:33:04,37.457,23.212
3551,4,6,47166.140000,1.490000,0.000000,0.000000,0.000000,2.824750,5,02/27/2026 00:33:04,37.457,23.212
3552,4,6,47166.310000,1.660000,0.000000,0.000000,0.000000,2.833600,5,02/27/2026 00:33:05,37.472,23.212
3553,4,6,47166.500000,1.850000,0.000000,0.000000,0.000000,2.842451,5,02/27/2026 00:33:05,37.472,23.212
3554,4,6,47166.680000,2.030000,0.000000,0.000000,0.000000,2.850690,5,02/27/2026 00:33:05,37.472,23.212
3555,4,6,47166.870000,2.220000,0.000000,0.000000,0.000000,2.858930,5,02/27/2026 00:33:05,37.488,23.212
3556,4,6,47167.060000,2.410000,0.000000,0.000000,0.000000,2.866865,5,02/27/2026 00:33:05,37.488,23.195
3557,4,6,47167.250000,2.600000,0.000000,0.000000,0.000000,2.875105,5,02/27/2026 00:33:06,37.488,23.195
3558,4,6,47167.470000,2.820000,0.000000,0.000000,0.000000,2.883040,5,02/27/2026 00:33:06,37.488,23.195
3559,4,6,47167.670000,3.020000,0.000000,0.000000,0.000000,2.890669,5,02/27/2026 00:33:06,37.504,23.195
3560,4,6,47167.880000,3.230000,0.000000,0.000000,0.000000,2.897993,5,02/27/2026 00:33:06,37.504,23.195
3561,4,6,47168.090000,3.440000,0.000000,0.000000,0.000000,2.905318,5,02/27/2026 00:33:06,37.504,23.212
3562,4,6,47168.320000,3.670000,0.000000,0.000000,0.000000,2.912947,5,02/27/2026 00:33:07,37.519,23.212
3563,4,6,47168.560000,3.910000,0.000000,0.000000,0.000000,2.920577,5,02/27/2026 00:33:07,37.519,23.212
3564,4,6,47168.810000,4.160000,0.000000,0.000000,0.000000,2.927901,5,02/27/2026 00:33:07,37.535,23.212
3565,4,6,47169.060000,4.410000,0.000000,0.000000,0.000000,2.934920,5,02/27/2026 00:33:07,37.551,23.212
3566,4,6,47169.310000,4.660000,0.000000,0.000000,0.000000,2.941939,5,02/27/2026 00:33:08,37.551,23.212
3567,4,6,47169.560000,4.910000,0.000000,0.000000,0.000000,2.948348,5,02/27/2026 00:33:08,37.551,23.212
3568,4,6,47169.800000,5.150000,0.000000,0.000000,0.000000,2.955367,5,02/27/2026 00:33:08,37.567,23.212
3569,4,6,47170.090000,5.440000,0.000000,0.000000,0.000000,2.962692,5,02/27/2026 00:33:08,37.582,23.212
3570,4,6,47170.380000,5.730000,0.000000,0.000000,0.000000,2.969406,5,02/27/2026 00:33:09,37.598,23.212
3571,4,6,47170.660000,6.010000,0.000000,0.000000,0.000000,2.975814,5,02/27/2026 00:33:09,37.598,23.212
3572,4,6,47170.960000,6.310000,0.000000,0.000000,0.000000,2.982528,5,02/27/2026 00:33:09,37.598,23.212
3573,4,6,47171.260000,6.610000,0.000000,0.000000,0.000000,2.988937,5,02/27/2026 00:33:10,37.614,23.212
3574,4,6,47171.590000,6.940000,0.000000,0.000000,0.000000,2.995956,5,02/27/2026 00:33:10,37.629,23.212
3575,4,6,47171.940000,7.290000,0.000000,0.000000,0.000000,3.002670,5,02/27/2026 00:33:10,37.629,23.212
3576,4,6,47172.290000,7.640000,0.000000,0.000000,0.000000,3.009079,5,02/27/2026 00:33:11,37.645,23.212
3577,4,6,47172.650000,8.000000,0.000000,0.000000,0.000000,3.015793,5,02/27/2026 00:33:11,37.645,23.212
3578,4,6,47173.060000,8.410000,0.000000,0.000000,0.000000,3.022507,5,02/27/2026 00:33:11,37.645,23.212
3579,4,6,47173.470000,8.820000,0.000000,0.000000,0.000000,3.028611,5,02/27/2026 00:33:12,37.661,23.212
3580,4,6,47173.860000,9.210000,0.000000,0.000000,0.000000,3.034714,5,02/27/2026 00:33:12,37.645,23.212
3581,4,6,47174.270000,9.620000,0.000000,0.000000,0.000000,3.040513,5,02/27/2026 00:33:13,37.645,23.212
3582,4,6,47174.730000,10.080000,0.000000,0.000000,0.000000,3.046311,5,02/27/2026 00:33:13,37.645,23.212
3583,4,6,47175.180000,10.530000,0.000000,0.000000,0.000000,3.052415,5,02/27/2026 00:33:14,37.629,23.212
3584,4,6,47175.670000,11.020000,0.000000,0.000000,0.000000,3.058213,5,02/27/2026 00:33:14,37.614,23.212
3585,4,6,47176.170000,11.520000,0.000000,0.000000,0.000000,3.064012,5,02/27/2026 00:33:14,37.598,23.212
3586,4,6,47176.740000,12.090000,0.000000,0.000000,0.000000,3.069505,5,02/27/2026 00:33:15,37.582,23.212
3587,4,6,47177.280000,12.630000,0.000000,0.000000,0.000000,3.074998,5,02/27/2026 00:33:16,37.567,23.212
3588,4,6,47177.890000,13.240000,0.000000,0.000000,0.000000,3.080186,5,02/27/2026 00:33:16,37.551,23.212
3589,4,6,47178.480000,13.830000,0.000000,0.000000,0.000000,3.085374,5,02/27/2026 00:33:17,37.535,23.228
3590,4,6,47179.140000,14.490000,0.000000,0.000000,0.000000,3.090562,5,02/27/2026 00:33:17,37.519,23.212
3591,4,6,47179.890000,15.240000,0.000000,0.000000,0.000000,3.095750,5,02/27/2026 00:33:18,37.519,23.212
3592,4,6,47180.620000,15.970000,0.000000,0.000000,0.000000,3.100633,5,02/27/2026 00:33:19,37.535,23.212
3593,4,6,47181.520000,16.870000,0.000000,0.000000,0.000000,3.106126,5,02/27/2026 00:33:20,37.535,23.212
3594,4,6,47182.480000,17.830000,0.000000,0.000000,0.000000,3.111315,5,02/27/2026 00:33:21,37.535,23.212
3595,4,6,47183.490000,18.840000,0.000000,0.000000,0.000000,3.116503,5,02/27/2026 00:33:22,37.535,23.228
3596,4,6,47184.640000,19.990000,0.000000,0.000000,0.000000,3.121996,5,02/27/2026 00:33:23,37.519,23.228
3597,4,6,47186.050000,21.400000,0.000000,0.000000,0.000000,3.127184,5,02/27/2026 00:33:24,37.519,23.228
3598,4,6,47187.570000,22.920000,0.000000,0.000000,0.000000,3.132067,5,02/27/2026 00:33:26,37.488,23.228
3599,4,6,47189.050000,24.400000,0.000000,0.000000,0.000000,3.136950,5,02/27/2026 00:33:27,37.457,23.212
3600,4,6,47190.680000,26.030000,0.000000,0.000000,0.000000,3.141833,5,02/27/2026 00:33:29,37.425,23.228
3601,4,6,47192.820000,28.170000,0.000000,0.000000,0.000000,3.146715,5,02/27/2026 00:33:31,37.362,23.228
3602,4,6,47194.990000,30.340000,0.000000,0.000000,0.000000,3.151598,5,02/27/2026 00:33:33,37.300,23.228
3603,4,6,47197.830000,33.180000,0.000000,0.000000,0.000000,3.156481,5,02/27/2026 00:33:36,37.253,23.228
3604,4,6,47200.670000,36.020000,0.000000,0.000000,0.000000,3.161669,5,02/27/2026 00:33:39,37.190,23.228
3605,4,6,47204.940000,40.290000,0.000000,0.000000,0.000000,3.166857,5,02/27/2026 00:33:43,37.143,23.228
3606,4,6,47209.570000,44.920000,0.000000,0.000000,0.000000,3.171740,5,02/27/2026 00:33:48,37.096,23.244
3607,4,6,47214.680000,50.030000,0.000000,0.000000,0.000000,3.176623,5,02/27/2026 00:33:53,37.048,23.244
3608,4,6,47221.370000,56.720000,0.000000,0.000000,0.000000,3.181506,5,02/27/2026 00:34:00,36.766,23.260
3609,4,6,47229.810000,65.160000,0.000000,0.000000,0.000000,3.186389,5,02/27/2026 00:34:08,36.389,23.260
3610,4,6,47241.640000,76.990000,0.000000,0.000000,0.000000,3.191272,5,02/27/2026 00:34:20,36.201,23.276
3611,4,6,47256.490000,91.840000,0.000000,0.000000,0.000000,3.196155,5,02/27/2026 00:34:35,35.808,23.276
3612,4,6,47276.490000,111.840000,0.000000,0.000000,0.000000,3.199817,1,02/27/2026 00:34:55,35.416,23.292
3613,4,6,47296.490000,131.840000,0.000000,0.000000,0.000000,3.203479,1,02/27/2026 00:35:15,34.992,23.308
3614,4,6,47316.490000,151.840000,0.000000,0.000000,0.000000,3.205921,1,02/27/2026 00:35:35,34.615,23.324
3615,4,6,47336.490000,171.840000,0.000000,0.000000,0.000000,3.207141,1,02/27/2026 00:35:55,34.301,23.324
3616,4,6,47356.490000,191.840000,0.000000,0.000000,0.000000,3.208667,1,02/27/2026 00:36:15,33.846,23.324
3617,4,6,47376.490000,211.840000,0.000000,0.000000,0.000000,3.210193,1,02/27/2026 00:36:35,33.469,23.324
3618,4,6,47396.490000,231.840000,0.000000,0.000000,0.000000,3.210803,1,02/27/2026 00:36:55,33.171,23.324
3619,4,6,47416.490000,251.840000,0.000000,0.000000,0.000000,3.211719,1,02/27/2026 00:37:15,32.763,23.308
3620,4,6,47436.490000,271.840000,0.000000,0.000000,0.000000,3.212024,1,02/27/2026 00:37:35,32.307,23.292
3621,4,6,47456.490000,291.840000,0.000000,0.000000,0.000000,3.212940,1,02/27/2026 00:37:55,32.056,23.276
3622,4,6,47476.490000,311.840000,0.000000,0.000000,0.000000,3.213550,1,02/27/2026 00:38:15,31.789,23.260
3623,4,6,47496.490000,331.840000,0.000000,0.000000,0.000000,3.213855,1,02/27/2026 00:38:35,31.350,23.244
3624,4,6,47516.490000,351.840000,0.000000,0.000000,0.000000,3.214160,1,02/27/2026 00:38:55,31.051,23.228
3625,4,6,47536.490000,371.840000,0.000000,0.000000,0.000000,3.214466,1,02/27/2026 00:39:15,30.800,23.228
3626,4,6,47556.490000,391.840000,0.000000,0.000000,0.000000,3.214771,1,02/27/2026 00:39:35,30.486,23.195
3627,4,6,47576.490000,411.840000,0.000000,0.000000,0.000000,3.215076,1,02/27/2026 00:39:55,30.313,23.179
3628,4,6,47596.490000,431.840000,0.000000,0.000000,0.000000,3.215381,1,02/27/2026 00:40:15,29.983,23.163
3629,4,6,47616.490000,451.840000,0.000000,0.000000,0.000000,3.215381,1,02/27/2026 00:40:35,29.694,23.131
3630,4,6,47636.490000,471.840000,0.000000,0.000000,0.000000,3.215686,1,02/27/2026 00:40:55,29.372,23.099
3631,4,6,47656.490000,491.840000,0.000000,0.000000,0.000000,3.215991,1,02/27/2026 00:41:15,29.131,23.115
3632,4,6,47676.490000,511.840000,0.000000,0.000000,0.000000,3.215991,1,02/27/2026 00:41:35,29.002,23.115
3633,4,6,47696.490000,531.840000,0.000000,0.000000,0.000000,3.215991,1,02/27/2026 00:41:55,28.793,23.131
3634,4,6,47716.490000,551.840000,0.000000,0.000000,0.000000,3.215991,1,02/27/2026 00:42:15,28.600,23.131
3635,4,6,47736.490000,571.840000,0.000000,0.000000,0.000000,3.216602,1,02/27/2026 00:42:35,28.423,23.147
3636,4,6,47756.490000,591.840000,0.000000,0.000000,0.000000,3.216602,1,02/27/2026 00:42:55,28.166,23.163
3637,4,6,47776.490000,611.840000,0.000000,0.000000,0.000000,3.216602,1,02/27/2026 00:43:15,28.021,23.179
3638,4,6,47796.490000,631.840000,0.000000,0.000000,0.000000,3.216907,1,02/27/2026 00:43:35,27.924,23.195
3639,4,6,47816.490000,651.840000,0.000000,0.000000,0.000000,3.216907,1,02/27/2026 00:43:55,27.731,23.212
3640,4,6,47836.490000,671.840000,0.000000,0.000000,0.000000,3.216602,1,02/27/2026 00:44:15,27.587,23.212
3641,4,6,47856.490000,691.840000,0.000000,0.000000,0.000000,3.216907,1,02/27/2026 00:44:35,27.442,23.228
3642,4,6,47876.490000,711.840000,0.000000,0.000000,0.000000,3.217212,1,02/27/2026 00:44:55,27.297,23.244
3643,4,6,47896.490000,731.840000,0.000000,0.000000,0.000000,3.217212,1,02/27/2026 00:45:15,27.136,23.244
3644,4,6,47916.490000,751.840000,0.000000,0.000000,0.000000,3.216907,1,02/27/2026 00:45:35,27.008,23.260
3645,4,6,47936.490000,771.840000,0.000000,0.000000,0.000000,3.217212,1,02/27/2026 00:45:55,26.879,23.260
3646,4,6,47956.490000,791.840000,0.000000,0.000000,0.000000,3.217212,1,02/27/2026 00:46:15,26.750,23.276
3647,4,6,47976.490000,811.840000,0.000000,0.000000,0.000000,3.217517,1,02/27/2026 00:46:35,26.686,23.292
3648,4,6,47996.490000,831.840000,0.000000,0.000000,0.000000,3.217212,1,02/27/2026 00:46:55,26.557,23.276
3649,4,6,48016.490000,851.840000,0.000000,0.000000,0.000000,3.217517,1,02/27/2026 00:47:15,26.461,23.292
3650,4,6,48036.490000,871.840000,0.000000,0.000000,0.000000,3.217517,1,02/27/2026 00:47:35,26.300,23.292
3651,4,6,48056.490000,891.840000,0.000000,0.000000,0.000000,3.217823,1,02/27/2026 00:47:55,26.235,23.292
3652,4,6,48076.490000,911.840000,0.000000,0.000000,0.000000,3.217517,1,02/27/2026 00:48:15,26.139,23.276
3653,4,6,48096.490000,931.840000,0.000000,0.000000,0.000000,3.217823,1,02/27/2026 00:48:35,26.010,23.260
3654,4,6,48116.490000,951.840000,0.000000,0.000000,0.000000,3.217517,1,02/27/2026 00:48:55,25.882,23.244
3655,4,6,48136.490000,971.840000,0.000000,0.000000,0.000000,3.217212,1,02/27/2026 00:49:15,25.785,23.228
3656,4,6,48156.490000,991.840000,0.000000,0.000000,0.000000,3.217823,1,02/27/2026 00:49:35,25.688,23.212
3657,4,6,48176.490000,1011.840000,0.000000,0.000000,0.000000,3.217517,1,02/27/2026 00:49:55,25.560,23.195
3658,4,6,48196.490000,1031.840000,0.000000,0.000000,0.000000,3.217823,1,02/27/2026 00:50:15,25.463,23.179
3659,4,6,48216.490000,1051.840000,0.000000,0.000000,0.000000,3.217823,1,02/27/2026 00:50:35,25.367,23.131
3660,4,6,48236.490000,1071.840000,0.000000,0.000000,0.000000,3.218128,1,02/27/2026 00:50:55,25.270,23.115
3661,4,6,48256.490000,1091.840000,0.000000,0.000000,0.000000,3.218128,1,02/27/2026 00:51:15,25.158,23.083
3662,4,6,48276.490000,1111.840000,0.000000,0.000000,0.000000,3.217823,1,02/27/2026 00:51:35,25.093,23.067
3663,4,6,48296.490000,1131.840000,0.000000,0.000000,0.000000,3.218128,1,02/27/2026 00:51:55,25.029,23.051
3664,4,6,48316.490000,1151.840000,0.000000,0.000000,0.000000,3.217823,1,02/27/2026 00:52:15,24.965,23.051
3665,4,6,48336.490000,1171.840000,0.000000,0.000000,0.000000,3.217823,1,02/27/2026 00:52:35,24.884,23.051
3666,4,6,48356.490000,1191.840000,0.000000,0.000000,0.000000,3.217823,1,02/27/2026 00:52:55,24.852,23.067
3667,4,6,48376.490000,1211.840000,0.000000,0.000000,0.000000,3.218128,1,02/27/2026 00:53:15,24.804,23.051
3668,4,6,48396.490000,1231.840000,0.000000,0.000000,0.000000,3.217517,1,02/27/2026 00:53:35,24.739,23.067
3669,4,6,48416.490000,1251.840000,0.000000,0.000000,0.000000,3.218128,1,02/27/2026 00:53:55,24.707,23.083
3670,4,6,48436.490000,1271.840000,0.000000,0.000000,0.000000,3.218128,1,02/27/2026 00:54:15,24.675,23.083
3671,4,6,48456.490000,1291.840000,0.000000,0.000000,0.000000,3.218433,1,02/27/2026 00:54:35,24.643,23.099
3672,4,6,48476.490000,1311.840000,0.000000,0.000000,0.000000,3.218738,1,02/27/2026 00:54:55,24.611,23.099
3673,4,6,48496.490000,1331.840000,0.000000,0.000000,0.000000,3.218128,1,02/27/2026 00:55:15,24.579,23.099
3674,4,6,48516.490000,1351.840000,0.000000,0.000000,0.000000,3.218433,1,02/27/2026 00:55:35,24.546,23.099
3675,4,6,48536.490000,1371.840000,0.000000,0.000000,0.000000,3.217823,1,02/27/2026 00:55:55,24.514,23.115
3676,4,6,48556.490000,1391.840000,0.000000,0.000000,0.000000,3.218128,1,02/27/2026 00:56:15,24.466,23.115
3677,4,6,48576.490000,1411.840000,0.000000,0.000000,0.000000,3.217823,1,02/27/2026 00:56:35,24.434,23.131
3678,4,6,48596.490000,1431.840000,0.000000,0.000000,0.000000,3.218433,1,02/27/2026 00:56:55,24.418,23.131
3679,4,6,48616.490000,1451.840000,0.000000,0.000000,0.000000,3.218433,1,02/27/2026 00:57:15,24.369,23.115
3680,4,6,48636.490000,1471.840000,0.000000,0.000000,0.000000,3.219043,1,02/27/2026 00:57:35,24.353,23.115
3681,4,6,48656.490000,1491.840000,0.000000,0.000000,0.000000,3.218738,1,02/27/2026 00:57:55,24.305,23.115
3682,4,6,48676.490000,1511.840000,0.000000,0.000000,0.000000,3.218433,1,02/27/2026 00:58:15,24.241,23.099
3683,4,6,48696.490000,1531.840000,0.000000,0.000000,0.000000,3.218433,1,02/27/2026 00:58:35,24.192,23.067
3684,4,6,48716.490000,1551.840000,0.000000,0.000000,0.000000,3.218433,1,02/27/2026 00:58:55,24.128,23.035
3685,4,6,48736.490000,1571.840000,0.000000,0.000000,0.000000,3.218433,1,02/27/2026 00:59:15,24.064,23.002
3686,4,6,48756.490000,1591.840000,0.000000,0.000000,0.000000,3.218128,1,02/27/2026 00:59:35,23.983,22.954
3687,4,6,48776.490000,1611.840000,0.000000,0.000000,0.000000,3.218433,1,02/27/2026 00:59:55,23.951,22.938
3688,4,6,48796.490000,1631.840000,0.000000,0.000000,0.000000,3.218738,1,02/27/2026 01:00:15,23.887,22.906
3689,4,6,48816.490000,1651.840000,0.000000,0.000000,0.000000,3.218433,1,02/27/2026 01:00:35,23.839,22.874
3690,4,6,48836.490000,1671.840000,0.000000,0.000000,0.000000,3.218128,1,02/27/2026 01:00:55,23.806,22.858
3691,4,6,48856.490000,1691.840000,0.000000,0.000000,0.000000,3.218433,1,02/27/2026 01:01:15,23.758,22.842
3692,4,6,48876.490000,1711.840000,0.000000,0.000000,0.000000,3.218128,1,02/27/2026 01:01:35,23.726,22.826
3693,4,6,48896.490000,1731.840000,0.000000,0.000000,0.000000,3.218433,1,02/27/2026 01:01:55,23.662,22.809
3694,4,6,48916.490000,1751.840000,0.000000,0.000000,0.000000,3.218738,1,02/27/2026 01:02:15,23.629,22.793
3695,4,6,48936.490000,1771.840000,0.000000,0.000000,0.000000,3.218433,1,02/27/2026 01:02:35,23.629,22.793
3696,4,6,48956.490000,1791.840000,0.000000,0.000000,0.000000,3.218738,1,02/27/2026 01:02:55,23.597,22.793
3697,4,6,48964.650000,1800.000000,0.000000,0.000000,0.000000,3.218433,129,02/27/2026 01:03:03,23.597,22.793
3698,4,7,48964.780000,1800.130000,0.000035,0.000116,1.954223,3.361563,0,02/27/2026 01:03:04,23.597,22.793
3699,4,7,48964.970000,1800.320000,0.000138,0.000462,1.949798,3.368887,5,02/27/2026 01:03:04,23.597,22.793
3700,4,7,48965.270000,1800.620000,0.000300,0.001010,1.949950,3.375601,5,02/27/2026 01:03:04,23.597,22.793
3701,4,7,48965.720000,1801.070000,0.000544,0.001834,1.949798,3.381399,5,02/27/2026 01:03:05,23.597,22.793
3702,4,7,48966.310000,1801.660000,0.000863,0.002916,1.950103,3.386893,5,02/27/2026 01:03:05,23.597,22.793
3703,4,7,48967.050000,1802.400000,0.001264,0.004274,1.949950,3.392081,5,02/27/2026 01:03:06,23.597,22.793
3704,4,7,48968.090000,1803.440000,0.001828,0.006187,1.949645,3.397269,5,02/27/2026 01:03:07,23.597,22.793
3705,4,7,48969.570000,1804.920000,0.002629,0.008913,1.950103,3.402152,5,02/27/2026 01:03:08,23.597,22.793
3706,4,7,48971.670000,1807.020000,0.003767,0.012785,1.949798,3.407340,5,02/27/2026 01:03:10,23.597,22.793
3707,4,7,48975.430000,1810.780000,0.005803,0.019730,1.949950,3.412222,5,02/27/2026 01:03:14,23.597,22.809
3708,4,7,48980.680000,1816.030000,0.008647,0.029441,1.949950,3.417105,5,02/27/2026 01:03:19,23.613,22.809
3709,4,7,48989.940000,1825.290000,0.013662,0.046593,1.949798,3.421988,5,02/27/2026 01:03:29,23.629,22.809
3710,4,7,49003.470000,1838.820000,0.020991,0.071690,1.949798,3.426871,5,02/27/2026 01:03:42,23.694,22.826
3711,4,7,49023.470000,1858.820000,0.031823,0.108837,1.949950,3.431144,1,02/27/2026 01:04:02,23.806,22.826
3712,4,7,49043.470000,1878.820000,0.042656,0.146027,1.949798,3.435111,1,02/27/2026 01:04:22,23.935,22.858
3713,4,7,49063.470000,1898.820000,0.053489,0.183256,1.949798,3.438163,1,02/27/2026 01:04:42,24.048,22.874
3714,4,7,49083.470000,1918.820000,0.064322,0.220522,1.949798,3.441825,1,02/27/2026 01:05:02,24.144,22.874
3715,4,7,49103.470000,1938.820000,0.075154,0.257832,1.949950,3.446098,1,02/27/2026 01:05:22,24.241,22.906
3716,4,7,49123.470000,1958.820000,0.085987,0.295183,1.950103,3.450065,1,02/27/2026 01:05:42,24.369,22.922
3717,4,7,49143.470000,1978.820000,0.096820,0.332579,1.949950,3.454032,1,02/27/2026 01:06:02,24.466,22.922
3718,4,7,49163.470000,1998.820000,0.107653,0.370019,1.949950,3.458000,1,02/27/2026 01:06:22,24.546,22.938
3719,4,7,49183.470000,2018.820000,0.118485,0.407503,1.949950,3.462272,1,02/27/2026 01:06:42,24.675,22.970
3720,4,7,49203.470000,2038.820000,0.129318,0.445030,1.950103,3.465934,1,02/27/2026 01:07:02,24.739,22.970
3721,4,7,49223.470000,2058.820000,0.140151,0.482598,1.949798,3.469596,1,02/27/2026 01:07:22,24.820,23.002
3722,4,7,49243.470000,2078.820000,0.150984,0.520205,1.949950,3.473259,1,02/27/2026 01:07:42,24.900,23.002
3723,4,7,49263.470000,2098.820000,0.161816,0.557848,1.949798,3.476616,1,02/27/2026 01:08:02,24.981,23.002
3724,4,7,49283.470000,2118.820000,0.172649,0.595526,1.950103,3.479362,1,02/27/2026 01:08:22,25.045,23.002
3725,4,7,49303.470000,2138.820000,0.183482,0.633234,1.950103,3.481804,1,02/27/2026 01:08:42,25.093,23.002
3726,4,7,49323.470000,2158.820000,0.194315,0.670968,1.949798,3.484550,1,02/27/2026 01:09:02,25.142,23.002
3727,4,7,49343.470000,2178.820000,0.205147,0.708729,1.950103,3.486992,1,02/27/2026 01:09:22,25.174,22.986
3728,4,7,49363.470000,2198.820000,0.215980,0.746512,1.949798,3.488518,1,02/27/2026 01:09:42,25.222,22.970
3729,4,7,49383.470000,2218.820000,0.226813,0.784314,1.950103,3.490349,1,02/27/2026 01:10:02,25.222,22.938
3730,4,7,49403.470000,2238.820000,0.237646,0.822133,1.949950,3.491569,1,02/27/2026 01:10:22,25.254,22.906
3731,4,7,49423.470000,2258.820000,0.248478,0.859967,1.949950,3.493095,1,02/27/2026 01:10:42,25.286,22.874
3732,4,7,49443.470000,2278.820000,0.259311,0.897818,1.950103,3.494316,1,02/27/2026 01:11:02,25.318,22.842
3733,4,7,49463.470000,2298.820000,0.270144,0.935680,1.949645,3.495537,1,02/27/2026 01:11:22,25.351,22.826
3734,4,7,49483.470000,2318.820000,0.280976,0.973554,1.949798,3.496757,1,02/27/2026 01:11:42,25.415,22.809
3735,4,7,49503.470000,2338.820000,0.291809,1.011440,1.949950,3.497673,1,02/27/2026 01:12:02,25.447,22.777
3736,4,7,49522.160000,2357.510000,0.301932,1.046852,1.949950,3.498589,164,02/27/2026 01:12:21,25.463,22.761
3737,4,8,49522.170000,2357.520000,0.301932,1.046852,2.174105,3.513237,0,02/27/2026 01:12:21,25.463,22.761
3738,4,8,49542.170000,2377.520000,0.314022,1.089368,2.174716,3.518120,1,02/27/2026 01:12:41,25.479,22.745
3739,4,8,49562.170000,2397.520000,0.326105,1.131887,2.175174,3.519951,1,02/27/2026 01:13:01,25.528,22.729
3740,4,8,49582.170000,2417.520000,0.338188,1.174421,2.175021,3.520256,1,02/27/2026 01:13:21,25.656,22.713
3741,4,8,49602.170000,2437.520000,0.350271,1.216967,2.175021,3.521477,1,02/27/2026 01:13:41,25.721,22.729
3742,4,8,49622.170000,2457.520000,0.362354,1.259520,2.175021,3.522087,1,02/27/2026 01:14:01,25.833,22.729
3743,4,8,49642.170000,2477.520000,0.374437,1.302081,2.175021,3.522393,1,02/27/2026 01:14:21,25.914,22.729
3744,4,8,49662.170000,2497.520000,0.386520,1.344649,2.174868,3.523613,1,02/27/2026 01:14:41,25.994,22.745
3745,4,8,49682.170000,2517.520000,0.398604,1.387224,2.175021,3.523919,1,02/27/2026 01:15:01,26.058,22.745
3746,4,8,49702.170000,2537.520000,0.410687,1.429806,2.174868,3.524224,1,02/27/2026 01:15:21,26.171,22.761
3747,4,8,49722.170000,2557.520000,0.422770,1.472396,2.175021,3.524834,1,02/27/2026 01:15:41,26.268,22.777
3748,4,8,49742.170000,2577.520000,0.434853,1.514993,2.174868,3.525750,1,02/27/2026 01:16:01,26.364,22.809
3749,4,8,49762.170000,2597.520000,0.446936,1.557598,2.174868,3.526360,1,02/27/2026 01:16:21,26.461,22.826
3750,4,8,49782.170000,2617.520000,0.459019,1.600212,2.175174,3.527276,1,02/27/2026 01:16:41,26.573,22.842
3751,4,8,49802.170000,2637.520000,0.471102,1.642833,2.175174,3.527276,1,02/27/2026 01:17:01,26.654,22.874
3752,4,8,49822.170000,2657.520000,0.483185,1.685464,2.175174,3.528496,1,02/27/2026 01:17:21,26.750,22.906
3753,4,8,49842.170000,2677.520000,0.495269,1.728103,2.174868,3.528801,1,02/27/2026 01:17:41,26.814,22.938
3754,4,8,49862.170000,2697.520000,0.507352,1.770751,2.174868,3.529412,1,02/27/2026 01:18:01,26.895,22.954
3755,4,8,49882.170000,2717.520000,0.519435,1.813406,2.175174,3.530632,1,02/27/2026 01:18:21,26.991,22.986
3756,4,8,49902.170000,2737.520000,0.531518,1.856070,2.174868,3.530938,1,02/27/2026 01:18:41,27.024,23.002
3757,4,8,49922.170000,2757.520000,0.543601,1.898742,2.174868,3.531853,1,02/27/2026 01:19:01,27.104,23.019
3758,4,8,49942.170000,2777.520000,0.555684,1.941422,2.175021,3.532158,1,02/27/2026 01:19:21,27.184,23.019
3759,4,8,49962.170000,2797.520000,0.567767,1.984108,2.174868,3.532769,1,02/27/2026 01:19:41,27.233,22.986
3760,4,8,49982.170000,2817.520000,0.579850,2.026801,2.175021,3.533074,1,02/27/2026 01:20:01,27.265,22.970
3761,4,8,50002.170000,2837.520000,0.591934,2.069502,2.174868,3.533989,1,02/27/2026 01:20:21,27.249,22.938
3762,4,8,50021.980000,2857.330000,0.603902,2.111807,2.175021,3.535210,164,02/27/2026 01:20:41,27.281,22.922
3763,4,9,50021.990000,2857.340000,0.603902,2.111807,2.419623,3.550164,0,02/27/2026 01:20:41,27.281,22.922
3764,4,9,50022.000000,2857.350000,0.603915,2.111854,2.475013,3.553826,4,02/27/2026 01:20:41,27.281,22.922
3765,4,9,50022.010000,2857.360000,0.603922,2.111879,2.523690,3.557794,4,02/27/2026 01:20:41,27.281,22.922
3766,4,9,50022.020000,2857.370000,0.603929,2.111904,2.567941,3.560540,4,02/27/2026 01:20:41,27.281,22.922
3767,4,9,50022.030000,2857.380000,0.603936,2.111929,2.614328,3.562676,4,02/27/2026 01:20:41,27.281,22.922
3768,4,9,50022.040000,2857.390000,0.603944,2.111955,2.625010,3.563592,4,02/27/2026 01:20:41,27.281,22.922
3769,4,9,50024.590000,2859.940000,0.605803,2.118588,2.624704,3.568475,5,02/27/2026 01:20:43,27.297,22.922
3770,4,9,50042.400000,2877.750000,0.618789,2.164967,2.624857,3.573358,5,02/27/2026 01:21:01,27.377,22.906
3771,4,9,50062.400000,2897.750000,0.633372,2.217092,2.624857,3.574578,1,02/27/2026 01:21:21,27.442,22.906
3772,4,9,50082.400000,2917.750000,0.647955,2.269233,2.624704,3.575799,1,02/27/2026 01:21:41,27.571,22.906
3773,4,9,50102.400000,2937.750000,0.662539,2.321387,2.624704,3.576410,1,02/27/2026 01:22:01,27.635,22.922
3774,4,9,50122.400000,2957.750000,0.677122,2.373551,2.624704,3.577325,1,02/27/2026 01:22:21,27.780,22.906
3775,4,9,50142.400000,2977.750000,0.691705,2.425725,2.625010,3.577935,1,02/27/2026 01:22:41,27.844,22.906
3776,4,9,50162.400000,2997.750000,0.706288,2.477910,2.625162,3.578546,1,02/27/2026 01:23:01,27.973,22.906
3777,4,9,50182.400000,3017.750000,0.720871,2.530104,2.625010,3.578851,1,02/27/2026 01:23:21,28.069,22.922
3778,4,9,50202.400000,3037.750000,0.735454,2.582310,2.624704,3.580377,1,02/27/2026 01:23:41,28.214,22.922
3779,4,9,50222.400000,3057.750000,0.750037,2.634532,2.625010,3.581292,1,02/27/2026 01:24:01,28.230,22.938
3780,4,9,50242.400000,3077.750000,0.764620,2.686768,2.624704,3.582513,1,02/27/2026 01:24:21,28.423,22.954
3781,4,9,50262.400000,3097.750000,0.779203,2.739017,2.625010,3.583124,1,02/27/2026 01:24:41,28.487,22.970
3782,4,9,50282.400000,3117.750000,0.793786,2.791280,2.624857,3.584039,1,02/27/2026 01:25:01,28.568,23.002
3783,4,9,50302.400000,3137.750000,0.808369,2.843557,2.625010,3.585260,1,02/27/2026 01:25:21,28.697,23.035
3784,4,9,50322.400000,3157.750000,0.822952,2.895851,2.625010,3.586481,1,02/27/2026 01:25:41,28.745,23.035
3785,4,9,50342.400000,3177.750000,0.837535,2.948163,2.625010,3.587701,1,02/27/2026 01:26:01,28.825,23.051
3786,4,9,50362.400000,3197.750000,0.852118,3.000491,2.624857,3.588617,1,02/27/2026 01:26:21,28.938,23.067
3787,4,9,50382.400000,3217.750000,0.866701,3.052840,2.624857,3.590448,1,02/27/2026 01:26:41,29.002,23.099
3788,4,9,50402.400000,3237.750000,0.881285,3.105209,2.624857,3.591363,1,02/27/2026 01:27:01,29.083,23.099
3789,4,9,50422.400000,3257.750000,0.895868,3.157598,2.624704,3.592889,1,02/27/2026 01:27:21,29.131,23.115
3790,4,9,50435.970000,3271.320000,0.905762,3.193155,2.625162,3.594110,164,02/27/2026 01:27:35,29.163,23.131
3791,4,10,50435.980000,3271.330000,0.905762,3.193155,2.296635,3.574273,0,02/27/2026 01:27:35,29.163,23.131
3792,4,10,50439.490000,3274.840000,0.908006,3.201167,2.294957,3.569390,5,02/27/2026 01:27:38,29.195,23.131
3793,4,10,50459.490000,3294.840000,0.920756,3.246653,2.294804,3.566644,1,02/27/2026 01:27:58,29.292,23.147
3794,4,10,50479.490000,3314.840000,0.933505,3.292131,2.294957,3.567254,1,02/27/2026 01:28:18,29.324,23.163
3795,4,10,50499.490000,3334.840000,0.946254,3.337620,2.294804,3.568475,1,02/27/2026 01:28:38,29.372,23.179
3796,4,10,50519.490000,3354.840000,0.959004,3.383126,2.294957,3.570001,1,02/27/2026 01:28:58,29.292,23.195
3797,4,10,50539.490000,3374.840000,0.971753,3.428653,2.294957,3.571527,1,02/27/2026 01:29:18,29.308,23.195
3798,4,10,50559.490000,3394.840000,0.984503,3.474204,2.294804,3.573968,1,02/27/2026 01:29:38,29.340,23.195
3799,4,10,50579.490000,3414.840000,0.997252,3.519777,2.294804,3.575189,1,02/27/2026 01:29:58,29.372,23.195
3800,4,10,50599.490000,3434.840000,1.010002,3.565373,2.294957,3.577020,1,02/27/2026 01:30:18,29.372,23.179
3801,4,10,50619.490000,3454.840000,1.022751,3.610993,2.294957,3.578851,1,02/27/2026 01:30:38,29.292,23.163
3802,4,10,50639.490000,3474.840000,1.035501,3.656637,2.294957,3.580987,1,02/27/2026 01:30:58,29.324,23.147
3803,4,10,50659.490000,3494.840000,1.048250,3.702308,2.294804,3.583124,1,02/27/2026 01:31:18,29.308,23.147
3804,4,10,50679.490000,3514.840000,1.060999,3.748002,2.294957,3.584955,1,02/27/2026 01:31:38,29.292,23.115
3805,4,10,50699.490000,3534.840000,1.073749,3.793721,2.294957,3.587091,1,02/27/2026 01:31:58,29.276,23.099
3806,4,10,50719.490000,3554.840000,1.086498,3.839468,2.294652,3.588617,1,02/27/2026 01:32:18,29.260,23.083
3807,4,10,50739.490000,3574.840000,1.099248,3.885244,2.294957,3.591669,1,02/27/2026 01:32:38,29.243,23.067
3808,4,10,50759.490000,3594.840000,1.111997,3.931047,2.294957,3.593805,1,02/27/2026 01:32:58,29.227,23.051
3809,4,10,50779.490000,3614.840000,1.124747,3.976878,2.294804,3.595636,1,02/27/2026 01:33:18,29.227,23.035
3810,4,10,50799.490000,3634.840000,1.137496,4.022740,2.294804,3.598383,1,02/27/2026 01:33:38,29.243,23.019
3811,4,10,50819.490000,3654.840000,1.150246,4.068633,2.294957,3.600519,1,02/27/2026 01:33:58,29.227,23.019
3812,4,10,50839.490000,3674.840000,1.162995,4.114558,2.294957,3.603265,1,02/27/2026 01:34:18,29.324,23.035
3813,4,10,50859.490000,3694.840000,1.175744,4.160513,2.294804,3.605707,1,02/27/2026 01:34:38,29.324,23.035
3814,4,10,50879.490000,3714.840000,1.188494,4.206505,2.294804,3.608453,1,02/27/2026 01:34:58,29.227,23.051
3815,4,10,50899.490000,3734.840000,1.201243,4.252532,2.294652,3.611505,1,02/27/2026 01:35:18,29.372,23.067
3816,4,10,50909.630000,3744.980000,1.207707,4.275881,2.294804,3.612116,164,02/27/2026 01:35:29,29.324,23.067
3817,4,11,50909.640000,3744.990000,1.207707,4.275881,0.748608,3.520562,0,02/27/2026 01:35:29,29.324,23.067
3818,4,11,50909.810000,3745.160000,1.207745,4.276013,0.749828,3.512932,5,02/27/2026 01:35:29,29.324,23.067
3819,4,11,50910.190000,3745.540000,1.207824,4.276290,0.749828,3.507439,5,02/27/2026 01:35:29,29.324,23.067
3820,4,11,50910.720000,3746.070000,1.207934,4.276677,0.749981,3.501640,5,02/27/2026 01:35:30,29.340,23.067
3821,4,11,50911.580000,3746.930000,1.208113,4.277304,0.749828,3.496757,5,02/27/2026 01:35:30,29.340,23.067
3822,4,11,50912.730000,3748.080000,1.208353,4.278141,0.750134,3.491569,5,02/27/2026 01:35:32,29.372,23.067
3823,4,11,50914.450000,3749.800000,1.208711,4.279391,0.750134,3.486381,5,02/27/2026 01:35:33,29.388,23.067
3824,4,11,50916.730000,3752.080000,1.209186,4.281046,0.749981,3.481498,5,02/27/2026 01:35:36,29.404,23.067
3825,4,11,50919.930000,3755.280000,1.209853,4.283365,0.749828,3.476616,5,02/27/2026 01:35:39,29.372,23.083
3826,4,11,50923.590000,3758.940000,1.210615,4.286014,0.749676,3.471427,5,02/27/2026 01:35:42,29.356,23.083
3827,4,11,50928.820000,3764.170000,1.211705,4.289793,0.749828,3.466239,5,02/27/2026 01:35:48,29.356,23.083
3828,4,11,50935.630000,3770.980000,1.213123,4.294707,0.749981,3.461357,5,02/27/2026 01:35:54,29.324,23.083
3829,4,11,50944.280000,3779.630000,1.214925,4.300940,0.749676,3.456474,5,02/27/2026 01:36:03,29.260,23.099
3830,4,11,50958.670000,3794.020000,1.217923,4.311294,0.749828,3.451591,5,02/27/2026 01:36:17,29.163,23.115
3831,4,11,50978.670000,3814.020000,1.222089,4.325665,0.749676,3.447929,1,02/27/2026 01:36:37,29.034,23.131
3832,4,11,50998.670000,3834.020000,1.226255,4.340027,0.749828,3.446403,1,02/27/2026 01:36:57,28.841,23.147
3833,4,11,51018.670000,3854.020000,1.230422,4.354385,0.749828,3.445792,1,02/27/2026 01:37:17,28.745,23.163
3834,4,11,51038.670000,3874.020000,1.234588,4.368743,0.749981,3.446403,1,02/27/2026 01:37:37,28.600,23.179
3835,4,11,51058.670000,3894.020000,1.238754,4.383104,0.749981,3.447623,1,02/27/2026 01:37:57,28.423,23.195
3836,4,11,51078.670000,3914.020000,1.242920,4.397468,0.750134,3.448234,1,02/27/2026 01:38:17,28.294,23.212
3837,4,11,51098.670000,3934.020000,1.247087,4.411837,0.749981,3.449454,1,02/27/2026 01:38:37,28.198,23.228
3838,4,11,51118.670000,3954.020000,1.251253,4.426213,0.749828,3.451286,1,02/27/2026 01:38:57,28.069,23.244
3839,4,11,51138.670000,3974.020000,1.255419,4.440595,0.749828,3.452506,1,02/27/2026 01:39:17,27.941,23.260
3840,4,11,51158.670000,3994.020000,1.259585,4.454983,0.749981,3.454337,1,02/27/2026 01:39:37,27.780,23.276
3841,4,11,51178.670000,4014.020000,1.263752,4.469377,0.749676,3.455558,1,02/27/2026 01:39:57,27.699,23.260
3842,4,11,51198.670000,4034.020000,1.267918,4.483779,0.749828,3.457389,1,02/27/2026 01:40:17,27.571,23.260
3843,4,11,51218.670000,4054.020000,1.272084,4.498187,0.749828,3.458915,1,02/27/2026 01:40:37,27.426,23.260
3844,4,11,51238.670000,4074.020000,1.276250,4.512602,0.749981,3.460746,1,02/27/2026 01:40:57,27.281,23.244
3845,4,11,51258.670000,4094.020000,1.280417,4.527024,0.749828,3.462577,1,02/27/2026 01:41:17,27.184,23.212
3846,4,11,51278.670000,4114.020000,1.284583,4.541453,0.749981,3.464103,1,02/27/2026 01:41:37,27.072,23.195
3847,4,11,51298.670000,4134.020000,1.288749,4.555890,0.749981,3.465934,1,02/27/2026 01:41:57,26.975,23.179
3848,4,11,51318.670000,4154.020000,1.292915,4.570333,0.750134,3.467460,1,02/27/2026 01:42:17,26.863,23.163
3849,4,11,51338.680000,4174.030000,1.297084,4.584792,0.750286,3.469291,1,02/27/2026 01:42:37,26.750,23.147
3850,4,11,51358.680000,4194.030000,1.301250,4.599250,0.749981,3.471427,1,02/27/2026 01:42:57,26.654,23.131
3851,4,11,51378.680000,4214.030000,1.305416,4.613716,0.749676,3.472648,1,02/27/2026 01:43:17,26.589,23.115
3852,4,11,51398.680000,4234.030000,1.309582,4.628189,0.749828,3.474784,1,02/27/2026 01:43:37,26.493,23.099
3853,4,11,51418.680000,4254.030000,1.313749,4.642671,0.749981,3.476921,1,02/27/2026 01:43:57,26.412,23.083
3854,4,11,51438.680000,4274.030000,1.317915,4.657161,0.749981,3.478752,1,02/27/2026 01:44:17,26.364,23.083
3855,4,11,51458.680000,4294.030000,1.322081,4.671658,0.749828,3.480583,1,02/27/2026 01:44:37,26.284,23.083
3856,4,11,51478.680000,4314.030000,1.326247,4.686163,0.750134,3.482719,1,02/27/2026 01:44:57,26.251,23.083
3857,4,11,51498.680000,4334.030000,1.330414,4.700676,0.749828,3.484245,1,02/27/2026 01:45:17,26.171,23.083
3858,4,11,51518.680000,4354.030000,1.334580,4.715198,0.749828,3.486687,1,02/27/2026 01:45:37,26.139,23.067
3859,4,11,51538.680000,4374.030000,1.338746,4.729729,0.749676,3.488518,1,02/27/2026 01:45:57,26.075,23.083
3860,4,11,51558.680000,4394.030000,1.342912,4.744267,0.749828,3.490654,1,02/27/2026 01:46:17,26.026,23.083
3861,4,11,51578.680000,4414.030000,1.347079,4.758814,0.749981,3.492485,1,02/27/2026 01:46:37,26.026,23.099
3862,4,11,51598.680000,4434.030000,1.351245,4.773371,0.749981,3.495232,1,02/27/2026 01:46:57,25.994,23.099
3863,4,11,51618.680000,4454.030000,1.355411,4.787936,0.749981,3.497063,1,02/27/2026 01:47:17,25.962,23.131
3864,4,11,51638.680000,4474.030000,1.359577,4.802511,0.749828,3.499199,1,02/27/2026 01:47:37,25.898,23.131
3865,4,11,51658.680000,4494.030000,1.363744,4.817095,0.749981,3.501335,1,02/27/2026 01:47:57,25.882,23.147
3866,4,11,51678.680000,4514.030000,1.367910,4.831688,0.750134,3.503777,1,02/27/2026 01:48:17,25.849,23.147
3867,4,11,51698.680000,4534.030000,1.372076,4.846292,0.749981,3.506523,1,02/27/2026 01:48:37,25.801,23.163
3868,4,11,51718.680000,4554.030000,1.376242,4.860905,0.749981,3.508659,1,02/27/2026 01:48:57,25.769,23.163
3869,4,11,51738.680000,4574.030000,1.380409,4.875529,0.749828,3.511711,1,02/27/2026 01:49:17,25.753,23.179
3870,4,11,51758.680000,4594.030000,1.384575,4.890163,0.749981,3.513542,1,02/27/2026 01:49:37,25.737,23.179
3871,4,11,51778.680000,4614.030000,1.388741,4.904808,0.749828,3.515984,1,02/27/2026 01:49:57,25.705,23.179
3872,4,11,51798.680000,4634.030000,1.392907,4.919463,0.749981,3.518730,1,02/27/2026 01:50:17,25.656,23.179
3873,4,11,51818.680000,4654.030000,1.397074,4.934130,0.749676,3.521782,1,02/27/2026 01:50:37,25.624,23.179
3874,4,11,51838.680000,4674.030000,1.401240,4.948808,0.749981,3.524529,1,02/27/2026 01:50:57,25.624,23.163
3875,4,11,51858.680000,4694.030000,1.405406,4.963497,0.750134,3.527276,1,02/27/2026 01:51:17,25.576,23.147
3876,4,11,51878.680000,4714.030000,1.409572,4.978200,0.749828,3.530327,1,02/27/2026 01:51:37,25.512,23.131
3877,4,11,51898.680000,4734.030000,1.413738,4.992915,0.749981,3.533379,1,02/27/2026 01:51:57,25.479,23.099
3878,4,11,51918.680000,4754.030000,1.417905,5.007642,0.749828,3.536431,1,02/27/2026 01:52:17,25.447,23.083
3879,4,11,51938.680000,4774.030000,1.422071,5.022383,0.749828,3.539483,1,02/27/2026 01:52:37,25.415,23.051
3880,4,11,51958.680000,4794.030000,1.426237,5.037139,0.749981,3.543145,1,02/27/2026 01:52:57,25.367,23.035
3881,4,11,51978.680000,4814.030000,1.430403,5.051910,0.749828,3.547417,1,02/27/2026 01:53:17,25.335,23.002
3882,4,11,51998.680000,4834.030000,1.434570,5.066698,0.749676,3.551385,1,02/27/2026 01:53:37,25.270,22.986
3883,4,11,52018.680000,4854.030000,1.438736,5.081504,0.749981,3.556268,1,02/27/2026 01:53:57,25.254,22.970
3884,4,11,52038.680000,4874.030000,1.442902,5.096329,0.749981,3.560235,1,02/27/2026 01:54:17,25.222,22.938
3885,4,11,52055.170000,4890.520000,1.446337,5.108568,0.749828,3.565423,5,02/27/2026 01:54:34,25.206,22.938
3886,4,11,52073.480000,4908.830000,1.450151,5.122176,0.749981,3.570306,5,02/27/2026 01:54:52,25.174,22.938
3887,4,11,52089.230000,4924.580000,1.453432,5.133898,0.749981,3.575189,5,02/27/2026 01:55:08,25.190,22.938
3888,4,11,52103.830000,4939.180000,1.456474,5.144779,0.749981,3.580377,5,02/27/2026 01:55:22,25.206,22.938
3889,4,11,52118.040000,4953.390000,1.459434,5.155384,0.749676,3.585260,5,02/27/2026 01:55:37,25.174,22.938
3890,4,11,52130.110000,4965.460000,1.461948,5.164405,0.749828,3.590143,5,02/27/2026 01:55:49,25.174,22.954
3891,4,11,52142.380000,4977.730000,1.464504,5.173587,0.750134,3.595026,5,02/27/2026 01:56:01,25.190,22.970
3892,4,11,52152.470000,4987.820000,1.466606,5.181148,0.749828,3.599908,5,02/27/2026 01:56:11,25.190,22.970
3893,4,11,52163.370000,4998.720000,1.468877,5.189328,0.749828,3.604791,5,02/27/2026 01:56:22,25.222,22.986
3894,4,11,52172.010000,5007.360000,1.470676,5.195820,0.749981,3.609674,5,02/27/2026 01:56:31,25.206,22.986
3895,4,11,52181.280000,5016.630000,1.472608,5.202796,0.749828,3.614862,5,02/27/2026 01:56:40,25.222,22.986
3896,4,11,52189.530000,5024.880000,1.474326,5.209012,0.749981,3.619745,5,02/27/2026 01:56:48,25.222,23.002
3897,4,11,52196.500000,5031.850000,1.475778,5.214272,0.749981,3.624933,5,02/27/2026 01:56:55,25.254,23.002
3898,4,11,52204.110000,5039.460000,1.477363,5.220022,0.749828,3.630121,5,02/27/2026 01:57:03,25.238,23.002
3899,4,11,52210.570000,5045.920000,1.478709,5.224910,0.749981,3.635004,5,02/27/2026 01:57:09,25.238,23.019
3900,4,11,52216.770000,5052.120000,1.480001,5.229608,0.749828,3.640192,5,02/27/2026 01:57:15,25.270,23.019
3901,4,11,52222.440000,5057.790000,1.481182,5.233911,0.750134,3.645075,5,02/27/2026 01:57:21,25.286,23.019
3902,4,11,52227.300000,5062.650000,1.482194,5.237603,0.748913,3.649958,5,02/27/2026 01:57:26,25.270,23.035
3903,4,11,52228.670000,5064.020000,1.482478,5.238638,0.738842,3.650568,4,02/27/2026 01:57:27,25.270,23.035
3904,4,11,52229.750000,5065.100000,1.482698,5.239442,0.728771,3.650263,4,02/27/2026 01:57:28,25.270,23.035
3905,4,11,52231.470000,5066.820000,1.483043,5.240703,0.718700,3.649958,4,02/27/2026 01:57:30,25.270,23.035
3906,4,11,52233.340000,5068.690000,1.483414,5.242056,0.708629,3.650263,4,02/27/2026 01:57:32,25.270,23.035
3907,4,11,52235.430000,5070.780000,1.483823,5.243548,0.698405,3.650263,4,02/27/2026 01:57:34,25.270,23.035
3908,4,11,52237.530000,5072.880000,1.484228,5.245026,0.688334,3.649958,4,02/27/2026 01:57:36,25.270,23.035
3909,4,11,52240.280000,5075.630000,1.484750,5.246932,0.677958,3.650263,4,02/27/2026 01:57:39,25.270,23.035
3910,4,11,52242.560000,5077.910000,1.485176,5.248487,0.667887,3.649958,4,02/27/2026 01:57:41,25.270,23.035
3911,4,11,52244.690000,5080.040000,1.485568,5.249918,0.657816,3.649653,4,02/27/2026 01:57:43,25.286,23.035
3912,4,11,52247.150000,5082.500000,1.486014,5.251547,0.647745,3.649958,4,02/27/2026 01:57:46,25.286,23.051
3913,4,11,52249.560000,5084.910000,1.486444,5.253117,0.637522,3.650263,4,02/27/2026 01:57:48,25.302,23.035
3914,4,11,52251.980000,5087.330000,1.486870,5.254670,0.627451,3.650263,4,02/27/2026 01:57:51,25.318,23.035
3915,4,11,52254.860000,5090.210000,1.487367,5.256486,0.617380,3.649958,4,02/27/2026 01:57:54,25.335,23.051
3916,4,11,52256.960000,5092.310000,1.487724,5.257788,0.607309,3.650263,4,02/27/2026 01:57:56,25.335,23.051
3917,4,11,52259.290000,5094.640000,1.488113,5.259210,0.597238,3.649958,4,02/27/2026 01:57:58,25.318,23.051
3918,4,11,52261.650000,5097.000000,1.488502,5.260629,0.587167,3.650263,4,02/27/2026 01:58:00,25.318,23.051
3919,4,11,52264.150000,5099.500000,1.488907,5.262105,0.577096,3.650263,4,02/27/2026 01:58:03,25.318,23.067
3920,4,11,52266.790000,5102.140000,1.489326,5.263637,0.566720,3.650263,4,02/27/2026 01:58:05,25.302,23.051
3921,4,11,52269.020000,5104.370000,1.489675,5.264909,0.556497,3.650263,4,02/27/2026 01:58:08,25.318,23.051
3922,4,11,52272.030000,5107.380000,1.490136,5.266593,0.546426,3.650263,4,02/27/2026 01:58:11,25.318,23.067
3923,4,11,52274.110000,5109.460000,1.490449,5.267736,0.536355,3.649958,4,02/27/2026 01:58:13,25.318,23.067
3924,4,11,52277.030000,5112.380000,1.490881,5.269311,0.526284,3.650263,4,02/27/2026 01:58:16,25.335,23.067
3925,4,11,52279.880000,5115.230000,1.491293,5.270815,0.516213,3.650263,4,02/27/2026 01:58:19,25.351,23.067
3926,4,11,52281.980000,5117.330000,1.491591,5.271903,0.506142,3.650263,4,02/27/2026 01:58:21,25.335,23.067
3927,4,11,52284.960000,5120.310000,1.492006,5.273418,0.496071,3.650263,4,02/27/2026 01:58:24,25.318,23.067
3928,4,11,52287.480000,5122.830000,1.492350,5.274673,0.486000,3.650263,4,02/27/2026 01:58:26,25.335,23.067
3929,4,11,52290.320000,5125.670000,1.492729,5.276056,0.475929,3.650263,4,02/27/2026 01:58:29,25.335,23.067
3930,4,11,52292.640000,5127.990000,1.493032,5.277164,0.465705,3.649958,4,02/27/2026 01:58:31,25.335,23.067
3931,4,11,52295.490000,5130.840000,1.493398,5.278500,0.455634,3.649958,4,02/27/2026 01:58:34,25.335,23.067
3932,4,11,52298.520000,5133.870000,1.493778,5.279887,0.445411,3.650263,4,02/27/2026 01:58:37,25.335,23.067
3933,4,11,52301.330000,5136.680000,1.494122,5.281141,0.435340,3.650263,4,02/27/2026 01:58:40,25.335,23.083
3934,4,11,52304.270000,5139.620000,1.494474,5.282426,0.425269,3.649958,4,02/27/2026 01:58:43,25.335,23.083
3935,4,11,52307.100000,5142.450000,1.494804,5.283633,0.414893,3.650263,4,02/27/2026 01:58:46,25.318,23.083
3936,4,11,52310.480000,5145.830000,1.495190,5.285039,0.404822,3.650263,4,02/27/2026 01:58:49,25.351,23.083
3937,4,11,52313.350000,5148.700000,1.495509,5.286203,0.394751,3.649958,4,02/27/2026 01:58:52,25.351,23.083
3938,4,11,52316.660000,5152.010000,1.495868,5.287514,0.384375,3.650263,4,02/27/2026 01:58:55,25.335,23.083
3939,4,11,52319.800000,5155.150000,1.496199,5.288723,0.374151,3.649653,4,02/27/2026 01:58:58,25.318,23.083
3940,4,11,52323.380000,5158.730000,1.496567,5.290065,0.364080,3.649653,4,02/27/2026 01:59:02,25.318,23.083
3941,4,11,52326.660000,5162.010000,1.496894,5.291259,0.353857,3.649958,4,02/27/2026 01:59:05,25.318,23.083
3942,4,11,52330.070000,5165.420000,1.497225,5.292467,0.343633,3.649958,4,02/27/2026 01:59:09,25.318,23.099
3943,4,11,52333.600000,5168.950000,1.497558,5.293682,0.333562,3.649958,4,02/27/2026 01:59:12,25.318,23.083
3944,4,11,52337.530000,5172.880000,1.497917,5.294994,0.323491,3.650263,4,02/27/2026 01:59:16,25.318,23.099
3945,4,11,52341.550000,5176.900000,1.498273,5.296294,0.313420,3.650568,4,02/27/2026 01:59:20,25.286,23.099
3946,4,11,52345.570000,5180.920000,1.498618,5.297551,0.303349,3.649958,4,02/27/2026 01:59:24,25.286,23.099
3947,4,11,52348.960000,5184.310000,1.498899,5.298579,0.293278,3.649653,4,02/27/2026 01:59:28,25.286,23.099
3948,4,11,52353.950000,5189.300000,1.499300,5.300041,0.283207,3.649958,4,02/27/2026 01:59:33,25.270,23.099
3949,4,11,52358.060000,5193.410000,1.499618,5.301201,0.273136,3.649958,4,02/27/2026 01:59:37,25.286,23.099
3950,4,11,52362.400000,5197.750000,1.499942,5.302385,0.262913,3.649958,4,02/27/2026 01:59:41,25.286,23.099
3951,4,11,52367.530000,5202.880000,1.500311,5.303731,0.252842,3.649958,4,02/27/2026 01:59:46,25.270,23.099
3952,4,11,52372.840000,5208.190000,1.500677,5.305067,0.242771,3.649958,4,02/27/2026 01:59:51,25.270,23.115
3953,4,11,52377.960000,5213.310000,1.501015,5.306301,0.232547,3.649958,4,02/27/2026 01:59:57,25.286,23.115
3954,4,11,52384.020000,5219.370000,1.501398,5.307700,0.222477,3.650263,4,02/27/2026 02:00:03,25.270,23.115
3955,4,11,52389.220000,5224.570000,1.501712,5.308847,0.212406,3.650263,4,02/27/2026 02:00:08,25.254,23.115
3956,4,11,52396.050000,5231.400000,1.502107,5.310286,0.202335,3.650263,4,02/27/2026 02:00:15,25.238,23.115
3957,4,11,52402.570000,5237.920000,1.502464,5.311591,0.192264,3.649958,4,02/27/2026 02:00:21,25.222,23.099
3958,4,11,52408.820000,5244.170000,1.502790,5.312781,0.182040,3.649653,4,02/27/2026 02:00:27,25.206,23.115
3959,4,11,52416.890000,5252.240000,1.503189,5.314237,0.171969,3.649958,4,02/27/2026 02:00:36,25.190,23.115
3960,4,11,52423.990000,5259.340000,1.503521,5.315448,0.161898,3.649958,4,02/27/2026 02:00:43,25.190,23.115
3961,4,11,52433.690000,5269.040000,1.503947,5.317002,0.151675,3.649653,4,02/27/2026 02:00:52,25.158,23.115
3962,4,11,52444.350000,5279.700000,1.504382,5.318591,0.141604,3.650263,4,02/27/2026 02:01:03,25.125,23.115
3963,4,11,52454.210000,5289.560000,1.504755,5.319954,0.131380,3.649653,4,02/27/2026 02:01:13,25.109,23.099
3964,4,11,52465.270000,5300.620000,1.505146,5.321379,0.121309,3.649958,4,02/27/2026 02:01:24,25.093,23.083
3965,4,11,52478.810000,5314.160000,1.505586,5.322984,0.111238,3.649653,4,02/27/2026 02:01:37,25.045,23.067
3966,4,11,52493.270000,5328.620000,1.506013,5.324546,0.101167,3.649958,4,02/27/2026 02:01:52,24.965,23.035
3967,4,11,52507.740000,5343.090000,1.506403,5.325969,0.091096,3.649958,4,02/27/2026 02:02:06,24.900,23.019
3968,4,11,52527.740000,5363.090000,1.506887,5.327736,0.082246,3.649653,1,02/27/2026 02:02:26,24.852,22.986
3969,4,11,52547.000000,5382.350000,1.507302,5.329248,0.072175,3.649653,4,02/27/2026 02:02:46,24.772,22.954
3970,4,11,52567.000000,5402.350000,1.507685,5.330648,0.065003,3.649958,1,02/27/2026 02:03:06,24.707,22.938
3971,4,11,52587.000000,5422.350000,1.508028,5.331900,0.057984,3.649958,1,02/27/2026 02:03:26,24.643,22.906
3972,4,11,52607.000000,5442.350000,1.508337,5.333027,0.052796,3.649653,1,02/27/2026 02:03:46,24.579,22.906
3973,4,11,52627.010000,5462.360000,1.508615,5.334043,0.047608,3.650263,1,02/27/2026 02:04:06,24.514,22.874
3974,4,11,52647.010000,5482.360000,1.508867,5.334963,0.043793,3.649958,1,02/27/2026 02:04:26,24.450,22.858
3975,4,11,52667.010000,5502.360000,1.509096,5.335799,0.039826,3.649653,1,02/27/2026 02:04:46,24.418,22.858
3976,4,11,52687.010000,5522.360000,1.509306,5.336563,0.035554,3.649958,1,02/27/2026 02:05:06,24.369,22.858
3977,4,11,52707.010000,5542.360000,1.509498,5.337265,0.032807,3.649653,1,02/27/2026 02:05:26,24.353,22.858
3978,4,11,52727.010000,5562.360000,1.509675,5.337910,0.029603,3.649653,1,02/27/2026 02:05:46,24.305,22.874
3979,4,11,52747.010000,5582.360000,1.509838,5.338506,0.028840,3.649348,1,02/27/2026 02:06:06,24.273,22.890
3980,4,11,52767.010000,5602.360000,1.509989,5.339057,0.025940,3.650263,1,02/27/2026 02:06:26,24.241,22.890
3981,4,11,52787.010000,5622.360000,1.510129,5.339569,0.024262,3.649653,1,02/27/2026 02:06:46,24.209,22.906
3982,4,11,52807.010000,5642.360000,1.510260,5.340045,0.023346,3.650263,1,02/27/2026 02:07:06,24.192,22.922
3983,4,11,52827.010000,5662.360000,1.510381,5.340487,0.021057,3.650263,1,02/27/2026 02:07:26,24.160,22.922
3984,4,11,52847.010000,5682.360000,1.510494,5.340901,0.020142,3.649958,1,02/27/2026 02:07:46,24.144,22.938
3985,4,11,52867.010000,5702.360000,1.510601,5.341291,0.018463,3.649958,1,02/27/2026 02:08:06,24.128,22.954
3986,4,11,52887.010000,5722.360000,1.510702,5.341658,0.017243,3.649958,1,02/27/2026 02:08:26,24.112,22.954
3987,4,11,52906.620000,5741.970000,1.510794,5.341995,0.014801,3.649653,132,02/27/2026 02:08:45,24.096,22.970
3988,4,12,52906.630000,0.010000,0.000000,0.000000,0.000000,3.649042,0,02/27/2026 02:08:45,24.096,22.970
3989,4,12,52912.550000,5.930000,0.000000,0.000000,0.000000,3.644160,5,02/27/2026 02:08:51,24.080,22.970
3990,4,12,52920.120000,13.500000,0.000000,0.000000,0.000000,3.639277,5,02/27/2026 02:08:59,24.080,22.970
3991,4,12,52929.050000,22.430000,0.000000,0.000000,0.000000,3.634394,5,02/27/2026 02:09:08,24.080,22.986
3992,4,12,52937.920000,31.300000,0.000000,0.000000,0.000000,3.629511,5,02/27/2026 02:09:17,24.080,22.986
3993,4,12,52948.410000,41.790000,0.000000,0.000000,0.000000,3.624628,5,02/27/2026 02:09:27,24.064,22.986
3994,4,12,52959.390000,52.770000,0.000000,0.000000,0.000000,3.619745,5,02/27/2026 02:09:38,24.048,22.986
3995,4,12,52971.650000,65.030000,0.000000,0.000000,0.000000,3.614862,5,02/27/2026 02:09:50,24.048,23.002
3996,4,12,52984.670000,78.050000,0.000000,0.000000,0.000000,3.609979,5,02/27/2026 02:10:03,24.032,23.019
3997,4,12,52998.110000,91.490000,0.000000,0.000000,0.000000,3.605097,5,02/27/2026 02:10:17,24.016,23.019
3998,4,12,53014.320000,107.700000,0.000000,0.000000,0.000000,3.600214,5,02/27/2026 02:10:33,23.999,23.035
3999,4,12,53030.490000,123.870000,0.000000,0.000000,0.000000,3.595331,5,02/27/2026 02:10:49,23.983,23.035
4000,4,12,53048.890000,142.270000,0.000000,0.000000,0.000000,3.590448,5,02/27/2026 02:11:08,23.951,23.035
4001,4,12,53067.710000,161.090000,0.000000,0.000000,0.000000,3.585565,5,02/27/2026 02:11:26,23.935,23.019
4002,4,12,53087.710000,181.090000,0.000000,0.000000,0.000000,3.581598,1,02/27/2026 02:11:46,23.903,23.019
4003,4,12,53107.410000,200.790000,0.000000,0.000000,0.000000,3.576715,5,02/27/2026 02:12:06,23.871,23.002
4004,4,12,53127.410000,220.790000,0.000000,0.000000,0.000000,3.573053,1,02/27/2026 02:12:26,23.839,22.986
4005,4,12,53147.410000,240.790000,0.000000,0.000000,0.000000,3.569390,1,02/27/2026 02:12:46,23.806,22.970
4006,4,12,53167.410000,260.790000,0.000000,0.000000,0.000000,3.565118,1,02/27/2026 02:13:06,23.758,22.954
4007,4,12,53187.410000,280.790000,0.000000,0.000000,0.000000,3.561761,1,02/27/2026 02:13:26,23.726,22.954
4008,4,12,53207.410000,300.790000,0.000000,0.000000,0.000000,3.558709,1,02/27/2026 02:13:46,23.678,22.938
4009,4,12,53227.410000,320.790000,0.000000,0.000000,0.000000,3.555962,1,02/27/2026 02:14:06,23.646,22.938
4010,4,12,53247.410000,340.790000,0.000000,0.000000,0.000000,3.552911,1,02/27/2026 02:14:26,23.613,22.906
4011,4,12,53267.410000,360.790000,0.000000,0.000000,0.000000,3.550469,1,02/27/2026 02:14:46,23.565,22.890
4012,4,12,53287.410000,380.790000,0.000000,0.000000,0.000000,3.548028,1,02/27/2026 02:15:06,23.517,22.842
4013,4,12,53307.410000,400.790000,0.000000,0.000000,0.000000,3.544976,1,02/27/2026 02:15:26,23.469,22.826
4014,4,12,53327.410000,420.790000,0.000000,0.000000,0.000000,3.543450,1,02/27/2026 02:15:46,23.453,22.809
4015,4,12,53347.410000,440.790000,0.000000,0.000000,0.000000,3.540703,1,02/27/2026 02:16:06,23.436,22.809
4016,4,12,53367.410000,460.790000,0.000000,0.000000,0.000000,3.538872,1,02/27/2026 02:16:26,23.436,22.826
4017,4,12,53387.410000,480.790000,0.000000,0.000000,0.000000,3.536736,1,02/27/2026 02:16:46,23.436,22.842
4018,4,12,53407.410000,500.790000,0.000000,0.000000,0.000000,3.534905,1,02/27/2026 02:17:06,23.436,22.858
4019,4,12,53427.410000,520.790000,0.000000,0.000000,0.000000,3.533074,1,02/27/2026 02:17:26,23.436,22.874
4020,4,12,53447.410000,540.790000,0.000000,0.000000,0.000000,3.531548,1,02/27/2026 02:17:46,23.436,22.906
4021,4,12,53467.410000,560.790000,0.000000,0.000000,0.000000,3.529717,1,02/27/2026 02:18:06,23.453,22.938
4022,4,12,53487.410000,580.790000,0.000000,0.000000,0.000000,3.528496,1,02/27/2026 02:18:26,23.453,22.970
4023,4,12,53507.410000,600.790000,0.000000,0.000000,0.000000,3.526360,1,02/27/2026 02:18:46,23.453,22.986
4024,4,12,53527.410000,620.790000,0.000000,0.000000,0.000000,3.524834,1,02/27/2026 02:19:06,23.453,22.986
4025,4,12,53547.410000,640.790000,0.000000,0.000000,0.000000,3.523308,1,02/27/2026 02:19:26,23.469,23.002
4026,4,12,53567.410000,660.790000,0.000000,0.000000,0.000000,3.522087,1,02/27/2026 02:19:46,23.453,23.019
4027,4,12,53587.410000,680.790000,0.000000,0.000000,0.000000,3.520562,1,02/27/2026 02:20:06,23.453,23.019
4028,4,12,53607.410000,700.790000,0.000000,0.000000,0.000000,3.519036,1,02/27/2026 02:20:26,23.469,23.019
4029,4,12,53627.410000,720.790000,0.000000,0.000000,0.000000,3.518120,1,02/27/2026 02:20:46,23.469,23.035
4030,4,12,53647.410000,740.790000,0.000000,0.000000,0.000000,3.516594,1,02/27/2026 02:21:06,23.469,23.051
4031,4,12,53667.410000,760.790000,0.000000,0.000000,0.000000,3.515373,1,02/27/2026 02:21:26,23.469,23.051
4032,4,12,53687.410000,780.790000,0.000000,0.000000,0.000000,3.514153,1,02/27/2026 02:21:46,23.469,23.067
4033,4,12,53707.410000,800.790000,0.000000,0.000000,0.000000,3.512932,1,02/27/2026 02:22:06,23.469,23.083
4034,4,12,53727.410000,820.790000,0.000000,0.000000,0.000000,3.512016,1,02/27/2026 02:22:26,23.469,23.099
4035,4,12,53747.410000,840.790000,0.000000,0.000000,0.000000,3.511101,1,02/27/2026 02:22:46,23.469,23.115
4036,4,12,53767.410000,860.790000,0.000000,0.000000,0.000000,3.509270,1,02/27/2026 02:23:06,23.469,23.131
4037,4,12,53787.410000,880.790000,0.000000,0.000000,0.000000,3.508354,1,02/27/2026 02:23:26,23.453,23.115
4038,4,12,53807.410000,900.790000,0.000000,0.000000,0.000000,3.507439,1,02/27/2026 02:23:46,23.436,23.099
4039,4,12,53827.410000,920.790000,0.000000,0.000000,0.000000,3.506523,1,02/27/2026 02:24:06,23.388,23.083
4040,4,12,53847.410000,940.790000,0.000000,0.000000,0.000000,3.505608,1,02/27/2026 02:24:26,23.372,23.051
4041,4,12,53867.410000,960.790000,0.000000,0.000000,0.000000,3.504082,1,02/27/2026 02:24:46,23.340,23.019
4042,4,12,53887.410000,980.790000,0.000000,0.000000,0.000000,3.503777,1,02/27/2026 02:25:06,23.324,22.986
4043,4,12,53907.410000,1000.790000,0.000000,0.000000,0.000000,3.502556,1,02/27/2026 02:25:26,23.292,22.970
4044,4,12,53927.410000,1020.790000,0.000000,0.000000,0.000000,3.501335,1,02/27/2026 02:25:46,23.276,22.970
4045,4,12,53947.410000,1040.790000,0.000000,0.000000,0.000000,3.500420,1,02/27/2026 02:26:06,23.243,22.954
4046,4,12,53967.410000,1060.790000,0.000000,0.000000,0.000000,3.499504,1,02/27/2026 02:26:26,23.227,22.938
4047,4,12,53987.410000,1080.790000,0.000000,0.000000,0.000000,3.498589,1,02/27/2026 02:26:46,23.211,22.938
4048,4,12,54007.410000,1100.790000,0.000000,0.000000,0.000000,3.498283,1,02/27/2026 02:27:06,23.195,22.938
4049,4,12,54027.410000,1120.790000,0.000000,0.000000,0.000000,3.497368,1,02/27/2026 02:27:26,23.195,22.954
4050,4,12,54047.410000,1140.790000,0.000000,0.000000,0.000000,3.496757,1,02/27/2026 02:27:46,23.195,22.954
4051,4,12,54067.410000,1160.790000,0.000000,0.000000,0.000000,3.495842,1,02/27/2026 02:28:06,23.195,22.954
4052,4,12,54087.410000,1180.790000,0.000000,0.000000,0.000000,3.495232,1,02/27/2026 02:28:26,23.195,22.970
4053,4,12,54107.410000,1200.790000,0.000000,0.000000,0.000000,3.494621,1,02/27/2026 02:28:46,23.211,22.970
4054,4,12,54127.410000,1220.790000,0.000000,0.000000,0.000000,3.493400,1,02/27/2026 02:29:06,23.211,22.986
4055,4,12,54147.410000,1240.790000,0.000000,0.000000,0.000000,3.492790,1,02/27/2026 02:29:26,23.227,23.002
4056,4,12,54167.410000,1260.790000,0.000000,0.000000,0.000000,3.492180,1,02/27/2026 02:29:46,23.243,23.019
4057,4,12,54187.410000,1280.790000,0.000000,0.000000,0.000000,3.491569,1,02/27/2026 02:30:06,23.259,23.035
4058,4,12,54207.410000,1300.790000,0.000000,0.000000,0.000000,3.490654,1,02/27/2026 02:30:26,23.292,23.051
4059,4,12,54227.410000,1320.790000,0.000000,0.000000,0.000000,3.490654,1,02/27/2026 02:30:46,23.292,23.067
4060,4,12,54247.410000,1340.790000,0.000000,0.000000,0.000000,3.489738,1,02/27/2026 02:31:06,23.308,23.083
4061,4,12,54267.410000,1360.790000,0.000000,0.000000,0.000000,3.488823,1,02/27/2026 02:31:26,23.324,23.099
4062,4,12,54287.410000,1380.790000,0.000000,0.000000,0.000000,3.488518,1,02/27/2026 02:31:46,23.324,23.099
4063,4,12,54307.410000,1400.790000,0.000000,0.000000,0.000000,3.488212,1,02/27/2026 02:32:06,23.340,23.115
4064,4,12,54327.410000,1420.790000,0.000000,0.000000,0.000000,3.487602,1,02/27/2026 02:32:26,23.340,23.115
4065,4,12,54347.410000,1440.790000,0.000000,0.000000,0.000000,3.486992,1,02/27/2026 02:32:46,23.356,23.131
4066,4,12,54367.410000,1460.790000,0.000000,0.000000,0.000000,3.486381,1,02/27/2026 02:33:06,23.372,23.147
4067,4,12,54387.410000,1480.790000,0.000000,0.000000,0.000000,3.485771,1,02/27/2026 02:33:26,23.356,23.147
4068,4,12,54407.410000,1500.790000,0.000000,0.000000,0.000000,3.485161,1,02/27/2026 02:33:46,23.356,23.147
4069,4,12,54427.410000,1520.790000,0.000000,0.000000,0.000000,3.484550,1,02/27/2026 02:34:06,23.356,23.131
4070,4,12,54447.410000,1540.790000,0.000000,0.000000,0.000000,3.483940,1,02/27/2026 02:34:26,23.356,23.147
4071,4,12,54467.410000,1560.790000,0.000000,0.000000,0.000000,3.483330,1,02/27/2026 02:34:46,23.356,23.131
4072,4,12,54487.410000,1580.790000,0.000000,0.000000,0.000000,3.483024,1,02/27/2026 02:35:06,23.340,23.131
4073,4,12,54507.410000,1600.790000,0.000000,0.000000,0.000000,3.482414,1,02/27/2026 02:35:26,23.324,23.115
4074,4,12,54527.410000,1620.790000,0.000000,0.000000,0.000000,3.481804,1,02/27/2026 02:35:46,23.324,23.099
4075,4,12,54547.410000,1640.790000,0.000000,0.000000,0.000000,3.481498,1,02/27/2026 02:36:06,23.292,23.083
4076,4,12,54567.410000,1660.790000,0.000000,0.000000,0.000000,3.480888,1,02/27/2026 02:36:26,23.276,23.051
4077,4,12,54587.410000,1680.790000,0.000000,0.000000,0.000000,3.479973,1,02/27/2026 02:36:46,23.243,23.051
4078,4,12,54607.410000,1700.790000,0.000000,0.000000,0.000000,3.479973,1,02/27/2026 02:37:06,23.211,23.019
4079,4,12,54627.410000,1720.790000,0.000000,0.000000,0.000000,3.479362,1,02/27/2026 02:37:26,23.179,22.986
4080,4,12,54647.410000,1740.790000,0.000000,0.000000,0.000000,3.478752,1,02/27/2026 02:37:46,23.147,22.954
4081,4,12,54667.410000,1760.790000,0.000000,0.000000,0.000000,3.478141,1,02/27/2026 02:38:06,23.115,22.922
4082,4,12,54687.410000,1780.790000,0.000000,0.000000,0.000000,3.477836,1,02/27/2026 02:38:26,23.083,22.906
4083,4,12,54706.620000,1800.000000,0.000000,0.000000,0.000000,3.477531,129,02/27/2026 02:38:45,23.066,22.874
4084,5,5,54706.660000,0.040000,0.000041,0.000131,-3.751278,3.211719,0,02/27/2026 02:38:46,23.066,22.874
4085,5,5,54706.820000,0.200000,0.000207,0.000663,-3.749905,3.185779,5,02/27/2026 02:38:46,23.066,22.890
4086,5,5,54706.940000,0.320000,0.000332,0.001060,-3.750057,3.170520,5,02/27/2026 02:38:46,23.066,22.890
4087,5,5,54707.060000,0.440000,0.000457,0.001456,-3.749905,3.158007,5,02/27/2026 02:38:46,23.066,22.874
4088,5,5,54707.190000,0.570000,0.000593,0.001882,-3.749905,3.146105,5,02/27/2026 02:38:46,23.066,22.874
4089,5,5,54707.340000,0.720000,0.000749,0.002373,-3.749752,3.134813,5,02/27/2026 02:38:46,23.066,22.874
4090,5,5,54707.500000,0.880000,0.000916,0.002894,-3.750057,3.124437,5,02/27/2026 02:38:47,23.066,22.874
4091,5,5,54707.670000,1.050000,0.001093,0.003446,-3.750057,3.115282,5,02/27/2026 02:38:47,23.066,22.874
4092,5,5,54707.840000,1.220000,0.001270,0.003997,-3.750057,3.106737,5,02/27/2026 02:38:47,23.066,22.874
4093,5,5,54708.040000,1.420000,0.001478,0.004643,-3.749752,3.098192,5,02/27/2026 02:38:47,23.066,22.874
4094,5,5,54708.260000,1.640000,0.001707,0.005352,-3.750210,3.090562,5,02/27/2026 02:38:47,23.066,22.874
4095,5,5,54708.490000,1.870000,0.001947,0.006092,-3.749752,3.083238,5,02/27/2026 02:38:48,23.066,22.874
4096,5,5,54708.730000,2.110000,0.002197,0.006861,-3.750057,3.076524,5,02/27/2026 02:38:48,23.066,22.874
4097,5,5,54708.990000,2.370000,0.002468,0.007694,-3.750057,3.070115,5,02/27/2026 02:38:48,23.066,22.874
4098,5,5,54709.300000,2.680000,0.002791,0.008684,-3.750210,3.063401,5,02/27/2026 02:38:48,23.066,22.874
4099,5,5,54709.650000,3.030000,0.003155,0.009800,-3.749905,3.057603,5,02/27/2026 02:38:49,23.066,22.874
4100,5,5,54710.010000,3.390000,0.003530,0.010945,-3.750057,3.051194,5,02/27/2026 02:38:49,23.066,22.874
4101,5,5,54710.440000,3.820000,0.003978,0.012310,-3.749905,3.045701,5,02/27/2026 02:38:50,23.066,22.890
4102,5,5,54710.930000,4.310000,0.004489,0.013863,-3.750057,3.039902,5,02/27/2026 02:38:50,23.066,22.874
4103,5,5,54711.510000,4.890000,0.005093,0.015698,-3.749905,3.034409,5,02/27/2026 02:38:51,23.050,22.874
4104,5,5,54712.210000,5.590000,0.005822,0.017909,-3.750057,3.028916,5,02/27/2026 02:38:51,23.066,22.874
4105,5,5,54713.080000,6.460000,0.006728,0.020651,-3.750057,3.023728,5,02/27/2026 02:38:52,23.066,22.874
4106,5,5,54714.090000,7.470000,0.007780,0.023830,-3.749905,3.018845,5,02/27/2026 02:38:53,23.066,22.874
4107,5,5,54715.370000,8.750000,0.009114,0.027851,-3.749905,3.013962,5,02/27/2026 02:38:54,23.083,22.874
4108,5,5,54716.930000,10.310000,0.010739,0.032744,-3.749905,3.008774,5,02/27/2026 02:38:56,23.083,22.874
4109,5,5,54719.000000,12.380000,0.012895,0.039227,-3.750057,3.003586,5,02/27/2026 02:38:58,23.083,22.858
4110,5,5,54721.530000,14.910000,0.015530,0.047136,-3.749905,2.998703,5,02/27/2026 02:39:01,23.099,22.874
4111,5,5,54724.620000,18.000000,0.018749,0.056780,-3.750057,2.993515,5,02/27/2026 02:39:04,23.131,22.874
4112,5,5,54728.670000,22.050000,0.022968,0.069399,-3.750057,2.988632,5,02/27/2026 02:39:08,23.179,22.858
4113,5,5,54733.210000,26.590000,0.027697,0.083521,-3.750057,2.983749,5,02/27/2026 02:39:12,23.243,22.858
4114,5,5,54739.770000,33.150000,0.034530,0.103893,-3.749905,2.978561,5,02/27/2026 02:39:19,23.356,22.858
4115,5,5,54749.030000,42.410000,0.044176,0.132600,-3.749905,2.973678,5,02/27/2026 02:39:28,23.517,22.858
4116,5,5,54764.780000,58.160000,0.060582,0.181348,-3.750057,2.968490,5,02/27/2026 02:39:44,23.823,22.858
4117,5,5,54784.780000,78.160000,0.081416,0.243171,-3.749905,2.966354,1,02/27/2026 02:40:04,24.209,22.842
4118,5,5,54804.780000,98.160000,0.102249,0.304964,-3.750057,2.965743,1,02/27/2026 02:40:24,24.611,22.842
4119,5,5,54824.780000,118.160000,0.123082,0.366750,-3.750057,2.965743,1,02/27/2026 02:40:44,25.013,22.842
4120,5,5,54844.780000,138.160000,0.143916,0.428544,-3.750057,2.966354,1,02/27/2026 02:41:04,25.367,22.842
4121,5,5,54864.780000,158.160000,0.164749,0.490351,-3.749905,2.966964,1,02/27/2026 02:41:24,25.737,22.842
4122,5,5,54884.780000,178.160000,0.185582,0.552174,-3.750057,2.968185,1,02/27/2026 02:41:44,26.058,22.842
4123,5,5,54904.780000,198.160000,0.206416,0.614015,-3.750057,2.968490,1,02/27/2026 02:42:04,26.364,22.842
4124,5,5,54924.780000,218.160000,0.227249,0.675876,-3.750057,2.969711,1,02/27/2026 02:42:24,26.718,22.842
4125,5,5,54944.780000,238.160000,0.248082,0.737756,-3.750057,2.970016,1,02/27/2026 02:42:44,26.975,22.842
4126,5,5,54964.780000,258.160000,0.268916,0.799653,-3.750057,2.971237,1,02/27/2026 02:43:04,27.281,22.858
4127,5,5,54984.780000,278.160000,0.289749,0.861563,-3.750057,2.971847,1,02/27/2026 02:43:24,27.554,22.858
4128,5,5,55004.780000,298.160000,0.310582,0.923482,-3.750057,2.972152,1,02/27/2026 02:43:44,27.876,22.858
4129,5,5,55024.780000,318.160000,0.331416,0.985408,-3.750057,2.972152,1,02/27/2026 02:44:04,28.134,22.858
4130,5,5,55044.780000,338.160000,0.352249,1.047338,-3.750210,2.972457,1,02/27/2026 02:44:24,28.359,22.858
4131,5,5,55064.780000,358.160000,0.373082,1.109270,-3.749752,2.972763,1,02/27/2026 02:44:44,28.680,22.858
4132,5,5,55084.780000,378.160000,0.393916,1.171202,-3.749905,2.972457,1,02/27/2026 02:45:04,28.825,22.858
4133,5,5,55104.780000,398.160000,0.414749,1.233131,-3.750057,2.972152,1,02/27/2026 02:45:24,29.067,22.874
4134,5,5,55124.780000,418.160000,0.435582,1.295056,-3.749905,2.972152,1,02/27/2026 02:45:44,29.243,22.874
4135,5,5,55144.780000,438.160000,0.456416,1.356973,-3.750210,2.971847,1,02/27/2026 02:46:04,29.436,22.874
4136,5,5,55164.780000,458.160000,0.477249,1.418884,-3.750057,2.971237,1,02/27/2026 02:46:24,29.662,22.890
4137,5,5,55184.780000,478.160000,0.498082,1.480780,-3.750057,2.970626,1,02/27/2026 02:46:44,29.823,22.906
4138,5,5,55204.780000,498.160000,0.518916,1.542659,-3.750057,2.969711,1,02/27/2026 02:47:04,30.047,22.906
4139,5,5,55224.780000,518.160000,0.539749,1.604521,-3.749905,2.969100,1,02/27/2026 02:47:24,30.188,22.922
4140,5,5,55244.780000,538.160000,0.560582,1.666366,-3.749905,2.967880,1,02/27/2026 02:47:44,30.376,22.938
4141,5,5,55264.780000,558.160000,0.581416,1.728194,-3.750057,2.966964,1,02/27/2026 02:48:04,30.612,22.954
4142,5,5,55284.780000,578.160000,0.602249,1.790003,-3.750057,2.966354,1,02/27/2026 02:48:24,30.706,22.970
4143,5,5,55304.780000,598.160000,0.623082,1.851792,-3.749905,2.965133,1,02/27/2026 02:48:44,30.910,23.002
4144,5,5,55324.780000,618.160000,0.643916,1.913558,-3.749905,2.964218,1,02/27/2026 02:49:04,31.051,23.035
4145,5,5,55344.780000,638.160000,0.664749,1.975300,-3.750057,2.962692,1,02/27/2026 02:49:24,31.255,23.051
4146,5,5,55364.780000,658.160000,0.685582,2.037016,-3.749905,2.962081,1,02/27/2026 02:49:44,31.381,23.083
4147,5,5,55384.780000,678.160000,0.706416,2.098698,-3.750057,2.959945,1,02/27/2026 02:50:04,31.507,23.099
4148,5,5,55404.780000,698.160000,0.727249,2.160348,-3.750057,2.958419,1,02/27/2026 02:50:24,31.648,23.131
4149,5,5,55424.780000,718.160000,0.748082,2.221967,-3.750057,2.957198,1,02/27/2026 02:50:44,31.726,23.163
4150,5,5,55444.780000,738.160000,0.768916,2.283553,-3.750057,2.955367,1,02/27/2026 02:51:04,31.899,23.195
4151,5,5,55464.780000,758.160000,0.789749,2.345101,-3.750057,2.953536,1,02/27/2026 02:51:24,32.072,23.212
4152,5,5,55484.780000,778.160000,0.810582,2.406610,-3.750057,2.951400,1,02/27/2026 02:51:44,32.182,23.228
4153,5,5,55504.780000,798.160000,0.831416,2.468075,-3.750057,2.949264,1,02/27/2026 02:52:04,32.276,23.244
4154,5,5,55524.780000,818.160000,0.852249,2.529497,-3.750057,2.947127,1,02/27/2026 02:52:24,32.417,23.260
4155,5,5,55544.780000,838.160000,0.873082,2.590877,-3.749905,2.945296,1,02/27/2026 02:52:44,32.527,23.276
4156,5,5,55564.780000,858.160000,0.893916,2.652208,-3.750057,2.942550,1,02/27/2026 02:53:04,32.731,23.276
4157,5,5,55584.780000,878.160000,0.914749,2.713491,-3.749905,2.940108,1,02/27/2026 02:53:24,32.810,23.276
4158,5,5,55604.780000,898.160000,0.935582,2.774724,-3.750057,2.937362,1,02/27/2026 02:53:44,32.810,23.276
4159,5,5,55624.780000,918.160000,0.956416,2.835904,-3.750057,2.934920,1,02/27/2026 02:54:04,32.967,23.276
4160,5,5,55644.780000,938.160000,0.977249,2.897025,-3.749905,2.932479,1,02/27/2026 02:54:24,33.092,23.276
4161,5,5,55664.780000,958.160000,0.998082,2.958089,-3.750057,2.929427,1,02/27/2026 02:54:44,33.171,23.276
4162,5,5,55684.780000,978.160000,1.018916,3.019089,-3.750210,2.926070,1,02/27/2026 02:55:04,33.234,23.276
4163,5,5,55704.780000,998.160000,1.039749,3.080022,-3.750057,2.923323,1,02/27/2026 02:55:24,33.312,23.276
4164,5,5,55724.780000,1018.160000,1.060582,3.140886,-3.750057,2.919661,1,02/27/2026 02:55:44,33.375,23.276
4165,5,5,55744.780000,1038.160000,1.081416,3.201671,-3.750057,2.915694,1,02/27/2026 02:56:04,33.579,23.276
4166,5,5,55764.780000,1058.160000,1.102249,3.262376,-3.750210,2.911727,1,02/27/2026 02:56:24,33.657,23.292
4167,5,5,55784.780000,1078.160000,1.123082,3.322990,-3.750057,2.907149,1,02/27/2026 02:56:44,33.783,23.292
4168,5,5,55804.780000,1098.160000,1.143916,3.383511,-3.750057,2.902571,1,02/27/2026 02:57:04,33.814,23.292
4169,5,5,55822.500000,1115.880000,1.162374,3.437045,-3.749905,2.897688,5,02/27/2026 02:57:22,33.877,23.292
4170,5,5,55838.980000,1132.360000,1.179541,3.486752,-3.750057,2.892805,5,02/27/2026 02:57:38,33.956,23.292
4171,5,5,55854.390000,1147.770000,1.195593,3.533153,-3.750057,2.887922,5,02/27/2026 02:57:53,34.050,23.292
4172,5,5,55868.420000,1161.800000,1.210207,3.575329,-3.750057,2.883040,5,02/27/2026 02:58:08,34.176,23.292
4173,5,5,55882.360000,1175.740000,1.224728,3.617161,-3.749905,2.878157,5,02/27/2026 02:58:21,34.238,23.292
4174,5,5,55893.860000,1187.240000,1.236707,3.651612,-3.750057,2.872969,5,02/27/2026 02:58:33,34.254,23.276
4175,5,5,55905.880000,1199.260000,1.249228,3.687559,-3.749752,2.868086,5,02/27/2026 02:58:45,34.364,23.276
4176,5,5,55915.980000,1209.360000,1.259749,3.717710,-3.750057,2.863203,5,02/27/2026 02:58:55,34.474,23.276
4177,5,5,55925.460000,1218.840000,1.269624,3.745963,-3.750057,2.858015,5,02/27/2026 02:59:05,34.458,23.292
4178,5,5,55935.580000,1228.960000,1.280166,3.776069,-3.750057,2.853132,5,02/27/2026 02:59:15,34.442,23.276
4179,5,5,55943.520000,1236.900000,1.288436,3.799648,-3.749905,2.848249,5,02/27/2026 02:59:23,34.615,23.292
4180,5,5,55951.710000,1245.090000,1.296968,3.823928,-3.750210,2.843366,5,02/27/2026 02:59:31,34.662,23.292
4181,5,5,55959.000000,1252.380000,1.304561,3.845502,-3.749752,2.838483,5,02/27/2026 02:59:38,34.835,23.292
4182,5,5,55966.210000,1259.590000,1.312072,3.866803,-3.750057,2.833600,5,02/27/2026 02:59:45,34.803,23.292
4183,5,5,55972.660000,1266.040000,1.318791,3.885825,-3.750057,2.828412,5,02/27/2026 02:59:52,34.866,23.276
4184,5,5,55979.260000,1272.640000,1.325666,3.905256,-3.749905,2.823529,5,02/27/2026 02:59:58,34.898,23.292
4185,5,5,55985.290000,1278.670000,1.331947,3.922976,-3.750057,2.818647,5,02/27/2026 03:00:04,34.929,23.276
4186,5,5,55990.890000,1284.270000,1.337780,3.939405,-3.750057,2.813458,5,02/27/2026 03:00:10,35.023,23.292
4187,5,5,55996.510000,1289.890000,1.343634,3.955863,-3.750210,2.808270,5,02/27/2026 03:00:16,35.055,23.292
4188,5,5,56001.980000,1295.360000,1.349332,3.971852,-3.750057,2.803388,5,02/27/2026 03:00:21,35.086,23.276
4189,5,5,56006.930000,1300.310000,1.354489,3.986295,-3.750362,2.798505,5,02/27/2026 03:00:26,35.180,23.276
4190,5,5,56011.780000,1305.160000,1.359541,4.000421,-3.750057,2.793317,5,02/27/2026 03:00:31,35.149,23.292
4191,5,5,56016.350000,1309.730000,1.364301,4.013708,-3.750210,2.788128,5,02/27/2026 03:00:35,35.227,23.292
4192,5,5,56021.040000,1314.420000,1.369186,4.027317,-3.750057,2.782940,5,02/27/2026 03:00:40,35.227,23.292
4193,5,5,56025.250000,1318.630000,1.373572,4.039512,-3.749905,2.777752,5,02/27/2026 03:00:44,35.259,23.292
4194,5,5,56029.610000,1322.990000,1.378114,4.052118,-3.749905,2.772869,5,02/27/2026 03:00:49,35.322,23.276
4195,5,5,56033.540000,1326.920000,1.382207,4.063459,-3.749905,2.767681,5,02/27/2026 03:00:53,35.384,23.292
4196,5,5,56037.540000,1330.920000,1.386374,4.074982,-3.749752,2.762799,5,02/27/2026 03:00:57,35.431,23.276
4197,5,5,56041.330000,1334.710000,1.390322,4.085880,-3.750210,2.757916,5,02/27/2026 03:01:00,35.494,23.292
4198,5,5,56044.720000,1338.100000,1.393853,4.095610,-3.749905,2.752728,5,02/27/2026 03:01:04,35.510,23.292
4199,5,5,56048.340000,1341.720000,1.397624,4.105982,-3.749905,2.747845,5,02/27/2026 03:01:07,35.494,23.292
4200,5,5,56051.710000,1345.090000,1.401134,4.115620,-3.750057,2.742962,5,02/27/2026 03:01:11,35.573,23.292
4201,5,5,56054.960000,1348.340000,1.404520,4.124898,-3.750210,2.737774,5,02/27/2026 03:01:14,35.667,23.292
4202,5,5,56058.300000,1351.680000,1.407999,4.134415,-3.750057,2.732891,5,02/27/2026 03:01:17,35.698,23.292
4203,5,5,56061.510000,1354.890000,1.411343,4.143546,-3.749905,2.727398,5,02/27/2026 03:01:21,35.824,23.292
4204,5,5,56064.890000,1358.270000,1.414864,4.153141,-3.750210,2.722210,5,02/27/2026 03:01:24,35.902,23.292
4205,5,5,56068.000000,1361.380000,1.418103,4.161952,-3.750057,2.717327,5,02/27/2026 03:01:27,35.887,23.292
4206,5,5,56070.890000,1364.270000,1.421114,4.170126,-3.750210,2.712444,5,02/27/2026 03:01:30,35.887,23.292
4207,5,5,56073.690000,1367.070000,1.424030,4.178030,-3.750057,2.707256,5,02/27/2026 03:01:33,35.918,23.308
4208,5,5,56076.420000,1369.800000,1.426874,4.185722,-3.749752,2.702373,5,02/27/2026 03:01:36,35.918,23.308
4209,5,5,56079.090000,1372.470000,1.429655,4.193231,-3.750057,2.697185,5,02/27/2026 03:01:38,35.950,23.308
4210,5,5,56081.890000,1375.270000,1.432572,4.201091,-3.749905,2.691997,5,02/27/2026 03:01:41,36.012,23.308
4211,5,5,56084.660000,1378.040000,1.435457,4.208852,-3.749905,2.686809,5,02/27/2026 03:01:44,36.107,23.308
4212,5,5,56087.420000,1380.800000,1.438332,4.216570,-3.749905,2.681621,5,02/27/2026 03:01:47,36.216,23.308
4213,5,5,56089.780000,1383.160000,1.440791,4.223157,-3.749905,2.676738,5,02/27/2026 03:01:49,36.232,23.308
4214,5,5,56092.440000,1385.820000,1.443561,4.230567,-3.750057,2.671550,5,02/27/2026 03:01:52,36.264,23.308
4215,5,5,56094.740000,1388.120000,1.445957,4.236961,-3.749905,2.666361,5,02/27/2026 03:01:54,36.342,23.324
4216,5,5,56097.210000,1390.590000,1.448530,4.243816,-3.750210,2.661173,5,02/27/2026 03:01:56,36.373,23.324
4217,5,5,56099.680000,1393.060000,1.451103,4.250657,-3.749905,2.656291,5,02/27/2026 03:01:59,36.405,23.324
4218,5,5,56101.740000,1395.120000,1.453249,4.256352,-3.749752,2.651408,5,02/27/2026 03:02:01,36.468,23.308
4219,5,5,56104.000000,1397.380000,1.455603,4.262588,-3.750057,2.646525,5,02/27/2026 03:02:03,36.515,23.308
4220,5,5,56106.130000,1399.510000,1.457822,4.268454,-3.749905,2.641337,5,02/27/2026 03:02:05,36.562,23.308
4221,5,5,56108.350000,1401.730000,1.460134,4.274557,-3.749905,2.636454,5,02/27/2026 03:02:07,36.578,23.308
4222,5,5,56110.480000,1403.860000,1.462353,4.280401,-3.750057,2.631266,5,02/27/2026 03:02:10,36.562,23.324
4223,5,5,56112.540000,1405.920000,1.464499,4.286043,-3.749905,2.626383,5,02/27/2026 03:02:12,36.546,23.324
4224,5,5,56114.490000,1407.870000,1.466530,4.291372,-3.750057,2.621500,5,02/27/2026 03:02:14,36.530,23.324
4225,5,5,56116.400000,1409.780000,1.468520,4.296583,-3.750210,2.616617,5,02/27/2026 03:02:15,36.515,23.324
4226,5,5,56118.480000,1411.860000,1.470686,4.302248,-3.750210,2.611429,5,02/27/2026 03:02:18,36.562,23.324
4227,5,5,56120.550000,1413.930000,1.472843,4.307873,-3.750057,2.606241,5,02/27/2026 03:02:20,36.672,23.324
4228,5,5,56122.420000,1415.800000,1.474791,4.312945,-3.749905,2.601053,5,02/27/2026 03:02:22,36.703,23.324
4229,5,5,56124.440000,1417.820000,1.476895,4.318413,-3.750057,2.595865,5,02/27/2026 03:02:24,36.719,23.324
4230,5,5,56126.380000,1419.760000,1.478916,4.323654,-3.749905,2.590677,5,02/27/2026 03:02:25,36.797,23.324
4231,5,5,56128.350000,1421.730000,1.480968,4.328965,-3.749905,2.585489,5,02/27/2026 03:02:27,36.907,23.324
4232,5,5,56130.240000,1423.620000,1.482936,4.334051,-3.749905,2.580301,5,02/27/2026 03:02:29,36.939,23.324
4233,5,5,56132.050000,1425.430000,1.484822,4.338911,-3.749905,2.575418,5,02/27/2026 03:02:31,36.923,23.324
4234,5,5,56133.810000,1427.190000,1.486655,4.343628,-3.750057,2.570230,5,02/27/2026 03:02:33,36.923,23.324
4235,5,5,56135.600000,1428.980000,1.488520,4.348416,-3.749905,2.565042,5,02/27/2026 03:02:35,36.939,23.324
4236,5,5,56137.420000,1430.800000,1.490416,4.353274,-3.749905,2.560159,5,02/27/2026 03:02:37,36.970,23.324
4237,5,5,56139.010000,1432.390000,1.492072,4.357510,-3.749905,2.554971,5,02/27/2026 03:02:38,37.033,23.340
4238,5,5,56140.750000,1434.130000,1.493884,4.362137,-3.750057,2.550088,5,02/27/2026 03:02:40,37.111,23.340
4239,5,5,56142.400000,1435.780000,1.495603,4.366516,-3.750057,2.544900,5,02/27/2026 03:02:41,37.174,23.324
4240,5,5,56144.100000,1437.480000,1.497374,4.371018,-3.749905,2.539406,5,02/27/2026 03:02:43,37.237,23.340
4241,5,5,56145.830000,1439.210000,1.499176,4.375590,-3.750057,2.534218,5,02/27/2026 03:02:45,37.315,23.340
4242,5,5,56147.430000,1440.810000,1.500843,4.379810,-3.749905,2.529335,5,02/27/2026 03:02:47,37.378,23.340
4243,5,5,56149.060000,1442.440000,1.502541,4.384101,-3.749905,2.523842,5,02/27/2026 03:02:48,37.410,23.340
4244,5,5,56150.880000,1444.260000,1.504436,4.388881,-3.750057,2.518654,5,02/27/2026 03:02:50,37.441,23.340
4245,5,5,56152.400000,1445.780000,1.506020,4.392865,-3.750057,2.513771,5,02/27/2026 03:02:51,37.488,23.340
4246,5,5,56153.940000,1447.320000,1.507624,4.396894,-3.749905,2.508583,5,02/27/2026 03:02:53,37.551,23.340
4247,5,5,56155.560000,1448.940000,1.509311,4.401123,-3.750057,2.503395,5,02/27/2026 03:02:55,37.582,23.340
4248,5,5,56156.530000,1449.910000,1.510322,4.403651,-3.749905,2.500038,133,02/27/2026 03:02:56,37.582,23.340
4249,5,6,56156.540000,0.010000,0.000000,0.000000,0.000000,2.709392,0,02/27/2026 03:02:56,37.582,23.340
4250,5,6,56156.700000,0.170000,0.000000,0.000000,0.000000,2.729839,5,02/27/2026 03:02:56,37.582,23.340
4251,5,6,56156.830000,0.300000,0.000000,0.000000,0.000000,2.742046,5,02/27/2026 03:02:56,37.582,23.340
4252,5,6,56156.970000,0.440000,0.000000,0.000000,0.000000,2.754253,5,02/27/2026 03:02:56,37.582,23.340
4253,5,6,56157.110000,0.580000,0.000000,0.000000,0.000000,2.765240,5,02/27/2026 03:02:56,37.567,23.340
4254,5,6,56157.260000,0.730000,0.000000,0.000000,0.000000,2.775921,5,02/27/2026 03:02:56,37.567,23.340
4255,5,6,56157.410000,0.880000,0.000000,0.000000,0.000000,2.785992,5,02/27/2026 03:02:57,37.567,23.340
4256,5,6,56157.570000,1.040000,0.000000,0.000000,0.000000,2.796368,5,02/27/2026 03:02:57,37.567,23.340
4257,5,6,56157.740000,1.210000,0.000000,0.000000,0.000000,2.806439,5,02/27/2026 03:02:57,37.567,23.340
4258,5,6,56157.920000,1.390000,0.000000,0.000000,0.000000,2.815900,5,02/27/2026 03:02:57,37.582,23.340
4259,5,6,56158.100000,1.570000,0.000000,0.000000,0.000000,2.825360,5,02/27/2026 03:02:57,37.582,23.324
4260,5,6,56158.280000,1.750000,0.000000,0.000000,0.000000,2.834211,5,02/27/2026 03:02:57,37.582,23.324
4261,5,6,56158.470000,1.940000,0.000000,0.000000,0.000000,2.842756,5,02/27/2026 03:02:58,37.582,23.324
4262,5,6,56158.660000,2.130000,0.000000,0.000000,0.000000,2.851606,5,02/27/2026 03:02:58,37.582,23.324
4263,5,6,56158.860000,2.330000,0.000000,0.000000,0.000000,2.860151,5,02/27/2026 03:02:58,37.598,23.324
4264,5,6,56159.060000,2.530000,0.000000,0.000000,0.000000,2.868086,5,02/27/2026 03:02:58,37.598,23.340
4265,5,6,56159.260000,2.730000,0.000000,0.000000,0.000000,2.876020,5,02/27/2026 03:02:58,37.598,23.340
4266,5,6,56159.460000,2.930000,0.000000,0.000000,0.000000,2.883345,5,02/27/2026 03:02:59,37.598,23.340
4267,5,6,56159.670000,3.140000,0.000000,0.000000,0.000000,2.890974,5,02/27/2026 03:02:59,37.598,23.340
4268,5,6,56159.880000,3.350000,0.000000,0.000000,0.000000,2.898299,5,02/27/2026 03:02:59,37.598,23.340
4269,5,6,56160.100000,3.570000,0.000000,0.000000,0.000000,2.905623,5,02/27/2026 03:02:59,37.598,23.340
4270,5,6,56160.340000,3.810000,0.000000,0.000000,0.000000,2.913558,5,02/27/2026 03:02:59,37.598,23.340
4271,5,6,56160.590000,4.060000,0.000000,0.000000,0.000000,2.920882,5,02/27/2026 03:03:00,37.598,23.340
4272,5,6,56160.850000,4.320000,0.000000,0.000000,0.000000,2.928511,5,02/27/2026 03:03:00,37.614,23.340
4273,5,6,56161.100000,4.570000,0.000000,0.000000,0.000000,2.935531,5,02/27/2026 03:03:00,37.614,23.340
4274,5,6,56161.350000,4.820000,0.000000,0.000000,0.000000,2.942550,5,02/27/2026 03:03:00,37.598,23.340
4275,5,6,56161.620000,5.090000,0.000000,0.000000,0.000000,2.949264,5,02/27/2026 03:03:01,37.598,23.340
4276,5,6,56161.870000,5.340000,0.000000,0.000000,0.000000,2.955978,5,02/27/2026 03:03:01,37.598,23.340
4277,5,6,56162.160000,5.630000,0.000000,0.000000,0.000000,2.962997,5,02/27/2026 03:03:01,37.598,23.356
4278,5,6,56162.460000,5.930000,0.000000,0.000000,0.000000,2.969711,5,02/27/2026 03:03:02,37.598,23.356
4279,5,6,56162.760000,6.230000,0.000000,0.000000,0.000000,2.976425,5,02/27/2026 03:03:02,37.598,23.356
4280,5,6,56163.040000,6.510000,0.000000,0.000000,0.000000,2.982834,5,02/27/2026 03:03:02,37.598,23.340
4281,5,6,56163.340000,6.810000,0.000000,0.000000,0.000000,2.988937,5,02/27/2026 03:03:02,37.598,23.340
4282,5,6,56163.680000,7.150000,0.000000,0.000000,0.000000,2.995651,5,02/27/2026 03:03:03,37.598,23.340
4283,5,6,56164.020000,7.490000,0.000000,0.000000,0.000000,3.002060,5,02/27/2026 03:03:03,37.598,23.340
4284,5,6,56164.350000,7.820000,0.000000,0.000000,0.000000,3.008164,5,02/27/2026 03:03:03,37.598,23.356
4285,5,6,56164.700000,8.170000,0.000000,0.000000,0.000000,3.014267,5,02/27/2026 03:03:04,37.582,23.356
4286,5,6,56165.090000,8.560000,0.000000,0.000000,0.000000,3.020371,5,02/27/2026 03:03:04,37.582,23.356
4287,5,6,56165.460000,8.930000,0.000000,0.000000,0.000000,3.026474,5,02/27/2026 03:03:05,37.598,23.356
4288,5,6,56165.890000,9.360000,0.000000,0.000000,0.000000,3.032883,5,02/27/2026 03:03:05,37.598,23.340
4289,5,6,56166.330000,9.800000,0.000000,0.000000,0.000000,3.038987,5,02/27/2026 03:03:05,37.598,23.340
4290,5,6,56166.770000,10.240000,0.000000,0.000000,0.000000,3.044480,5,02/27/2026 03:03:06,37.598,23.356
4291,5,6,56167.220000,10.690000,0.000000,0.000000,0.000000,3.050278,5,02/27/2026 03:03:06,37.598,23.356
4292,5,6,56167.710000,11.180000,0.000000,0.000000,0.000000,3.055772,5,02/27/2026 03:03:07,37.598,23.356
4293,5,6,56168.230000,11.700000,0.000000,0.000000,0.000000,3.061875,5,02/27/2026 03:03:07,37.598,23.340
4294,5,6,56168.750000,12.220000,0.000000,0.000000,0.000000,3.067063,5,02/27/2026 03:03:08,37.598,23.340
4295,5,6,56169.350000,12.820000,0.000000,0.000000,0.000000,3.072557,5,02/27/2026 03:03:08,37.614,23.340
4296,5,6,56169.920000,13.390000,0.000000,0.000000,0.000000,3.077745,5,02/27/2026 03:03:09,37.614,23.356
4297,5,6,56170.530000,14.000000,0.000000,0.000000,0.000000,3.082933,5,02/27/2026 03:03:10,37.614,23.356
4298,5,6,56171.240000,14.710000,0.000000,0.000000,0.000000,3.088426,5,02/27/2026 03:03:10,37.598,23.340
4299,5,6,56171.970000,15.440000,0.000000,0.000000,0.000000,3.093614,5,02/27/2026 03:03:11,37.598,23.340
4300,5,6,56172.770000,16.240000,0.000000,0.000000,0.000000,3.099107,5,02/27/2026 03:03:12,37.567,23.356
4301,5,6,56173.700000,17.170000,0.000000,0.000000,0.000000,3.104295,5,02/27/2026 03:03:13,37.519,23.340
4302,5,6,56174.590000,18.060000,0.000000,0.000000,0.000000,3.109483,5,02/27/2026 03:03:14,37.488,23.340
4303,5,6,56175.680000,19.150000,0.000000,0.000000,0.000000,3.114672,5,02/27/2026 03:03:15,37.425,23.356
4304,5,6,56176.890000,20.360000,0.000000,0.000000,0.000000,3.120165,5,02/27/2026 03:03:16,37.394,23.340
4305,5,6,56178.160000,21.630000,0.000000,0.000000,0.000000,3.125353,5,02/27/2026 03:03:17,37.394,23.340
4306,5,6,56179.720000,23.190000,0.000000,0.000000,0.000000,3.130236,5,02/27/2026 03:03:19,37.394,23.340
4307,5,6,56181.260000,24.730000,0.000000,0.000000,0.000000,3.135119,5,02/27/2026 03:03:20,37.394,23.356
4308,5,6,56183.030000,26.500000,0.000000,0.000000,0.000000,3.140002,5,02/27/2026 03:03:22,37.378,23.356
4309,5,6,56185.020000,28.490000,0.000000,0.000000,0.000000,3.145190,5,02/27/2026 03:03:24,37.347,23.356
4310,5,6,56187.450000,30.920000,0.000000,0.000000,0.000000,3.150683,5,02/27/2026 03:03:27,37.347,23.356
4311,5,6,56190.470000,33.940000,0.000000,0.000000,0.000000,3.155566,5,02/27/2026 03:03:30,37.362,23.340
4312,5,6,56193.800000,37.270000,0.000000,0.000000,0.000000,3.160754,5,02/27/2026 03:03:33,37.284,23.356
4313,5,6,56197.590000,41.060000,0.000000,0.000000,0.000000,3.165637,5,02/27/2026 03:03:37,37.158,23.356
4314,5,6,56202.120000,45.590000,0.000000,0.000000,0.000000,3.170825,5,02/27/2026 03:03:41,36.954,23.356
4315,5,6,56207.930000,51.400000,0.000000,0.000000,0.000000,3.175708,5,02/27/2026 03:03:47,36.907,23.356
4316,5,6,56215.030000,58.500000,0.000000,0.000000,0.000000,3.180591,5,02/27/2026 03:03:54,36.703,23.356
4317,5,6,56223.250000,66.720000,0.000000,0.000000,0.000000,3.185779,5,02/27/2026 03:04:02,36.452,23.340
4318,5,6,56236.670000,80.140000,0.000000,0.000000,0.000000,3.190661,5,02/27/2026 03:04:16,36.185,23.340
4319,5,6,56251.510000,94.980000,0.000000,0.000000,0.000000,3.195544,5,02/27/2026 03:04:31,35.871,23.340
4320,5,6,56271.510000,114.980000,0.000000,0.000000,0.000000,3.199512,1,02/27/2026 03:04:51,35.431,23.324
4321,5,6,56291.510000,134.980000,0.000000,0.000000,0.000000,3.201953,1,02/27/2026 03:05:11,34.976,23.324
4322,5,6,56311.510000,154.980000,0.000000,0.000000,0.000000,3.204700,1,02/27/2026 03:05:31,34.505,23.324
4323,5,6,56331.510000,174.980000,0.000000,0.000000,0.000000,3.206226,1,02/27/2026 03:05:51,34.160,23.324
4324,5,6,56351.510000,194.980000,0.000000,0.000000,0.000000,3.207446,1,02/27/2026 03:06:11,33.846,23.308
4325,5,6,56371.510000,214.980000,0.000000,0.000000,0.000000,3.208667,1,02/27/2026 03:06:31,33.406,23.308
4326,5,6,56391.510000,234.980000,0.000000,0.000000,0.000000,3.210193,1,02/27/2026 03:06:51,32.951,23.292
4327,5,6,56411.510000,254.980000,0.000000,0.000000,0.000000,3.210803,1,02/27/2026 03:07:11,32.731,23.276
4328,5,6,56431.510000,274.980000,0.000000,0.000000,0.000000,3.211414,1,02/27/2026 03:07:31,32.292,23.260
4329,5,6,56451.510000,294.980000,0.000000,0.000000,0.000000,3.212329,1,02/27/2026 03:07:51,31.993,23.228
4330,5,6,56471.510000,314.980000,0.000000,0.000000,0.000000,3.212634,1,02/27/2026 03:08:11,31.522,23.228
4331,5,6,56491.510000,334.980000,0.000000,0.000000,0.000000,3.212940,1,02/27/2026 03:08:31,31.224,23.195
4332,5,6,56511.510000,354.980000,0.000000,0.000000,0.000000,3.213550,1,02/27/2026 03:08:51,30.957,23.179
4333,5,6,56531.510000,374.980000,0.000000,0.000000,0.000000,3.213550,1,02/27/2026 03:09:11,30.690,23.163
4334,5,6,56551.510000,394.980000,0.000000,0.000000,0.000000,3.214160,1,02/27/2026 03:09:31,30.329,23.131
4335,5,6,56571.510000,414.980000,0.000000,0.000000,0.000000,3.214160,1,02/27/2026 03:09:51,30.062,23.115
4336,5,6,56591.510000,434.980000,0.000000,0.000000,0.000000,3.214771,1,02/27/2026 03:10:11,29.806,23.099
4337,5,6,56611.510000,454.980000,0.000000,0.000000,0.000000,3.215076,1,02/27/2026 03:10:31,29.453,23.067
4338,5,6,56631.510000,474.980000,0.000000,0.000000,0.000000,3.215076,1,02/27/2026 03:10:51,29.308,23.067
4339,5,6,56651.510000,494.980000,0.000000,0.000000,0.000000,3.215076,1,02/27/2026 03:11:11,29.131,23.067
4340,5,6,56671.510000,514.980000,0.000000,0.000000,0.000000,3.215381,1,02/27/2026 03:11:31,28.890,23.083
4341,5,6,56691.510000,534.980000,0.000000,0.000000,0.000000,3.215381,1,02/27/2026 03:11:51,28.664,23.083
4342,5,6,56711.510000,554.980000,0.000000,0.000000,0.000000,3.215686,1,02/27/2026 03:12:11,28.487,23.099
4343,5,6,56731.510000,574.980000,0.000000,0.000000,0.000000,3.215686,1,02/27/2026 03:12:31,28.262,23.115
4344,5,6,56751.510000,594.980000,0.000000,0.000000,0.000000,3.215991,1,02/27/2026 03:12:51,28.085,23.131
4345,5,6,56771.510000,614.980000,0.000000,0.000000,0.000000,3.216297,1,02/27/2026 03:13:11,27.989,23.163
4346,5,6,56791.510000,634.980000,0.000000,0.000000,0.000000,3.215991,1,02/27/2026 03:13:31,27.828,23.195
4347,5,6,56811.510000,654.980000,0.000000,0.000000,0.000000,3.216297,1,02/27/2026 03:13:51,27.635,23.212
4348,5,6,56831.510000,674.980000,0.000000,0.000000,0.000000,3.216297,1,02/27/2026 03:14:11,27.490,23.212
4349,5,6,56851.510000,694.980000,0.000000,0.000000,0.000000,3.216297,1,02/27/2026 03:14:31,27.361,23.228
4350,5,6,56871.510000,714.980000,0.000000,0.000000,0.000000,3.216602,1,02/27/2026 03:14:51,27.249,23.244
4351,5,6,56891.510000,734.980000,0.000000,0.000000,0.000000,3.216297,1,02/27/2026 03:15:11,27.136,23.244
4352,5,6,56911.510000,754.980000,0.000000,0.000000,0.000000,3.216297,1,02/27/2026 03:15:31,26.991,23.276
4353,5,6,56931.510000,774.980000,0.000000,0.000000,0.000000,3.216602,1,02/27/2026 03:15:51,26.879,23.276
4354,5,6,56951.510000,794.980000,0.000000,0.000000,0.000000,3.216907,1,02/27/2026 03:16:11,26.750,23.292
4355,5,6,56971.510000,814.980000,0.000000,0.000000,0.000000,3.216907,1,02/27/2026 03:16:31,26.621,23.292
4356,5,6,56991.510000,834.980000,0.000000,0.000000,0.000000,3.216907,1,02/27/2026 03:16:51,26.509,23.292
4357,5,6,57011.510000,854.980000,0.000000,0.000000,0.000000,3.216907,1,02/27/2026 03:17:11,26.412,23.292
4358,5,6,57031.510000,874.980000,0.000000,0.000000,0.000000,3.216907,1,02/27/2026 03:17:31,26.316,23.308
4359,5,6,57051.510000,894.980000,0.000000,0.000000,0.000000,3.216907,1,02/27/2026 03:17:51,26.187,23.292
4360,5,6,57071.510000,914.980000,0.000000,0.000000,0.000000,3.217212,1,02/27/2026 03:18:11,26.091,23.292
4361,5,6,57091.510000,934.980000,0.000000,0.000000,0.000000,3.217212,1,02/27/2026 03:18:31,25.978,23.276
4362,5,6,57111.510000,954.980000,0.000000,0.000000,0.000000,3.217212,1,02/27/2026 03:18:51,25.898,23.260
4363,5,6,57131.510000,974.980000,0.000000,0.000000,0.000000,3.216907,1,02/27/2026 03:19:11,25.753,23.260
4364,5,6,57151.510000,994.980000,0.000000,0.000000,0.000000,3.216907,1,02/27/2026 03:19:31,25.656,23.228
4365,5,6,57171.510000,1014.980000,0.000000,0.000000,0.000000,3.217517,1,02/27/2026 03:19:51,25.544,23.212
4366,5,6,57191.510000,1034.980000,0.000000,0.000000,0.000000,3.217212,1,02/27/2026 03:20:11,25.431,23.195
4367,5,6,57211.510000,1054.980000,0.000000,0.000000,0.000000,3.217517,1,02/27/2026 03:20:31,25.318,23.163
4368,5,6,57231.510000,1074.980000,0.000000,0.000000,0.000000,3.217517,1,02/27/2026 03:20:51,25.238,23.131
4369,5,6,57251.510000,1094.980000,0.000000,0.000000,0.000000,3.217212,1,02/27/2026 03:21:11,25.142,23.083
4370,5,6,57271.510000,1114.980000,0.000000,0.000000,0.000000,3.217517,1,02/27/2026 03:21:31,25.045,23.067
4371,5,6,57291.510000,1134.980000,0.000000,0.000000,0.000000,3.217517,1,02/27/2026 03:21:51,24.965,23.051
4372,5,6,57311.510000,1154.980000,0.000000,0.000000,0.000000,3.217517,1,02/27/2026 03:22:11,24.900,23.051
4373,5,6,57331.510000,1174.980000,0.000000,0.000000,0.000000,3.217212,1,02/27/2026 03:22:31,24.836,23.051
4374,5,6,57351.510000,1194.980000,0.000000,0.000000,0.000000,3.217517,1,02/27/2026 03:22:51,24.772,23.035
4375,5,6,57371.510000,1214.980000,0.000000,0.000000,0.000000,3.217212,1,02/27/2026 03:23:11,24.723,23.067
4376,5,6,57391.510000,1234.980000,0.000000,0.000000,0.000000,3.217517,1,02/27/2026 03:23:31,24.691,23.067
4377,5,6,57411.510000,1254.980000,0.000000,0.000000,0.000000,3.217823,1,02/27/2026 03:23:51,24.643,23.067
4378,5,6,57431.510000,1274.980000,0.000000,0.000000,0.000000,3.217517,1,02/27/2026 03:24:11,24.627,23.083
4379,5,6,57451.510000,1294.980000,0.000000,0.000000,0.000000,3.217517,1,02/27/2026 03:24:31,24.579,23.083
4380,5,6,57471.510000,1314.980000,0.000000,0.000000,0.000000,3.217517,1,02/27/2026 03:24:51,24.546,23.099
4381,5,6,57491.510000,1334.980000,0.000000,0.000000,0.000000,3.217517,1,02/27/2026 03:25:11,24.514,23.099
4382,5,6,57511.510000,1354.980000,0.000000,0.000000,0.000000,3.217823,1,02/27/2026 03:25:31,24.482,23.115
4383,5,6,57531.510000,1374.980000,0.000000,0.000000,0.000000,3.217823,1,02/27/2026 03:25:51,24.434,23.115
4384,5,6,57551.510000,1394.980000,0.000000,0.000000,0.000000,3.217517,1,02/27/2026 03:26:11,24.402,23.115
4385,5,6,57571.510000,1414.980000,0.000000,0.000000,0.000000,3.217823,1,02/27/2026 03:26:31,24.369,23.115
4386,5,6,57591.510000,1434.980000,0.000000,0.000000,0.000000,3.217517,1,02/27/2026 03:26:51,24.353,23.115
4387,5,6,57611.510000,1454.980000,0.000000,0.000000,0.000000,3.217823,1,02/27/2026 03:27:11,24.321,23.115
4388,5,6,57631.510000,1474.980000,0.000000,0.000000,0.000000,3.217823,1,02/27/2026 03:27:31,24.257,23.115
4389,5,6,57651.510000,1494.980000,0.000000,0.000000,0.000000,3.217823,1,02/27/2026 03:27:51,24.241,23.099
4390,5,6,57671.510000,1514.980000,0.000000,0.000000,0.000000,3.217823,1,02/27/2026 03:28:11,24.209,23.115
4391,5,6,57691.510000,1534.980000,0.000000,0.000000,0.000000,3.217823,1,02/27/2026 03:28:31,24.176,23.115
4392,5,6,57711.510000,1554.980000,0.000000,0.000000,0.000000,3.217823,1,02/27/2026 03:28:51,24.160,23.099
4393,5,6,57731.510000,1574.980000,0.000000,0.000000,0.000000,3.217823,1,02/27/2026 03:29:11,24.112,23.099
4394,5,6,57751.510000,1594.980000,0.000000,0.000000,0.000000,3.217823,1,02/27/2026 03:29:31,24.080,23.067
4395,5,6,57771.510000,1614.980000,0.000000,0.000000,0.000000,3.217823,1,02/27/2026 03:29:51,23.999,23.035
4396,5,6,57791.510000,1634.980000,0.000000,0.000000,0.000000,3.217823,1,02/27/2026 03:30:11,23.935,22.986
4397,5,6,57811.510000,1654.980000,0.000000,0.000000,0.000000,3.217823,1,02/27/2026 03:30:31,23.887,22.954
4398,5,6,57831.510000,1674.980000,0.000000,0.000000,0.000000,3.217517,1,02/27/2026 03:30:51,23.839,22.922
4399,5,6,57851.510000,1694.980000,0.000000,0.000000,0.000000,3.218128,1,02/27/2026 03:31:11,23.790,22.906
4400,5,6,57871.510000,1714.980000,0.000000,0.000000,0.000000,3.217823,1,02/27/2026 03:31:31,23.742,22.890
4401,5,6,57891.510000,1734.980000,0.000000,0.000000,0.000000,3.217823,1,02/27/2026 03:31:51,23.710,22.874
4402,5,6,57911.510000,1754.980000,0.000000,0.000000,0.000000,3.218128,1,02/27/2026 03:32:11,23.662,22.858
4403,5,6,57931.510000,1774.980000,0.000000,0.000000,0.000000,3.217517,1,02/27/2026 03:32:31,23.629,22.842
4404,5,6,57951.510000,1794.980000,0.000000,0.000000,0.000000,3.217823,1,02/27/2026 03:32:51,23.629,22.826
4405,5,6,57956.530000,1800.000000,0.000000,0.000000,0.000000,3.217823,129,02/27/2026 03:32:56,23.613,22.826
4406,5,7,57956.660000,1800.130000,0.000035,0.000116,1.953765,3.358816,0,02/27/2026 03:32:56,23.613,22.826
4407,5,7,57956.860000,1800.330000,0.000143,0.000480,1.949645,3.365835,5,02/27/2026 03:32:56,23.613,22.826
4408,5,7,57957.160000,1800.630000,0.000306,0.001028,1.949798,3.372549,5,02/27/2026 03:32:57,23.613,22.826
4409,5,7,57957.620000,1801.090000,0.000555,0.001869,1.949798,3.378042,5,02/27/2026 03:32:57,23.613,22.826
4410,5,7,57958.160000,1801.630000,0.000847,0.002858,1.949798,3.383536,5,02/27/2026 03:32:58,23.613,22.826
4411,5,7,57958.950000,1802.420000,0.001275,0.004307,1.949798,3.389334,5,02/27/2026 03:32:59,23.613,22.826
4412,5,7,57960.090000,1803.560000,0.001893,0.006402,1.949950,3.394827,5,02/27/2026 03:33:00,23.613,22.826
4413,5,7,57961.740000,1805.210000,0.002786,0.009438,1.949950,3.399710,5,02/27/2026 03:33:01,23.597,22.826
4414,5,7,57964.140000,1807.610000,0.004086,0.013861,1.949798,3.404593,5,02/27/2026 03:33:04,23.613,22.842
4415,5,7,57967.700000,1811.170000,0.006015,0.020431,1.949798,3.409476,5,02/27/2026 03:33:07,23.613,22.842
4416,5,7,57974.040000,1817.510000,0.009449,0.032148,1.949798,3.414664,5,02/27/2026 03:33:14,23.613,22.826
4417,5,7,57984.010000,1827.480000,0.014849,0.050602,1.949798,3.419547,5,02/27/2026 03:33:24,23.646,22.842
4418,5,7,57999.950000,1843.420000,0.023482,0.080147,1.949950,3.424430,5,02/27/2026 03:33:40,23.726,22.842
4419,5,7,58019.950000,1863.420000,0.034315,0.117267,1.949950,3.428397,1,02/27/2026 03:34:00,23.839,22.842
4420,5,7,58039.950000,1883.420000,0.045148,0.154425,1.949798,3.431449,1,02/27/2026 03:34:20,23.951,22.874
4421,5,7,58059.950000,1903.420000,0.055981,0.191622,1.949950,3.435111,1,02/27/2026 03:34:40,24.064,22.890
4422,5,7,58079.950000,1923.420000,0.066813,0.228857,1.949950,3.438773,1,02/27/2026 03:35:00,24.160,22.906
4423,5,7,58099.950000,1943.420000,0.077646,0.266133,1.949798,3.443046,1,02/27/2026 03:35:20,24.273,22.906
4424,5,7,58119.950000,1963.420000,0.088479,0.303453,1.949950,3.446708,1,02/27/2026 03:35:40,24.386,22.922
4425,5,7,58139.950000,1983.420000,0.099312,0.340816,1.949798,3.450980,1,02/27/2026 03:36:00,24.482,22.938
4426,5,7,58159.950000,2003.420000,0.110144,0.378225,1.950103,3.455253,1,02/27/2026 03:36:20,24.579,22.954
4427,5,7,58179.950000,2023.420000,0.120977,0.415678,1.950103,3.459525,1,02/27/2026 03:36:40,24.643,22.954
4428,5,7,58199.950000,2043.420000,0.131810,0.453175,1.949950,3.463493,1,02/27/2026 03:37:00,24.739,22.954
4429,5,7,58219.950000,2063.420000,0.142642,0.490712,1.949950,3.466545,1,02/27/2026 03:37:20,24.788,22.970
4430,5,7,58239.950000,2083.420000,0.153475,0.528290,1.949798,3.470512,1,02/27/2026 03:37:40,24.884,22.970
4431,5,7,58259.950000,2103.420000,0.164308,0.565903,1.949950,3.473564,1,02/27/2026 03:38:00,24.949,22.970
4432,5,7,58279.950000,2123.420000,0.175141,0.603550,1.949950,3.476921,1,02/27/2026 03:38:20,24.997,22.986
4433,5,7,58299.950000,2143.420000,0.185973,0.641229,1.950103,3.479362,1,02/27/2026 03:38:40,25.061,22.986
4434,5,7,58319.950000,2163.420000,0.196806,0.678935,1.949950,3.482109,1,02/27/2026 03:39:00,25.125,22.986
4435,5,7,58339.950000,2183.420000,0.207639,0.716666,1.949798,3.483940,1,02/27/2026 03:39:20,25.174,22.970
4436,5,7,58359.950000,2203.420000,0.218472,0.754421,1.949950,3.486381,1,02/27/2026 03:39:40,25.206,22.970
4437,5,7,58379.950000,2223.420000,0.229304,0.792196,1.950408,3.487907,1,02/27/2026 03:40:00,25.238,22.938
4438,5,7,58399.950000,2243.420000,0.240137,0.829988,1.949950,3.489433,1,02/27/2026 03:40:20,25.270,22.906
4439,5,7,58419.950000,2263.420000,0.250970,0.867797,1.949645,3.490654,1,02/27/2026 03:40:40,25.286,22.890
4440,5,7,58439.950000,2283.420000,0.261803,0.905620,1.949798,3.492180,1,02/27/2026 03:41:00,25.302,22.858
4441,5,7,58459.950000,2303.420000,0.272635,0.943456,1.949950,3.493400,1,02/27/2026 03:41:20,25.383,22.826
4442,5,7,58479.950000,2323.420000,0.283468,0.981306,1.950103,3.494621,1,02/27/2026 03:41:40,25.383,22.777
4443,5,7,58499.950000,2343.420000,0.294301,1.019167,1.949798,3.495232,1,02/27/2026 03:42:00,25.415,22.745
4444,5,7,58514.350000,2357.820000,0.302100,1.046434,1.949950,3.495842,164,02/27/2026 03:42:14,25.431,22.729
4445,5,8,58514.360000,2357.830000,0.302100,1.046434,2.172885,3.510185,0,02/27/2026 03:42:14,25.431,22.729
4446,5,8,58530.660000,2374.130000,0.311954,1.081059,2.174716,3.515068,5,02/27/2026 03:42:30,25.463,22.713
4447,5,8,58550.660000,2394.130000,0.324037,1.123544,2.175174,3.516594,1,02/27/2026 03:42:50,25.495,22.665
4448,5,8,58570.660000,2414.130000,0.336120,1.166042,2.174868,3.517510,1,02/27/2026 03:43:10,25.560,22.649
4449,5,8,58590.660000,2434.130000,0.348204,1.208549,2.174868,3.518120,1,02/27/2026 03:43:30,25.640,22.633
4450,5,8,58610.660000,2454.130000,0.360287,1.251064,2.174868,3.519036,1,02/27/2026 03:43:50,25.721,22.633
4451,5,8,58630.660000,2474.130000,0.372370,1.293588,2.175021,3.519646,1,02/27/2026 03:44:10,25.785,22.633
4452,5,8,58650.660000,2494.130000,0.384453,1.336122,2.175174,3.520256,1,02/27/2026 03:44:30,25.849,22.633
4453,5,8,58670.660000,2514.130000,0.396536,1.378665,2.175021,3.521172,1,02/27/2026 03:44:50,25.962,22.649
4454,5,8,58690.660000,2534.130000,0.408619,1.421215,2.174868,3.521782,1,02/27/2026 03:45:10,26.042,22.681
4455,5,8,58710.660000,2554.130000,0.420702,1.463772,2.175174,3.522393,1,02/27/2026 03:45:30,26.139,22.713
4456,5,8,58730.660000,2574.130000,0.432786,1.506336,2.174716,3.522698,1,02/27/2026 03:45:50,26.251,22.729
4457,5,8,58750.660000,2594.130000,0.444869,1.548907,2.175021,3.523308,1,02/27/2026 03:46:10,26.300,22.761
4458,5,8,58770.660000,2614.130000,0.456952,1.591486,2.175174,3.523919,1,02/27/2026 03:46:30,26.428,22.793
4459,5,8,58790.660000,2634.130000,0.469035,1.634072,2.174868,3.524834,1,02/27/2026 03:46:50,26.493,22.826
4460,5,8,58810.660000,2654.130000,0.481118,1.676665,2.174868,3.525750,1,02/27/2026 03:47:10,26.589,22.842
4461,5,8,58830.660000,2674.130000,0.493201,1.719267,2.175021,3.526055,1,02/27/2026 03:47:30,26.718,22.874
4462,5,8,58850.660000,2694.130000,0.505284,1.761878,2.174868,3.526665,1,02/27/2026 03:47:50,26.766,22.906
4463,5,8,58870.660000,2714.130000,0.517367,1.804498,2.174716,3.527581,1,02/27/2026 03:48:10,26.863,22.922
4464,5,8,58890.660000,2734.130000,0.529451,1.847128,2.175174,3.528496,1,02/27/2026 03:48:30,26.927,22.954
4465,5,8,58910.660000,2754.130000,0.541534,1.889768,2.174868,3.529107,1,02/27/2026 03:48:50,27.008,22.970
4466,5,8,58930.660000,2774.130000,0.553617,1.932417,2.175021,3.530327,1,02/27/2026 03:49:10,27.104,22.986
4467,5,8,58950.660000,2794.130000,0.565700,1.975074,2.174868,3.530327,1,02/27/2026 03:49:30,27.120,23.019
4468,5,8,58970.660000,2814.130000,0.577783,2.017741,2.174716,3.531548,1,02/27/2026 03:49:50,27.184,23.035
4469,5,8,58990.660000,2834.130000,0.589866,2.060416,2.175021,3.532158,1,02/27/2026 03:50:10,27.297,23.067
4470,5,8,59010.660000,2854.130000,0.601949,2.103100,2.175021,3.532769,1,02/27/2026 03:50:30,27.361,23.083
4471,5,8,59014.360000,2857.830000,0.604185,2.110998,2.175021,3.533074,164,02/27/2026 03:50:34,27.377,23.083
4472,5,9,59014.370000,2857.840000,0.604185,2.110998,2.418250,3.548028,0,02/27/2026 03:50:34,27.377,23.083
4473,5,9,59014.380000,2857.850000,0.604198,2.111046,2.477302,3.551995,4,02/27/2026 03:50:34,27.377,23.083
4474,5,9,59014.390000,2857.860000,0.604205,2.111070,2.524605,3.555352,4,02/27/2026 03:50:34,27.377,23.083
4475,5,9,59014.400000,2857.870000,0.604212,2.111095,2.572519,3.557488,4,02/27/2026 03:50:34,27.377,23.083
4476,5,9,59014.410000,2857.880000,0.604219,2.111121,2.617685,3.560540,4,02/27/2026 03:50:34,27.377,23.083
4477,5,9,59016.670000,2860.140000,0.605867,2.116994,2.624857,3.565423,5,02/27/2026 03:50:36,27.394,23.083
4478,5,9,59032.120000,2875.590000,0.617133,2.157196,2.624857,3.570306,5,02/27/2026 03:50:52,27.426,23.083
4479,5,9,59052.120000,2895.590000,0.631716,2.209281,2.624704,3.572442,1,02/27/2026 03:51:12,27.522,23.067
4480,5,9,59072.120000,2915.590000,0.646299,2.261387,2.624857,3.573358,1,02/27/2026 03:51:32,27.587,23.019
4481,5,9,59092.120000,2935.590000,0.660882,2.313506,2.624857,3.573968,1,02/27/2026 03:51:52,27.651,22.986
4482,5,9,59112.120000,2955.590000,0.675465,2.365633,2.625010,3.574273,1,02/27/2026 03:52:12,27.747,22.954
4483,5,9,59132.120000,2975.590000,0.690048,2.417768,2.624857,3.575494,1,02/27/2026 03:52:32,27.844,22.938
4484,5,9,59152.120000,2995.590000,0.704631,2.469912,2.624857,3.576104,1,02/27/2026 03:52:52,27.876,22.890
4485,5,9,59172.120000,3015.590000,0.719214,2.522067,2.624857,3.576715,1,02/27/2026 03:53:12,27.989,22.874
4486,5,9,59192.120000,3035.590000,0.733797,2.574234,2.625010,3.577325,1,02/27/2026 03:53:32,28.069,22.858
4487,5,9,59212.120000,3055.590000,0.748380,2.626413,2.624857,3.578546,1,02/27/2026 03:53:52,28.166,22.874
4488,5,9,59232.120000,3075.590000,0.762963,2.678604,2.625162,3.579156,1,02/27/2026 03:54:12,28.198,22.874
4489,5,9,59252.120000,3095.590000,0.777546,2.730808,2.625162,3.580377,1,02/27/2026 03:54:32,28.278,22.890
4490,5,9,59272.120000,3115.590000,0.792129,2.783030,2.624857,3.581292,1,02/27/2026 03:54:52,28.359,22.890
4491,5,9,59292.120000,3135.590000,0.806712,2.835269,2.625162,3.582513,1,02/27/2026 03:55:12,28.487,22.906
4492,5,9,59312.120000,3155.590000,0.821296,2.887523,2.625162,3.583429,1,02/27/2026 03:55:32,28.600,22.906
4493,5,9,59332.120000,3175.590000,0.835879,2.939791,2.624704,3.584649,1,02/27/2026 03:55:52,28.632,22.906
4494,5,9,59352.120000,3195.590000,0.850462,2.992076,2.624857,3.585870,1,02/27/2026 03:56:12,28.664,22.906
4495,5,9,59372.120000,3215.590000,0.865045,3.044380,2.625162,3.587091,1,02/27/2026 03:56:32,28.745,22.906
4496,5,9,59392.120000,3235.590000,0.879628,3.096702,2.625010,3.588312,1,02/27/2026 03:56:52,28.890,22.906
4497,5,9,59412.120000,3255.590000,0.894211,3.149045,2.624857,3.590143,1,02/27/2026 03:57:12,28.857,22.922
4498,5,9,59428.600000,3272.070000,0.906227,3.192192,2.624704,3.590753,164,02/27/2026 03:57:28,28.922,22.922
4499,5,10,59428.610000,3272.080000,0.906227,3.192192,2.295109,3.572137,0,02/27/2026 03:57:28,28.922,22.922
4500,5,10,59431.010000,3274.480000,0.907764,3.197674,2.294957,3.567254,5,02/27/2026 03:57:31,28.922,22.922
4501,5,10,59451.010000,3294.480000,0.920513,3.243127,2.294804,3.563897,1,02/27/2026 03:57:51,28.954,22.938
4502,5,10,59471.010000,3314.480000,0.933263,3.288570,2.294957,3.564508,1,02/27/2026 03:58:11,29.018,22.938
4503,5,10,59491.010000,3334.480000,0.946012,3.334022,2.295109,3.565728,1,02/27/2026 03:58:31,29.067,22.954
4504,5,10,59511.010000,3354.480000,0.958761,3.379492,2.294804,3.567254,1,02/27/2026 03:58:51,29.083,22.954
4505,5,10,59531.010000,3374.480000,0.971511,3.424983,2.294957,3.568780,1,02/27/2026 03:59:11,29.067,22.970
4506,5,10,59551.010000,3394.480000,0.984260,3.470494,2.294957,3.570611,1,02/27/2026 03:59:31,29.067,22.970
4507,5,10,59571.010000,3414.480000,0.997010,3.516029,2.294957,3.572137,1,02/27/2026 03:59:51,29.115,22.970
4508,5,10,59591.010000,3434.480000,1.009759,3.561588,2.294957,3.574273,1,02/27/2026 04:00:11,29.099,22.986
4509,5,10,59611.010000,3454.480000,1.022509,3.607170,2.294652,3.576104,1,02/27/2026 04:00:31,29.083,22.986
4510,5,10,59631.010000,3474.480000,1.035258,3.652777,2.294957,3.577935,1,02/27/2026 04:00:51,29.115,23.002
4511,5,10,59651.010000,3494.480000,1.048008,3.698407,2.294804,3.580072,1,02/27/2026 04:01:11,29.147,23.035
4512,5,10,59671.010000,3514.480000,1.060757,3.744066,2.294957,3.582208,1,02/27/2026 04:01:31,29.147,23.051
4513,5,10,59691.010000,3534.480000,1.073506,3.789750,2.294804,3.584039,1,02/27/2026 04:01:51,29.195,23.083
4514,5,10,59711.010000,3554.480000,1.086256,3.835460,2.294804,3.586481,1,02/27/2026 04:02:11,29.211,23.099
4515,5,10,59731.010000,3574.480000,1.099005,3.881199,2.294804,3.588617,1,02/27/2026 04:02:31,29.276,23.115
4516,5,10,59751.010000,3594.480000,1.111755,3.926967,2.294804,3.591058,1,02/27/2026 04:02:51,29.243,23.147
4517,5,10,59771.010000,3614.480000,1.124504,3.972765,2.295109,3.593194,1,02/27/2026 04:03:11,29.292,23.163
4518,5,10,59791.010000,3634.480000,1.137254,4.018591,2.295109,3.595331,1,02/27/2026 04:03:31,29.356,23.179
4519,5,10,59811.010000,3654.480000,1.150003,4.064448,2.294804,3.597772,1,02/27/2026 04:03:51,29.388,23.212
4520,5,10,59831.010000,3674.480000,1.162753,4.110338,2.294804,3.600519,1,02/27/2026 04:04:11,29.340,23.228
4521,5,10,59851.010000,3694.480000,1.175502,4.156259,2.294957,3.602960,1,02/27/2026 04:04:31,29.404,23.244
4522,5,10,59871.010000,3714.480000,1.188251,4.202211,2.294804,3.605402,1,02/27/2026 04:04:51,29.420,23.260
4523,5,10,59891.010000,3734.480000,1.201001,4.248201,2.294957,3.608759,1,02/27/2026 04:05:11,29.453,23.276
4524,5,10,59902.440000,3745.910000,1.208287,4.274500,2.295109,3.609674,164,02/27/2026 04:05:22,29.469,23.276
4525,5,11,59902.450000,3745.920000,1.208287,4.274500,0.749218,3.518425,0,02/27/2026 04:05:22,29.469,23.276
4526,5,11,59902.640000,3746.110000,1.208329,4.274646,0.749981,3.511101,5,02/27/2026 04:05:22,29.469,23.276
4527,5,11,59902.990000,3746.460000,1.208402,4.274902,0.749981,3.505303,5,02/27/2026 04:05:23,29.469,23.276
4528,5,11,59903.500000,3746.970000,1.208508,4.275274,0.749828,3.500114,5,02/27/2026 04:05:23,29.469,23.276
4529,5,11,59904.380000,3747.850000,1.208691,4.275915,0.749676,3.494621,5,02/27/2026 04:05:24,29.485,23.276
4530,5,11,59905.550000,3749.020000,1.208935,4.276767,0.749828,3.489738,5,02/27/2026 04:05:25,29.485,23.276
4531,5,11,59907.140000,3750.610000,1.209266,4.277922,0.750286,3.484855,5,02/27/2026 04:05:27,29.501,23.276
4532,5,11,59909.390000,3752.860000,1.209735,4.279554,0.749676,3.479973,5,02/27/2026 04:05:29,29.517,23.276
4533,5,11,59912.140000,3755.610000,1.210308,4.281546,0.749828,3.475090,5,02/27/2026 04:05:32,29.549,23.292
4534,5,11,59915.900000,3759.370000,1.211091,4.284266,0.750134,3.470207,5,02/27/2026 04:05:35,29.533,23.276
4535,5,11,59920.550000,3764.020000,1.212060,4.287625,0.749981,3.465324,5,02/27/2026 04:05:40,29.501,23.292
4536,5,11,59926.810000,3770.280000,1.213364,4.292141,0.749981,3.460441,5,02/27/2026 04:05:46,29.453,23.292
4537,5,11,59935.080000,3778.550000,1.215086,4.298098,0.749981,3.455558,5,02/27/2026 04:05:55,29.469,23.308
4538,5,11,59948.000000,3791.470000,1.217778,4.307391,0.749981,3.450675,5,02/27/2026 04:06:08,29.340,23.308
4539,5,11,59968.000000,3811.470000,1.221944,4.321758,0.749828,3.446708,1,02/27/2026 04:06:28,29.099,23.308
4540,5,11,59988.000000,3831.470000,1.226110,4.336113,0.749981,3.444877,1,02/27/2026 04:06:48,29.034,23.324
4541,5,11,60008.000000,3851.470000,1.230277,4.350464,0.749676,3.443961,1,02/27/2026 04:07:08,28.841,23.324
4542,5,11,60028.000000,3871.470000,1.234443,4.364814,0.749981,3.444266,1,02/27/2026 04:07:28,28.664,23.340
4543,5,11,60048.000000,3891.470000,1.238609,4.379168,0.749828,3.445487,1,02/27/2026 04:07:48,28.536,23.340
4544,5,11,60068.000000,3911.470000,1.242775,4.393525,0.750134,3.446708,1,02/27/2026 04:08:08,28.423,23.340
4545,5,11,60088.000000,3931.470000,1.246942,4.407887,0.750134,3.447623,1,02/27/2026 04:08:28,28.262,23.356
4546,5,11,60108.000000,3951.470000,1.251108,4.422255,0.749676,3.449149,1,02/27/2026 04:08:48,28.117,23.356
4547,5,11,60128.000000,3971.470000,1.255274,4.436629,0.749828,3.450980,1,02/27/2026 04:09:08,27.973,23.356
4548,5,11,60148.000000,3991.470000,1.259440,4.451009,0.749828,3.452201,1,02/27/2026 04:09:28,27.860,23.356
4549,5,11,60168.000000,4011.470000,1.263607,4.465396,0.749676,3.453727,1,02/27/2026 04:09:48,27.731,23.372
4550,5,11,60188.000000,4031.470000,1.267773,4.479789,0.749676,3.455558,1,02/27/2026 04:10:08,27.651,23.356
4551,5,11,60208.000000,4051.470000,1.271939,4.494189,0.749828,3.457084,1,02/27/2026 04:10:28,27.522,23.372
4552,5,11,60228.000000,4071.470000,1.276105,4.508596,0.749828,3.458305,1,02/27/2026 04:10:48,27.442,23.372
4553,5,11,60248.000000,4091.470000,1.280272,4.523010,0.750134,3.460746,1,02/27/2026 04:11:08,27.329,23.356
4554,5,11,60268.000000,4111.470000,1.284438,4.537432,0.750134,3.461967,1,02/27/2026 04:11:28,27.265,23.356
4555,5,11,60288.000000,4131.470000,1.288604,4.551860,0.749981,3.464103,1,02/27/2026 04:11:48,27.136,23.356
4556,5,11,60308.000000,4151.470000,1.292770,4.566296,0.749981,3.465629,1,02/27/2026 04:12:08,27.072,23.356
4557,5,11,60328.000000,4171.470000,1.296937,4.580738,0.749981,3.467460,1,02/27/2026 04:12:28,27.008,23.356
4558,5,11,60348.000000,4191.470000,1.301103,4.595189,0.749676,3.468986,1,02/27/2026 04:12:48,26.911,23.324
4559,5,11,60368.000000,4211.470000,1.305269,4.609646,0.749981,3.471122,1,02/27/2026 04:13:08,26.782,23.308
4560,5,11,60388.000000,4231.470000,1.309435,4.624111,0.750134,3.472648,1,02/27/2026 04:13:28,26.686,23.276
4561,5,11,60408.000000,4251.470000,1.313601,4.638583,0.749676,3.474174,1,02/27/2026 04:13:48,26.573,23.244
4562,5,11,60428.000000,4271.470000,1.317768,4.653063,0.749981,3.476616,1,02/27/2026 04:14:08,26.493,23.228
4563,5,11,60448.000000,4291.470000,1.321934,4.667551,0.749828,3.478141,1,02/27/2026 04:14:28,26.428,23.212
4564,5,11,60468.000000,4311.470000,1.326100,4.682046,0.749828,3.479973,1,02/27/2026 04:14:48,26.364,23.195
4565,5,11,60488.000000,4331.470000,1.330266,4.696549,0.749828,3.482109,1,02/27/2026 04:15:08,26.300,23.179
4566,5,11,60508.000000,4351.470000,1.334433,4.711060,0.749981,3.483635,1,02/27/2026 04:15:28,26.187,23.147
4567,5,11,60528.000000,4371.470000,1.338599,4.725579,0.749828,3.486381,1,02/27/2026 04:15:48,26.123,23.131
4568,5,11,60548.000000,4391.470000,1.342765,4.740106,0.749676,3.487602,1,02/27/2026 04:16:08,26.075,23.115
4569,5,11,60568.000000,4411.470000,1.346931,4.754642,0.749981,3.489738,1,02/27/2026 04:16:28,26.026,23.099
4570,5,11,60588.000000,4431.470000,1.351098,4.769186,0.749828,3.491875,1,02/27/2026 04:16:48,25.946,23.099
4571,5,11,60608.000000,4451.470000,1.355264,4.783739,0.749981,3.494011,1,02/27/2026 04:17:08,25.882,23.067
4572,5,11,60628.000000,4471.470000,1.359430,4.798302,0.750134,3.496452,1,02/27/2026 04:17:28,25.817,23.051
4573,5,11,60648.000000,4491.470000,1.363596,4.812873,0.749676,3.497978,1,02/27/2026 04:17:48,25.769,23.035
4574,5,11,60668.000000,4511.470000,1.367763,4.827453,0.749676,3.500114,1,02/27/2026 04:18:08,25.721,23.035
4575,5,11,60688.000000,4531.470000,1.371929,4.842043,0.749828,3.502861,1,02/27/2026 04:18:28,25.656,23.019
4576,5,11,60708.000000,4551.470000,1.376095,4.856642,0.750134,3.504997,1,02/27/2026 04:18:48,25.640,23.002
4577,5,11,60728.000000,4571.470000,1.380261,4.871252,0.750134,3.507744,1,02/27/2026 04:19:08,25.544,22.986
4578,5,11,60748.000000,4591.470000,1.384428,4.885871,0.749828,3.509880,1,02/27/2026 04:19:28,25.544,22.986
4579,5,11,60768.000000,4611.470000,1.388594,4.900502,0.749828,3.512627,1,02/27/2026 04:19:48,25.495,22.970
4580,5,11,60788.000000,4631.470000,1.392760,4.915142,0.749828,3.515679,1,02/27/2026 04:20:08,25.447,22.970
4581,5,11,60808.000000,4651.470000,1.396926,4.929795,0.750134,3.518120,1,02/27/2026 04:20:28,25.415,22.970
4582,5,11,60828.000000,4671.470000,1.401093,4.944458,0.749828,3.521172,1,02/27/2026 04:20:48,25.415,22.970
4583,5,11,60848.000000,4691.470000,1.405259,4.959134,0.749676,3.523919,1,02/27/2026 04:21:08,25.383,22.986
4584,5,11,60868.000000,4711.470000,1.409425,4.973822,0.749981,3.526970,1,02/27/2026 04:21:28,25.367,22.986
4585,5,11,60888.000000,4731.470000,1.413591,4.988524,0.749981,3.530327,1,02/27/2026 04:21:48,25.383,23.002
4586,5,11,60908.000000,4751.470000,1.417758,5.003239,0.749981,3.533379,1,02/27/2026 04:22:08,25.351,23.002
4587,5,11,60928.000000,4771.470000,1.421924,5.017967,0.749981,3.536736,1,02/27/2026 04:22:28,25.335,23.019
4588,5,11,60948.000000,4791.470000,1.426090,5.032711,0.750134,3.541009,1,02/27/2026 04:22:48,25.335,23.035
4589,5,11,60968.000000,4811.470000,1.430256,5.047470,0.749981,3.544366,1,02/27/2026 04:23:08,25.335,23.035
4590,5,11,60988.000000,4831.470000,1.434423,5.062247,0.750134,3.548638,1,02/27/2026 04:23:28,25.318,23.051
4591,5,11,61008.000000,4851.470000,1.438589,5.077041,0.749828,3.552605,1,02/27/2026 04:23:48,25.318,23.051
4592,5,11,61025.100000,4868.570000,1.442151,5.089706,0.749981,3.557488,5,02/27/2026 04:24:05,25.335,23.067
4593,5,11,61044.990000,4888.460000,1.446294,5.104456,0.749676,3.562371,5,02/27/2026 04:24:24,25.318,23.067
4594,5,11,61061.130000,4904.600000,1.449656,5.116442,0.749828,3.567254,5,02/27/2026 04:24:41,25.302,23.083
4595,5,11,61076.680000,4920.150000,1.452896,5.128004,0.749828,3.572137,5,02/27/2026 04:24:56,25.335,23.083
4596,5,11,61091.580000,4935.050000,1.456000,5.139099,0.749981,3.577020,5,02/27/2026 04:25:11,25.335,23.083
4597,5,11,61105.540000,4949.010000,1.458908,5.149507,0.749981,3.581903,5,02/27/2026 04:25:25,25.335,23.083
4598,5,11,61118.570000,4962.040000,1.461622,5.159236,0.749981,3.586786,5,02/27/2026 04:25:38,25.351,23.099
4599,5,11,61130.750000,4974.220000,1.464159,5.168343,0.749523,3.591669,5,02/27/2026 04:25:50,25.302,23.099
4600,5,11,61141.910000,4985.380000,1.466484,5.176698,0.749981,3.596551,5,02/27/2026 04:26:01,25.335,23.099
4601,5,11,61152.050000,4995.520000,1.468596,5.184301,0.750134,3.601434,5,02/27/2026 04:26:12,25.351,23.099
4602,5,11,61161.570000,5005.040000,1.470579,5.191447,0.750134,3.606317,5,02/27/2026 04:26:21,25.302,23.099
4603,5,11,61170.390000,5013.860000,1.472417,5.198078,0.749676,3.611200,5,02/27/2026 04:26:30,25.335,23.099
4604,5,11,61178.460000,5021.930000,1.474098,5.204153,0.749981,3.616083,5,02/27/2026 04:26:38,25.351,23.099
4605,5,11,61186.400000,5029.870000,1.475752,5.210138,0.750134,3.620966,5,02/27/2026 04:26:46,25.335,23.099
4606,5,11,61193.230000,5036.700000,1.477174,5.215294,0.749828,3.625849,5,02/27/2026 04:26:53,25.335,23.083
4607,5,11,61200.060000,5043.530000,1.478597,5.220456,0.749828,3.630732,5,02/27/2026 04:27:00,25.335,23.099
4608,5,11,61206.010000,5049.480000,1.479837,5.224960,0.750134,3.635615,5,02/27/2026 04:27:06,25.335,23.083
4609,5,11,61211.690000,5055.160000,1.481020,5.229264,0.749828,3.640497,5,02/27/2026 04:27:11,25.335,23.083
4610,5,11,61217.310000,5060.780000,1.482191,5.233529,0.749981,3.645686,5,02/27/2026 04:27:17,25.318,23.083
4611,5,11,61222.790000,5066.260000,1.483331,5.237690,0.739757,3.650263,4,02/27/2026 04:27:22,25.335,23.083
4612,5,11,61223.910000,5067.380000,1.483560,5.238524,0.729686,3.650263,4,02/27/2026 04:27:23,25.351,23.083
4613,5,11,61225.830000,5069.300000,1.483946,5.239935,0.719463,3.650263,4,02/27/2026 04:27:25,25.351,23.083
4614,5,11,61227.450000,5070.920000,1.484268,5.241109,0.709392,3.649958,4,02/27/2026 04:27:27,25.351,23.083
4615,5,11,61229.700000,5073.170000,1.484708,5.242717,0.699321,3.650568,4,02/27/2026 04:27:29,25.351,23.083
4616,5,11,61231.830000,5075.300000,1.485119,5.244217,0.689097,3.649958,4,02/27/2026 04:27:31,25.335,23.083
4617,5,11,61234.140000,5077.610000,1.485559,5.245821,0.678874,3.649958,4,02/27/2026 04:27:34,25.335,23.083
4618,5,11,61236.590000,5080.060000,1.486017,5.247496,0.668803,3.650263,4,02/27/2026 04:27:36,25.335,23.083
4619,5,11,61238.790000,5082.260000,1.486423,5.248978,0.658732,3.649653,4,02/27/2026 04:27:38,25.351,23.067
4620,5,11,61241.220000,5084.690000,1.486865,5.250590,0.648661,3.650263,4,02/27/2026 04:27:41,25.351,23.067
4621,5,11,61243.720000,5087.190000,1.487312,5.252222,0.638590,3.650568,4,02/27/2026 04:27:43,25.351,23.067
4622,5,11,61246.020000,5089.490000,1.487717,5.253700,0.628519,3.649958,4,02/27/2026 04:27:46,25.335,23.067
4623,5,11,61248.360000,5091.830000,1.488123,5.255181,0.618296,3.649958,4,02/27/2026 04:27:48,25.351,23.067
4624,5,11,61250.970000,5094.440000,1.488568,5.256804,0.608225,3.650263,4,02/27/2026 04:27:50,25.367,23.067
4625,5,11,61253.470000,5096.940000,1.488987,5.258335,0.598154,3.650263,4,02/27/2026 04:27:53,25.367,23.067
4626,5,11,61255.710000,5099.180000,1.489356,5.259683,0.587930,3.649958,4,02/27/2026 04:27:55,25.367,23.067
4627,5,11,61258.390000,5101.860000,1.489791,5.261268,0.577554,3.650263,4,02/27/2026 04:27:58,25.335,23.067
4628,5,11,61260.720000,5104.190000,1.490162,5.262624,0.567483,3.649958,4,02/27/2026 04:28:00,25.318,23.067
4629,5,11,61263.490000,5106.960000,1.490595,5.264204,0.557412,3.649958,4,02/27/2026 04:28:03,25.302,23.067
4630,5,11,61266.010000,5109.480000,1.490982,5.265616,0.547341,3.650263,4,02/27/2026 04:28:06,25.302,23.067
4631,5,11,61268.820000,5112.290000,1.491405,5.267160,0.537270,3.649958,4,02/27/2026 04:28:08,25.302,23.067
4632,5,11,61271.030000,5114.500000,1.491732,5.268354,0.527199,3.649958,4,02/27/2026 04:28:11,25.318,23.051
4633,5,11,61273.790000,5117.260000,1.492132,5.269816,0.517128,3.649958,4,02/27/2026 04:28:13,25.318,23.051
4634,5,11,61276.470000,5119.940000,1.492513,5.271206,0.507057,3.650263,4,02/27/2026 04:28:16,25.286,23.051
4635,5,11,61279.010000,5122.480000,1.492867,5.272498,0.496834,3.650263,4,02/27/2026 04:28:19,25.302,23.051
4636,5,11,61281.390000,5124.860000,1.493193,5.273686,0.486763,3.649653,4,02/27/2026 04:28:21,25.302,23.051
4637,5,11,61284.210000,5127.680000,1.493571,5.275067,0.476692,3.649958,4,02/27/2026 04:28:24,25.286,23.051
4638,5,11,61287.220000,5130.690000,1.493965,5.276506,0.466468,3.649958,4,02/27/2026 04:28:27,25.270,23.051
4639,5,11,61290.180000,5133.650000,1.494344,5.277889,0.456397,3.649958,4,02/27/2026 04:28:30,25.286,23.035
4640,5,11,61292.680000,5136.150000,1.494657,5.279031,0.446326,3.650263,4,02/27/2026 04:28:32,25.286,23.035
4641,5,11,61295.170000,5138.640000,1.494963,5.280148,0.436255,3.650263,4,02/27/2026 04:28:35,25.286,23.035
4642,5,11,61298.550000,5142.020000,1.495369,5.281629,0.426184,3.649958,4,02/27/2026 04:28:38,25.286,23.035
4643,5,11,61301.610000,5145.080000,1.495726,5.282935,0.416114,3.649958,4,02/27/2026 04:28:41,25.270,23.035
4644,5,11,61304.720000,5148.190000,1.496081,5.284229,0.406043,3.650263,4,02/27/2026 04:28:44,25.270,23.019
4645,5,11,61307.400000,5150.870000,1.496380,5.285319,0.395972,3.649958,4,02/27/2026 04:28:47,25.270,23.035
4646,5,11,61310.890000,5154.360000,1.496758,5.286701,0.385901,3.650263,4,02/27/2026 04:28:50,25.254,23.019
4647,5,11,61313.670000,5157.140000,1.497053,5.287775,0.375830,3.649653,4,02/27/2026 04:28:53,25.254,23.019
4648,5,11,61316.730000,5160.200000,1.497369,5.288929,0.365759,3.649958,4,02/27/2026 04:28:56,25.238,23.019
4649,5,11,61320.490000,5163.960000,1.497746,5.290306,0.355535,3.650263,4,02/27/2026 04:29:00,25.238,23.002
4650,5,11,61323.940000,5167.410000,1.498082,5.291531,0.345464,3.650263,4,02/27/2026 04:29:03,25.238,23.002
4651,5,11,61327.610000,5171.080000,1.498429,5.292799,0.335393,3.649958,4,02/27/2026 04:29:07,25.222,23.002
4652,5,11,61330.970000,5174.440000,1.498738,5.293925,0.325322,3.650263,4,02/27/2026 04:29:10,25.206,22.986
4653,5,11,61335.200000,5178.670000,1.499114,5.295299,0.315251,3.650568,4,02/27/2026 04:29:15,25.206,22.986
4654,5,11,61338.840000,5182.310000,1.499427,5.296443,0.305180,3.650263,4,02/27/2026 04:29:18,25.206,22.986
4655,5,11,61342.820000,5186.290000,1.499759,5.297654,0.294957,3.649958,4,02/27/2026 04:29:22,25.174,22.970
4656,5,11,61346.310000,5189.780000,1.500041,5.298683,0.284886,3.649958,4,02/27/2026 04:29:26,25.158,22.970
4657,5,11,61351.290000,5194.760000,1.500430,5.300103,0.274815,3.649958,4,02/27/2026 04:29:31,25.142,22.970
4658,5,11,61356.130000,5199.600000,1.500793,5.301427,0.264744,3.650263,4,02/27/2026 04:29:36,25.142,22.970
4659,5,11,61360.630000,5204.100000,1.501117,5.302612,0.254673,3.650568,4,02/27/2026 04:29:40,25.142,22.954
4660,5,11,61365.600000,5209.070000,1.501462,5.303870,0.244602,3.649958,4,02/27/2026 04:29:45,25.109,22.938
4661,5,11,61370.150000,5213.620000,1.501766,5.304978,0.234379,3.649958,4,02/27/2026 04:29:50,25.093,22.938
4662,5,11,61375.700000,5219.170000,1.502121,5.306276,0.224308,3.650263,4,02/27/2026 04:29:55,25.093,22.938
4663,5,11,61381.800000,5225.270000,1.502494,5.307637,0.214237,3.649958,4,02/27/2026 04:30:01,25.093,22.922
4664,5,11,61388.240000,5231.710000,1.502868,5.309003,0.204166,3.650263,4,02/27/2026 04:30:08,25.045,22.906
4665,5,11,61394.240000,5237.710000,1.503200,5.310214,0.193942,3.649653,4,02/27/2026 04:30:14,25.029,22.906
4666,5,11,61400.960000,5244.430000,1.503554,5.311506,0.183871,3.650263,4,02/27/2026 04:30:20,24.997,22.890
4667,5,11,61408.320000,5251.790000,1.503921,5.312846,0.173648,3.649958,4,02/27/2026 04:30:28,24.981,22.890
4668,5,11,61416.950000,5260.420000,1.504326,5.314324,0.163577,3.649958,4,02/27/2026 04:30:36,24.949,22.874
4669,5,11,61424.420000,5267.890000,1.504656,5.315527,0.153506,3.649653,4,02/27/2026 04:30:44,24.949,22.874
4670,5,11,61433.480000,5276.950000,1.505032,5.316900,0.143435,3.649958,4,02/27/2026 04:30:53,24.916,22.874
4671,5,11,61443.010000,5286.480000,1.505402,5.318249,0.133364,3.649653,4,02/27/2026 04:31:03,24.884,22.858
4672,5,11,61455.100000,5298.570000,1.505835,5.319832,0.123293,3.650263,4,02/27/2026 04:31:15,24.852,22.858
4673,5,11,61466.830000,5310.300000,1.506222,5.321245,0.113222,3.649958,4,02/27/2026 04:31:26,24.836,22.858
4674,5,11,61480.360000,5323.830000,1.506632,5.322740,0.103151,3.649958,4,02/27/2026 04:31:40,24.788,22.858
4675,5,11,61495.990000,5339.460000,1.507062,5.324309,0.092927,3.649653,4,02/27/2026 04:31:55,24.755,22.858
4676,5,11,61514.200000,5357.670000,1.507511,5.325948,0.082856,3.649653,4,02/27/2026 04:32:14,24.723,22.874
4677,5,11,61534.200000,5377.670000,1.507948,5.327544,0.074159,3.649958,1,02/27/2026 04:32:34,24.691,22.890
4678,5,11,61554.200000,5397.670000,1.508337,5.328963,0.066224,3.649653,1,02/27/2026 04:32:54,24.659,22.890
4679,5,11,61574.200000,5417.670000,1.508683,5.330228,0.058747,3.649958,1,02/27/2026 04:33:14,24.643,22.906
4680,5,11,61594.200000,5437.670000,1.508993,5.331359,0.053101,3.649348,1,02/27/2026 04:33:34,24.595,22.922
4681,5,11,61614.200000,5457.670000,1.509273,5.332381,0.047913,3.649958,1,02/27/2026 04:33:54,24.579,22.938
4682,5,11,61634.200000,5477.670000,1.509526,5.333302,0.044251,3.649958,1,02/27/2026 04:34:14,24.546,22.954
4683,5,11,61654.200000,5497.670000,1.509755,5.334140,0.039826,3.650263,1,02/27/2026 04:34:34,24.498,22.970
4684,5,11,61674.200000,5517.670000,1.509964,5.334904,0.036774,3.649958,1,02/27/2026 04:34:54,24.482,22.970
4685,5,11,61694.200000,5537.670000,1.510156,5.335604,0.033722,3.649958,1,02/27/2026 04:35:14,24.450,22.986
4686,5,11,61714.200000,5557.670000,1.510333,5.336247,0.031586,3.650263,1,02/27/2026 04:35:34,24.418,22.986
4687,5,11,61734.200000,5577.670000,1.510496,5.336842,0.028077,3.649958,1,02/27/2026 04:35:54,24.386,23.002
4688,5,11,61754.200000,5597.670000,1.510646,5.337390,0.027161,3.650263,1,02/27/2026 04:36:14,24.353,23.019
4689,5,11,61774.200000,5617.670000,1.510785,5.337899,0.024414,3.649958,1,02/27/2026 04:36:34,24.337,23.019
4690,5,11,61794.200000,5637.670000,1.510914,5.338371,0.024414,3.649653,1,02/27/2026 04:36:54,24.305,23.035
4691,5,11,61814.200000,5657.670000,1.511035,5.338811,0.021210,3.650263,1,02/27/2026 04:37:14,24.289,23.051
4692,5,11,61834.200000,5677.670000,1.511148,5.339222,0.019074,3.649958,1,02/27/2026 04:37:34,24.241,23.051
4693,5,11,61854.200000,5697.670000,1.511254,5.339610,0.018006,3.650263,1,02/27/2026 04:37:54,24.209,23.051
4694,5,11,61874.200000,5717.670000,1.511353,5.339973,0.017243,3.649653,1,02/27/2026 04:38:14,24.160,23.035
4695,5,11,61891.110000,5734.580000,1.511433,5.340264,0.014954,3.649958,132,02/27/2026 04:38:31,24.128,23.019
4696,5,12,61891.120000,0.010000,0.000000,0.000000,0.000000,3.649042,0,02/27/2026 04:38:31,24.128,23.019
4697,5,12,61897.170000,6.060000,0.000000,0.000000,0.000000,3.644160,5,02/27/2026 04:38:37,24.096,23.002
4698,5,12,61904.540000,13.430000,0.000000,0.000000,0.000000,3.639277,5,02/27/2026 04:38:44,24.080,23.002
4699,5,12,61913.140000,22.030000,0.000000,0.000000,0.000000,3.634089,5,02/27/2026 04:38:53,24.064,22.986
4700,5,12,61923.060000,31.950000,0.000000,0.000000,0.000000,3.629206,5,02/27/2026 04:39:02,24.032,22.986
4701,5,12,61932.990000,41.880000,0.000000,0.000000,0.000000,3.624323,5,02/27/2026 04:39:12,24.016,22.970
4702,5,12,61944.030000,52.920000,0.000000,0.000000,0.000000,3.619135,5,02/27/2026 04:39:23,23.983,22.954
4703,5,12,61956.550000,65.440000,0.000000,0.000000,0.000000,3.614252,5,02/27/2026 04:39:36,23.967,22.954
4704,5,12,61970.560000,79.450000,0.000000,0.000000,0.000000,3.609369,5,02/27/2026 04:39:50,23.935,22.938
4705,5,12,61983.350000,92.240000,0.000000,0.000000,0.000000,3.604181,5,02/27/2026 04:40:03,23.887,22.906
4706,5,12,62000.310000,109.200000,0.000000,0.000000,0.000000,3.599298,5,02/27/2026 04:40:20,23.855,22.906
4707,5,12,62016.460000,125.350000,0.000000,0.000000,0.000000,3.594110,5,02/27/2026 04:40:36,23.823,22.890
4708,5,12,62035.730000,144.620000,0.000000,0.000000,0.000000,3.588922,5,02/27/2026 04:40:55,23.790,22.858
4709,5,12,62055.730000,164.620000,0.000000,0.000000,0.000000,3.584344,1,02/27/2026 04:41:15,23.726,22.842
4710,5,12,62075.120000,184.010000,0.000000,0.000000,0.000000,3.579461,5,02/27/2026 04:41:35,23.694,22.842
4711,5,12,62095.120000,204.010000,0.000000,0.000000,0.000000,3.575494,1,02/27/2026 04:41:55,23.662,22.826
4712,5,12,62115.120000,224.010000,0.000000,0.000000,0.000000,3.571832,1,02/27/2026 04:42:15,23.646,22.842
4713,5,12,62135.120000,244.010000,0.000000,0.000000,0.000000,3.567864,1,02/27/2026 04:42:35,23.646,22.858
4714,5,12,62155.120000,264.010000,0.000000,0.000000,0.000000,3.564813,1,02/27/2026 04:42:55,23.629,22.858
4715,5,12,62175.120000,284.010000,0.000000,0.000000,0.000000,3.560845,1,02/27/2026 04:43:15,23.613,22.874
4716,5,12,62195.120000,304.010000,0.000000,0.000000,0.000000,3.558099,1,02/27/2026 04:43:35,23.613,22.890
4717,5,12,62215.120000,324.010000,0.000000,0.000000,0.000000,3.555352,1,02/27/2026 04:43:55,23.613,22.906
4718,5,12,62235.120000,344.010000,0.000000,0.000000,0.000000,3.552300,1,02/27/2026 04:44:15,23.597,22.906
4719,5,12,62255.120000,364.010000,0.000000,0.000000,0.000000,3.549554,1,02/27/2026 04:44:35,23.597,22.922
4720,5,12,62275.120000,384.010000,0.000000,0.000000,0.000000,3.547417,1,02/27/2026 04:44:55,23.597,22.938
4721,5,12,62295.120000,404.010000,0.000000,0.000000,0.000000,3.544976,1,02/27/2026 04:45:15,23.581,22.954
4722,5,12,62315.120000,424.010000,0.000000,0.000000,0.000000,3.542535,1,02/27/2026 04:45:35,23.597,22.954
4723,5,12,62335.120000,444.010000,0.000000,0.000000,0.000000,3.540398,1,02/27/2026 04:45:55,23.597,22.970
4724,5,12,62355.120000,464.010000,0.000000,0.000000,0.000000,3.538567,1,02/27/2026 04:46:15,23.581,22.986
4725,5,12,62375.120000,484.010000,0.000000,0.000000,0.000000,3.536431,1,02/27/2026 04:46:35,23.581,23.002
4726,5,12,62395.120000,504.010000,0.000000,0.000000,0.000000,3.534295,1,02/27/2026 04:46:55,23.581,23.035
4727,5,12,62415.120000,524.010000,0.000000,0.000000,0.000000,3.532769,1,02/27/2026 04:47:15,23.581,23.051
4728,5,12,62435.120000,544.010000,0.000000,0.000000,0.000000,3.531243,1,02/27/2026 04:47:35,23.597,23.083
4729,5,12,62455.120000,564.010000,0.000000,0.000000,0.000000,3.529717,1,02/27/2026 04:47:55,23.581,23.099
4730,5,12,62475.120000,584.010000,0.000000,0.000000,0.000000,3.527581,1,02/27/2026 04:48:15,23.565,23.099
4731,5,12,62495.120000,604.010000,0.000000,0.000000,0.000000,3.526055,1,02/27/2026 04:48:35,23.565,23.083
4732,5,12,62515.120000,624.010000,0.000000,0.000000,0.000000,3.524224,1,02/27/2026 04:48:55,23.549,23.083
4733,5,12,62535.120000,644.010000,0.000000,0.000000,0.000000,3.523003,1,02/27/2026 04:49:15,23.533,23.067
4734,5,12,62555.120000,664.010000,0.000000,0.000000,0.000000,3.521477,1,02/27/2026 04:49:35,23.517,23.067
4735,5,12,62575.120000,684.010000,0.000000,0.000000,0.000000,3.520256,1,02/27/2026 04:49:55,23.485,23.051
4736,5,12,62595.120000,704.010000,0.000000,0.000000,0.000000,3.518425,1,02/27/2026 04:50:15,23.453,23.035
4737,5,12,62615.120000,724.010000,0.000000,0.000000,0.000000,3.516899,1,02/27/2026 04:50:35,23.404,23.002
4738,5,12,62635.120000,744.010000,0.000000,0.000000,0.000000,3.515679,1,02/27/2026 04:50:55,23.372,22.970
4739,5,12,62655.120000,764.010000,0.000000,0.000000,0.000000,3.514458,1,02/27/2026 04:51:15,23.356,22.954
4740,5,12,62675.120000,784.010000,0.000000,0.000000,0.000000,3.513237,1,02/27/2026 04:51:35,23.340,22.954
4741,5,12,62695.120000,804.010000,0.000000,0.000000,0.000000,3.512322,1,02/27/2026 04:52:05,23.308,22.954
4742,5,12,62715.120000,824.010000,0.000000,0.000000,0.000000,3.511101,1,02/27/2026 04:52:15,23.276,22.938
4743,5,12,62735.120000,844.010000,0.000000,0.000000,0.000000,3.510491,1,02/27/2026 04:52:35,23.259,22.922
4744,5,12,62755.120000,864.010000,0.000000,0.000000,0.000000,3.508965,1,02/27/2026 04:52:55,23.243,22.938
4745,5,12,62775.120000,884.010000,0.000000,0.000000,0.000000,3.507744,1,02/27/2026 04:53:15,23.259,22.938
4746,5,12,62795.120000,904.010000,0.000000,0.000000,0.000000,3.506828,1,02/27/2026 04:53:35,23.259,22.954
4747,5,12,62815.120000,924.010000,0.000000,0.000000,0.000000,3.506218,1,02/27/2026 04:53:55,23.276,22.970
4748,5,12,62835.120000,944.010000,0.000000,0.000000,0.000000,3.504692,1,02/27/2026 04:54:15,23.292,22.986
4749,5,12,62855.120000,964.010000,0.000000,0.000000,0.000000,3.504082,1,02/27/2026 04:54:35,23.308,23.002
4750,5,12,62875.120000,984.010000,0.000000,0.000000,0.000000,3.503166,1,02/27/2026 04:54:55,23.308,23.019
4751,5,12,62895.120000,1004.010000,0.000000,0.000000,0.000000,3.502861,1,02/27/2026 04:55:15,23.324,23.035
4752,5,12,62915.120000,1024.010000,0.000000,0.000000,0.000000,3.501335,1,02/27/2026 04:55:35,23.340,23.051
4753,5,12,62935.120000,1044.010000,0.000000,0.000000,0.000000,3.500420,1,02/27/2026 04:55:55,23.340,23.067
4754,5,12,62955.120000,1064.010000,0.000000,0.000000,0.000000,3.499504,1,02/27/2026 04:56:15,23.356,23.083
4755,5,12,62975.120000,1084.010000,0.000000,0.000000,0.000000,3.498589,1,02/27/2026 04:56:35,23.356,23.099
4756,5,12,62995.120000,1104.010000,0.000000,0.000000,0.000000,3.498283,1,02/27/2026 04:56:55,23.372,23.099
4757,5,12,63015.120000,1124.010000,0.000000,0.000000,0.000000,3.497368,1,02/27/2026 04:57:15,23.372,23.115
4758,5,12,63035.120000,1144.010000,0.000000,0.000000,0.000000,3.496757,1,02/27/2026 04:57:35,23.388,23.131
4759,5,12,63055.120000,1164.010000,0.000000,0.000000,0.000000,3.495842,1,02/27/2026 04:57:55,23.388,23.147
4760,5,12,63075.120000,1184.010000,0.000000,0.000000,0.000000,3.495537,1,02/27/2026 04:58:15,23.404,23.163
4761,5,12,63095.120000,1204.010000,0.000000,0.000000,0.000000,3.494621,1,02/27/2026 04:58:35,23.404,23.163
4762,5,12,63115.120000,1224.010000,0.000000,0.000000,0.000000,3.494316,1,02/27/2026 04:58:55,23.404,23.163
4763,5,12,63135.120000,1244.010000,0.000000,0.000000,0.000000,3.492790,1,02/27/2026 04:59:15,23.404,23.179
4764,5,12,63155.120000,1264.010000,0.000000,0.000000,0.000000,3.492485,1,02/27/2026 04:59:35,23.404,23.179
4765,5,12,63175.120000,1284.010000,0.000000,0.000000,0.000000,3.491569,1,02/27/2026 04:59:55,23.388,23.179
4766,5,12,63195.120000,1304.010000,0.000000,0.000000,0.000000,3.491264,1,02/27/2026 05:00:15,23.372,23.163
4767,5,12,63215.120000,1324.010000,0.000000,0.000000,0.000000,3.490043,1,02/27/2026 05:00:35,23.356,23.131
4768,5,12,63235.120000,1344.010000,0.000000,0.000000,0.000000,3.489738,1,02/27/2026 05:00:55,23.340,23.099
4769,5,12,63255.120000,1364.010000,0.000000,0.000000,0.000000,3.488823,1,02/27/2026 05:01:15,23.308,23.083
4770,5,12,63275.120000,1384.010000,0.000000,0.000000,0.000000,3.488212,1,02/27/2026 05:01:35,23.292,23.067
4771,5,12,63295.120000,1404.010000,0.000000,0.000000,0.000000,3.487297,1,02/27/2026 05:01:55,23.276,23.051
4772,5,12,63315.120000,1424.010000,0.000000,0.000000,0.000000,3.486992,1,02/27/2026 05:02:15,23.243,23.035
4773,5,12,63335.120000,1444.010000,0.000000,0.000000,0.000000,3.486381,1,02/27/2026 05:02:35,23.227,23.019
4774,5,12,63355.120000,1464.010000,0.000000,0.000000,0.000000,3.486076,1,02/27/2026 05:02:55,23.211,23.002
4775,5,12,63375.120000,1484.010000,0.000000,0.000000,0.000000,3.485466,1,02/27/2026 05:03:15,23.179,22.986
4776,5,12,63395.120000,1504.010000,0.000000,0.000000,0.000000,3.485161,1,02/27/2026 05:03:35,23.163,22.970
4777,5,12,63415.120000,1524.010000,0.000000,0.000000,0.000000,3.484550,1,02/27/2026 05:03:55,23.163,22.986
4778,5,12,63435.120000,1544.010000,0.000000,0.000000,0.000000,3.483635,1,02/27/2026 05:04:15,23.179,22.986
4779,5,12,63455.120000,1564.010000,0.000000,0.000000,0.000000,3.483024,1,02/27/2026 05:04:35,23.179,23.002
4780,5,12,63475.120000,1584.010000,0.000000,0.000000,0.000000,3.482719,1,02/27/2026 05:04:55,23.195,23.002
4781,5,12,63495.120000,1604.010000,0.000000,0.000000,0.000000,3.482414,1,02/27/2026 05:05:15,23.211,23.035
4782,5,12,63515.120000,1624.010000,0.000000,0.000000,0.000000,3.481804,1,02/27/2026 05:05:35,23.227,23.051
4783,5,12,63535.120000,1644.010000,0.000000,0.000000,0.000000,3.481498,1,02/27/2026 05:05:55,23.243,23.067
4784,5,12,63555.120000,1664.010000,0.000000,0.000000,0.000000,3.481193,1,02/27/2026 05:06:15,23.259,23.083
4785,5,12,63575.120000,1684.010000,0.000000,0.000000,0.000000,3.480583,1,02/27/2026 05:06:35,23.276,23.099
4786,5,12,63595.120000,1704.010000,0.000000,0.000000,0.000000,3.479973,1,02/27/2026 05:06:55,23.292,23.115
4787,5,12,63615.120000,1724.010000,0.000000,0.000000,0.000000,3.479667,1,02/27/2026 05:07:15,23.308,23.131
4788,5,12,63635.120000,1744.010000,0.000000,0.000000,0.000000,3.478752,1,02/27/2026 05:07:35,23.324,23.131
4789,5,12,63655.120000,1764.010000,0.000000,0.000000,0.000000,3.478752,1,02/27/2026 05:07:55,23.340,23.147
4790,5,12,63675.120000,1784.010000,0.000000,0.000000,0.000000,3.478141,1,02/27/2026 05:08:15,23.340,23.163
4791,5,12,63691.110000,1800.000000,0.000000,0.000000,0.000000,3.478141,129,02/27/2026 05:08:31,23.340,23.179
4792,6,5,63691.150000,0.040000,0.000041,0.000131,-3.751431,3.215991,0,02/27/2026 05:08:31,23.340,23.179
4793,6,5,63691.310000,0.200000,0.000207,0.000664,-3.750057,3.189746,5,02/27/2026 05:08:31,23.340,23.179
4794,6,5,63691.430000,0.320000,0.000332,0.001062,-3.749905,3.174487,5,02/27/2026 05:08:31,23.340,23.179
4795,6,5,63691.560000,0.450000,0.000468,0.001490,-3.750057,3.161059,5,02/27/2026 05:08:31,23.340,23.179
4796,6,5,63691.700000,0.590000,0.000614,0.001950,-3.750057,3.148852,5,02/27/2026 05:08:32,23.340,23.179
4797,6,5,63691.850000,0.740000,0.000770,0.002441,-3.750057,3.137560,5,02/27/2026 05:08:32,23.340,23.179
4798,6,5,63692.000000,0.890000,0.000926,0.002930,-3.750057,3.127794,5,02/27/2026 05:08:32,23.340,23.179
4799,6,5,63692.170000,1.060000,0.001103,0.003483,-3.750057,3.118944,5,02/27/2026 05:08:32,23.340,23.179
4800,6,5,63692.340000,1.230000,0.001280,0.004035,-3.750057,3.110094,5,02/27/2026 05:08:32,23.340,23.179
4801,6,5,63692.540000,1.430000,0.001489,0.004682,-3.749905,3.101854,5,02/27/2026 05:08:32,23.340,23.163
4802,6,5,63692.750000,1.640000,0.001707,0.005359,-3.750057,3.094224,5,02/27/2026 05:08:33,23.340,23.179
4803,6,5,63692.980000,1.870000,0.001947,0.006100,-3.750057,3.086595,5,02/27/2026 05:08:33,23.340,23.179
4804,6,5,63693.240000,2.130000,0.002218,0.006935,-3.750057,3.079881,5,02/27/2026 05:08:33,23.340,23.179
4805,6,5,63693.520000,2.410000,0.002509,0.007832,-3.749905,3.073167,5,02/27/2026 05:08:33,23.340,23.179
4806,6,5,63693.820000,2.710000,0.002822,0.008791,-3.749752,3.066758,5,02/27/2026 05:08:34,23.340,23.163
4807,6,5,63694.160000,3.050000,0.003176,0.009876,-3.750057,3.060349,5,02/27/2026 05:08:34,23.340,23.163
4808,6,5,63694.530000,3.420000,0.003562,0.011054,-3.749905,3.054551,5,02/27/2026 05:08:34,23.340,23.163
4809,6,5,63694.940000,3.830000,0.003989,0.012357,-3.750210,3.049058,5,02/27/2026 05:08:35,23.340,23.163
4810,6,5,63695.450000,4.340000,0.004520,0.013975,-3.750057,3.043259,5,02/27/2026 05:08:35,23.356,23.163
4811,6,5,63696.000000,4.890000,0.005093,0.015717,-3.749752,3.037766,5,02/27/2026 05:08:36,23.356,23.163
4812,6,5,63696.750000,5.640000,0.005874,0.018088,-3.750057,3.031968,5,02/27/2026 05:08:37,23.356,23.163
4813,6,5,63697.560000,6.450000,0.006718,0.020644,-3.750057,3.026780,5,02/27/2026 05:08:37,23.356,23.163
4814,6,5,63698.580000,7.470000,0.007780,0.023857,-3.750057,3.021897,5,02/27/2026 05:08:39,23.356,23.163
4815,6,5,63699.840000,8.730000,0.009093,0.027819,-3.750057,3.016709,5,02/27/2026 05:08:40,23.372,23.179
4816,6,5,63701.470000,10.360000,0.010791,0.032937,-3.749905,3.011521,5,02/27/2026 05:08:41,23.372,23.179
4817,6,5,63703.630000,12.520000,0.013041,0.039707,-3.750057,3.006332,5,02/27/2026 05:08:44,23.388,23.179
4818,6,5,63706.300000,15.190000,0.015822,0.048062,-3.750057,3.001450,5,02/27/2026 05:08:46,23.420,23.179
4819,6,5,63709.460000,18.350000,0.019114,0.057934,-3.749905,2.996567,5,02/27/2026 05:08:49,23.453,23.179
4820,6,5,63713.390000,22.280000,0.023207,0.070190,-3.750057,2.991684,5,02/27/2026 05:08:53,23.501,23.179
4821,6,5,63718.240000,27.130000,0.028259,0.085293,-3.749905,2.986496,5,02/27/2026 05:08:58,23.565,23.179
4822,6,5,63725.320000,34.210000,0.035634,0.107301,-3.750057,2.981613,5,02/27/2026 05:09:05,23.678,23.195
4823,6,5,63734.620000,43.510000,0.045322,0.136163,-3.750057,2.976730,5,02/27/2026 05:09:15,23.871,23.195
4824,6,5,63754.030000,62.920000,0.065541,0.196297,-3.750057,2.971847,5,02/27/2026 05:09:34,24.257,23.212
4825,6,5,63774.030000,82.920000,0.086374,0.258189,-3.749905,2.969711,1,02/27/2026 05:09:54,24.659,23.212
4826,6,5,63794.030000,102.920000,0.107207,0.320054,-3.749905,2.969100,1,02/27/2026 05:10:14,25.045,23.228
4827,6,5,63814.030000,122.920000,0.128041,0.381916,-3.749752,2.969406,1,02/27/2026 05:10:34,25.431,23.212
4828,6,5,63834.030000,142.920000,0.148874,0.443788,-3.750057,2.970321,1,02/27/2026 05:10:54,25.801,23.212
4829,6,5,63854.030000,162.920000,0.169707,0.505677,-3.749905,2.970932,1,02/27/2026 05:11:14,26.139,23.195
4830,6,5,63874.030000,182.920000,0.190541,0.567586,-3.750057,2.971847,1,02/27/2026 05:11:34,26.461,23.179
4831,6,5,63894.030000,202.920000,0.211374,0.629511,-3.750057,2.972763,1,02/27/2026 05:11:54,26.750,23.163
4832,6,5,63914.030000,222.920000,0.232207,0.691451,-3.749905,2.973373,1,02/27/2026 05:12:14,27.024,23.147
4833,6,5,63934.030000,242.920000,0.253041,0.753408,-3.749905,2.973983,1,02/27/2026 05:12:34,27.313,23.131
4834,6,5,63954.030000,262.920000,0.273874,0.815376,-3.749905,2.974594,1,02/27/2026 05:12:54,27.571,23.099
4835,6,5,63974.030000,282.920000,0.294707,0.877354,-3.750057,2.974899,1,02/27/2026 05:13:14,27.828,23.099
4836,6,5,63994.030000,302.920000,0.315541,0.939339,-3.750057,2.975509,1,02/27/2026 05:13:34,28.117,23.067
4837,6,5,64014.030000,322.920000,0.336374,1.001329,-3.749905,2.975204,1,02/27/2026 05:13:54,28.327,23.051
4838,6,5,64034.030000,342.920000,0.357207,1.063322,-3.750057,2.975509,1,02/27/2026 05:14:14,28.568,23.035
4839,6,5,64054.030000,362.920000,0.378041,1.125317,-3.749752,2.975509,1,02/27/2026 05:14:34,28.761,23.035
4840,6,5,64074.030000,382.920000,0.398874,1.187311,-3.749905,2.975509,1,02/27/2026 05:14:54,29.018,23.035
4841,6,5,64094.030000,402.920000,0.419707,1.249302,-3.750057,2.975509,1,02/27/2026 05:15:14,29.227,23.019
4842,6,5,64114.030000,422.920000,0.440541,1.311287,-3.750057,2.974899,1,02/27/2026 05:15:34,29.404,23.035
4843,6,5,64134.030000,442.920000,0.461374,1.373266,-3.750057,2.974899,1,02/27/2026 05:15:54,29.565,23.051
4844,6,5,64154.030000,462.920000,0.482207,1.435236,-3.750057,2.973983,1,02/27/2026 05:16:14,29.823,23.051
4845,6,5,64174.030000,482.920000,0.503041,1.497195,-3.749905,2.973678,1,02/27/2026 05:16:34,30.031,23.067
4846,6,5,64194.030000,502.920000,0.523874,1.559142,-3.750210,2.973068,1,02/27/2026 05:16:54,30.266,23.067
4847,6,5,64214.030000,522.920000,0.544707,1.621073,-3.750057,2.972152,1,02/27/2026 05:17:14,30.470,23.099
4848,6,5,64234.030000,542.920000,0.565541,1.682989,-3.749905,2.971237,1,02/27/2026 05:17:34,30.612,23.099
4849,6,5,64254.030000,562.920000,0.586374,1.744884,-3.750057,2.970321,1,02/27/2026 05:17:54,30.722,23.131
4850,6,5,64274.030000,582.920000,0.607207,1.806754,-3.749905,2.969406,1,02/27/2026 05:18:14,30.847,23.147
4851,6,5,64294.030000,602.920000,0.628041,1.868599,-3.749905,2.968185,1,02/27/2026 05:18:34,31.051,23.163
4852,6,5,64314.030000,622.920000,0.648874,1.930421,-3.749905,2.966964,1,02/27/2026 05:18:54,31.208,23.195
4853,6,5,64334.030000,642.920000,0.669707,1.992219,-3.749905,2.965743,1,02/27/2026 05:19:14,31.334,23.195
4854,6,5,64354.030000,662.920000,0.690541,2.053988,-3.750210,2.963912,1,02/27/2026 05:19:34,31.381,23.212
4855,6,5,64374.030000,682.920000,0.711374,2.115728,-3.750057,2.962692,1,02/27/2026 05:19:54,31.632,23.228
4856,6,5,64394.030000,702.920000,0.732207,2.177436,-3.750057,2.960861,1,02/27/2026 05:20:14,31.679,23.228
4857,6,5,64414.030000,722.920000,0.753041,2.239107,-3.749905,2.959030,1,02/27/2026 05:20:34,31.836,23.228
4858,6,5,64434.030000,742.920000,0.773874,2.300744,-3.749905,2.957504,1,02/27/2026 05:20:54,31.962,23.228
4859,6,5,64454.030000,762.920000,0.794707,2.362344,-3.750057,2.955978,1,02/27/2026 05:21:14,31.993,23.212
4860,6,5,64474.030000,782.920000,0.815541,2.423903,-3.750057,2.953841,1,02/27/2026 05:21:34,32.166,23.179
4861,6,5,64494.030000,802.920000,0.836374,2.485420,-3.750057,2.951400,1,02/27/2026 05:21:54,32.213,23.147
4862,6,5,64514.030000,822.920000,0.857207,2.546889,-3.749905,2.949264,1,02/27/2026 05:22:14,32.150,23.115
4863,6,5,64534.030000,842.920000,0.878041,2.608312,-3.749905,2.947127,1,02/27/2026 05:22:34,32.323,23.099
4864,6,5,64554.030000,862.920000,0.898874,2.669689,-3.750210,2.944686,1,02/27/2026 05:22:54,32.370,23.067
4865,6,5,64574.030000,882.920000,0.919707,2.731013,-3.750057,2.942245,1,02/27/2026 05:23:14,32.354,23.051
4866,6,5,64594.030000,902.920000,0.940541,2.792284,-3.750057,2.939193,1,02/27/2026 05:23:34,32.558,23.051
4867,6,5,64614.030000,922.920000,0.961374,2.853501,-3.750057,2.937057,1,02/27/2026 05:23:54,32.700,23.051
4868,6,5,64634.030000,942.920000,0.982207,2.914660,-3.749905,2.934005,1,02/27/2026 05:24:14,32.841,23.035
4869,6,5,64654.030000,962.920000,1.003041,2.975759,-3.749905,2.930953,1,02/27/2026 05:24:34,32.778,23.035
4870,6,5,64674.030000,982.920000,1.023874,3.036793,-3.750057,2.928206,1,02/27/2026 05:24:54,32.888,23.035
4871,6,5,64694.030000,1002.920000,1.044707,3.097758,-3.749752,2.924544,1,02/27/2026 05:25:14,33.014,23.035
4872,6,5,64714.030000,1022.920000,1.065541,3.158651,-3.749905,2.920882,1,02/27/2026 05:25:34,33.139,23.051
4873,6,5,64734.030000,1042.920000,1.086374,3.219466,-3.750057,2.916915,1,02/27/2026 05:25:54,33.281,23.067
4874,6,5,64754.030000,1062.920000,1.107207,3.280197,-3.750057,2.912947,1,02/27/2026 05:26:14,33.359,23.083
4875,6,5,64773.440000,1082.330000,1.127426,3.339048,-3.750057,2.908064,5,02/27/2026 05:26:33,33.500,23.099
4876,6,5,64793.440000,1102.330000,1.148259,3.399592,-3.750057,2.903487,1,02/27/2026 05:26:53,33.516,23.099
4877,6,5,64810.710000,1119.600000,1.166249,3.451785,-3.750057,2.898604,5,02/27/2026 05:27:11,33.657,23.115
4878,6,5,64828.330000,1137.220000,1.184603,3.504947,-3.749752,2.893721,5,02/27/2026 05:27:28,33.799,23.147
4879,6,5,64842.240000,1151.130000,1.199093,3.546844,-3.750210,2.888838,5,02/27/2026 05:27:42,33.893,23.163
4880,6,5,64856.360000,1165.250000,1.213801,3.589303,-3.749905,2.883650,5,02/27/2026 05:27:56,33.971,23.163
4881,6,5,64869.640000,1178.530000,1.227634,3.629167,-3.750057,2.878767,5,02/27/2026 05:28:10,34.050,23.179
4882,6,5,64881.560000,1190.450000,1.240051,3.664887,-3.750057,2.873884,5,02/27/2026 05:28:21,34.050,23.195
4883,6,5,64892.620000,1201.510000,1.251572,3.697972,-3.749905,2.869001,5,02/27/2026 05:28:33,34.191,23.212
4884,6,5,64902.630000,1211.520000,1.261999,3.727864,-3.750057,2.864118,5,02/27/2026 05:28:43,34.223,23.212
4885,6,5,64912.250000,1221.140000,1.272020,3.756543,-3.750057,2.858930,5,02/27/2026 05:28:52,34.364,23.212
4886,6,5,64921.640000,1230.530000,1.281801,3.784485,-3.750057,2.854047,5,02/27/2026 05:29:02,34.427,23.228
4887,6,5,64929.670000,1238.560000,1.290166,3.808340,-3.749905,2.848859,5,02/27/2026 05:29:10,34.537,23.228
4888,6,5,64937.970000,1246.860000,1.298812,3.832952,-3.750057,2.843671,5,02/27/2026 05:29:18,34.568,23.228
4889,6,5,64945.580000,1254.470000,1.306739,3.855478,-3.749905,2.838788,5,02/27/2026 05:29:25,34.662,23.228
4890,6,5,64952.760000,1261.650000,1.314218,3.876693,-3.750057,2.833906,5,02/27/2026 05:29:33,34.646,23.244
4891,6,5,64958.910000,1267.800000,1.320624,3.894833,-3.749905,2.829023,5,02/27/2026 05:29:39,34.725,23.244
4892,6,5,64965.370000,1274.260000,1.327353,3.913855,-3.749752,2.823835,5,02/27/2026 05:29:45,34.788,23.244
4893,6,5,64971.560000,1280.450000,1.333801,3.932048,-3.750057,2.818647,5,02/27/2026 05:29:51,34.882,23.244
4894,6,5,64977.430000,1286.320000,1.339916,3.949270,-3.750057,2.813764,5,02/27/2026 05:29:57,34.945,23.260
4895,6,5,64982.840000,1291.730000,1.345551,3.965113,-3.750057,2.808881,5,02/27/2026 05:30:03,34.976,23.260
4896,6,5,64987.860000,1296.750000,1.350780,3.979788,-3.750057,2.803388,5,02/27/2026 05:30:08,35.055,23.260
4897,6,5,64993.240000,1302.130000,1.356384,3.995488,-3.749905,2.798505,5,02/27/2026 05:30:13,35.102,23.276
4898,6,5,64998.090000,1306.980000,1.361437,4.009614,-3.749905,2.793622,5,02/27/2026 05:30:18,35.117,23.260
4899,6,5,65002.320000,1311.210000,1.365843,4.021913,-3.749905,2.788128,5,02/27/2026 05:30:22,35.149,23.276
4900,6,5,65007.210000,1316.100000,1.370937,4.036104,-3.749752,2.782940,5,02/27/2026 05:30:27,35.196,23.276
4901,6,5,65011.470000,1320.360000,1.375374,4.048443,-3.749905,2.777752,5,02/27/2026 05:30:31,35.212,23.276
4902,6,5,65015.780000,1324.670000,1.379864,4.060904,-3.750057,2.772564,5,02/27/2026 05:30:36,35.212,23.276
4903,6,5,65019.860000,1328.750000,1.384114,4.072678,-3.750057,2.767681,5,02/27/2026 05:30:40,35.290,23.276
4904,6,5,65023.540000,1332.430000,1.387947,4.083278,-3.749905,2.762493,5,02/27/2026 05:30:43,35.337,23.292
4905,6,5,65027.640000,1336.530000,1.392218,4.095067,-3.750057,2.757305,5,02/27/2026 05:30:48,35.369,23.292
4906,6,5,65031.380000,1340.270000,1.396114,4.105799,-3.750057,2.752422,5,02/27/2026 05:30:51,35.557,23.292
4907,6,5,65034.560000,1343.450000,1.399426,4.114909,-3.750057,2.747539,5,02/27/2026 05:30:54,35.573,23.292
4908,6,5,65037.960000,1346.850000,1.402968,4.124631,-3.749905,2.742351,5,02/27/2026 05:30:58,35.541,23.292
4909,6,5,65041.130000,1350.020000,1.406270,4.133679,-3.749905,2.737469,5,02/27/2026 05:31:01,35.541,23.292
4910,6,5,65044.370000,1353.260000,1.409645,4.142910,-3.750210,2.732586,5,02/27/2026 05:31:04,35.479,23.292
4911,6,5,65047.390000,1356.280000,1.412791,4.151499,-3.750057,2.727703,5,02/27/2026 05:31:07,35.510,23.292
4912,6,5,65050.650000,1359.540000,1.416187,4.160754,-3.750057,2.722515,5,02/27/2026 05:31:11,35.667,23.292
4913,6,5,65053.570000,1362.460000,1.419228,4.169028,-3.749905,2.717632,5,02/27/2026 05:31:13,35.777,23.292
4914,6,5,65056.510000,1365.400000,1.422291,4.177343,-3.750210,2.712139,5,02/27/2026 05:31:16,35.840,23.308
4915,6,5,65059.540000,1368.430000,1.425447,4.185897,-3.749905,2.706950,5,02/27/2026 05:31:19,35.887,23.308
4916,6,5,65062.370000,1371.260000,1.428395,4.193870,-3.749905,2.702068,5,02/27/2026 05:31:22,35.887,23.308
4917,6,5,65065.090000,1373.980000,1.431228,4.201519,-3.750210,2.696880,5,02/27/2026 05:31:25,35.902,23.292
4918,6,5,65067.800000,1376.690000,1.434051,4.209125,-3.749752,2.691386,5,02/27/2026 05:31:28,35.934,23.292
4919,6,5,65070.490000,1379.380000,1.436853,4.216661,-3.749905,2.686503,5,02/27/2026 05:31:30,36.012,23.308
4920,6,5,65073.190000,1382.080000,1.439666,4.224210,-3.750057,2.681315,5,02/27/2026 05:31:33,36.122,23.308
4921,6,5,65075.670000,1384.560000,1.442249,4.231131,-3.750057,2.676127,5,02/27/2026 05:31:36,36.216,23.308
4922,6,5,65078.270000,1387.160000,1.444957,4.238372,-3.750210,2.671244,5,02/27/2026 05:31:38,36.326,23.308
4923,6,5,65080.490000,1389.380000,1.447270,4.244544,-3.750057,2.666361,5,02/27/2026 05:31:40,36.342,23.292
4924,6,5,65082.840000,1391.730000,1.449718,4.251065,-3.749752,2.661479,5,02/27/2026 05:31:43,36.358,23.308
4925,6,5,65085.130000,1394.020000,1.452103,4.257408,-3.750057,2.656596,5,02/27/2026 05:31:45,36.373,23.308
4926,6,5,65087.330000,1396.220000,1.454395,4.263490,-3.749905,2.651408,5,02/27/2026 05:31:47,36.389,23.292
4927,6,5,65089.570000,1398.460000,1.456728,4.269672,-3.749905,2.646525,5,02/27/2026 05:31:49,36.436,23.308
4928,6,5,65091.680000,1400.570000,1.458926,4.275483,-3.750057,2.641337,5,02/27/2026 05:31:52,36.530,23.292
4929,6,5,65094.030000,1402.920000,1.461374,4.281944,-3.750210,2.636454,5,02/27/2026 05:31:54,36.578,23.308
4930,6,5,65095.960000,1404.850000,1.463384,4.287239,-3.749752,2.631266,5,02/27/2026 05:31:56,36.593,23.308
4931,6,5,65098.100000,1406.990000,1.465614,4.293100,-3.750057,2.626078,5,02/27/2026 05:31:58,36.640,23.292
4932,6,5,65100.200000,1409.090000,1.467801,4.298839,-3.749905,2.621195,5,02/27/2026 05:32:00,36.687,23.308
4933,6,5,65102.170000,1411.060000,1.469853,4.304213,-3.749905,2.616007,5,02/27/2026 05:32:02,36.735,23.308
4934,6,5,65104.270000,1413.160000,1.472041,4.309930,-3.750057,2.610513,5,02/27/2026 05:32:04,36.750,23.292
4935,6,5,65106.350000,1415.240000,1.474207,4.315581,-3.750057,2.605325,5,02/27/2026 05:32:06,36.750,23.292
4936,6,5,65108.250000,1417.140000,1.476187,4.320733,-3.750057,2.600443,5,02/27/2026 05:32:08,36.782,23.292
4937,6,5,65110.130000,1419.020000,1.478145,4.325821,-3.750057,2.595560,5,02/27/2026 05:32:10,36.813,23.292
4938,6,5,65111.960000,1420.850000,1.480051,4.330764,-3.749752,2.590677,5,02/27/2026 05:32:12,36.844,23.292
4939,6,5,65113.830000,1422.720000,1.481999,4.335806,-3.750057,2.585489,5,02/27/2026 05:32:14,36.860,23.292
4940,6,5,65115.650000,1424.540000,1.483895,4.340703,-3.750210,2.580301,5,02/27/2026 05:32:16,36.876,23.292
4941,6,5,65117.540000,1426.430000,1.485864,4.345779,-3.749905,2.575418,5,02/27/2026 05:32:17,36.876,23.292
4942,6,5,65119.340000,1428.230000,1.487739,4.350602,-3.749905,2.570535,5,02/27/2026 05:32:19,36.876,23.292
4943,6,5,65120.900000,1429.790000,1.489364,4.354776,-3.750057,2.565652,5,02/27/2026 05:32:21,36.907,23.292
4944,6,5,65122.680000,1431.570000,1.491218,4.359528,-3.750057,2.560769,5,02/27/2026 05:32:23,36.954,23.292
4945,6,5,65124.300000,1433.190000,1.492905,4.363845,-3.750210,2.555581,5,02/27/2026 05:32:24,37.033,23.292
4946,6,5,65126.060000,1434.950000,1.494739,4.368526,-3.750057,2.550393,5,02/27/2026 05:32:26,37.096,23.276
4947,6,5,65127.700000,1436.590000,1.496447,4.372878,-3.750057,2.545205,5,02/27/2026 05:32:28,37.127,23.276
4948,6,5,65129.370000,1438.260000,1.498187,4.377302,-3.749905,2.540017,5,02/27/2026 05:32:29,37.143,23.276
4949,6,5,65131.120000,1440.010000,1.500009,4.381928,-3.750057,2.535134,5,02/27/2026 05:32:31,37.158,23.276
4950,6,5,65132.720000,1441.610000,1.501676,4.386148,-3.749905,2.529946,5,02/27/2026 05:32:33,37.190,23.276
4951,6,5,65134.410000,1443.300000,1.503437,4.390598,-3.750210,2.524453,5,02/27/2026 05:32:34,37.221,23.276
4952,6,5,65136.040000,1444.930000,1.505134,4.394880,-3.750057,2.519265,5,02/27/2026 05:32:36,37.221,23.276
4953,6,5,65137.540000,1446.430000,1.506697,4.398813,-3.750210,2.514076,5,02/27/2026 05:32:37,37.205,23.276
4954,6,5,65139.290000,1448.180000,1.508520,4.403391,-3.750057,2.508583,5,02/27/2026 05:32:39,37.221,23.276
4955,6,5,65140.970000,1449.860000,1.510270,4.407777,-3.750057,2.503090,5,02/27/2026 05:32:41,37.268,23.276
4956,6,5,65141.980000,1450.870000,1.511322,4.410409,-3.749905,2.500038,133,02/27/2026 05:32:42,37.315,23.260
4957,6,6,65141.990000,0.010000,0.000000,0.000000,0.000000,2.707256,0,02/27/2026 05:32:42,37.315,23.260
4958,6,6,65142.150000,0.170000,0.000000,0.000000,0.000000,2.727092,5,02/27/2026 05:32:42,37.315,23.260
4959,6,6,65142.280000,0.300000,0.000000,0.000000,0.000000,2.740215,5,02/27/2026 05:32:42,37.315,23.276
4960,6,6,65142.420000,0.440000,0.000000,0.000000,0.000000,2.751812,5,02/27/2026 05:32:42,37.331,23.276
4961,6,6,65142.560000,0.580000,0.000000,0.000000,0.000000,2.762493,5,02/27/2026 05:32:42,37.331,23.276
4962,6,6,65142.700000,0.720000,0.000000,0.000000,0.000000,2.772564,5,02/27/2026 05:32:43,37.331,23.276
4963,6,6,65142.850000,0.870000,0.000000,0.000000,0.000000,2.782330,5,02/27/2026 05:32:43,37.347,23.260
4964,6,6,65143.010000,1.030000,0.000000,0.000000,0.000000,2.792706,5,02/27/2026 05:32:43,37.347,23.260
4965,6,6,65143.180000,1.200000,0.000000,0.000000,0.000000,2.802777,5,02/27/2026 05:32:43,37.362,23.260
4966,6,6,65143.350000,1.370000,0.000000,0.000000,0.000000,2.811933,5,02/27/2026 05:32:43,37.362,23.260
4967,6,6,65143.520000,1.540000,0.000000,0.000000,0.000000,2.821088,5,02/27/2026 05:32:43,37.362,23.260
4968,6,6,65143.700000,1.720000,0.000000,0.000000,0.000000,2.829938,5,02/27/2026 05:32:44,37.378,23.260
4969,6,6,65143.880000,1.900000,0.000000,0.000000,0.000000,2.838483,5,02/27/2026 05:32:44,37.378,23.260
4970,6,6,65144.070000,2.090000,0.000000,0.000000,0.000000,2.847028,5,02/27/2026 05:32:44,37.394,23.260
4971,6,6,65144.270000,2.290000,0.000000,0.000000,0.000000,2.855268,5,02/27/2026 05:32:44,37.394,23.260
4972,6,6,65144.470000,2.490000,0.000000,0.000000,0.000000,2.863508,5,02/27/2026 05:32:44,37.410,23.260
4973,6,6,65144.680000,2.700000,0.000000,0.000000,0.000000,2.871748,5,02/27/2026 05:32:45,37.410,23.260
4974,6,6,65144.880000,2.900000,0.000000,0.000000,0.000000,2.879377,5,02/27/2026 05:32:45,37.425,23.260
4975,6,6,65145.100000,3.120000,0.000000,0.000000,0.000000,2.887312,5,02/27/2026 05:32:45,37.425,23.260
4976,6,6,65145.330000,3.350000,0.000000,0.000000,0.000000,2.895247,5,02/27/2026 05:32:45,37.441,23.260
4977,6,6,65145.560000,3.580000,0.000000,0.000000,0.000000,2.902876,5,02/27/2026 05:32:45,37.441,23.260
4978,6,6,65145.810000,3.830000,0.000000,0.000000,0.000000,2.910811,5,02/27/2026 05:32:46,37.457,23.260
4979,6,6,65146.060000,4.080000,0.000000,0.000000,0.000000,2.917830,5,02/27/2026 05:32:46,37.457,23.260
4980,6,6,65146.300000,4.320000,0.000000,0.000000,0.000000,2.925154,5,02/27/2026 05:32:46,37.472,23.260
4981,6,6,65146.550000,4.570000,0.000000,0.000000,0.000000,2.932479,5,02/27/2026 05:32:46,37.472,23.260
4982,6,6,65146.820000,4.840000,0.000000,0.000000,0.000000,2.939803,5,02/27/2026 05:32:47,37.488,23.260
4983,6,6,65147.090000,5.110000,0.000000,0.000000,0.000000,2.946822,5,02/27/2026 05:32:47,37.504,23.260
4984,6,6,65147.370000,5.390000,0.000000,0.000000,0.000000,2.953841,5,02/27/2026 05:32:47,37.504,23.260
4985,6,6,65147.670000,5.690000,0.000000,0.000000,0.000000,2.961166,5,02/27/2026 05:32:48,37.519,23.260
4986,6,6,65147.970000,5.990000,0.000000,0.000000,0.000000,2.967880,5,02/27/2026 05:32:48,37.519,23.260
4987,6,6,65148.270000,6.290000,0.000000,0.000000,0.000000,2.974289,5,02/27/2026 05:32:48,37.535,23.260
4988,6,6,65148.560000,6.580000,0.000000,0.000000,0.000000,2.980697,5,02/27/2026 05:32:48,37.535,23.260
4989,6,6,65148.880000,6.900000,0.000000,0.000000,0.000000,2.987106,5,02/27/2026 05:32:49,37.551,23.260
4990,6,6,65149.200000,7.220000,0.000000,0.000000,0.000000,2.993210,5,02/27/2026 05:32:49,37.567,23.260
4991,6,6,65149.520000,7.540000,0.000000,0.000000,0.000000,2.999313,5,02/27/2026 05:32:49,37.567,23.260
4992,6,6,65149.860000,7.880000,0.000000,0.000000,0.000000,3.005417,5,02/27/2026 05:32:50,37.567,23.260
4993,6,6,65150.230000,8.250000,0.000000,0.000000,0.000000,3.011826,5,02/27/2026 05:32:50,37.582,23.260
4994,6,6,65150.610000,8.630000,0.000000,0.000000,0.000000,3.018235,5,02/27/2026 05:32:51,37.582,23.260
4995,6,6,65151.010000,9.030000,0.000000,0.000000,0.000000,3.024033,5,02/27/2026 05:32:51,37.582,23.260
4996,6,6,65151.420000,9.440000,0.000000,0.000000,0.000000,3.030442,5,02/27/2026 05:32:51,37.567,23.260
4997,6,6,65151.870000,9.890000,0.000000,0.000000,0.000000,3.036240,5,02/27/2026 05:32:52,37.567,23.260
4998,6,6,65152.320000,10.340000,0.000000,0.000000,0.000000,3.042039,5,02/27/2026 05:32:52,37.567,23.260
4999,6,6,65152.770000,10.790000,0.000000,0.000000,0.000000,3.047532,5,02/27/2026 05:32:53,37.567,23.260
5000,6,6,65153.250000,11.270000,0.000000,0.000000,0.000000,3.053330,5,02/27/2026 05:32:53,37.567,23.260
5001,6,6,65153.760000,11.780000,0.000000,0.000000,0.000000,3.058824,5,02/27/2026 05:32:54,37.567,23.260
5002,6,6,65154.310000,12.330000,0.000000,0.000000,0.000000,3.064622,5,02/27/2026 05:32:54,37.567,23.244
5003,6,6,65154.920000,12.940000,0.000000,0.000000,0.000000,3.070420,5,02/27/2026 05:32:55,37.567,23.244
5004,6,6,65155.560000,13.580000,0.000000,0.000000,0.000000,3.075914,5,02/27/2026 05:32:55,37.567,23.260
5005,6,6,65156.240000,14.260000,0.000000,0.000000,0.000000,3.081712,5,02/27/2026 05:32:56,37.567,23.244
5006,6,6,65156.970000,14.990000,0.000000,0.000000,0.000000,3.087205,5,02/27/2026 05:32:57,37.551,23.260
5007,6,6,65157.760000,15.780000,0.000000,0.000000,0.000000,3.092393,5,02/27/2026 05:32:58,37.535,23.244
5008,6,6,65158.590000,16.610000,0.000000,0.000000,0.000000,3.097887,5,02/27/2026 05:32:59,37.519,23.244
5009,6,6,65159.510000,17.530000,0.000000,0.000000,0.000000,3.103380,5,02/27/2026 05:32:59,37.504,23.244
5010,6,6,65160.610000,18.630000,0.000000,0.000000,0.000000,3.108873,5,02/27/2026 05:33:01,37.488,23.244
5011,6,6,65161.680000,19.700000,0.000000,0.000000,0.000000,3.113756,5,02/27/2026 05:33:02,37.472,23.260
5012,6,6,65162.870000,20.890000,0.000000,0.000000,0.000000,3.118944,5,02/27/2026 05:33:03,37.457,23.260
5013,6,6,65164.140000,22.160000,0.000000,0.000000,0.000000,3.123827,5,02/27/2026 05:33:04,37.457,23.244
5014,6,6,65165.600000,23.620000,0.000000,0.000000,0.000000,3.128710,5,02/27/2026 05:33:06,37.441,23.244
5015,6,6,65167.060000,25.080000,0.000000,0.000000,0.000000,3.133593,5,02/27/2026 05:33:07,37.457,23.244
5016,6,6,65168.930000,26.950000,0.000000,0.000000,0.000000,3.138476,5,02/27/2026 05:33:09,37.457,23.244
5017,6,6,65170.990000,29.010000,0.000000,0.000000,0.000000,3.143664,5,02/27/2026 05:33:11,37.441,23.244
5018,6,6,65173.530000,31.550000,0.000000,0.000000,0.000000,3.148547,5,02/27/2026 05:33:13,37.394,23.228
5019,6,6,65176.230000,34.250000,0.000000,0.000000,0.000000,3.153429,5,02/27/2026 05:33:16,37.268,23.228
5020,6,6,65179.330000,37.350000,0.000000,0.000000,0.000000,3.158312,5,02/27/2026 05:33:19,37.221,23.228
5021,6,6,65183.090000,41.110000,0.000000,0.000000,0.000000,3.163195,5,02/27/2026 05:33:23,37.080,23.228
5022,6,6,65187.240000,45.260000,0.000000,0.000000,0.000000,3.168078,5,02/27/2026 05:33:27,37.048,23.212
5023,6,6,65193.070000,51.090000,0.000000,0.000000,0.000000,3.172961,5,02/27/2026 05:33:33,36.844,23.212
5024,6,6,65199.410000,57.430000,0.000000,0.000000,0.000000,3.177844,5,02/27/2026 05:33:39,36.625,23.212
5025,6,6,65208.460000,66.480000,0.000000,0.000000,0.000000,3.182727,5,02/27/2026 05:33:48,36.483,23.195
5026,6,6,65218.980000,77.000000,0.000000,0.000000,0.000000,3.187610,5,02/27/2026 05:33:59,36.216,23.179
5027,6,6,65234.350000,92.370000,0.000000,0.000000,0.000000,3.192493,5,02/27/2026 05:34:14,35.698,23.163
5028,6,6,65254.350000,112.370000,0.000000,0.000000,0.000000,3.197375,1,02/27/2026 05:34:34,35.243,23.131
5029,6,6,65274.350000,132.370000,0.000000,0.000000,0.000000,3.200427,1,02/27/2026 05:34:54,34.819,23.099
5030,6,6,65294.350000,152.370000,0.000000,0.000000,0.000000,3.203174,1,02/27/2026 05:35:14,34.474,23.083
5031,6,6,65314.350000,172.370000,0.000000,0.000000,0.000000,3.205005,1,02/27/2026 05:35:34,33.862,23.067
5032,6,6,65334.350000,192.370000,0.000000,0.000000,0.000000,3.206531,1,02/27/2026 05:35:54,33.500,23.051
5033,6,6,65354.350000,212.370000,0.000000,0.000000,0.000000,3.207141,1,02/27/2026 05:36:14,33.139,23.051
5034,6,6,65374.350000,232.370000,0.000000,0.000000,0.000000,3.208667,1,02/27/2026 05:36:34,32.794,23.067
5035,6,6,65394.350000,252.370000,0.000000,0.000000,0.000000,3.209583,1,02/27/2026 05:36:54,32.323,23.083
5036,6,6,65414.350000,272.370000,0.000000,0.000000,0.000000,3.210498,1,02/27/2026 05:37:14,32.103,23.099
5037,6,6,65434.350000,292.370000,0.000000,0.000000,0.000000,3.211109,1,02/27/2026 05:37:34,31.726,23.115
5038,6,6,65454.350000,312.370000,0.000000,0.000000,0.000000,3.211414,1,02/27/2026 05:37:54,31.475,23.115
5039,6,6,65474.350000,332.370000,0.000000,0.000000,0.000000,3.211719,1,02/27/2026 05:38:14,31.208,23.131
5040,6,6,65494.350000,352.370000,0.000000,0.000000,0.000000,3.212329,1,02/27/2026 05:38:34,30.989,23.147
5041,6,6,65514.350000,372.370000,0.000000,0.000000,0.000000,3.212634,1,02/27/2026 05:38:54,30.722,23.179
5042,6,6,65534.350000,392.370000,0.000000,0.000000,0.000000,3.213245,1,02/27/2026 05:39:14,30.408,23.195
5043,6,6,65554.350000,412.370000,0.000000,0.000000,0.000000,3.213550,1,02/27/2026 05:39:34,30.172,23.212
5044,6,6,65574.350000,432.370000,0.000000,0.000000,0.000000,3.213855,1,02/27/2026 05:39:54,29.967,23.228
5045,6,6,65594.350000,452.370000,0.000000,0.000000,0.000000,3.214160,1,02/27/2026 05:40:14,29.694,23.228
5046,6,6,65614.350000,472.370000,0.000000,0.000000,0.000000,3.214466,1,02/27/2026 05:40:34,29.485,23.244
5047,6,6,65634.350000,492.370000,0.000000,0.000000,0.000000,3.214466,1,02/27/2026 05:40:54,29.340,23.260
5048,6,6,65654.350000,512.370000,0.000000,0.000000,0.000000,3.214771,1,02/27/2026 05:41:14,29.083,23.260
5049,6,6,65674.350000,532.370000,0.000000,0.000000,0.000000,3.214771,1,02/27/2026 05:41:34,28.890,23.276
5050,6,6,65694.350000,552.370000,0.000000,0.000000,0.000000,3.215076,1,02/27/2026 05:41:54,28.648,23.276
5051,6,6,65714.350000,572.370000,0.000000,0.000000,0.000000,3.215381,1,02/27/2026 05:42:14,28.471,23.292
5052,6,6,65734.350000,592.370000,0.000000,0.000000,0.000000,3.215076,1,02/27/2026 05:42:34,28.262,23.292
5053,6,6,65754.350000,612.370000,0.000000,0.000000,0.000000,3.215076,1,02/27/2026 05:42:54,28.085,23.292
5054,6,6,65774.350000,632.370000,0.000000,0.000000,0.000000,3.215686,1,02/27/2026 05:43:14,27.924,23.276
5055,6,6,65794.350000,652.370000,0.000000,0.000000,0.000000,3.215381,1,02/27/2026 05:43:34,27.731,23.260
5056,6,6,65814.350000,672.370000,0.000000,0.000000,0.000000,3.215381,1,02/27/2026 05:43:54,27.538,23.244
5057,6,6,65834.350000,692.370000,0.000000,0.000000,0.000000,3.215381,1,02/27/2026 05:44:14,27.345,23.228
5058,6,6,65854.350000,712.370000,0.000000,0.000000,0.000000,3.215686,1,02/27/2026 05:44:34,27.168,23.195
5059,6,6,65874.350000,732.370000,0.000000,0.000000,0.000000,3.215686,1,02/27/2026 05:44:54,27.024,23.163
5060,6,6,65894.350000,752.370000,0.000000,0.000000,0.000000,3.215991,1,02/27/2026 05:45:14,26.847,23.163
5061,6,6,65914.350000,772.370000,0.000000,0.000000,0.000000,3.215686,1,02/27/2026 05:45:34,26.702,23.147
5062,6,6,65934.350000,792.370000,0.000000,0.000000,0.000000,3.215991,1,02/27/2026 05:45:54,26.557,23.131
5063,6,6,65954.350000,812.370000,0.000000,0.000000,0.000000,3.216297,1,02/27/2026 05:46:14,26.428,23.115
5064,6,6,65974.350000,832.370000,0.000000,0.000000,0.000000,3.215991,1,02/27/2026 05:46:34,26.284,23.099
5065,6,6,65994.350000,852.370000,0.000000,0.000000,0.000000,3.216297,1,02/27/2026 05:46:54,26.235,23.115
5066,6,6,66014.350000,872.370000,0.000000,0.000000,0.000000,3.216297,1,02/27/2026 05:47:14,26.091,23.131
5067,6,6,66034.350000,892.370000,0.000000,0.000000,0.000000,3.215991,1,02/27/2026 05:47:34,26.010,23.163
5068,6,6,66054.350000,912.370000,0.000000,0.000000,0.000000,3.216297,1,02/27/2026 05:47:54,25.914,23.163
5069,6,6,66074.350000,932.370000,0.000000,0.000000,0.000000,3.216297,1,02/27/2026 05:48:14,25.849,23.179
5070,6,6,66094.350000,952.370000,0.000000,0.000000,0.000000,3.216297,1,02/27/2026 05:48:34,25.753,23.195
5071,6,6,66114.350000,972.370000,0.000000,0.000000,0.000000,3.216297,1,02/27/2026 05:48:54,25.688,23.195
5072,6,6,66134.350000,992.370000,0.000000,0.000000,0.000000,3.216297,1,02/27/2026 05:49:14,25.608,23.212
5073,6,6,66154.350000,1012.370000,0.000000,0.000000,0.000000,3.216602,1,02/27/2026 05:49:34,25.544,23.212
5074,6,6,66174.350000,1032.370000,0.000000,0.000000,0.000000,3.216602,1,02/27/2026 05:49:54,25.463,23.244
5075,6,6,66194.350000,1052.370000,0.000000,0.000000,0.000000,3.216602,1,02/27/2026 05:50:14,25.415,23.244
5076,6,6,66214.350000,1072.370000,0.000000,0.000000,0.000000,3.216907,1,02/27/2026 05:50:34,25.351,23.244
5077,6,6,66234.350000,1092.370000,0.000000,0.000000,0.000000,3.216602,1,02/27/2026 05:50:54,25.286,23.244
5078,6,6,66254.350000,1112.370000,0.000000,0.000000,0.000000,3.216907,1,02/27/2026 05:51:14,25.222,23.260
5079,6,6,66274.350000,1132.370000,0.000000,0.000000,0.000000,3.216907,1,02/27/2026 05:51:34,25.174,23.260
5080,6,6,66294.350000,1152.370000,0.000000,0.000000,0.000000,3.216602,1,02/27/2026 05:51:54,25.125,23.260
5081,6,6,66314.350000,1172.370000,0.000000,0.000000,0.000000,3.216907,1,02/27/2026 05:52:14,25.061,23.260
5082,6,6,66334.350000,1192.370000,0.000000,0.000000,0.000000,3.217212,1,02/27/2026 05:52:34,25.013,23.276
5083,6,6,66354.350000,1212.370000,0.000000,0.000000,0.000000,3.216907,1,02/27/2026 05:52:54,24.949,23.260
5084,6,6,66374.350000,1232.370000,0.000000,0.000000,0.000000,3.216907,1,02/27/2026 05:53:14,24.884,23.260
5085,6,6,66394.350000,1252.370000,0.000000,0.000000,0.000000,3.216907,1,02/27/2026 05:53:34,24.836,23.260
5086,6,6,66414.350000,1272.370000,0.000000,0.000000,0.000000,3.216907,1,02/27/2026 05:53:54,24.772,23.244
5087,6,6,66434.350000,1292.370000,0.000000,0.000000,0.000000,3.216907,1,02/27/2026 05:54:14,24.707,23.212
5088,6,6,66454.350000,1312.370000,0.000000,0.000000,0.000000,3.216907,1,02/27/2026 05:54:34,24.627,23.195
5089,6,6,66474.350000,1332.370000,0.000000,0.000000,0.000000,3.217212,1,02/27/2026 05:54:54,24.579,23.179
5090,6,6,66494.350000,1352.370000,0.000000,0.000000,0.000000,3.216907,1,02/27/2026 05:55:14,24.498,23.147
5091,6,6,66514.350000,1372.370000,0.000000,0.000000,0.000000,3.216907,1,02/27/2026 05:55:34,24.450,23.147
5092,6,6,66534.350000,1392.370000,0.000000,0.000000,0.000000,3.216907,1,02/27/2026 05:55:54,24.402,23.115
5093,6,6,66554.350000,1412.370000,0.000000,0.000000,0.000000,3.216907,1,02/27/2026 05:56:14,24.353,23.083
5094,6,6,66574.350000,1432.370000,0.000000,0.000000,0.000000,3.216907,1,02/27/2026 05:56:34,24.257,23.067
5095,6,6,66594.350000,1452.370000,0.000000,0.000000,0.000000,3.217212,1,02/27/2026 05:56:54,24.192,23.035
5096,6,6,66614.350000,1472.370000,0.000000,0.000000,0.000000,3.216907,1,02/27/2026 05:57:14,24.128,23.019
5097,6,6,66634.350000,1492.370000,0.000000,0.000000,0.000000,3.216907,1,02/27/2026 05:57:34,24.096,23.002
5098,6,6,66654.350000,1512.370000,0.000000,0.000000,0.000000,3.217212,1,02/27/2026 05:57:54,24.064,23.002
5099,6,6,66674.350000,1532.370000,0.000000,0.000000,0.000000,3.217212,1,02/27/2026 05:58:14,24.032,23.002
5100,6,6,66694.350000,1552.370000,0.000000,0.000000,0.000000,3.217212,1,02/27/2026 05:58:34,24.016,23.002
5101,6,6,66714.350000,1572.370000,0.000000,0.000000,0.000000,3.217212,1,02/27/2026 05:58:54,23.999,23.019
5102,6,6,66734.350000,1592.370000,0.000000,0.000000,0.000000,3.217212,1,02/27/2026 05:59:14,23.967,23.002
5103,6,6,66754.350000,1612.370000,0.000000,0.000000,0.000000,3.217212,1,02/27/2026 05:59:34,23.951,23.019
5104,6,6,66774.350000,1632.370000,0.000000,0.000000,0.000000,3.217212,1,02/27/2026 05:59:54,23.935,23.019
5105,6,6,66794.350000,1652.370000,0.000000,0.000000,0.000000,3.217212,1,02/27/2026 06:00:14,23.935,23.019
5106,6,6,66814.350000,1672.370000,0.000000,0.000000,0.000000,3.217517,1,02/27/2026 06:00:34,23.887,23.035
5107,6,6,66834.350000,1692.370000,0.000000,0.000000,0.000000,3.217212,1,02/27/2026 06:00:54,23.887,23.035
5108,6,6,66854.350000,1712.370000,0.000000,0.000000,0.000000,3.217517,1,02/27/2026 06:01:14,23.887,23.035
5109,6,6,66874.350000,1732.370000,0.000000,0.000000,0.000000,3.217517,1,02/27/2026 06:01:34,23.871,23.035
5110,6,6,66894.350000,1752.370000,0.000000,0.000000,0.000000,3.217517,1,02/27/2026 06:01:54,23.839,23.035
5111,6,6,66914.350000,1772.370000,0.000000,0.000000,0.000000,3.217517,1,02/27/2026 06:02:14,23.839,23.051
5112,6,6,66934.350000,1792.370000,0.000000,0.000000,0.000000,3.217212,1,02/27/2026 06:02:34,23.823,23.035
5113,6,6,66941.980000,1800.000000,0.000000,0.000000,0.000000,3.217517,129,02/27/2026 06:02:42,23.823,23.035
5114,6,7,66942.110000,1800.130000,0.000035,0.000116,1.953765,3.356374,0,02/27/2026 06:02:43,23.823,23.051
5115,6,7,66942.330000,1800.350000,0.000154,0.000517,1.950103,3.364004,5,02/27/2026 06:02:43,23.823,23.051
5116,6,7,66942.670000,1800.690000,0.000338,0.001137,1.950103,3.370413,5,02/27/2026 06:02:43,23.823,23.051
5117,6,7,66943.090000,1801.110000,0.000566,0.001905,1.949798,3.375601,5,02/27/2026 06:02:43,23.823,23.051
5118,6,7,66943.640000,1801.660000,0.000864,0.002911,1.949950,3.381094,5,02/27/2026 06:02:44,23.823,23.051
5119,6,7,66944.400000,1802.420000,0.001275,0.004304,1.949798,3.385977,5,02/27/2026 06:02:45,23.823,23.051
5120,6,7,66945.400000,1803.420000,0.001817,0.006140,1.949950,3.390860,5,02/27/2026 06:02:46,23.823,23.051
5121,6,7,66946.810000,1804.830000,0.002581,0.008731,1.949950,3.396048,5,02/27/2026 06:02:47,23.823,23.035
5122,6,7,66949.130000,1807.150000,0.003837,0.013002,1.949798,3.400931,5,02/27/2026 06:02:50,23.806,23.035
5123,6,7,66952.620000,1810.640000,0.005728,0.019436,1.949950,3.405814,5,02/27/2026 06:02:53,23.823,23.051
5124,6,7,66958.050000,1816.070000,0.008669,0.029461,1.949950,3.410697,5,02/27/2026 06:02:58,23.823,23.035
5125,6,7,66966.780000,1824.800000,0.013397,0.045601,1.949798,3.415885,5,02/27/2026 06:03:07,23.839,23.035
5126,6,7,66982.840000,1840.860000,0.022096,0.075336,1.949798,3.420768,5,02/27/2026 06:03:23,23.903,23.035
5127,6,7,67002.840000,1860.860000,0.032929,0.112415,1.950103,3.425040,1,02/27/2026 06:03:43,23.999,23.035
5128,6,7,67022.840000,1880.860000,0.043761,0.149536,1.949950,3.428397,1,02/27/2026 06:04:03,24.112,23.051
5129,6,7,67042.840000,1900.860000,0.054594,0.186691,1.949798,3.431449,1,02/27/2026 06:04:23,24.192,23.035
5130,6,7,67062.840000,1920.860000,0.065427,0.223886,1.949950,3.435416,1,02/27/2026 06:04:43,24.289,23.035
5131,6,7,67082.840000,1940.860000,0.076260,0.261121,1.949645,3.438773,1,02/27/2026 06:05:03,24.369,23.019
5132,6,7,67102.840000,1960.860000,0.087092,0.298396,1.949798,3.443046,1,02/27/2026 06:05:23,24.434,23.002
5133,6,7,67122.840000,1980.860000,0.097925,0.335717,1.949798,3.447013,1,02/27/2026 06:05:43,24.530,22.986
5134,6,7,67142.840000,2000.860000,0.108758,0.373081,1.949798,3.451286,1,02/27/2026 06:06:03,24.579,22.970
5135,6,7,67162.840000,2020.860000,0.119590,0.410489,1.949798,3.454948,1,02/27/2026 06:06:23,24.643,22.954
5136,6,7,67182.840000,2040.860000,0.130423,0.447939,1.949798,3.459220,1,02/27/2026 06:06:43,24.691,22.922
5137,6,7,67202.840000,2060.860000,0.141256,0.485432,1.949950,3.462577,1,02/27/2026 06:07:03,24.707,22.906
5138,6,7,67222.840000,2080.860000,0.152089,0.522963,1.949950,3.466239,1,02/27/2026 06:07:23,24.755,22.874
5139,6,7,67242.840000,2100.860000,0.162921,0.560533,1.949798,3.469902,1,02/27/2026 06:07:43,24.788,22.842
5140,6,7,67262.840000,2120.860000,0.173754,0.598137,1.949950,3.472648,1,02/27/2026 06:08:03,24.820,22.809
5141,6,7,67282.840000,2140.860000,0.184587,0.635772,1.949645,3.475700,1,02/27/2026 06:08:23,24.868,22.777
5142,6,7,67302.840000,2160.860000,0.195420,0.673438,1.950103,3.478141,1,02/27/2026 06:08:43,24.900,22.761
5143,6,7,67322.840000,2180.860000,0.206252,0.711130,1.949950,3.480278,1,02/27/2026 06:09:03,24.932,22.761
5144,6,7,67342.840000,2200.860000,0.217085,0.748845,1.949950,3.482414,1,02/27/2026 06:09:23,24.965,22.745
5145,6,7,67362.840000,2220.860000,0.227918,0.786580,1.949645,3.483940,1,02/27/2026 06:09:43,25.045,22.745
5146,6,7,67382.840000,2240.860000,0.238751,0.824337,1.950256,3.486076,1,02/27/2026 06:10:03,25.109,22.745
5147,6,7,67402.840000,2260.860000,0.249583,0.862112,1.949798,3.487602,1,02/27/2026 06:10:23,25.142,22.745
5148,6,7,67422.840000,2280.860000,0.260416,0.899903,1.950103,3.489128,1,02/27/2026 06:10:43,25.206,22.745
5149,6,7,67442.840000,2300.860000,0.271249,0.937707,1.949950,3.490654,1,02/27/2026 06:11:03,25.254,22.761
5150,6,7,67462.840000,2320.860000,0.282082,0.975525,1.949950,3.491569,1,02/27/2026 06:11:23,25.351,22.761
5151,6,7,67482.840000,2340.860000,0.292914,1.013353,1.949798,3.492485,1,02/27/2026 06:11:43,25.383,22.761
5152,6,7,67500.170000,2358.190000,0.302301,1.046141,1.950103,3.493095,164,02/27/2026 06:12:01,25.415,22.777
5153,6,8,67500.180000,2358.200000,0.302301,1.046141,2.173037,3.507439,0,02/27/2026 06:12:01,25.415,22.777
5154,6,8,67515.010000,2373.030000,0.311267,1.077621,2.175021,3.512627,5,02/27/2026 06:12:15,25.463,22.761
5155,6,8,67535.010000,2393.030000,0.323350,1.120071,2.175021,3.513848,1,02/27/2026 06:12:35,25.560,22.777
5156,6,8,67555.010000,2413.030000,0.335433,1.162537,2.174868,3.514763,1,02/27/2026 06:12:55,25.656,22.777
5157,6,8,67575.010000,2433.030000,0.347516,1.205016,2.174868,3.515984,1,02/27/2026 06:13:15,25.753,22.793
5158,6,8,67595.010000,2453.030000,0.359599,1.247504,2.175021,3.516594,1,02/27/2026 06:13:35,25.849,22.826
5159,6,8,67615.010000,2473.030000,0.371682,1.290000,2.174868,3.517205,1,02/27/2026 06:13:55,25.946,22.842
5160,6,8,67635.010000,2493.030000,0.383765,1.332503,2.175174,3.517815,1,02/27/2026 06:14:15,26.042,22.858
5161,6,8,67655.010000,2513.030000,0.395848,1.375014,2.175021,3.518425,1,02/27/2026 06:14:35,26.139,22.890
5162,6,8,67675.010000,2533.030000,0.407932,1.417532,2.175021,3.519036,1,02/27/2026 06:14:55,26.203,22.906
5163,6,8,67695.010000,2553.030000,0.420015,1.460058,2.175021,3.519951,1,02/27/2026 06:15:15,26.268,22.922
5164,6,8,67715.010000,2573.030000,0.432098,1.502593,2.174868,3.520256,1,02/27/2026 06:15:35,26.364,22.938
5165,6,8,67735.010000,2593.030000,0.444181,1.545134,2.174868,3.520867,1,02/27/2026 06:15:55,26.428,22.938
5166,6,8,67755.010000,2613.030000,0.456264,1.587683,2.174868,3.521477,1,02/27/2026 06:16:15,26.477,22.922
5167,6,8,67775.010000,2633.030000,0.468347,1.630237,2.175021,3.522087,1,02/27/2026 06:16:35,26.525,22.906
5168,6,8,67795.010000,2653.030000,0.480430,1.672798,2.175021,3.522698,1,02/27/2026 06:16:55,26.573,22.906
5169,6,8,67815.010000,2673.030000,0.492514,1.715366,2.175021,3.523003,1,02/27/2026 06:17:15,26.605,22.890
5170,6,8,67835.010000,2693.030000,0.504597,1.757941,2.174716,3.523613,1,02/27/2026 06:17:35,26.654,22.858
5171,6,8,67855.010000,2713.030000,0.516680,1.800524,2.175174,3.524529,1,02/27/2026 06:17:55,26.718,22.842
5172,6,8,67875.010000,2733.030000,0.528763,1.843114,2.175021,3.525139,1,02/27/2026 06:18:15,26.782,22.826
5173,6,8,67895.010000,2753.030000,0.540846,1.885714,2.175021,3.526055,1,02/27/2026 06:18:35,26.814,22.826
5174,6,8,67915.010000,2773.030000,0.552929,1.928322,2.174868,3.526360,1,02/27/2026 06:18:55,26.847,22.809
5175,6,8,67935.010000,2793.030000,0.565012,1.970940,2.174868,3.527581,1,02/27/2026 06:19:15,26.927,22.826
5176,6,8,67955.010000,2813.030000,0.577095,2.013569,2.174716,3.528191,1,02/27/2026 06:19:35,27.008,22.826
5177,6,8,67975.010000,2833.030000,0.589179,2.056209,2.174868,3.529107,1,02/27/2026 06:19:55,27.056,22.858
5178,6,8,67995.010000,2853.030000,0.601262,2.098859,2.174868,3.529717,1,02/27/2026 06:20:15,27.120,22.874
5179,6,8,68000.480000,2858.500000,0.604566,2.110525,2.175021,3.530327,164,02/27/2026 06:20:21,27.136,22.890
5180,6,9,68000.500000,2858.520000,0.604580,2.110573,2.478218,3.548638,0,02/27/2026 06:20:21,27.136,22.890
5181,6,9,68000.510000,2858.530000,0.604587,2.110597,2.529793,3.551385,4,02/27/2026 06:20:21,27.136,22.890
5182,6,9,68000.520000,2858.540000,0.604594,2.110622,2.576791,3.554742,4,02/27/2026 06:20:21,27.136,22.890
5183,6,9,68000.530000,2858.550000,0.604601,2.110648,2.624704,3.558099,4,02/27/2026 06:20:21,27.136,22.890
5184,6,9,68004.200000,2862.220000,0.607277,2.120179,2.624857,3.562982,5,02/27/2026 06:20:25,27.168,22.890
5185,6,9,68024.130000,2882.150000,0.621809,2.172001,2.624704,3.567864,5,02/27/2026 06:20:45,27.265,22.906
5186,6,9,68044.130000,2902.150000,0.636392,2.224045,2.624857,3.569390,1,02/27/2026 06:21:05,27.377,22.922
5187,6,9,68064.130000,2922.150000,0.650975,2.276106,2.624704,3.570306,1,02/27/2026 06:21:25,27.522,22.954
5188,6,9,68084.130000,2942.150000,0.665558,2.328179,2.624857,3.570916,1,02/27/2026 06:21:45,27.603,22.970
5189,6,9,68104.130000,2962.150000,0.680141,2.380266,2.625010,3.571832,1,02/27/2026 06:22:05,27.780,22.986
5190,6,9,68124.130000,2982.150000,0.694724,2.432365,2.625010,3.572747,1,02/27/2026 06:22:25,27.908,23.002
5191,6,9,68144.130000,3002.150000,0.709307,2.484475,2.625162,3.573663,1,02/27/2026 06:22:45,28.037,23.035
5192,6,9,68164.130000,3022.150000,0.723890,2.536597,2.624857,3.574273,1,02/27/2026 06:23:05,28.085,23.051
5193,6,9,68184.130000,3042.150000,0.738474,2.588731,2.625162,3.575189,1,02/27/2026 06:23:25,28.230,23.067
5194,6,9,68204.130000,3062.150000,0.753057,2.640877,2.625010,3.576104,1,02/27/2026 06:23:45,28.343,23.099
5195,6,9,68224.130000,3082.150000,0.767640,2.693038,2.624704,3.577325,1,02/27/2026 06:24:05,28.423,23.115
5196,6,9,68244.130000,3102.150000,0.782223,2.745213,2.625010,3.578241,1,02/27/2026 06:24:25,28.552,23.131
5197,6,9,68264.130000,3122.150000,0.796806,2.797402,2.624857,3.579156,1,02/27/2026 06:24:45,28.616,23.163
5198,6,9,68284.130000,3142.150000,0.811389,2.849605,2.624857,3.580072,1,02/27/2026 06:25:05,28.777,23.179
5199,6,9,68304.130000,3162.150000,0.825972,2.901829,2.625162,3.581903,1,02/27/2026 06:25:25,28.857,23.195
5200,6,9,68324.130000,3182.150000,0.840555,2.954069,2.624857,3.582513,1,02/27/2026 06:25:45,28.906,23.195
5201,6,9,68344.130000,3202.150000,0.855138,3.006325,2.625010,3.584039,1,02/27/2026 06:26:05,28.986,23.195
5202,6,9,68364.130000,3222.150000,0.869721,3.058598,2.624857,3.584955,1,02/27/2026 06:26:25,29.083,23.212
5203,6,9,68384.130000,3242.150000,0.884304,3.110890,2.625162,3.586481,1,02/27/2026 06:26:45,29.099,23.212
5204,6,9,68404.130000,3262.150000,0.898887,3.163202,2.625162,3.587701,1,02/27/2026 06:27:05,29.163,23.212
5205,6,9,68415.000000,3273.020000,0.906813,3.191641,2.624857,3.588312,164,02/27/2026 06:27:15,29.195,23.212
5206,6,10,68415.010000,3273.030000,0.906813,3.191641,2.295109,3.569390,0,02/27/2026 06:27:15,29.195,23.212
5207,6,10,68418.310000,3276.330000,0.908923,3.199165,2.294957,3.564508,5,02/27/2026 06:27:19,29.195,23.195
5208,6,10,68438.310000,3296.330000,0.921673,3.244587,2.294804,3.561761,1,02/27/2026 06:27:39,29.179,23.195
5209,6,10,68458.310000,3316.330000,0.934422,3.289998,2.294804,3.562066,1,02/27/2026 06:27:59,29.179,23.179
5210,6,10,68478.310000,3336.330000,0.947172,3.335420,2.294804,3.563592,1,02/27/2026 06:28:19,29.211,23.163
5211,6,10,68498.310000,3356.330000,0.959921,3.380861,2.294804,3.564813,1,02/27/2026 06:28:39,29.227,23.163
5212,6,10,68518.310000,3376.330000,0.972670,3.426321,2.294957,3.566339,1,02/27/2026 06:28:59,29.163,23.163
5213,6,10,68538.310000,3396.330000,0.985420,3.471803,2.294804,3.568170,1,02/27/2026 06:29:19,29.131,23.163
5214,6,10,68558.310000,3416.330000,0.998169,3.517306,2.294957,3.569696,1,02/27/2026 06:29:39,29.163,23.147
5215,6,10,68578.310000,3436.330000,1.010919,3.562830,2.294804,3.571527,1,02/27/2026 06:29:59,29.163,23.131
5216,6,10,68598.310000,3456.330000,1.023668,3.608381,2.294957,3.573358,1,02/27/2026 06:30:19,29.179,23.099
5217,6,10,68618.310000,3476.330000,1.036418,3.653954,2.294804,3.575494,1,02/27/2026 06:30:39,29.163,23.099
5218,6,10,68638.310000,3496.330000,1.049167,3.699551,2.294957,3.577630,1,02/27/2026 06:30:59,29.179,23.115
5219,6,10,68658.310000,3516.330000,1.061917,3.745173,2.294804,3.579156,1,02/27/2026 06:31:19,29.163,23.115
5220,6,10,68678.310000,3536.330000,1.074666,3.790822,2.294804,3.581598,1,02/27/2026 06:31:39,29.195,23.131
5221,6,10,68698.310000,3556.330000,1.087415,3.836500,2.294957,3.583734,1,02/27/2026 06:31:59,29.227,23.147
5222,6,10,68718.310000,3576.330000,1.100165,3.882203,2.294957,3.585260,1,02/27/2026 06:32:19,29.260,23.163
5223,6,10,68738.310000,3596.330000,1.112914,3.927935,2.294652,3.588006,1,02/27/2026 06:32:39,29.243,23.179
5224,6,10,68758.310000,3616.330000,1.125664,3.973696,2.294957,3.590143,1,02/27/2026 06:32:59,29.260,23.195
5225,6,10,68778.310000,3636.330000,1.138413,4.019488,2.294652,3.592279,1,02/27/2026 06:33:19,29.340,23.212
5226,6,10,68798.310000,3656.330000,1.151163,4.065310,2.294957,3.595026,1,02/27/2026 06:33:39,29.308,23.244
5227,6,10,68818.310000,3676.330000,1.163912,4.111162,2.294804,3.597772,1,02/27/2026 06:33:59,29.388,23.260
5228,6,10,68838.310000,3696.330000,1.176662,4.157049,2.294804,3.600214,1,02/27/2026 06:34:19,29.485,23.276
5229,6,10,68858.310000,3716.330000,1.189411,4.202968,2.295109,3.602655,1,02/27/2026 06:34:39,29.485,23.292
5230,6,10,68878.310000,3736.330000,1.202160,4.248919,2.294957,3.605402,1,02/27/2026 06:34:59,29.517,23.308
5231,6,10,68889.180000,3747.200000,1.209090,4.273909,2.294652,3.607233,164,02/27/2026 06:35:10,29.501,23.308
5232,6,11,68889.190000,3747.210000,1.209090,4.273909,0.749828,3.517205,0,02/27/2026 06:35:10,29.501,23.308
5233,6,11,68889.360000,3747.380000,1.209127,4.274040,0.749676,3.509575,5,02/27/2026 06:35:10,29.501,23.324
5234,6,11,68889.720000,3747.740000,1.209202,4.274303,0.749828,3.503777,5,02/27/2026 06:35:10,29.501,23.324
5235,6,11,68890.280000,3748.300000,1.209319,4.274712,0.749828,3.498283,5,02/27/2026 06:35:11,29.501,23.324
5236,6,11,68891.160000,3749.180000,1.209502,4.275352,0.749676,3.492485,5,02/27/2026 06:35:12,29.501,23.308
5237,6,11,68892.510000,3750.530000,1.209783,4.276334,0.750134,3.487297,5,02/27/2026 06:35:13,29.517,23.324
5238,6,11,68894.120000,3752.140000,1.210119,4.277502,0.749981,3.482414,5,02/27/2026 06:35:15,29.517,23.308
5239,6,11,68896.400000,3754.420000,1.210594,4.279155,0.749981,3.477531,5,02/27/2026 06:35:17,29.501,23.308
5240,6,11,68899.160000,3757.180000,1.211169,4.281153,0.749981,3.472648,5,02/27/2026 06:35:20,29.533,23.308
5241,6,11,68903.260000,3761.280000,1.212023,4.284117,0.749828,3.467155,5,02/27/2026 06:35:24,29.501,23.324
5242,6,11,68908.300000,3766.320000,1.213073,4.287755,0.749828,3.462272,5,02/27/2026 06:35:29,29.453,23.324
5243,6,11,68915.190000,3773.210000,1.214508,4.292721,0.749676,3.457084,5,02/27/2026 06:35:36,29.453,23.324
5244,6,11,68925.070000,3783.090000,1.216566,4.299831,0.750134,3.452201,5,02/27/2026 06:35:45,29.372,23.324
5245,6,11,68939.160000,3797.180000,1.219501,4.309956,0.749676,3.447013,5,02/27/2026 06:36:00,29.276,23.324
5246,6,11,68959.160000,3817.180000,1.223667,4.324312,0.749523,3.444266,1,02/27/2026 06:36:20,29.147,23.324
5247,6,11,68979.160000,3837.180000,1.227834,4.338659,0.749828,3.443046,1,02/27/2026 06:36:40,28.938,23.324
5248,6,11,68999.160000,3857.180000,1.232000,4.353003,0.749828,3.443046,1,02/27/2026 06:37:00,28.713,23.308
5249,6,11,69019.160000,3877.180000,1.236166,4.367348,0.749828,3.443351,1,02/27/2026 06:37:20,28.632,23.292
5250,6,11,69039.160000,3897.180000,1.240332,4.381696,0.750134,3.443961,1,02/27/2026 06:37:40,28.504,23.292
5251,6,11,69059.160000,3917.180000,1.244499,4.396048,0.750134,3.445182,1,02/27/2026 06:38:00,28.262,23.276
5252,6,11,69079.160000,3937.180000,1.248665,4.410405,0.749828,3.446403,1,02/27/2026 06:38:20,28.134,23.260
5253,6,11,69099.160000,3957.180000,1.252831,4.424767,0.750134,3.447623,1,02/27/2026 06:38:40,27.989,23.228
5254,6,11,69119.160000,3977.180000,1.256997,4.439134,0.749981,3.448844,1,02/27/2026 06:39:00,27.844,23.228
5255,6,11,69139.160000,3997.180000,1.261164,4.453508,0.749981,3.450675,1,02/27/2026 06:39:20,27.683,23.212
5256,6,11,69159.160000,4017.180000,1.265330,4.467889,0.749828,3.452506,1,02/27/2026 06:39:40,27.538,23.195
5257,6,11,69179.160000,4037.180000,1.269496,4.482276,0.749981,3.454032,1,02/27/2026 06:40:00,27.410,23.179
5258,6,11,69199.160000,4057.180000,1.273662,4.496669,0.749981,3.455253,1,02/27/2026 06:40:20,27.281,23.179
5259,6,11,69219.160000,4077.180000,1.277829,4.511069,0.749676,3.457084,1,02/27/2026 06:40:40,27.168,23.147
5260,6,11,69239.160000,4097.180000,1.281995,4.525476,0.749981,3.459220,1,02/27/2026 06:41:00,27.024,23.131
5261,6,11,69259.160000,4117.180000,1.286161,4.539891,0.749828,3.461051,1,02/27/2026 06:41:20,26.943,23.131
5262,6,11,69279.160000,4137.180000,1.290327,4.554312,0.750134,3.462272,1,02/27/2026 06:41:40,26.879,23.131
5263,6,11,69299.160000,4157.180000,1.294494,4.568741,0.749828,3.464103,1,02/27/2026 06:42:00,26.798,23.131
5264,6,11,69319.160000,4177.180000,1.298660,4.583176,0.749828,3.465629,1,02/27/2026 06:42:20,26.702,23.131
5265,6,11,69339.160000,4197.180000,1.302826,4.597619,0.749981,3.467460,1,02/27/2026 06:42:40,26.638,23.131
5266,6,11,69359.160000,4217.180000,1.306992,4.612070,0.750134,3.469291,1,02/27/2026 06:43:00,26.589,23.147
5267,6,11,69379.160000,4237.180000,1.311159,4.626528,0.749828,3.470817,1,02/27/2026 06:43:20,26.525,23.163
5268,6,11,69399.160000,4257.180000,1.315325,4.640993,0.749828,3.472648,1,02/27/2026 06:43:40,26.477,23.179
5269,6,11,69419.160000,4277.180000,1.319491,4.655466,0.749981,3.474784,1,02/27/2026 06:44:00,26.396,23.163
5270,6,11,69439.160000,4297.180000,1.323657,4.669947,0.749828,3.476921,1,02/27/2026 06:44:20,26.348,23.179
5271,6,11,69459.160000,4317.180000,1.327823,4.684436,0.749828,3.478141,1,02/27/2026 06:44:40,26.284,23.163
5272,6,11,69479.160000,4337.180000,1.331990,4.698932,0.749828,3.480278,1,02/27/2026 06:45:00,26.235,23.179
5273,6,11,69499.160000,4357.180000,1.336156,4.713436,0.749828,3.482109,1,02/27/2026 06:45:20,26.187,23.179
5274,6,11,69519.160000,4377.180000,1.340322,4.727948,0.749828,3.483940,1,02/27/2026 06:45:40,26.123,23.179
5275,6,11,69539.160000,4397.180000,1.344488,4.742468,0.749981,3.486381,1,02/27/2026 06:46:00,26.091,23.179
5276,6,11,69559.160000,4417.180000,1.348655,4.756997,0.749828,3.488212,1,02/27/2026 06:46:20,26.058,23.179
5277,6,11,69579.160000,4437.180000,1.352821,4.771534,0.749981,3.490043,1,02/27/2026 06:46:40,26.010,23.179
5278,6,11,69599.160000,4457.180000,1.356987,4.786079,0.749981,3.492180,1,02/27/2026 06:47:00,25.962,23.179
5279,6,11,69619.160000,4477.180000,1.361153,4.800634,0.749828,3.494621,1,02/27/2026 06:47:20,25.914,23.163
5280,6,11,69639.160000,4497.180000,1.365320,4.815197,0.749981,3.496452,1,02/27/2026 06:47:40,25.849,23.131
5281,6,11,69659.160000,4517.180000,1.369486,4.829770,0.749981,3.498283,1,02/27/2026 06:48:00,25.785,23.099
5282,6,11,69679.160000,4537.180000,1.373652,4.844350,0.750286,3.501030,1,02/27/2026 06:48:20,25.688,23.067
5283,6,11,69699.160000,4557.180000,1.377818,4.858941,0.749981,3.503471,1,02/27/2026 06:48:40,25.656,23.035
5284,6,11,69719.160000,4577.180000,1.381985,4.873542,0.749676,3.505913,1,02/27/2026 06:49:00,25.560,23.002
5285,6,11,69739.160000,4597.180000,1.386151,4.888153,0.749981,3.508049,1,02/27/2026 06:49:20,25.512,22.986
5286,6,11,69759.160000,4617.180000,1.390317,4.902774,0.749523,3.510491,1,02/27/2026 06:49:40,25.463,22.970
5287,6,11,69779.160000,4637.180000,1.394483,4.917407,0.749676,3.513542,1,02/27/2026 06:50:00,25.431,22.954
5288,6,11,69799.160000,4657.180000,1.398650,4.932051,0.749828,3.516289,1,02/27/2026 06:50:20,25.367,22.954
5289,6,11,69819.160000,4677.180000,1.402816,4.946706,0.749981,3.518730,1,02/27/2026 06:50:40,25.351,22.938
5290,6,11,69839.160000,4697.180000,1.406982,4.961373,0.750134,3.521782,1,02/27/2026 06:51:00,25.302,22.922
5291,6,11,69859.160000,4717.180000,1.411148,4.976053,0.749981,3.525139,1,02/27/2026 06:51:20,25.254,22.906
5292,6,11,69879.160000,4737.180000,1.415315,4.990747,0.749828,3.528191,1,02/27/2026 06:51:40,25.222,22.906
5293,6,11,69899.160000,4757.180000,1.419481,5.005455,0.749981,3.531548,1,02/27/2026 06:52:00,25.190,22.906
5294,6,11,69919.160000,4777.180000,1.423647,5.020176,0.749981,3.534905,1,02/27/2026 06:52:20,25.206,22.906
5295,6,11,69939.160000,4797.180000,1.427813,5.034913,0.749981,3.538872,1,02/27/2026 06:52:40,25.206,22.922
5296,6,11,69959.160000,4817.180000,1.431980,5.049666,0.749981,3.543145,1,02/27/2026 06:53:00,25.190,22.938
5297,6,11,69979.160000,4837.180000,1.436146,5.064436,0.749828,3.547417,1,02/27/2026 06:53:20,25.174,22.938
5298,6,11,69999.160000,4857.180000,1.440312,5.079225,0.749828,3.551690,1,02/27/2026 06:53:40,25.190,22.954
5299,6,11,70017.070000,4875.090000,1.444043,5.092485,0.749981,3.556573,5,02/27/2026 06:53:57,25.190,22.954
5300,6,11,70035.390000,4893.410000,1.447859,5.106067,0.750134,3.561761,5,02/27/2026 06:54:16,25.190,22.986
5301,6,11,70053.140000,4911.160000,1.451557,5.119245,0.749828,3.566644,5,02/27/2026 06:54:34,25.206,22.986
5302,6,11,70068.760000,4926.780000,1.454811,5.130858,0.749828,3.571527,5,02/27/2026 06:54:49,25.206,23.002
5303,6,11,70082.910000,4940.930000,1.457758,5.141393,0.749828,3.576410,5,02/27/2026 06:55:03,25.206,23.002
5304,6,11,70096.400000,4954.420000,1.460568,5.151450,0.749981,3.581292,5,02/27/2026 06:55:17,25.222,23.019
5305,6,11,70108.970000,4966.990000,1.463187,5.160834,0.749981,3.586175,5,02/27/2026 06:55:29,25.222,23.019
5306,6,11,70120.210000,4978.230000,1.465528,5.169236,0.749981,3.591058,5,02/27/2026 06:55:41,25.254,23.035
5307,6,11,70131.470000,4989.490000,1.467874,5.177665,0.750134,3.595941,5,02/27/2026 06:55:52,25.254,23.051
5308,6,11,70140.920000,4998.940000,1.469842,5.184749,0.749981,3.600824,5,02/27/2026 06:56:01,25.270,23.051
5309,6,11,70150.870000,5008.890000,1.471915,5.192217,0.749676,3.605707,5,02/27/2026 06:56:11,25.254,23.067
5310,6,11,70159.090000,5017.110000,1.473627,5.198396,0.749828,3.610590,5,02/27/2026 06:56:19,25.270,23.067
5311,6,11,70167.190000,5025.210000,1.475315,5.204492,0.749828,3.615778,5,02/27/2026 06:56:28,25.270,23.067
5312,6,11,70175.320000,5033.340000,1.477008,5.210620,0.749828,3.620661,5,02/27/2026 06:56:36,25.286,23.067
5313,6,11,70182.050000,5040.070000,1.478410,5.215699,0.749981,3.625544,5,02/27/2026 06:56:42,25.286,23.083
5314,6,11,70188.400000,5046.420000,1.479733,5.220498,0.749828,3.630426,5,02/27/2026 06:56:49,25.286,23.083
5315,6,11,70194.690000,5052.710000,1.481043,5.225258,0.750134,3.635309,5,02/27/2026 06:56:55,25.286,23.083
5316,6,11,70200.630000,5058.650000,1.482281,5.229760,0.749828,3.640497,5,02/27/2026 06:57:01,25.302,23.099
5317,6,11,70206.030000,5064.050000,1.483406,5.233858,0.749981,3.645380,5,02/27/2026 06:57:06,25.302,23.083
5318,6,11,70211.230000,5069.250000,1.484489,5.237808,0.745708,3.650263,5,02/27/2026 06:57:12,25.318,23.099
5319,6,11,70212.180000,5070.200000,1.484684,5.238521,0.735637,3.650263,4,02/27/2026 06:57:13,25.318,23.099
5320,6,11,70213.190000,5071.210000,1.484889,5.239270,0.725566,3.649958,4,02/27/2026 06:57:14,25.318,23.099
5321,6,11,70214.840000,5072.860000,1.485219,5.240476,0.715496,3.649958,4,02/27/2026 06:57:15,25.318,23.099
5322,6,11,70217.040000,5075.060000,1.485654,5.242062,0.705425,3.649958,4,02/27/2026 06:57:17,25.318,23.099
5323,6,11,70219.130000,5077.150000,1.486061,5.243547,0.695354,3.649958,4,02/27/2026 06:57:20,25.318,23.099
5324,6,11,70221.260000,5079.280000,1.486470,5.245040,0.685283,3.649653,4,02/27/2026 06:57:22,25.318,23.099
5325,6,11,70223.710000,5081.730000,1.486933,5.246732,0.675212,3.650568,4,02/27/2026 06:57:24,25.318,23.099
5326,6,11,70225.920000,5083.940000,1.487345,5.248234,0.664988,3.649348,4,02/27/2026 06:57:26,25.335,23.099
5327,6,11,70228.360000,5086.380000,1.487793,5.249868,0.654917,3.649958,4,02/27/2026 06:57:29,25.335,23.099
5328,6,11,70230.740000,5088.760000,1.488222,5.251437,0.644846,3.650263,4,02/27/2026 06:57:31,25.335,23.099
5329,6,11,70233.130000,5091.150000,1.488647,5.252988,0.634623,3.649653,4,02/27/2026 06:57:34,25.351,23.099
5330,6,11,70235.720000,5093.740000,1.489100,5.254641,0.624552,3.650263,4,02/27/2026 06:57:36,25.351,23.099
5331,6,11,70237.700000,5095.720000,1.489441,5.255885,0.614328,3.649958,4,02/27/2026 06:57:38,25.351,23.099
5332,6,11,70240.520000,5098.540000,1.489918,5.257628,0.604257,3.650263,4,02/27/2026 06:57:41,25.351,23.099
5333,6,11,70242.730000,5100.750000,1.490286,5.258970,0.594186,3.649958,4,02/27/2026 06:57:43,25.335,23.099
5334,6,11,70245.230000,5103.250000,1.490695,5.260464,0.584115,3.650263,4,02/27/2026 06:57:46,25.335,23.099
5335,6,11,70247.680000,5105.700000,1.491090,5.261904,0.574044,3.649958,4,02/27/2026 06:57:48,25.351,23.099
5336,6,11,70250.220000,5108.240000,1.491492,5.263371,0.563973,3.650263,4,02/27/2026 06:57:51,25.351,23.099
5337,6,11,70252.720000,5110.740000,1.491880,5.264789,0.553750,3.650263,4,02/27/2026 06:57:53,25.351,23.099
5338,6,11,70255.220000,5113.240000,1.492262,5.266181,0.543679,3.649958,4,02/27/2026 06:57:56,25.351,23.099
5339,6,11,70257.450000,5115.470000,1.492596,5.267400,0.533608,3.650263,4,02/27/2026 06:57:58,25.351,23.099
5340,6,11,70260.340000,5118.360000,1.493021,5.268952,0.523384,3.649958,4,02/27/2026 06:58:01,25.351,23.099
5341,6,11,70263.000000,5121.020000,1.493404,5.270350,0.513008,3.650568,4,02/27/2026 06:58:03,25.351,23.099
5342,6,11,70265.770000,5123.790000,1.493795,5.271777,0.502937,3.650263,4,02/27/2026 06:58:06,25.351,23.099
5343,6,11,70268.110000,5126.130000,1.494119,5.272959,0.492866,3.649958,4,02/27/2026 06:58:08,25.351,23.099
5344,6,11,70270.960000,5128.980000,1.494506,5.274372,0.482643,3.649958,4,02/27/2026 06:58:11,25.351,23.099
5345,6,11,70273.610000,5131.630000,1.494857,5.275656,0.472419,3.650263,4,02/27/2026 06:58:14,25.351,23.099
5346,6,11,70276.440000,5134.460000,1.495225,5.276997,0.462348,3.649958,4,02/27/2026 06:58:17,25.335,23.099
5347,6,11,70278.920000,5136.940000,1.495541,5.278150,0.452125,3.649958,4,02/27/2026 06:58:19,25.335,23.099
5348,6,11,70281.940000,5139.960000,1.495916,5.279520,0.442054,3.649958,4,02/27/2026 06:58:22,25.335,23.099
5349,6,11,70285.250000,5143.270000,1.496318,5.280987,0.431830,3.649958,4,02/27/2026 06:58:26,25.335,23.099
5350,6,11,70287.790000,5145.810000,1.496619,5.282086,0.421759,3.649653,4,02/27/2026 06:58:28,25.302,23.099
5351,6,11,70291.080000,5149.100000,1.497000,5.283476,0.411688,3.650263,4,02/27/2026 06:58:31,25.302,23.099
5352,6,11,70293.840000,5151.860000,1.497311,5.284613,0.401617,3.649958,4,02/27/2026 06:58:34,25.318,23.099
5353,6,11,70296.670000,5154.690000,1.497624,5.285753,0.391547,3.650263,4,02/27/2026 06:58:37,25.318,23.099
5354,6,11,70300.210000,5158.230000,1.498004,5.287142,0.381323,3.650263,4,02/27/2026 06:58:41,25.302,23.099
5355,6,11,70303.400000,5161.420000,1.498337,5.288358,0.371252,3.649958,4,02/27/2026 06:58:44,25.286,23.099
5356,6,11,70306.860000,5164.880000,1.498689,5.289641,0.361028,3.650263,4,02/27/2026 06:58:47,25.286,23.083
5357,6,11,70310.090000,5168.110000,1.499008,5.290807,0.350958,3.649958,4,02/27/2026 06:58:50,25.286,23.083
5358,6,11,70313.180000,5171.200000,1.499305,5.291890,0.340887,3.650263,4,02/27/2026 06:58:54,25.286,23.083
5359,6,11,70316.770000,5174.790000,1.499641,5.293115,0.330816,3.649653,4,02/27/2026 06:58:57,25.286,23.083
5360,6,11,70320.720000,5178.740000,1.499999,5.294422,0.320745,3.649958,4,02/27/2026 06:59:01,25.286,23.083
5361,6,11,70324.500000,5182.520000,1.500330,5.295632,0.310674,3.650263,4,02/27/2026 06:59:05,25.270,23.083
5362,6,11,70328.160000,5186.180000,1.500641,5.296767,0.300603,3.649958,4,02/27/2026 06:59:09,25.270,23.067
5363,6,11,70332.460000,5190.480000,1.500994,5.298056,0.290532,3.650263,4,02/27/2026 06:59:13,25.254,23.067
5364,6,11,70336.180000,5194.200000,1.501290,5.299134,0.280461,3.649958,4,02/27/2026 06:59:17,25.238,23.067
5365,6,11,70340.940000,5198.960000,1.501654,5.300464,0.270390,3.649958,4,02/27/2026 06:59:21,25.222,23.067
5366,6,11,70345.140000,5203.160000,1.501964,5.301596,0.260014,3.649653,4,02/27/2026 06:59:26,25.206,23.051
5367,6,11,70350.540000,5208.560000,1.502347,5.302993,0.249943,3.650263,4,02/27/2026 06:59:31,25.190,23.051
5368,6,11,70354.570000,5212.590000,1.502621,5.303994,0.239719,3.649958,4,02/27/2026 06:59:35,25.174,23.035
5369,6,11,70360.110000,5218.130000,1.502984,5.305318,0.229648,3.649653,4,02/27/2026 06:59:40,25.174,23.035
5370,6,11,70365.780000,5223.800000,1.503339,5.306613,0.219577,3.650263,4,02/27/2026 06:59:46,25.158,23.019
5371,6,11,70371.170000,5229.190000,1.503661,5.307788,0.209506,3.650263,4,02/27/2026 06:59:52,25.142,23.019
5372,6,11,70377.830000,5235.850000,1.504040,5.309172,0.199435,3.650263,4,02/27/2026 06:59:58,25.109,23.019
5373,6,11,70383.510000,5241.530000,1.504347,5.310294,0.189364,3.649958,4,02/27/2026 07:00:04,25.109,23.019
5374,6,11,70390.270000,5248.290000,1.504696,5.311566,0.178988,3.649958,4,02/27/2026 07:00:11,25.093,23.002
5375,6,11,70398.810000,5256.830000,1.505110,5.313078,0.168917,3.649958,4,02/27/2026 07:00:19,25.061,23.002
5376,6,11,70406.570000,5264.590000,1.505464,5.314369,0.158694,3.649958,4,02/27/2026 07:00:27,25.029,22.986
5377,6,11,70415.490000,5273.510000,1.505845,5.315760,0.148623,3.649958,4,02/27/2026 07:00:36,24.997,22.970
5378,6,11,70424.320000,5282.340000,1.506198,5.317049,0.138552,3.649958,4,02/27/2026 07:00:45,24.949,22.970
5379,6,11,70434.160000,5292.180000,1.506565,5.318389,0.128481,3.650263,4,02/27/2026 07:00:55,24.932,22.954
5380,6,11,70446.190000,5304.210000,1.506980,5.319905,0.118410,3.649958,4,02/27/2026 07:01:07,24.900,22.938
5381,6,11,70460.190000,5318.210000,1.507421,5.321514,0.108186,3.649958,4,02/27/2026 07:01:21,24.884,22.922
5382,6,11,70473.540000,5331.560000,1.507804,5.322911,0.098116,3.650263,4,02/27/2026 07:01:34,24.820,22.906
5383,6,11,70488.740000,5346.760000,1.508200,5.324356,0.088045,3.650263,4,02/27/2026 07:01:49,24.739,22.890
5384,6,11,70506.900000,5364.920000,1.508624,5.325906,0.077821,3.649958,4,02/27/2026 07:02:07,24.691,22.858
5385,6,11,70526.900000,5384.920000,1.509040,5.327423,0.069429,3.649958,1,02/27/2026 07:02:27,24.643,22.842
5386,6,11,70546.900000,5404.920000,1.509409,5.328770,0.063172,3.650263,1,02/27/2026 07:02:47,24.579,22.842
5387,6,11,70566.900000,5424.920000,1.509738,5.329970,0.056458,3.649653,1,02/27/2026 07:03:07,24.530,22.842
5388,6,11,70586.900000,5444.920000,1.510033,5.331046,0.050660,3.649653,1,02/27/2026 07:03:27,24.498,22.842
5389,6,11,70606.900000,5464.920000,1.510299,5.332017,0.045624,3.650263,1,02/27/2026 07:03:47,24.450,22.858
5390,6,11,70626.900000,5484.920000,1.510539,5.332894,0.041047,3.649958,1,02/27/2026 07:04:07,24.418,22.858
5391,6,11,70646.900000,5504.920000,1.510758,5.333693,0.037995,3.649958,1,02/27/2026 07:04:27,24.386,22.874
5392,6,11,70666.900000,5524.920000,1.510957,5.334420,0.034028,3.649653,1,02/27/2026 07:04:47,24.369,22.890
5393,6,11,70686.900000,5544.920000,1.511140,5.335089,0.032044,3.649958,1,02/27/2026 07:05:07,24.337,22.906
5394,6,11,70706.900000,5564.920000,1.511308,5.335702,0.029145,3.649653,1,02/27/2026 07:05:27,24.321,22.906
5395,6,11,70726.900000,5584.920000,1.511464,5.336269,0.026398,3.649958,1,02/27/2026 07:05:47,24.289,22.938
5396,6,11,70746.900000,5604.920000,1.511607,5.336793,0.024720,3.649653,1,02/27/2026 07:06:07,24.257,22.938
5397,6,11,70766.900000,5624.920000,1.511741,5.337280,0.023041,3.649653,1,02/27/2026 07:06:27,24.225,22.954
5398,6,11,70786.900000,5644.920000,1.511865,5.337732,0.021515,3.649958,1,02/27/2026 07:06:47,24.225,22.954
5399,6,11,70806.900000,5664.920000,1.511980,5.338153,0.019532,3.649958,1,02/27/2026 07:07:07,24.192,22.986
5400,6,11,70826.900000,5684.920000,1.512088,5.338547,0.019074,3.649958,1,02/27/2026 07:07:27,24.176,22.986
5401,6,11,70846.900000,5704.920000,1.512189,5.338918,0.018006,3.650263,1,02/27/2026 07:07:47,24.144,22.986
5402,6,11,70866.900000,5724.920000,1.512284,5.339263,0.015717,3.649958,1,02/27/2026 07:08:07,24.144,23.002
5403,6,11,70871.420000,5729.440000,1.512304,5.339337,0.014954,3.649653,132,02/27/2026 07:08:12,24.128,23.002
5404,6,12,70871.430000,0.010000,0.000000,0.000000,0.000000,3.649348,0,02/27/2026 07:08:12,24.128,23.002
5405,6,12,70877.220000,5.800000,0.000000,0.000000,0.000000,3.644160,5,02/27/2026 07:08:18,24.128,23.002
5406,6,12,70884.610000,13.190000,0.000000,0.000000,0.000000,3.639277,5,02/27/2026 07:08:25,24.112,23.019
5407,6,12,70893.880000,22.460000,0.000000,0.000000,0.000000,3.634089,5,02/27/2026 07:08:34,24.112,23.019
5408,6,12,70903.270000,31.850000,0.000000,0.000000,0.000000,3.629206,5,02/27/2026 07:08:44,24.096,23.035
5409,6,12,70914.040000,42.620000,0.000000,0.000000,0.000000,3.624323,5,02/27/2026 07:08:54,24.080,23.035
5410,6,12,70924.700000,53.280000,0.000000,0.000000,0.000000,3.619440,5,02/27/2026 07:09:05,24.064,23.035
5411,6,12,70936.890000,65.470000,0.000000,0.000000,0.000000,3.614557,5,02/27/2026 07:09:17,24.064,23.051
5412,6,12,70950.620000,79.200000,0.000000,0.000000,0.000000,3.609369,5,02/27/2026 07:09:31,24.048,23.051
5413,6,12,70964.870000,93.450000,0.000000,0.000000,0.000000,3.604486,5,02/27/2026 07:09:45,24.032,23.051
5414,6,12,70980.800000,109.380000,0.000000,0.000000,0.000000,3.599603,5,02/27/2026 07:10:01,23.983,23.035
5415,6,12,70996.650000,125.230000,0.000000,0.000000,0.000000,3.594720,5,02/27/2026 07:10:17,23.967,23.035
5416,6,12,71015.230000,143.810000,0.000000,0.000000,0.000000,3.589532,5,02/27/2026 07:10:36,23.935,23.019
5417,6,12,71034.600000,163.180000,0.000000,0.000000,0.000000,3.584649,5,02/27/2026 07:10:55,23.887,23.002
5418,6,12,71054.600000,183.180000,0.000000,0.000000,0.000000,3.580072,1,02/27/2026 07:11:15,23.839,22.986
5419,6,12,71074.600000,203.180000,0.000000,0.000000,0.000000,3.575494,1,02/27/2026 07:11:35,23.790,22.954
5420,6,12,71094.600000,223.180000,0.000000,0.000000,0.000000,3.571527,1,02/27/2026 07:11:55,23.726,22.922
5421,6,12,71114.600000,243.180000,0.000000,0.000000,0.000000,3.568170,1,02/27/2026 07:12:15,23.694,22.890
5422,6,12,71134.600000,263.180000,0.000000,0.000000,0.000000,3.564813,1,02/27/2026 07:12:35,23.646,22.858
5423,6,12,71154.600000,283.180000,0.000000,0.000000,0.000000,3.561151,1,02/27/2026 07:12:55,23.613,22.842
5424,6,12,71174.600000,303.180000,0.000000,0.000000,0.000000,3.558099,1,02/27/2026 07:13:15,23.581,22.842
5425,6,12,71194.600000,323.180000,0.000000,0.000000,0.000000,3.555047,1,02/27/2026 07:13:35,23.549,22.826
5426,6,12,71214.600000,343.180000,0.000000,0.000000,0.000000,3.552300,1,02/27/2026 07:13:55,23.517,22.826
5427,6,12,71234.600000,363.180000,0.000000,0.000000,0.000000,3.549859,1,02/27/2026 07:14:15,23.501,22.826
5428,6,12,71254.600000,383.180000,0.000000,0.000000,0.000000,3.547417,1,02/27/2026 07:14:35,23.501,22.842
5429,6,12,71274.600000,403.180000,0.000000,0.000000,0.000000,3.544366,1,02/27/2026 07:14:55,23.485,22.874
5430,6,12,71294.600000,423.180000,0.000000,0.000000,0.000000,3.542535,1,02/27/2026 07:15:15,23.485,22.890
5431,6,12,71314.600000,443.180000,0.000000,0.000000,0.000000,3.540398,1,02/27/2026 07:15:35,23.485,22.922
5432,6,12,71334.600000,463.180000,0.000000,0.000000,0.000000,3.538262,1,02/27/2026 07:15:55,23.485,22.938
5433,6,12,71354.600000,483.180000,0.000000,0.000000,0.000000,3.536126,1,02/27/2026 07:16:15,23.501,22.954
5434,6,12,71374.600000,503.180000,0.000000,0.000000,0.000000,3.534295,1,02/27/2026 07:16:35,23.501,22.954
5435,6,12,71394.600000,523.180000,0.000000,0.000000,0.000000,3.532464,1,02/27/2026 07:16:55,23.485,22.970
5436,6,12,71414.600000,543.180000,0.000000,0.000000,0.000000,3.530938,1,02/27/2026 07:17:15,23.485,22.986
5437,6,12,71434.600000,563.180000,0.000000,0.000000,0.000000,3.529412,1,02/27/2026 07:17:35,23.501,22.986
5438,6,12,71454.600000,583.180000,0.000000,0.000000,0.000000,3.527581,1,02/27/2026 07:17:55,23.501,23.002
5439,6,12,71474.600000,603.180000,0.000000,0.000000,0.000000,3.526055,1,02/27/2026 07:18:15,23.501,23.019
5440,6,12,71494.600000,623.180000,0.000000,0.000000,0.000000,3.524529,1,02/27/2026 07:18:35,23.501,23.035
5441,6,12,71514.600000,643.180000,0.000000,0.000000,0.000000,3.523003,1,02/27/2026 07:18:55,23.501,23.051
5442,6,12,71534.600000,663.180000,0.000000,0.000000,0.000000,3.521782,1,02/27/2026 07:19:15,23.501,23.067
5443,6,12,71554.600000,683.180000,0.000000,0.000000,0.000000,3.520256,1,02/27/2026 07:19:35,23.501,23.067
5444,6,12,71574.600000,703.180000,0.000000,0.000000,0.000000,3.518425,1,02/27/2026 07:19:55,23.517,23.099
5445,6,12,71594.600000,723.180000,0.000000,0.000000,0.000000,3.517815,1,02/27/2026 07:20:15,23.517,23.099
5446,6,12,71614.600000,743.180000,0.000000,0.000000,0.000000,3.516289,1,02/27/2026 07:20:35,23.517,23.115
5447,6,12,71634.600000,763.180000,0.000000,0.000000,0.000000,3.514763,1,02/27/2026 07:20:55,23.517,23.115
5448,6,12,71654.600000,783.180000,0.000000,0.000000,0.000000,3.513542,1,02/27/2026 07:21:15,23.501,23.131
5449,6,12,71674.600000,803.180000,0.000000,0.000000,0.000000,3.512627,1,02/27/2026 07:21:35,23.485,23.099
5450,6,12,71694.600000,823.180000,0.000000,0.000000,0.000000,3.511406,1,02/27/2026 07:21:55,23.469,23.099
5451,6,12,71714.600000,843.180000,0.000000,0.000000,0.000000,3.510185,1,02/27/2026 07:22:15,23.420,23.067
5452,6,12,71734.600000,863.180000,0.000000,0.000000,0.000000,3.508965,1,02/27/2026 07:22:35,23.388,23.035
5453,6,12,71754.600000,883.180000,0.000000,0.000000,0.000000,3.508049,1,02/27/2026 07:22:55,23.356,23.002
5454,6,12,71774.600000,903.180000,0.000000,0.000000,0.000000,3.507134,1,02/27/2026 07:23:15,23.324,22.986
5455,6,12,71794.600000,923.180000,0.000000,0.000000,0.000000,3.506523,1,02/27/2026 07:23:35,23.308,22.970
5456,6,12,71814.600000,943.180000,0.000000,0.000000,0.000000,3.504692,1,02/27/2026 07:23:55,23.276,22.954
5457,6,12,71834.600000,963.180000,0.000000,0.000000,0.000000,3.503777,1,02/27/2026 07:24:15,23.259,22.954
5458,6,12,71854.600000,983.180000,0.000000,0.000000,0.000000,3.502861,1,02/27/2026 07:24:35,23.227,22.938
5459,6,12,71874.600000,1003.180000,0.000000,0.000000,0.000000,3.502251,1,02/27/2026 07:24:55,23.211,22.922
5460,6,12,71894.600000,1023.180000,0.000000,0.000000,0.000000,3.501030,1,02/27/2026 07:25:15,23.211,22.922
5461,6,12,71914.600000,1043.180000,0.000000,0.000000,0.000000,3.500114,1,02/27/2026 07:25:35,23.195,22.922
5462,6,12,71934.600000,1063.180000,0.000000,0.000000,0.000000,3.499809,1,02/27/2026 07:25:55,23.211,22.922
5463,6,12,71954.600000,1083.180000,0.000000,0.000000,0.000000,3.498589,1,02/27/2026 07:26:15,23.211,22.938
5464,6,12,71974.600000,1103.180000,0.000000,0.000000,0.000000,3.497978,1,02/27/2026 07:26:35,23.211,22.954
5465,6,12,71994.600000,1123.180000,0.000000,0.000000,0.000000,3.497368,1,02/27/2026 07:26:55,23.227,22.954
5466,6,12,72014.600000,1143.180000,0.000000,0.000000,0.000000,3.496452,1,02/27/2026 07:27:15,23.243,22.970
5467,6,12,72034.600000,1163.180000,0.000000,0.000000,0.000000,3.495842,1,02/27/2026 07:27:35,23.259,22.986
5468,6,12,72054.600000,1183.180000,0.000000,0.000000,0.000000,3.495232,1,02/27/2026 07:27:55,23.292,23.002
5469,6,12,72074.600000,1203.180000,0.000000,0.000000,0.000000,3.494926,1,02/27/2026 07:28:15,23.292,23.019
5470,6,12,72094.600000,1223.180000,0.000000,0.000000,0.000000,3.493706,1,02/27/2026 07:28:35,23.308,23.035
5471,6,12,72114.600000,1243.180000,0.000000,0.000000,0.000000,3.493095,1,02/27/2026 07:28:55,23.308,23.051
5472,6,12,72134.600000,1263.180000,0.000000,0.000000,0.000000,3.492485,1,02/27/2026 07:29:15,23.324,23.083
5473,6,12,72154.600000,1283.180000,0.000000,0.000000,0.000000,3.491569,1,02/27/2026 07:29:35,23.356,23.099
5474,6,12,72174.600000,1303.180000,0.000000,0.000000,0.000000,3.490959,1,02/27/2026 07:29:55,23.356,23.115
5475,6,12,72194.600000,1323.180000,0.000000,0.000000,0.000000,3.490349,1,02/27/2026 07:30:15,23.356,23.131
5476,6,12,72214.600000,1343.180000,0.000000,0.000000,0.000000,3.490043,1,02/27/2026 07:30:35,23.372,23.147
5477,6,12,72234.600000,1363.180000,0.000000,0.000000,0.000000,3.489433,1,02/27/2026 07:30:55,23.388,23.163
5478,6,12,72254.600000,1383.180000,0.000000,0.000000,0.000000,3.488518,1,02/27/2026 07:31:15,23.372,23.163
5479,6,12,72274.600000,1403.180000,0.000000,0.000000,0.000000,3.488212,1,02/27/2026 07:31:35,23.388,23.163
5480,6,12,72294.600000,1423.180000,0.000000,0.000000,0.000000,3.487602,1,02/27/2026 07:31:55,23.388,23.163
5481,6,12,72314.600000,1443.180000,0.000000,0.000000,0.000000,3.486687,1,02/27/2026 07:32:15,23.372,23.163
5482,6,12,72334.600000,1463.180000,0.000000,0.000000,0.000000,3.486381,1,02/27/2026 07:32:35,23.372,23.147
5483,6,12,72354.600000,1483.180000,0.000000,0.000000,0.000000,3.486076,1,02/27/2026 07:32:55,23.356,23.131
5484,6,12,72374.600000,1503.180000,0.000000,0.000000,0.000000,3.485466,1,02/27/2026 07:33:15,23.340,23.115
5485,6,12,72394.600000,1523.180000,0.000000,0.000000,0.000000,3.484855,1,02/27/2026 07:33:35,23.308,23.083
5486,6,12,72414.600000,1543.180000,0.000000,0.000000,0.000000,3.483940,1,02/27/2026 07:33:55,23.308,23.067
5487,6,12,72434.600000,1563.180000,0.000000,0.000000,0.000000,3.483635,1,02/27/2026 07:34:15,23.276,23.067
5488,6,12,72454.600000,1583.180000,0.000000,0.000000,0.000000,3.483024,1,02/27/2026 07:34:35,23.243,23.035
5489,6,12,72474.600000,1603.180000,0.000000,0.000000,0.000000,3.482414,1,02/27/2026 07:34:55,23.227,23.002
5490,6,12,72494.600000,1623.180000,0.000000,0.000000,0.000000,3.481804,1,02/27/2026 07:35:15,23.195,22.986
5491,6,12,72514.600000,1643.180000,0.000000,0.000000,0.000000,3.481193,1,02/27/2026 07:35:35,23.179,22.970
5492,6,12,72534.600000,1663.180000,0.000000,0.000000,0.000000,3.480888,1,02/27/2026 07:35:55,23.147,22.938
5493,6,12,72554.600000,1683.180000,0.000000,0.000000,0.000000,3.480278,1,02/27/2026 07:36:15,23.131,22.938
5494,6,12,72574.600000,1703.180000,0.000000,0.000000,0.000000,3.479973,1,02/27/2026 07:36:35,23.131,22.938
5495,6,12,72594.600000,1723.180000,0.000000,0.000000,0.000000,3.479973,1,02/27/2026 07:36:55,23.147,22.938
5496,6,12,72614.600000,1743.180000,0.000000,0.000000,0.000000,3.479667,1,02/27/2026 07:37:15,23.147,22.954
5497,6,12,72634.600000,1763.180000,0.000000,0.000000,0.000000,3.478752,1,02/27/2026 07:37:35,23.163,22.970
5498,6,12,72654.600000,1783.180000,0.000000,0.000000,0.000000,3.478447,1,02/27/2026 07:37:55,23.163,22.986
5499,6,12,72671.420000,1800.000000,0.000000,0.000000,0.000000,3.478141,129,02/27/2026 07:38:12,23.179,22.986
5500,7,5,72671.460000,0.040000,0.000041,0.000131,-3.752041,3.219348,0,02/27/2026 07:38:12,23.179,23.002
5501,7,5,72671.620000,0.200000,0.000207,0.000665,-3.749905,3.194018,5,02/27/2026 07:38:12,23.179,23.002
5502,7,5,72671.740000,0.320000,0.000332,0.001063,-3.749905,3.178454,5,02/27/2026 07:38:13,23.179,22.986
5503,7,5,72671.870000,0.450000,0.000468,0.001492,-3.749905,3.164416,5,02/27/2026 07:38:13,23.179,22.986
5504,7,5,72672.010000,0.590000,0.000614,0.001953,-3.750057,3.152514,5,02/27/2026 07:38:13,23.179,22.986
5505,7,5,72672.150000,0.730000,0.000759,0.002411,-3.749752,3.141833,5,02/27/2026 07:38:13,23.179,22.986
5506,7,5,72672.310000,0.890000,0.000926,0.002934,-3.750057,3.131762,5,02/27/2026 07:38:13,23.179,22.986
5507,7,5,72672.480000,1.060000,0.001103,0.003488,-3.749752,3.122301,5,02/27/2026 07:38:13,23.179,22.986
5508,7,5,72672.670000,1.250000,0.001301,0.004104,-3.750210,3.113146,5,02/27/2026 07:38:13,23.179,23.002
5509,7,5,72672.870000,1.450000,0.001509,0.004752,-3.750210,3.104295,5,02/27/2026 07:38:14,23.179,23.002
5510,7,5,72673.100000,1.680000,0.001749,0.005495,-3.749752,3.096056,5,02/27/2026 07:38:14,23.179,23.002
5511,7,5,72673.350000,1.930000,0.002009,0.006300,-3.750057,3.088731,5,02/27/2026 07:38:14,23.179,23.002
5512,7,5,72673.610000,2.190000,0.002280,0.007135,-3.750057,3.081407,5,02/27/2026 07:38:14,23.179,23.002
5513,7,5,72673.910000,2.490000,0.002593,0.008097,-3.749905,3.074693,5,02/27/2026 07:38:15,23.179,23.002
5514,7,5,72674.230000,2.810000,0.002926,0.009121,-3.750210,3.067979,5,02/27/2026 07:38:15,23.195,23.002
5515,7,5,72674.570000,3.150000,0.003280,0.010206,-3.750210,3.061875,5,02/27/2026 07:38:15,23.195,23.002
5516,7,5,72674.980000,3.560000,0.003707,0.011512,-3.749905,3.056077,5,02/27/2026 07:38:16,23.195,23.002
5517,7,5,72675.380000,3.960000,0.004124,0.012785,-3.750210,3.050889,5,02/27/2026 07:38:16,23.195,23.002
5518,7,5,72675.840000,4.420000,0.004603,0.014245,-3.749905,3.045396,5,02/27/2026 07:38:17,23.195,23.002
5519,7,5,72676.460000,5.040000,0.005249,0.016210,-3.749905,3.040208,5,02/27/2026 07:38:17,23.195,23.002
5520,7,5,72677.090000,5.670000,0.005905,0.018203,-3.750057,3.035019,5,02/27/2026 07:38:18,23.195,23.002
5521,7,5,72677.940000,6.520000,0.006791,0.020888,-3.749905,3.029526,5,02/27/2026 07:38:19,23.195,23.002
5522,7,5,72679.030000,7.610000,0.007926,0.024325,-3.749905,3.024643,5,02/27/2026 07:38:20,23.195,23.002
5523,7,5,72680.270000,8.850000,0.009218,0.028228,-3.749905,3.019455,5,02/27/2026 07:38:21,23.211,23.002
5524,7,5,72682.090000,10.670000,0.011114,0.033948,-3.750057,3.014267,5,02/27/2026 07:38:23,23.211,23.002
5525,7,5,72684.050000,12.630000,0.013155,0.040097,-3.749752,3.009384,5,02/27/2026 07:38:25,23.227,23.002
5526,7,5,72686.690000,15.270000,0.015905,0.048366,-3.750057,3.004501,5,02/27/2026 07:38:27,23.259,23.002
5527,7,5,72689.710000,18.290000,0.019051,0.057809,-3.750057,2.999619,5,02/27/2026 07:38:30,23.308,23.002
5528,7,5,72693.580000,22.160000,0.023082,0.069892,-3.750057,2.994736,5,02/27/2026 07:38:34,23.356,23.019
5529,7,5,72698.690000,27.270000,0.028405,0.085820,-3.750057,2.989548,5,02/27/2026 07:38:39,23.420,23.019
5530,7,5,72705.450000,34.030000,0.035447,0.106856,-3.750210,2.984665,5,02/27/2026 07:38:46,23.533,23.019
5531,7,5,72715.670000,44.250000,0.046093,0.138605,-3.750057,2.979782,5,02/27/2026 07:38:56,23.726,23.019
5532,7,5,72734.210000,62.790000,0.065405,0.196103,-3.749752,2.974899,5,02/27/2026 07:39:15,24.112,23.051
5533,7,5,72754.210000,82.790000,0.086239,0.258061,-3.750057,2.973068,1,02/27/2026 07:39:35,24.530,23.067
5534,7,5,72774.210000,102.790000,0.107072,0.319995,-3.749905,2.972763,1,02/27/2026 07:39:55,24.916,23.083
5535,7,5,72794.210000,122.790000,0.127905,0.381925,-3.750210,2.972763,1,02/27/2026 07:40:15,25.318,23.099
5536,7,5,72814.210000,142.790000,0.148739,0.443862,-3.750210,2.973373,1,02/27/2026 07:40:35,25.656,23.115
5537,7,5,72834.210000,162.790000,0.169572,0.505811,-3.749905,2.973983,1,02/27/2026 07:40:55,26.042,23.131
5538,7,5,72854.210000,182.790000,0.190405,0.567776,-3.749905,2.974594,1,02/27/2026 07:41:15,26.364,23.131
5539,7,5,72874.210000,202.790000,0.211239,0.629756,-3.750057,2.975509,1,02/27/2026 07:41:35,26.718,23.147
5540,7,5,72894.210000,222.790000,0.232072,0.691752,-3.750057,2.976120,1,02/27/2026 07:41:55,27.056,23.147
5541,7,5,72914.210000,242.790000,0.252905,0.753762,-3.750057,2.976730,1,02/27/2026 07:42:15,27.345,23.147
5542,7,5,72934.210000,262.790000,0.273739,0.815785,-3.749905,2.977035,1,02/27/2026 07:42:35,27.603,23.163
5543,7,5,72954.210000,282.790000,0.294572,0.877816,-3.749905,2.977646,1,02/27/2026 07:42:55,27.892,23.147
5544,7,5,72974.210000,302.790000,0.315405,0.939855,-3.750057,2.977646,1,02/27/2026 07:43:15,28.101,23.131
5545,7,5,72994.210000,322.790000,0.336239,1.001898,-3.750210,2.977951,1,02/27/2026 07:43:35,28.359,23.131
5546,7,5,73014.210000,342.790000,0.357072,1.063943,-3.749905,2.978256,1,02/27/2026 07:43:55,28.616,23.115
5547,7,5,73034.210000,362.790000,0.377905,1.125989,-3.749905,2.978256,1,02/27/2026 07:44:15,28.793,23.083
5548,7,5,73054.210000,382.790000,0.398739,1.188032,-3.749905,2.977951,1,02/27/2026 07:44:35,29.002,23.067
5549,7,5,73074.210000,402.790000,0.419572,1.250071,-3.750057,2.977340,1,02/27/2026 07:44:55,29.179,23.051
5550,7,5,73094.210000,422.790000,0.440405,1.312102,-3.750057,2.977340,1,02/27/2026 07:45:15,29.356,23.035
5551,7,5,73114.210000,442.790000,0.461239,1.374126,-3.749905,2.977340,1,02/27/2026 07:45:35,29.533,23.019
5552,7,5,73134.210000,462.790000,0.482072,1.436140,-3.749905,2.976425,1,02/27/2026 07:45:55,29.790,23.002
5553,7,5,73154.210000,482.790000,0.502905,1.498142,-3.749905,2.975509,1,02/27/2026 07:46:15,29.855,22.986
5554,7,5,73174.210000,502.790000,0.523739,1.560130,-3.749905,2.975204,1,02/27/2026 07:46:35,30.000,22.986
5555,7,5,73194.210000,522.790000,0.544572,1.622105,-3.749905,2.974289,1,02/27/2026 07:46:55,30.141,22.986
5556,7,5,73214.210000,542.790000,0.565405,1.684063,-3.749905,2.973373,1,02/27/2026 07:47:15,30.345,23.002
5557,7,5,73234.210000,562.790000,0.586239,1.746002,-3.749905,2.972457,1,02/27/2026 07:47:35,30.549,23.019
5558,7,5,73254.210000,582.790000,0.607072,1.807921,-3.750057,2.971542,1,02/27/2026 07:47:55,30.706,23.035
5559,7,5,73274.210000,602.790000,0.627905,1.869817,-3.750057,2.970321,1,02/27/2026 07:48:15,30.879,23.051
5560,7,5,73294.210000,622.790000,0.648739,1.931684,-3.750057,2.968795,1,02/27/2026 07:48:35,31.051,23.067
5561,7,5,73314.210000,642.790000,0.669572,1.993524,-3.749905,2.967575,1,02/27/2026 07:48:55,31.177,23.099
5562,7,5,73334.210000,662.790000,0.690405,2.055336,-3.749905,2.966049,1,02/27/2026 07:49:15,31.193,23.099
5563,7,5,73354.210000,682.790000,0.711239,2.117121,-3.750057,2.964828,1,02/27/2026 07:49:35,31.381,23.131
5564,7,5,73374.210000,702.790000,0.732072,2.178874,-3.749905,2.963607,1,02/27/2026 07:49:55,31.585,23.147
5565,7,5,73394.210000,722.790000,0.752905,2.240596,-3.749905,2.961776,1,02/27/2026 07:50:15,31.726,23.179
5566,7,5,73414.210000,742.790000,0.773739,2.302278,-3.749905,2.959640,1,02/27/2026 07:50:35,31.789,23.195
5567,7,5,73434.210000,762.790000,0.794572,2.363922,-3.749905,2.958114,1,02/27/2026 07:50:55,31.931,23.212
5568,7,5,73454.210000,782.790000,0.815405,2.425530,-3.749905,2.955978,1,02/27/2026 07:51:15,31.993,23.212
5569,7,5,73474.210000,802.790000,0.836239,2.487097,-3.750057,2.954147,1,02/27/2026 07:51:35,32.135,23.228
5570,7,5,73494.210000,822.790000,0.857072,2.548620,-3.749905,2.952010,1,02/27/2026 07:51:55,32.307,23.228
5571,7,5,73514.210000,842.790000,0.877905,2.610092,-3.750057,2.949264,1,02/27/2026 07:52:15,32.323,23.244
5572,7,5,73534.210000,862.790000,0.898739,2.671517,-3.750210,2.947433,1,02/27/2026 07:52:35,32.433,23.244
5573,7,5,73554.210000,882.790000,0.919572,2.732895,-3.749905,2.944686,1,02/27/2026 07:52:55,32.606,23.228
5574,7,5,73574.210000,902.790000,0.940405,2.794216,-3.749905,2.941939,1,02/27/2026 07:53:15,32.527,23.212
5575,7,5,73594.210000,922.790000,0.961239,2.855482,-3.750210,2.939498,1,02/27/2026 07:53:35,32.700,23.179
5576,7,5,73614.210000,942.790000,0.982072,2.916692,-3.750057,2.936446,1,02/27/2026 07:53:55,32.810,23.147
5577,7,5,73634.210000,962.790000,1.002905,2.977840,-3.749905,2.933700,1,02/27/2026 07:54:15,32.825,23.131
5578,7,5,73654.210000,982.790000,1.023739,3.038925,-3.750057,2.930037,1,02/27/2026 07:54:35,32.967,23.099
5579,7,5,73674.210000,1002.790000,1.044572,3.099942,-3.750057,2.926986,1,02/27/2026 07:54:55,32.982,23.099
5580,7,5,73694.210000,1022.790000,1.065405,3.160884,-3.750057,2.923323,1,02/27/2026 07:55:15,33.029,23.083
5581,7,5,73714.210000,1042.790000,1.086239,3.221751,-3.749752,2.919356,1,02/27/2026 07:55:35,33.092,23.067
5582,7,5,73734.210000,1062.790000,1.107072,3.282529,-3.750057,2.915084,1,02/27/2026 07:55:55,33.296,23.067
5583,7,5,73754.210000,1082.790000,1.127905,3.343220,-3.750057,2.910811,1,02/27/2026 07:56:15,33.328,23.067
5584,7,5,73773.170000,1101.750000,1.147655,3.400659,-3.749905,2.905928,5,02/27/2026 07:56:34,33.500,23.067
5585,7,5,73791.230000,1119.810000,1.166468,3.455286,-3.749905,2.901045,5,02/27/2026 07:56:52,33.438,23.083
5586,7,5,73807.860000,1136.440000,1.183791,3.505501,-3.750057,2.896162,5,02/27/2026 07:57:09,33.689,23.083
5587,7,5,73823.040000,1151.620000,1.199603,3.551261,-3.750057,2.890974,5,02/27/2026 07:57:24,33.752,23.099
5588,7,5,73837.600000,1166.180000,1.214770,3.595075,-3.749905,2.886091,5,02/27/2026 07:57:38,33.799,23.099
5589,7,5,73850.060000,1178.640000,1.227749,3.632505,-3.749752,2.881209,5,02/27/2026 07:57:51,33.830,23.099
5590,7,5,73862.210000,1190.790000,1.240405,3.668942,-3.749905,2.876326,5,02/27/2026 07:58:03,33.877,23.115
5591,7,5,73872.930000,1201.510000,1.251572,3.701035,-3.750210,2.871443,5,02/27/2026 07:58:14,34.097,23.115
5592,7,5,73882.380000,1210.960000,1.261416,3.729278,-3.749752,2.866560,5,02/27/2026 07:58:23,34.050,23.115
5593,7,5,73891.920000,1220.500000,1.271353,3.757743,-3.750210,2.861677,5,02/27/2026 07:58:33,34.160,23.131
5594,7,5,73900.620000,1229.200000,1.280416,3.783657,-3.749752,2.856794,5,02/27/2026 07:58:41,34.160,23.147
5595,7,5,73909.270000,1237.850000,1.289426,3.809377,-3.749905,2.851606,5,02/27/2026 07:58:50,34.285,23.147
5596,7,5,73917.180000,1245.760000,1.297666,3.832855,-3.750057,2.846723,5,02/27/2026 07:58:58,34.458,23.147
5597,7,5,73924.760000,1253.340000,1.305562,3.855314,-3.750210,2.841840,5,02/27/2026 07:59:06,34.427,23.147
5598,7,5,73931.430000,1260.010000,1.312509,3.875042,-3.750210,2.836957,5,02/27/2026 07:59:12,34.427,23.163
5599,7,5,73937.840000,1266.420000,1.319187,3.893970,-3.750057,2.832074,5,02/27/2026 07:59:19,34.521,23.163
5600,7,5,73943.980000,1272.560000,1.325582,3.912070,-3.750210,2.827192,5,02/27/2026 07:59:25,34.521,23.163
5601,7,5,73949.900000,1278.480000,1.331749,3.929491,-3.750057,2.822309,5,02/27/2026 07:59:31,34.521,23.179
5602,7,5,73955.640000,1284.220000,1.337728,3.946353,-3.750057,2.817426,5,02/27/2026 07:59:36,34.599,23.179
5603,7,5,73960.940000,1289.520000,1.343249,3.961895,-3.750057,2.812543,5,02/27/2026 07:59:42,34.678,23.179
5604,7,5,73966.270000,1294.850000,1.348801,3.977498,-3.749905,2.807660,5,02/27/2026 07:59:47,34.772,23.195
5605,7,5,73971.110000,1299.690000,1.353843,3.991640,-3.749905,2.802777,5,02/27/2026 07:59:52,34.851,23.195
5606,7,5,73975.620000,1304.200000,1.358541,4.004797,-3.750057,2.797894,5,02/27/2026 07:59:56,34.913,23.195
5607,7,5,73980.250000,1308.830000,1.363364,4.018280,-3.750210,2.793011,5,02/27/2026 08:00:01,35.070,23.195
5608,7,5,73984.510000,1313.090000,1.367801,4.030665,-3.750057,2.788128,5,02/27/2026 08:00:05,35.165,23.195
5609,7,5,73988.850000,1317.430000,1.372322,4.043259,-3.750057,2.782940,5,02/27/2026 08:00:10,35.133,23.195
5610,7,5,73993.090000,1321.670000,1.376739,4.055541,-3.750057,2.778058,5,02/27/2026 08:00:14,35.133,23.195
5611,7,5,73997.270000,1325.850000,1.381093,4.067627,-3.750057,2.772869,5,02/27/2026 08:00:18,35.180,23.195
5612,7,5,74001.240000,1329.820000,1.385228,4.079084,-3.749905,2.767681,5,02/27/2026 08:00:22,35.274,23.195
5613,7,5,74005.020000,1333.600000,1.389166,4.089974,-3.749905,2.762799,5,02/27/2026 08:00:26,35.337,23.212
5614,7,5,74008.860000,1337.440000,1.393166,4.101015,-3.750057,2.757916,5,02/27/2026 08:00:30,35.353,23.212
5615,7,5,74012.390000,1340.970000,1.396843,4.111147,-3.750210,2.752728,5,02/27/2026 08:00:33,35.337,23.212
5616,7,5,74015.880000,1344.460000,1.400478,4.121146,-3.749905,2.747845,5,02/27/2026 08:00:37,35.384,23.212
5617,7,5,74019.030000,1347.610000,1.403759,4.130154,-3.749905,2.742962,5,02/27/2026 08:00:40,35.463,23.212
5618,7,5,74022.360000,1350.940000,1.407228,4.139661,-3.750057,2.737774,5,02/27/2026 08:00:43,35.557,23.212
5619,7,5,74025.620000,1354.200000,1.410624,4.148950,-3.750057,2.732586,5,02/27/2026 08:00:46,35.620,23.228
5620,7,5,74028.700000,1357.280000,1.413832,4.157710,-3.750057,2.727703,5,02/27/2026 08:00:49,35.651,23.212
5621,7,5,74031.860000,1360.440000,1.417124,4.166681,-3.749905,2.722515,5,02/27/2026 08:00:53,35.667,23.228
5622,7,5,74034.820000,1363.400000,1.420207,4.175068,-3.749905,2.717632,5,02/27/2026 08:00:56,35.620,23.228
5623,7,5,74037.590000,1366.170000,1.423093,4.182903,-3.750057,2.712749,5,02/27/2026 08:00:58,35.636,23.228
5624,7,5,74040.470000,1369.050000,1.426093,4.191035,-3.749905,2.707866,5,02/27/2026 08:01:01,35.667,23.212
5625,7,5,74043.120000,1371.700000,1.428853,4.198502,-3.749905,2.702678,5,02/27/2026 08:01:04,35.777,23.228
5626,7,5,74046.010000,1374.590000,1.431864,4.206632,-3.749905,2.697795,5,02/27/2026 08:01:07,35.855,23.228
5627,7,5,74048.510000,1377.090000,1.434468,4.213650,-3.750057,2.692912,5,02/27/2026 08:01:09,35.887,23.228
5628,7,5,74051.140000,1379.720000,1.437207,4.221021,-3.749905,2.688029,5,02/27/2026 08:01:12,35.918,23.228
5629,7,5,74053.500000,1382.080000,1.439666,4.227622,-3.749905,2.683146,5,02/27/2026 08:01:14,35.981,23.228
5630,7,5,74055.860000,1384.440000,1.442124,4.234213,-3.749752,2.677958,5,02/27/2026 08:01:17,36.044,23.228
5631,7,5,74058.550000,1387.130000,1.444926,4.241710,-3.750057,2.672770,5,02/27/2026 08:01:19,36.059,23.244
5632,7,5,74060.900000,1389.480000,1.447374,4.248247,-3.749905,2.667887,5,02/27/2026 08:01:22,36.075,23.228
5633,7,5,74063.260000,1391.840000,1.449832,4.254799,-3.749905,2.662699,5,02/27/2026 08:01:24,36.154,23.228
5634,7,5,74065.570000,1394.150000,1.452239,4.261201,-3.749905,2.657816,5,02/27/2026 08:01:26,36.216,23.228
5635,7,5,74067.740000,1396.320000,1.454499,4.267203,-3.750210,2.652934,5,02/27/2026 08:01:29,36.279,23.228
5636,7,5,74070.050000,1398.630000,1.456905,4.273580,-3.750057,2.647745,5,02/27/2026 08:01:31,36.342,23.228
5637,7,5,74072.120000,1400.700000,1.459062,4.279284,-3.750057,2.642863,5,02/27/2026 08:01:33,36.373,23.228
5638,7,5,74074.360000,1402.940000,1.461395,4.285445,-3.750057,2.637675,5,02/27/2026 08:01:35,36.389,23.244
5639,7,5,74076.460000,1405.040000,1.463582,4.291210,-3.749905,2.632792,5,02/27/2026 08:01:37,36.405,23.244
5640,7,5,74078.600000,1407.180000,1.465812,4.297073,-3.749905,2.627604,5,02/27/2026 08:01:39,36.452,23.244
5641,7,5,74080.450000,1409.030000,1.467739,4.302131,-3.749905,2.622416,5,02/27/2026 08:01:41,36.499,23.244
5642,7,5,74082.490000,1411.070000,1.469864,4.307699,-3.749905,2.617533,5,02/27/2026 08:01:43,36.546,23.244
5643,7,5,74084.540000,1413.120000,1.471999,4.313283,-3.750057,2.612650,5,02/27/2026 08:01:45,36.593,23.244
5644,7,5,74086.380000,1414.960000,1.473916,4.318286,-3.750057,2.607767,5,02/27/2026 08:01:47,36.609,23.244
5645,7,5,74088.240000,1416.820000,1.475853,4.323334,-3.750057,2.602884,5,02/27/2026 08:01:49,36.625,23.244
5646,7,5,74090.050000,1418.630000,1.477739,4.328236,-3.750210,2.598001,5,02/27/2026 08:01:51,36.656,23.244
5647,7,5,74091.940000,1420.520000,1.479707,4.333346,-3.749752,2.593118,5,02/27/2026 08:01:53,36.703,23.244
5648,7,5,74093.690000,1422.270000,1.481530,4.338068,-3.750057,2.587930,5,02/27/2026 08:01:54,36.750,23.244
5649,7,5,74095.540000,1424.120000,1.483457,4.343051,-3.750210,2.583047,5,02/27/2026 08:01:56,36.813,23.244
5650,7,5,74097.350000,1425.930000,1.485343,4.347917,-3.749905,2.578164,5,02/27/2026 08:01:58,36.860,23.244
5651,7,5,74099.090000,1427.670000,1.487155,4.352585,-3.749905,2.573281,5,02/27/2026 08:02:00,36.860,23.244
5652,7,5,74100.840000,1429.420000,1.488978,4.357271,-3.750057,2.568093,5,02/27/2026 08:02:02,36.844,23.244
5653,7,5,74102.580000,1431.160000,1.490791,4.361922,-3.749752,2.563210,5,02/27/2026 08:02:03,36.876,23.244
5654,7,5,74104.160000,1432.740000,1.492437,4.366136,-3.750057,2.558328,5,02/27/2026 08:02:05,36.907,23.244
5655,7,5,74105.900000,1434.480000,1.494249,4.370769,-3.749905,2.553140,5,02/27/2026 08:02:07,36.970,23.244
5656,7,5,74107.640000,1436.220000,1.496062,4.375392,-3.750057,2.547951,5,02/27/2026 08:02:08,37.064,23.244
5657,7,5,74109.180000,1437.760000,1.497666,4.379476,-3.750210,2.543069,5,02/27/2026 08:02:10,37.143,23.244
5658,7,5,74110.940000,1439.520000,1.499499,4.384133,-3.749905,2.537881,5,02/27/2026 08:02:12,37.221,23.260
5659,7,5,74112.550000,1441.130000,1.501176,4.388385,-3.750210,2.532692,5,02/27/2026 08:02:13,37.237,23.244
5660,7,5,74114.250000,1442.830000,1.502947,4.392866,-3.750057,2.527504,5,02/27/2026 08:02:15,37.237,23.244
5661,7,5,74115.790000,1444.370000,1.504551,4.396916,-3.749905,2.522621,5,02/27/2026 08:02:17,37.268,23.244
5662,7,5,74117.390000,1445.970000,1.506218,4.401117,-3.750057,2.517433,5,02/27/2026 08:02:18,37.315,23.244
5663,7,5,74118.980000,1447.560000,1.507874,4.405282,-3.749905,2.512245,5,02/27/2026 08:02:20,37.362,23.244
5664,7,5,74120.540000,1449.120000,1.509499,4.409360,-3.749752,2.507057,5,02/27/2026 08:02:21,37.394,23.244
5665,7,5,74122.130000,1450.710000,1.511155,4.413509,-3.750057,2.502174,5,02/27/2026 08:02:23,37.441,23.244
5666,7,5,74122.770000,1451.350000,1.511822,4.415176,-3.749905,2.500038,133,02/27/2026 08:02:24,37.441,23.244
5667,7,6,74122.780000,0.010000,0.000000,0.000000,0.000000,2.704509,0,02/27/2026 08:02:24,37.441,23.244
5668,7,6,74122.940000,0.170000,0.000000,0.000000,0.000000,2.724651,5,02/27/2026 08:02:24,37.441,23.244
5669,7,6,74123.070000,0.300000,0.000000,0.000000,0.000000,2.736858,5,02/27/2026 08:02:24,37.441,23.244
5670,7,6,74123.200000,0.430000,0.000000,0.000000,0.000000,2.748455,5,02/27/2026 08:02:24,37.441,23.244
5671,7,6,74123.350000,0.580000,0.000000,0.000000,0.000000,2.760357,5,02/27/2026 08:02:24,37.441,23.244
5672,7,6,74123.500000,0.730000,0.000000,0.000000,0.000000,2.770733,5,02/27/2026 08:02:24,37.441,23.244
5673,7,6,74123.650000,0.880000,0.000000,0.000000,0.000000,2.780804,5,02/27/2026 08:02:24,37.457,23.244
5674,7,6,74123.820000,1.050000,0.000000,0.000000,0.000000,2.791485,5,02/27/2026 08:02:25,37.457,23.244
5675,7,6,74123.990000,1.220000,0.000000,0.000000,0.000000,2.801556,5,02/27/2026 08:02:25,37.472,23.244
5676,7,6,74124.170000,1.400000,0.000000,0.000000,0.000000,2.810712,5,02/27/2026 08:02:25,37.472,23.244
5677,7,6,74124.330000,1.560000,0.000000,0.000000,0.000000,2.819562,5,02/27/2026 08:02:25,37.472,23.244
5678,7,6,74124.520000,1.750000,0.000000,0.000000,0.000000,2.828717,5,02/27/2026 08:02:25,37.472,23.244
5679,7,6,74124.710000,1.940000,0.000000,0.000000,0.000000,2.837568,5,02/27/2026 08:02:25,37.488,23.244
5680,7,6,74124.900000,2.130000,0.000000,0.000000,0.000000,2.845808,5,02/27/2026 08:02:26,37.488,23.244
5681,7,6,74125.100000,2.330000,0.000000,0.000000,0.000000,2.854353,5,02/27/2026 08:02:26,37.504,23.244
5682,7,6,74125.300000,2.530000,0.000000,0.000000,0.000000,2.862287,5,02/27/2026 08:02:26,37.504,23.244
5683,7,6,74125.500000,2.730000,0.000000,0.000000,0.000000,2.870222,5,02/27/2026 08:02:26,37.519,23.244
5684,7,6,74125.720000,2.950000,0.000000,0.000000,0.000000,2.878462,5,02/27/2026 08:02:26,37.535,23.260
5685,7,6,74125.940000,3.170000,0.000000,0.000000,0.000000,2.886091,5,02/27/2026 08:02:27,37.551,23.244
5686,7,6,74126.160000,3.390000,0.000000,0.000000,0.000000,2.893416,5,02/27/2026 08:02:27,37.567,23.244
5687,7,6,74126.380000,3.610000,0.000000,0.000000,0.000000,2.900740,5,02/27/2026 08:02:27,37.567,23.244
5688,7,6,74126.610000,3.840000,0.000000,0.000000,0.000000,2.908064,5,02/27/2026 08:02:27,37.582,23.244
5689,7,6,74126.850000,4.080000,0.000000,0.000000,0.000000,2.915084,5,02/27/2026 08:02:28,37.598,23.244
5690,7,6,74127.090000,4.320000,0.000000,0.000000,0.000000,2.922103,5,02/27/2026 08:02:28,37.598,23.244
5691,7,6,74127.330000,4.560000,0.000000,0.000000,0.000000,2.929122,5,02/27/2026 08:02:28,37.614,23.244
5692,7,6,74127.600000,4.830000,0.000000,0.000000,0.000000,2.936141,5,02/27/2026 08:02:28,37.629,23.244
5693,7,6,74127.860000,5.090000,0.000000,0.000000,0.000000,2.943160,5,02/27/2026 08:02:29,37.629,23.244
5694,7,6,74128.140000,5.370000,0.000000,0.000000,0.000000,2.949874,5,02/27/2026 08:02:29,37.645,23.244
5695,7,6,74128.400000,5.630000,0.000000,0.000000,0.000000,2.956283,5,02/27/2026 08:02:29,37.645,23.244
5696,7,6,74128.680000,5.910000,0.000000,0.000000,0.000000,2.962997,5,02/27/2026 08:02:29,37.645,23.244
5697,7,6,74128.990000,6.220000,0.000000,0.000000,0.000000,2.969711,5,02/27/2026 08:02:30,37.645,23.244
5698,7,6,74129.300000,6.530000,0.000000,0.000000,0.000000,2.976120,5,02/27/2026 08:02:30,37.645,23.244
5699,7,6,74129.600000,6.830000,0.000000,0.000000,0.000000,2.982528,5,02/27/2026 08:02:30,37.645,23.228
5700,7,6,74129.940000,7.170000,0.000000,0.000000,0.000000,2.989242,5,02/27/2026 08:02:31,37.645,23.244
5701,7,6,74130.270000,7.500000,0.000000,0.000000,0.000000,2.995041,5,02/27/2026 08:02:31,37.645,23.244
5702,7,6,74130.610000,7.840000,0.000000,0.000000,0.000000,3.001450,5,02/27/2026 08:02:31,37.645,23.244
5703,7,6,74130.960000,8.190000,0.000000,0.000000,0.000000,3.007248,5,02/27/2026 08:02:32,37.629,23.244
5704,7,6,74131.320000,8.550000,0.000000,0.000000,0.000000,3.013962,5,02/27/2026 08:02:32,37.629,23.244
5705,7,6,74131.750000,8.980000,0.000000,0.000000,0.000000,3.019455,5,02/27/2026 08:02:33,37.629,23.244
5706,7,6,74132.140000,9.370000,0.000000,0.000000,0.000000,3.025559,5,02/27/2026 08:02:33,37.614,23.244
5707,7,6,74132.530000,9.760000,0.000000,0.000000,0.000000,3.031052,5,02/27/2026 08:02:33,37.614,23.244
5708,7,6,74132.970000,10.200000,0.000000,0.000000,0.000000,3.037156,5,02/27/2026 08:02:34,37.598,23.228
5709,7,6,74133.440000,10.670000,0.000000,0.000000,0.000000,3.042649,5,02/27/2026 08:02:34,37.598,23.244
5710,7,6,74133.880000,11.110000,0.000000,0.000000,0.000000,3.048142,5,02/27/2026 08:02:35,37.598,23.244
5711,7,6,74134.390000,11.620000,0.000000,0.000000,0.000000,3.053941,5,02/27/2026 08:02:35,37.582,23.244
5712,7,6,74134.940000,12.170000,0.000000,0.000000,0.000000,3.059739,5,02/27/2026 08:02:36,37.582,23.244
5713,7,6,74135.510000,12.740000,0.000000,0.000000,0.000000,3.065232,5,02/27/2026 08:02:36,37.582,23.244
5714,7,6,74136.130000,13.360000,0.000000,0.000000,0.000000,3.070726,5,02/27/2026 08:02:37,37.582,23.244
5715,7,6,74136.740000,13.970000,0.000000,0.000000,0.000000,3.076219,5,02/27/2026 08:02:38,37.567,23.244
5716,7,6,74137.440000,14.670000,0.000000,0.000000,0.000000,3.081407,5,02/27/2026 08:02:38,37.567,23.244
5717,7,6,74138.190000,15.420000,0.000000,0.000000,0.000000,3.087205,5,02/27/2026 08:02:39,37.551,23.244
5718,7,6,74139.010000,16.240000,0.000000,0.000000,0.000000,3.092393,5,02/27/2026 08:02:40,37.551,23.244
5719,7,6,74139.900000,17.130000,0.000000,0.000000,0.000000,3.097887,5,02/27/2026 08:02:41,37.535,23.244
5720,7,6,74140.840000,18.070000,0.000000,0.000000,0.000000,3.103075,5,02/27/2026 08:02:42,37.535,23.244
5721,7,6,74141.820000,19.050000,0.000000,0.000000,0.000000,3.108263,5,02/27/2026 08:02:43,37.504,23.244
5722,7,6,74143.000000,20.230000,0.000000,0.000000,0.000000,3.113451,5,02/27/2026 08:02:44,37.472,23.244
5723,7,6,74144.230000,21.460000,0.000000,0.000000,0.000000,3.118944,5,02/27/2026 08:02:45,37.425,23.244
5724,7,6,74145.770000,23.000000,0.000000,0.000000,0.000000,3.124437,5,02/27/2026 08:02:47,37.347,23.244
5725,7,6,74147.420000,24.650000,0.000000,0.000000,0.000000,3.129320,5,02/27/2026 08:02:48,37.300,23.244
5726,7,6,74148.970000,26.200000,0.000000,0.000000,0.000000,3.134203,5,02/27/2026 08:02:50,37.268,23.244
5727,7,6,74150.990000,28.220000,0.000000,0.000000,0.000000,3.139086,5,02/27/2026 08:02:52,37.253,23.244
5728,7,6,74153.230000,30.460000,0.000000,0.000000,0.000000,3.143969,5,02/27/2026 08:02:54,37.221,23.244
5729,7,6,74155.640000,32.870000,0.000000,0.000000,0.000000,3.148852,5,02/27/2026 08:02:56,37.190,23.244
5730,7,6,74158.560000,35.790000,0.000000,0.000000,0.000000,3.153735,5,02/27/2026 08:02:59,37.096,23.244
5731,7,6,74161.990000,39.220000,0.000000,0.000000,0.000000,3.158618,5,02/27/2026 08:03:03,36.970,23.244
5732,7,6,74165.810000,43.040000,0.000000,0.000000,0.000000,3.163500,5,02/27/2026 08:03:07,36.876,23.244
5733,7,6,74170.520000,47.750000,0.000000,0.000000,0.000000,3.168383,5,02/27/2026 08:03:11,36.735,23.244
5734,7,6,74176.630000,53.860000,0.000000,0.000000,0.000000,3.173571,5,02/27/2026 08:03:17,36.562,23.244
5735,7,6,74183.880000,61.110000,0.000000,0.000000,0.000000,3.178454,5,02/27/2026 08:03:25,36.515,23.244
5736,7,6,74193.780000,71.010000,0.000000,0.000000,0.000000,3.183337,5,02/27/2026 08:03:35,36.279,23.244
5737,7,6,74205.580000,82.810000,0.000000,0.000000,0.000000,3.188220,5,02/27/2026 08:03:46,35.902,23.244
5738,7,6,74222.660000,99.890000,0.000000,0.000000,0.000000,3.193103,5,02/27/2026 08:04:03,35.541,23.228
5739,7,6,74242.660000,119.890000,0.000000,0.000000,0.000000,3.197375,1,02/27/2026 08:04:23,35.023,23.212
5740,7,6,74262.660000,139.890000,0.000000,0.000000,0.000000,3.199817,1,02/27/2026 08:04:43,34.552,23.195
5741,7,6,74282.660000,159.890000,0.000000,0.000000,0.000000,3.202258,1,02/27/2026 08:05:03,34.254,23.195
5742,7,6,74302.660000,179.890000,0.000000,0.000000,0.000000,3.204700,1,02/27/2026 08:05:23,33.799,23.163
5743,7,6,74322.660000,199.890000,0.000000,0.000000,0.000000,3.205615,1,02/27/2026 08:05:43,33.500,23.147
5744,7,6,74342.660000,219.890000,0.000000,0.000000,0.000000,3.206836,1,02/27/2026 08:06:03,33.014,23.131
5745,7,6,74362.660000,239.890000,0.000000,0.000000,0.000000,3.207752,1,02/27/2026 08:06:23,32.574,23.115
5746,7,6,74382.660000,259.890000,0.000000,0.000000,0.000000,3.208972,1,02/27/2026 08:06:43,32.260,23.115
5747,7,6,74402.660000,279.890000,0.000000,0.000000,0.000000,3.209277,1,02/27/2026 08:07:03,31.962,23.115
5748,7,6,74422.660000,299.890000,0.000000,0.000000,0.000000,3.210193,1,02/27/2026 08:07:23,31.664,23.131
5749,7,6,74442.660000,319.890000,0.000000,0.000000,0.000000,3.210803,1,02/27/2026 08:07:43,31.412,23.147
5750,7,6,74462.660000,339.890000,0.000000,0.000000,0.000000,3.211414,1,02/27/2026 08:08:03,31.020,23.163
5751,7,6,74482.660000,359.890000,0.000000,0.000000,0.000000,3.211719,1,02/27/2026 08:08:23,30.800,23.179
5752,7,6,74502.660000,379.890000,0.000000,0.000000,0.000000,3.212024,1,02/27/2026 08:08:43,30.533,23.212
5753,7,6,74522.660000,399.890000,0.000000,0.000000,0.000000,3.212634,1,02/27/2026 08:09:03,30.298,23.228
5754,7,6,74542.660000,419.890000,0.000000,0.000000,0.000000,3.212940,1,02/27/2026 08:09:23,30.062,23.244
5755,7,6,74562.660000,439.890000,0.000000,0.000000,0.000000,3.212940,1,02/27/2026 08:09:43,29.855,23.260
5756,7,6,74582.660000,459.890000,0.000000,0.000000,0.000000,3.213245,1,02/27/2026 08:10:03,29.613,23.292
5757,7,6,74602.660000,479.890000,0.000000,0.000000,0.000000,3.213855,1,02/27/2026 08:10:23,29.420,23.308
5758,7,6,74622.660000,499.890000,0.000000,0.000000,0.000000,3.213855,1,02/27/2026 08:10:43,29.147,23.324
5759,7,6,74642.660000,519.890000,0.000000,0.000000,0.000000,3.214160,1,02/27/2026 08:11:03,28.986,23.324
