Today''s Date,02/27/2026 08:11:19
Date of Test:,02/26/2026 11:25:04
Rec#,Cyc#,Step,TestTime,StepTime,Amp-hr,Watt-hr,Amps,Volts,ES,DPt Time,Temp 1,Temp 2,
1,0,1,0.000000,0.000000,0.000000,0.000000,0.000000,3.209277,0,02/26/2026 11:25:04,24.021,23.228
2,0,1,1.000000,1.000000,0.000000,0.000000,0.000000,3.209583,1,02/26/2026 11:25:05,24.021,23.244
3,0,1,2.000000,2.000000,0.000000,0.000000,0.000000,3.209888,1,02/26/2026 11:25:06,24.004,23.244
4,0,1,3.000000,3.000000,0.000000,0.000000,0.000000,3.209583,1,02/26/2026 11:25:07,24.004,23.244
5,0,1,4.000000,4.000000,0.000000,0.000000,0.000000,3.209277,1,02/26/2026 11:25:08,24.004,23.228
6,0,1,5.000000,5.000000,0.000000,0.000000,0.000000,3.209583,129,02/26/2026 11:25:09,24.004,23.228
7,0,2,5.060000,0.060000,0.000005,0.000017,0.749676,3.274586,0,02/26/2026 11:25:09,24.004,23.228
8,0,2,5.240000,0.240000,0.000043,0.000140,0.749828,3.281605,5,02/26/2026 11:25:10,24.004,23.228
9,0,2,5.540000,0.540000,0.000105,0.000346,0.750134,3.287709,5,02/26/2026 11:25:10,24.004,23.228
10,0,2,5.960000,0.960000,0.000193,0.000634,0.750286,3.293507,5,02/26/2026 11:25:10,24.004,23.228
11,0,2,6.500000,1.500000,0.000305,0.001004,0.749981,3.299306,5,02/26/2026 11:25:11,24.004,23.228
12,0,2,7.140000,2.140000,0.000439,0.001445,0.749828,3.304494,5,02/26/2026 11:25:11,24.004,23.228
13,0,2,7.830000,2.830000,0.000582,0.001920,0.749828,3.309682,5,02/26/2026 11:25:12,24.004,23.228
14,0,2,8.700000,3.700000,0.000764,0.002521,0.749981,3.314870,5,02/26/2026 11:25:13,24.004,23.228
15,0,2,9.800000,4.800000,0.000993,0.003281,0.749676,3.319753,5,02/26/2026 11:25:14,24.004,23.228
16,0,2,11.110000,6.110000,0.001266,0.004188,0.750286,3.324941,5,02/26/2026 11:25:15,24.004,23.228
17,0,2,13.130000,8.130000,0.001686,0.005588,0.749981,3.330129,5,02/26/2026 11:25:17,24.004,23.228
18,0,2,15.870000,10.870000,0.002257,0.007490,0.750134,3.335012,5,02/26/2026 11:25:20,24.004,23.228
19,0,2,20.390000,15.390000,0.003199,0.010633,0.749828,3.340200,5,02/26/2026 11:25:25,24.004,23.228
20,0,2,29.120000,24.120000,0.005017,0.016712,0.749828,3.345083,5,02/26/2026 11:25:33,24.004,23.228
21,0,2,43.350000,38.350000,0.007982,0.026636,0.750134,3.349966,5,02/26/2026 11:25:48,24.021,23.228
22,0,2,63.350000,58.350000,0.012148,0.040603,0.749981,3.354238,1,02/26/2026 11:26:08,24.021,23.228
23,0,2,83.350000,78.350000,0.016314,0.054585,0.749981,3.357595,1,02/26/2026 11:26:28,24.053,23.228
24,0,2,103.350000,98.350000,0.020480,0.068579,0.749828,3.360037,1,02/26/2026 11:26:48,24.069,23.228
25,0,2,123.350000,118.350000,0.024647,0.082584,0.750134,3.362478,1,02/26/2026 11:27:08,24.085,23.228
26,0,2,143.350000,138.350000,0.028813,0.096599,0.749981,3.364920,1,02/26/2026 11:27:28,24.101,23.228
27,0,2,163.350000,158.350000,0.032979,0.110623,0.749981,3.366751,1,02/26/2026 11:27:48,24.117,23.228
28,0,2,183.350000,178.350000,0.037145,0.124656,0.749828,3.369192,1,02/26/2026 11:28:08,24.133,23.228
29,0,2,203.350000,198.350000,0.041312,0.138698,0.749828,3.371023,1,02/26/2026 11:28:28,24.149,23.228
30,0,2,223.350000,218.350000,0.045478,0.152748,0.749981,3.373159,1,02/26/2026 11:28:48,24.166,23.228
31,0,2,243.350000,238.350000,0.049644,0.166806,0.749828,3.375296,1,02/26/2026 11:29:08,24.182,23.228
32,0,2,263.350000,258.350000,0.053810,0.180872,0.749676,3.376822,1,02/26/2026 11:29:28,24.198,23.228
33,0,2,283.350000,278.350000,0.057977,0.194945,0.749828,3.378653,1,02/26/2026 11:29:48,24.214,23.244
34,0,2,303.350000,298.350000,0.062143,0.209026,0.749828,3.380179,1,02/26/2026 11:30:08,24.230,23.244
35,0,2,323.350000,318.350000,0.066309,0.223113,0.749828,3.382315,1,02/26/2026 11:30:28,24.246,23.228
36,0,2,343.350000,338.350000,0.070475,0.237208,0.749828,3.383536,1,02/26/2026 11:30:48,24.262,23.244
37,0,2,363.350000,358.350000,0.074641,0.251309,0.749828,3.385367,1,02/26/2026 11:31:08,24.278,23.244
38,0,2,383.350000,378.350000,0.078808,0.265416,0.749828,3.386893,1,02/26/2026 11:31:28,24.294,23.244
39,0,2,403.350000,398.350000,0.082974,0.279529,0.749981,3.387808,1,02/26/2026 11:31:48,24.311,23.244
40,0,2,423.350000,418.350000,0.087140,0.293648,0.749676,3.389334,1,02/26/2026 11:32:08,24.311,23.244
41,0,2,443.350000,438.350000,0.091306,0.307773,0.750134,3.390860,1,02/26/2026 11:32:28,24.327,23.228
42,0,2,463.350000,458.350000,0.095473,0.321904,0.749981,3.392386,1,02/26/2026 11:32:48,24.327,23.228
43,0,2,483.350000,478.350000,0.099639,0.336041,0.749981,3.393606,1,02/26/2026 11:33:08,24.311,23.212
44,0,2,503.350000,498.350000,0.103805,0.350182,0.749828,3.394827,1,02/26/2026 11:33:28,24.294,23.195
45,0,2,523.350000,518.350000,0.107971,0.364329,0.749828,3.395743,1,02/26/2026 11:33:48,24.278,23.163
46,0,2,543.350000,538.350000,0.112138,0.378480,0.749676,3.396963,1,02/26/2026 11:34:08,24.262,23.147
47,0,2,563.350000,558.350000,0.116304,0.392636,0.750134,3.398489,1,02/26/2026 11:34:28,24.262,23.115
48,0,2,583.350000,578.350000,0.120470,0.406797,0.749676,3.399710,1,02/26/2026 11:34:48,24.262,23.115
49,0,2,603.350000,598.350000,0.124636,0.420963,0.749828,3.400626,1,02/26/2026 11:35:08,24.246,23.099
50,0,2,623.350000,618.350000,0.128803,0.435133,0.749981,3.401846,1,02/26/2026 11:35:28,24.230,23.067
51,0,2,643.350000,638.350000,0.132969,0.449308,0.749676,3.402457,1,02/26/2026 11:35:48,24.246,23.067
52,0,2,663.350000,658.350000,0.137135,0.463487,0.749828,3.403677,1,02/26/2026 11:36:08,24.262,23.083
53,0,2,683.350000,678.350000,0.141301,0.477670,0.750134,3.404593,1,02/26/2026 11:36:28,24.294,23.099
54,0,2,703.350000,698.350000,0.145468,0.491856,0.749828,3.405203,1,02/26/2026 11:36:48,24.311,23.115
55,0,2,723.350000,718.350000,0.149634,0.506045,0.749676,3.406119,1,02/26/2026 11:37:08,24.327,23.115
56,0,2,743.350000,738.350000,0.153800,0.520239,0.749828,3.407340,1,02/26/2026 11:37:28,24.343,23.131
57,0,2,763.350000,758.350000,0.157966,0.534436,0.749981,3.407950,1,02/26/2026 11:37:48,24.375,23.147
58,0,2,783.350000,778.350000,0.162133,0.548637,0.750286,3.408865,1,02/26/2026 11:38:08,24.391,23.147
59,0,2,803.350000,798.350000,0.166299,0.562840,0.749981,3.409171,1,02/26/2026 11:38:28,24.407,23.163
60,0,2,823.350000,818.350000,0.170465,0.577047,0.750134,3.410391,1,02/26/2026 11:38:48,24.439,23.195
61,0,2,843.350000,838.350000,0.174631,0.591256,0.750134,3.411002,1,02/26/2026 11:39:08,24.472,23.195
62,0,2,863.350000,858.350000,0.178798,0.605467,0.749523,3.411307,1,02/26/2026 11:39:28,24.488,23.212
63,0,2,883.350000,878.350000,0.182964,0.619682,0.750134,3.412222,1,02/26/2026 11:39:48,24.504,23.228
64,0,2,903.350000,898.350000,0.187130,0.633899,0.749981,3.412528,1,02/26/2026 11:40:08,24.520,23.244
65,0,2,923.350000,918.350000,0.191296,0.648117,0.749828,3.413138,1,02/26/2026 11:40:28,24.536,23.244
66,0,2,943.350000,938.350000,0.195463,0.662338,0.749981,3.413443,1,02/26/2026 11:40:48,24.552,23.260
67,0,2,963.350000,958.350000,0.199629,0.676560,0.749981,3.413443,1,02/26/2026 11:41:08,24.568,23.260
68,0,2,983.350000,978.350000,0.203795,0.690784,0.750134,3.414359,1,02/26/2026 11:41:28,24.568,23.260
69,0,2,1003.350000,998.350000,0.207961,0.705010,0.749828,3.414664,1,02/26/2026 11:41:48,24.584,23.244
70,0,2,1023.350000,1018.350000,0.212128,0.719237,0.750286,3.414359,1,02/26/2026 11:42:08,24.584,23.244
71,0,2,1043.350000,1038.350000,0.216294,0.733466,0.749981,3.414664,1,02/26/2026 11:42:28,24.568,23.228
72,0,2,1063.350000,1058.350000,0.220460,0.747696,0.749828,3.415579,1,02/26/2026 11:42:48,24.536,23.212
73,0,2,1083.350000,1078.350000,0.224626,0.761928,0.749676,3.416190,1,02/26/2026 11:43:08,24.520,23.179
74,0,2,1103.350000,1098.350000,0.228793,0.776161,0.749828,3.416495,1,02/26/2026 11:43:28,24.504,23.147
75,0,2,1123.350000,1118.350000,0.232959,0.790396,0.750134,3.416800,1,02/26/2026 11:43:48,24.504,23.147
76,0,2,1143.350000,1138.350000,0.237125,0.804633,0.749981,3.417105,1,02/26/2026 11:44:08,24.504,23.115
77,0,2,1163.350000,1158.350000,0.241291,0.818870,0.749981,3.417411,1,02/26/2026 11:44:28,24.488,23.099
78,0,2,1183.350000,1178.350000,0.245457,0.833108,0.749981,3.417716,1,02/26/2026 11:44:48,24.472,23.099
79,0,2,1203.350000,1198.350000,0.249624,0.847348,0.749828,3.417716,1,02/26/2026 11:45:08,24.472,23.083
80,0,2,1223.350000,1218.350000,0.253790,0.861588,0.749828,3.418326,1,02/26/2026 11:45:28,24.488,23.083
81,0,2,1243.350000,1238.350000,0.257956,0.875829,0.749828,3.418326,1,02/26/2026 11:45:48,24.520,23.099
82,0,2,1263.350000,1258.350000,0.262122,0.890072,0.750134,3.418326,1,02/26/2026 11:46:08,24.536,23.099
83,0,2,1283.350000,1278.350000,0.266289,0.904314,0.749523,3.418631,1,02/26/2026 11:46:28,24.536,23.115
84,0,2,1303.350000,1298.350000,0.270455,0.918558,0.749828,3.418936,1,02/26/2026 11:46:48,24.568,23.131
85,0,2,1323.350000,1318.350000,0.274621,0.932802,0.750134,3.418936,1,02/26/2026 11:47:08,24.584,23.147
86,0,2,1343.350000,1338.350000,0.278787,0.947048,0.749828,3.419242,1,02/26/2026 11:47:28,24.617,23.163
87,0,2,1363.350000,1358.350000,0.282954,0.961293,0.749981,3.419547,1,02/26/2026 11:47:48,24.633,23.179
88,0,2,1383.350000,1378.350000,0.287120,0.975540,0.749828,3.419547,1,02/26/2026 11:48:08,24.665,23.195
89,0,2,1403.350000,1398.350000,0.291286,0.989787,0.749981,3.419852,1,02/26/2026 11:48:28,24.681,23.212
90,0,2,1423.350000,1418.350000,0.295452,1.004035,0.749828,3.419547,1,02/26/2026 11:48:48,24.697,23.228
91,0,2,1443.350000,1438.350000,0.299619,1.018284,0.749981,3.419852,1,02/26/2026 11:49:08,24.713,23.228
92,0,2,1463.350000,1458.350000,0.303785,1.032533,0.749981,3.420157,1,02/26/2026 11:49:28,24.745,23.244
93,0,2,1483.350000,1478.350000,0.307951,1.046784,0.749981,3.420462,1,02/26/2026 11:49:48,24.745,23.244
94,0,2,1503.350000,1498.350000,0.312117,1.061034,0.750134,3.420768,1,02/26/2026 11:50:08,24.762,23.244
95,0,2,1523.350000,1518.350000,0.316284,1.075286,0.750286,3.421073,1,02/26/2026 11:50:28,24.762,23.244
96,0,2,1543.350000,1538.350000,0.320450,1.089538,0.750134,3.420768,1,02/26/2026 11:50:48,24.778,23.244
97,0,2,1563.350000,1558.350000,0.324616,1.103791,0.749828,3.421073,1,02/26/2026 11:51:08,24.778,23.244
98,0,2,1583.350000,1578.350000,0.328782,1.118044,0.750134,3.421073,1,02/26/2026 11:51:28,24.778,23.228
99,0,2,1603.350000,1598.350000,0.332949,1.132299,0.749981,3.421378,1,02/26/2026 11:51:48,24.778,23.228
100,0,2,1623.350000,1618.350000,0.337115,1.146554,0.749981,3.421683,1,02/26/2026 11:52:08,24.794,23.228
101,0,2,1643.350000,1638.350000,0.341281,1.160811,0.749981,3.421683,1,02/26/2026 11:52:28,24.794,23.212
102,0,2,1663.350000,1658.350000,0.345447,1.175068,0.750134,3.421988,1,02/26/2026 11:52:48,24.810,23.212
103,0,2,1683.350000,1678.350000,0.349613,1.189326,0.749981,3.422293,1,02/26/2026 11:53:08,24.826,23.212
104,0,2,1703.350000,1698.350000,0.353780,1.203585,0.749828,3.421988,1,02/26/2026 11:53:28,24.826,23.212
105,0,2,1723.350000,1718.350000,0.357946,1.217844,0.749981,3.422904,1,02/26/2026 11:53:48,24.842,23.212
106,0,2,1743.350000,1738.350000,0.362112,1.232105,0.750134,3.422904,1,02/26/2026 11:54:08,24.842,23.212
107,0,2,1763.350000,1758.350000,0.366278,1.246366,0.749981,3.422904,1,02/26/2026 11:54:28,24.858,23.212
108,0,2,1783.350000,1778.350000,0.370445,1.260628,0.749828,3.423209,1,02/26/2026 11:54:48,24.874,23.212
109,0,2,1803.350000,1798.350000,0.374611,1.274891,0.749676,3.423514,1,02/26/2026 11:55:08,24.874,23.195
110,0,2,1823.350000,1818.350000,0.378777,1.289155,0.750134,3.423819,1,02/26/2026 11:55:28,24.858,23.195
111,0,2,1843.350000,1838.350000,0.382943,1.303419,0.749676,3.423819,1,02/26/2026 11:55:48,24.890,23.195
112,0,2,1863.350000,1858.350000,0.387110,1.317685,0.749981,3.423819,1,02/26/2026 11:56:08,24.890,23.195
113,0,2,1883.350000,1878.350000,0.391276,1.331951,0.749828,3.424430,1,02/26/2026 11:56:28,24.890,23.195
114,0,2,1903.350000,1898.350000,0.395442,1.346219,0.749676,3.424735,1,02/26/2026 11:56:48,24.890,23.195
115,0,2,1923.350000,1918.350000,0.399608,1.360488,0.749981,3.424735,1,02/26/2026 11:57:08,24.890,23.179
116,0,2,1943.350000,1938.350000,0.403775,1.374758,0.749676,3.424735,1,02/26/2026 11:57:28,24.907,23.179
117,0,2,1963.350000,1958.350000,0.407941,1.389030,0.749981,3.425650,1,02/26/2026 11:57:48,24.907,23.163
118,0,2,1983.350000,1978.350000,0.412107,1.403302,0.749828,3.425345,1,02/26/2026 11:58:08,24.907,23.163
119,0,2,2003.350000,1998.350000,0.416273,1.417575,0.749676,3.425650,1,02/26/2026 11:58:28,24.907,23.163
120,0,2,2023.350000,2018.350000,0.420440,1.431850,0.749828,3.426261,1,02/26/2026 11:58:48,24.907,23.147
121,0,2,2043.350000,2038.350000,0.424606,1.446125,0.750286,3.426261,1,02/26/2026 11:59:08,24.890,23.131
122,0,2,2063.350000,2058.350000,0.428772,1.460401,0.749828,3.426871,1,02/26/2026 11:59:28,24.858,23.099
123,0,2,2083.350000,2078.350000,0.432938,1.474679,0.749828,3.426871,1,02/26/2026 11:59:48,24.858,23.067
124,0,2,2103.350000,2098.350000,0.437105,1.488957,0.750134,3.427481,1,02/26/2026 12:00:08,24.842,23.051
125,0,2,2123.350000,2118.350000,0.441271,1.503237,0.749981,3.427787,1,02/26/2026 12:00:28,24.842,23.051
126,0,2,2143.350000,2138.350000,0.445437,1.517518,0.749828,3.427481,1,02/26/2026 12:00:48,24.810,23.035
127,0,2,2163.350000,2158.350000,0.449603,1.531800,0.749828,3.428092,1,02/26/2026 12:01:08,24.810,23.019
128,0,2,2183.350000,2178.350000,0.453770,1.546083,0.749828,3.428397,1,02/26/2026 12:01:28,24.794,23.002
129,0,2,2203.350000,2198.350000,0.457936,1.560367,0.749828,3.428092,1,02/26/2026 12:01:48,24.794,22.986
130,0,2,2223.350000,2218.350000,0.462102,1.574652,0.749828,3.429007,1,02/26/2026 12:02:08,24.778,22.970
131,0,2,2243.350000,2238.350000,0.466268,1.588939,0.749981,3.429007,1,02/26/2026 12:02:28,24.762,22.954
132,0,2,2263.350000,2258.350000,0.470434,1.603226,0.749676,3.429313,1,02/26/2026 12:02:48,24.778,22.970
133,0,2,2283.350000,2278.350000,0.474601,1.617514,0.749828,3.429618,1,02/26/2026 12:03:08,24.794,22.970
134,0,2,2303.350000,2298.350000,0.478767,1.631803,0.749676,3.429618,1,02/26/2026 12:03:28,24.810,22.970
135,0,2,2323.350000,2318.350000,0.482933,1.646094,0.749828,3.429923,1,02/26/2026 12:03:48,24.826,23.002
136,0,2,2343.350000,2338.350000,0.487099,1.660385,0.750286,3.430228,1,02/26/2026 12:04:08,24.842,23.019
137,0,2,2363.350000,2358.350000,0.491266,1.674678,0.749676,3.430533,1,02/26/2026 12:04:28,24.874,23.035
138,0,2,2383.350000,2378.350000,0.495432,1.688971,0.749828,3.430838,1,02/26/2026 12:04:48,24.907,23.051
139,0,2,2403.350000,2398.350000,0.499598,1.703266,0.750134,3.430838,1,02/26/2026 12:05:08,24.907,23.083
140,0,2,2423.350000,2418.350000,0.503764,1.717562,0.749981,3.431449,1,02/26/2026 12:05:28,24.923,23.099
141,0,2,2443.350000,2438.350000,0.507931,1.731858,0.749828,3.431754,1,02/26/2026 12:05:48,24.955,23.115
142,0,2,2463.350000,2458.350000,0.512097,1.746157,0.749828,3.432059,1,02/26/2026 12:06:08,24.987,23.131
143,0,2,2483.350000,2478.350000,0.516263,1.760457,0.750134,3.432364,1,02/26/2026 12:06:28,25.003,23.131
144,0,2,2503.350000,2498.350000,0.520429,1.774758,0.749676,3.432059,1,02/26/2026 12:06:48,25.019,23.147
145,0,2,2523.350000,2518.350000,0.524596,1.789060,0.749981,3.432975,1,02/26/2026 12:07:08,25.019,23.147
146,0,2,2543.350000,2538.350000,0.528762,1.803364,0.749828,3.433280,1,02/26/2026 12:07:28,25.035,23.163
147,0,2,2563.350000,2558.350000,0.532928,1.817670,0.749981,3.433585,1,02/26/2026 12:07:48,25.035,23.163
148,0,2,2583.350000,2578.350000,0.537094,1.831976,0.749981,3.433890,1,02/26/2026 12:08:08,25.052,23.179
149,0,2,2603.350000,2598.350000,0.541261,1.846284,0.749828,3.434501,1,02/26/2026 12:08:28,25.052,23.179
150,0,2,2623.350000,2618.350000,0.545427,1.860593,0.749676,3.434501,1,02/26/2026 12:08:48,25.052,23.179
151,0,2,2643.350000,2638.350000,0.549593,1.874903,0.749981,3.434806,1,02/26/2026 12:09:08,25.052,23.179
152,0,2,2663.350000,2658.350000,0.553759,1.889214,0.749828,3.434806,1,02/26/2026 12:09:28,25.052,23.179
153,0,2,2683.350000,2678.350000,0.557926,1.903526,0.749981,3.435416,1,02/26/2026 12:09:48,25.052,23.163
154,0,2,2703.350000,2698.350000,0.562092,1.917839,0.749828,3.435721,1,02/26/2026 12:10:08,25.068,23.163
155,0,2,2723.350000,2718.350000,0.566258,1.932153,0.749981,3.435721,1,02/26/2026 12:10:28,25.068,23.163
156,0,2,2743.350000,2738.350000,0.570424,1.946469,0.749828,3.436027,1,02/26/2026 12:10:48,25.068,23.163
157,0,2,2763.350000,2758.350000,0.574591,1.960785,0.749981,3.436027,1,02/26/2026 12:11:08,25.068,23.147
158,0,2,2783.350000,2778.350000,0.578757,1.975103,0.749981,3.436637,1,02/26/2026 12:11:28,25.068,23.147
159,0,2,2803.350000,2798.350000,0.582923,1.989421,0.749676,3.436637,1,02/26/2026 12:11:48,25.084,23.163
160,0,2,2823.350000,2818.350000,0.587089,2.003741,0.749676,3.437247,1,02/26/2026 12:12:08,25.084,23.163
161,0,2,2843.350000,2838.350000,0.591255,2.018062,0.750134,3.437552,1,02/26/2026 12:12:28,25.084,23.163
162,0,2,2863.350000,2858.350000,0.595422,2.032384,0.749828,3.437858,1,02/26/2026 12:12:48,25.084,23.163
163,0,2,2883.350000,2878.350000,0.599588,2.046707,0.750134,3.438163,1,02/26/2026 12:13:08,25.084,23.163
164,0,2,2903.350000,2898.350000,0.603754,2.061032,0.750134,3.438468,1,02/26/2026 12:13:28,25.084,23.163
165,0,2,2923.350000,2918.350000,0.607920,2.075357,0.749981,3.438468,1,02/26/2026 12:13:48,25.100,23.163
166,0,2,2943.350000,2938.350000,0.612087,2.089684,0.750134,3.438773,1,02/26/2026 12:14:08,25.100,23.179
167,0,2,2963.350000,2958.350000,0.616253,2.104011,0.749828,3.438773,1,02/26/2026 12:14:28,25.100,23.179
168,0,2,2983.350000,2978.350000,0.620419,2.118340,0.749676,3.439384,1,02/26/2026 12:14:48,25.100,23.179
169,0,2,3003.350000,2998.350000,0.624585,2.132669,0.749676,3.439384,1,02/26/2026 12:15:08,25.100,23.195
170,0,2,3023.350000,3018.350000,0.628752,2.147000,0.749676,3.439689,1,02/26/2026 12:15:28,25.116,23.195
171,0,2,3043.350000,3038.350000,0.632918,2.161331,0.749981,3.440299,1,02/26/2026 12:15:48,25.116,23.195
172,0,2,3063.350000,3058.350000,0.637084,2.175664,0.749828,3.440299,1,02/26/2026 12:16:08,25.116,23.179
173,0,2,3083.350000,3078.350000,0.641250,2.189998,0.749981,3.440299,1,02/26/2026 12:16:28,25.100,23.179
174,0,2,3103.350000,3098.350000,0.645417,2.204332,0.750134,3.440604,1,02/26/2026 12:16:48,25.116,23.179
175,0,2,3123.350000,3118.350000,0.649583,2.218668,0.749981,3.441215,1,02/26/2026 12:17:08,25.100,23.163
176,0,2,3143.350000,3138.350000,0.653749,2.233005,0.749828,3.440909,1,02/26/2026 12:17:28,25.068,23.131
177,0,2,3163.350000,3158.350000,0.657915,2.247343,0.749981,3.442130,1,02/26/2026 12:17:48,25.052,23.115
178,0,2,3183.350000,3178.350000,0.662082,2.261683,0.749828,3.442130,1,02/26/2026 12:18:08,25.035,23.099
179,0,2,3203.350000,3198.350000,0.666248,2.276025,0.750134,3.442435,1,02/26/2026 12:18:28,25.019,23.083
180,0,2,3223.350000,3218.350000,0.670414,2.290368,0.749828,3.442435,1,02/26/2026 12:18:48,25.003,23.083
181,0,2,3243.350000,3238.350000,0.674580,2.304712,0.749828,3.443046,1,02/26/2026 12:19:08,24.987,23.051
182,0,2,3263.350000,3258.350000,0.678747,2.319058,0.749981,3.443351,1,02/26/2026 12:19:28,24.971,23.035
183,0,2,3283.350000,3278.350000,0.682913,2.333404,0.750134,3.443656,1,02/26/2026 12:19:48,24.939,23.019
184,0,2,3303.350000,3298.350000,0.687079,2.347752,0.749981,3.443656,1,02/26/2026 12:20:08,24.939,23.002
185,0,2,3323.350000,3318.350000,0.691245,2.362101,0.749981,3.443961,1,02/26/2026 12:20:28,24.923,22.986
186,0,2,3343.350000,3338.350000,0.695412,2.376451,0.749676,3.444572,1,02/26/2026 12:20:48,24.923,22.970
187,0,2,3363.350000,3358.350000,0.699578,2.390801,0.749981,3.444572,1,02/26/2026 12:21:08,24.907,22.970
188,0,2,3383.350000,3378.350000,0.703744,2.405154,0.750134,3.444877,1,02/26/2026 12:21:28,24.890,22.970
189,0,2,3403.350000,3398.350000,0.707910,2.419507,0.749981,3.445182,1,02/26/2026 12:21:48,24.923,22.986
190,0,2,3423.350000,3418.350000,0.712077,2.433861,0.749676,3.445487,1,02/26/2026 12:22:08,24.907,22.986
191,0,2,3443.350000,3438.350000,0.716243,2.448217,0.749981,3.445792,1,02/26/2026 12:22:28,24.923,23.002
192,0,2,3463.350000,3458.350000,0.720409,2.462573,0.749981,3.445792,1,02/26/2026 12:22:48,24.923,23.002
193,0,2,3483.350000,3478.350000,0.724575,2.476931,0.750134,3.445792,1,02/26/2026 12:23:08,24.939,23.019
194,0,2,3503.350000,3498.350000,0.728742,2.491290,0.749676,3.446403,1,02/26/2026 12:23:28,24.955,23.035
195,0,2,3523.350000,3518.350000,0.732908,2.505650,0.749981,3.447013,1,02/26/2026 12:23:48,24.987,23.051
196,0,2,3543.350000,3538.350000,0.737074,2.520012,0.749981,3.447318,1,02/26/2026 12:24:08,24.987,23.067
197,0,2,3563.350000,3558.350000,0.741240,2.534374,0.749981,3.447623,1,02/26/2026 12:24:28,25.019,23.083
198,0,2,3583.350000,3578.350000,0.745406,2.548738,0.749981,3.447623,1,02/26/2026 12:24:48,25.019,23.099
199,0,2,3603.350000,3598.350000,0.749573,2.563102,0.749828,3.447623,1,02/26/2026 12:25:08,25.019,23.099
200,0,2,3623.350000,3618.350000,0.753739,2.577468,0.750286,3.447929,1,02/26/2026 12:25:28,25.035,23.131
201,0,2,3643.350000,3638.350000,0.757905,2.591835,0.750134,3.448539,1,02/26/2026 12:25:48,25.052,23.115
202,0,2,3663.350000,3658.350000,0.762071,2.606203,0.749828,3.449149,1,02/26/2026 12:26:08,25.068,23.131
203,0,2,3683.350000,3678.350000,0.766238,2.620573,0.749981,3.449454,1,02/26/2026 12:26:28,25.068,23.147
204,0,2,3703.350000,3698.350000,0.770404,2.634943,0.749981,3.449454,1,02/26/2026 12:26:48,25.084,23.163
205,0,2,3723.350000,3718.350000,0.774570,2.649315,0.749981,3.449454,1,02/26/2026 12:27:08,25.084,23.179
206,0,2,3743.350000,3738.350000,0.778736,2.663687,0.749828,3.449760,1,02/26/2026 12:27:28,25.100,23.179
207,0,2,3763.350000,3758.350000,0.782903,2.678062,0.749828,3.450065,1,02/26/2026 12:27:48,25.100,23.179
208,0,2,3783.350000,3778.350000,0.787069,2.692437,0.749981,3.450370,1,02/26/2026 12:28:08,25.100,23.179
209,0,2,3803.350000,3798.350000,0.791235,2.706815,0.749828,3.451286,1,02/26/2026 12:28:28,25.084,23.147
210,0,2,3823.350000,3818.350000,0.795401,2.721193,0.749828,3.451286,1,02/26/2026 12:28:48,25.068,23.131
211,0,2,3843.350000,3838.350000,0.799568,2.735574,0.749676,3.451591,1,02/26/2026 12:29:08,25.035,23.115
212,0,2,3863.350000,3858.350000,0.803734,2.749956,0.749981,3.451896,1,02/26/2026 12:29:28,25.019,23.083
213,0,2,3883.350000,3878.350000,0.807900,2.764339,0.749981,3.452201,1,02/26/2026 12:29:48,24.987,23.067
214,0,2,3903.350000,3898.350000,0.812066,2.778724,0.749981,3.452811,1,02/26/2026 12:30:08,24.971,23.051
215,0,2,3923.350000,3918.350000,0.816233,2.793110,0.750134,3.453117,1,02/26/2026 12:30:28,24.955,23.035
216,0,2,3943.350000,3938.350000,0.820399,2.807497,0.749828,3.453422,1,02/26/2026 12:30:48,24.939,23.019
217,0,2,3963.350000,3958.350000,0.824565,2.821886,0.749981,3.453422,1,02/26/2026 12:31:08,24.923,23.002
218,0,2,3983.350000,3978.350000,0.828731,2.836277,0.749676,3.454337,1,02/26/2026 12:31:28,24.907,22.986
219,0,2,4003.350000,3998.350000,0.832898,2.850668,0.749981,3.454337,1,02/26/2026 12:31:48,24.907,22.986
220,0,2,4023.350000,4018.350000,0.837064,2.865061,0.749981,3.454643,1,02/26/2026 12:32:08,24.907,22.986
221,0,2,4043.350000,4038.350000,0.841230,2.879456,0.749981,3.454948,1,02/26/2026 12:32:28,24.923,22.986
222,0,2,4063.350000,4058.350000,0.845396,2.893852,0.749981,3.455558,1,02/26/2026 12:32:48,24.923,23.002
223,0,2,4083.350000,4078.350000,0.849563,2.908249,0.749676,3.455558,1,02/26/2026 12:33:08,24.923,23.002
224,0,2,4103.350000,4098.350000,0.853729,2.922647,0.750134,3.455863,1,02/26/2026 12:33:28,24.955,23.019
225,0,2,4123.350000,4118.350000,0.857895,2.937047,0.749828,3.456474,1,02/26/2026 12:33:48,24.955,23.035
226,0,2,4143.350000,4138.350000,0.862061,2.951448,0.749828,3.456474,1,02/26/2026 12:34:08,24.971,23.051
227,0,2,4163.350000,4158.350000,0.866227,2.965850,0.749828,3.457084,1,02/26/2026 12:34:28,24.987,23.083
228,0,2,4183.350000,4178.350000,0.870394,2.980254,0.749981,3.457389,1,02/26/2026 12:34:48,25.003,23.099
229,0,2,4203.350000,4198.350000,0.874560,2.994660,0.750134,3.457694,1,02/26/2026 12:35:08,25.019,23.115
230,0,2,4223.350000,4218.350000,0.878726,3.009067,0.750134,3.458305,1,02/26/2026 12:35:28,25.035,23.115
231,0,2,4243.350000,4238.350000,0.882892,3.023475,0.749981,3.458610,1,02/26/2026 12:35:48,25.052,23.131
232,0,2,4263.350000,4258.350000,0.887059,3.037885,0.749828,3.458915,1,02/26/2026 12:36:08,25.068,23.147
233,0,2,4283.350000,4278.350000,0.891225,3.052297,0.749828,3.459220,1,02/26/2026 12:36:28,25.084,23.163
234,0,2,4303.350000,4298.350000,0.895391,3.066712,0.749676,3.459525,1,02/26/2026 12:36:48,25.068,23.163
235,0,2,4323.350000,4318.350000,0.899557,3.081127,0.750286,3.460136,1,02/26/2026 12:37:08,25.100,23.179
236,0,2,4343.350000,4338.350000,0.903724,3.095545,0.749523,3.460746,1,02/26/2026 12:37:28,25.084,23.163
237,0,2,4363.350000,4358.350000,0.907890,3.109963,0.749676,3.461051,1,02/26/2026 12:37:48,25.068,23.147
238,0,2,4383.350000,4378.350000,0.912056,3.124384,0.749828,3.461357,1,02/26/2026 12:38:08,25.052,23.147
239,0,2,4403.350000,4398.350000,0.916222,3.138806,0.750134,3.461662,1,02/26/2026 12:38:28,25.035,23.115
240,0,2,4423.350000,4418.350000,0.920389,3.153230,0.749828,3.462272,1,02/26/2026 12:38:48,25.003,23.083
241,0,2,4443.350000,4438.350000,0.924555,3.167656,0.749828,3.462882,1,02/26/2026 12:39:08,24.987,23.067
242,0,2,4463.350000,4458.350000,0.928721,3.182084,0.749981,3.463188,1,02/26/2026 12:39:28,24.971,23.035
243,0,2,4483.350000,4478.350000,0.932887,3.196513,0.749828,3.463188,1,02/26/2026 12:39:48,24.955,23.035
244,0,2,4503.350000,4498.350000,0.937054,3.210945,0.749828,3.464103,1,02/26/2026 12:40:08,24.955,23.019
245,0,2,4523.350000,4518.350000,0.941220,3.225378,0.749981,3.464408,1,02/26/2026 12:40:28,24.923,23.002
246,0,2,4543.350000,4538.350000,0.945386,3.239813,0.749981,3.465019,1,02/26/2026 12:40:48,24.923,23.002
247,0,2,4563.350000,4558.350000,0.949552,3.254249,0.750286,3.465324,1,02/26/2026 12:41:08,24.923,22.986
248,0,2,4583.350000,4578.350000,0.953719,3.268687,0.749981,3.465629,1,02/26/2026 12:41:28,24.923,23.002
249,0,2,4603.350000,4598.350000,0.957885,3.283127,0.749828,3.466239,1,02/26/2026 12:41:48,24.923,22.986
250,0,2,4623.350000,4618.350000,0.962051,3.297569,0.749828,3.466545,1,02/26/2026 12:42:08,24.939,23.002
251,0,2,4643.350000,4638.350000,0.966217,3.312012,0.749981,3.467155,1,02/26/2026 12:42:28,24.939,23.019
252,0,2,4663.350000,4658.350000,0.970384,3.326458,0.749981,3.467765,1,02/26/2026 12:42:48,24.971,23.035
253,0,2,4683.350000,4678.350000,0.974550,3.340906,0.749828,3.468070,1,02/26/2026 12:43:08,24.971,23.051
254,0,2,4703.350000,4698.350000,0.978716,3.355356,0.749981,3.468376,1,02/26/2026 12:43:28,24.987,23.067
255,0,2,4723.350000,4718.350000,0.982882,3.369808,0.750134,3.469291,1,02/26/2026 12:43:48,24.987,23.067
256,0,2,4743.350000,4738.350000,0.987049,3.384263,0.749981,3.469596,1,02/26/2026 12:44:08,25.019,23.083
257,0,2,4763.350000,4758.350000,0.991215,3.398719,0.749981,3.470207,1,02/26/2026 12:44:28,25.035,23.099
258,0,2,4783.350000,4778.350000,0.995381,3.413177,0.749523,3.470512,1,02/26/2026 12:44:48,25.052,23.115
259,0,2,4803.350000,4798.350000,0.999547,3.427636,0.749981,3.470817,1,02/26/2026 12:45:08,25.068,23.131
260,0,2,4823.350000,4818.350000,1.003713,3.442098,0.750134,3.471427,1,02/26/2026 12:45:28,25.068,23.147
261,0,2,4843.350000,4838.350000,1.007880,3.456561,0.749981,3.471733,1,02/26/2026 12:45:48,25.084,23.163
262,0,2,4863.350000,4858.350000,1.012046,3.471027,0.750134,3.472343,1,02/26/2026 12:46:08,25.084,23.163
263,0,2,4883.350000,4878.350000,1.016212,3.485495,0.749981,3.472953,1,02/26/2026 12:46:28,25.100,23.179
264,0,2,4903.350000,4898.350000,1.020378,3.499965,0.749676,3.473259,1,02/26/2026 12:46:48,25.100,23.179
265,0,2,4923.350000,4918.350000,1.024545,3.514438,0.749981,3.473564,1,02/26/2026 12:47:08,25.084,23.179
266,0,2,4943.350000,4938.350000,1.028711,3.528912,0.749828,3.474479,1,02/26/2026 12:47:28,25.084,23.163
267,0,2,4963.350000,4958.350000,1.032877,3.543389,0.749981,3.474784,1,02/26/2026 12:47:48,25.052,23.147
268,0,2,4983.350000,4978.350000,1.037043,3.557868,0.749981,3.475700,1,02/26/2026 12:48:08,25.035,23.115
269,0,2,5003.350000,4998.350000,1.041210,3.572350,0.749981,3.476005,1,02/26/2026 12:48:28,25.035,23.115
270,0,2,5023.350000,5018.350000,1.045376,3.586834,0.749981,3.476616,1,02/26/2026 12:48:48,25.035,23.115
271,0,2,5043.350000,5038.350000,1.049542,3.601321,0.749981,3.477531,1,02/26/2026 12:49:08,25.019,23.099
272,0,2,5063.350000,5058.350000,1.053708,3.615811,0.749828,3.478141,1,02/26/2026 12:49:28,25.019,23.083
273,0,2,5083.350000,5078.350000,1.057875,3.630303,0.749828,3.479057,1,02/26/2026 12:49:48,25.003,23.083
274,0,2,5103.350000,5098.350000,1.062041,3.644798,0.750134,3.479057,1,02/26/2026 12:50:08,24.971,23.051
275,0,2,5123.350000,5118.350000,1.066207,3.659294,0.749828,3.479667,1,02/26/2026 12:50:28,24.955,23.019
276,0,2,5143.350000,5138.350000,1.070373,3.673794,0.749981,3.480583,1,02/26/2026 12:50:48,24.955,23.019
277,0,2,5163.350000,5158.350000,1.074540,3.688296,0.749981,3.480888,1,02/26/2026 12:51:08,24.955,23.035
278,0,2,5183.350000,5178.350000,1.078706,3.702800,0.749981,3.481498,1,02/26/2026 12:51:28,24.955,23.035
279,0,2,5203.350000,5198.350000,1.082872,3.717307,0.749981,3.482414,1,02/26/2026 12:51:48,24.971,23.035
280,0,2,5223.350000,5218.350000,1.087038,3.731816,0.749981,3.483024,1,02/26/2026 12:52:08,24.987,23.051
281,0,2,5243.350000,5238.350000,1.091205,3.746329,0.749981,3.483635,1,02/26/2026 12:52:28,25.003,23.067
282,0,2,5263.350000,5258.350000,1.095371,3.760844,0.749828,3.484245,1,02/26/2026 12:52:48,25.019,23.083
283,0,2,5283.350000,5278.350000,1.099537,3.775362,0.749828,3.485161,1,02/26/2026 12:53:08,25.035,23.099
284,0,2,5303.350000,5298.350000,1.103703,3.789884,0.749981,3.485771,1,02/26/2026 12:53:28,25.035,23.115
285,0,2,5323.350000,5318.350000,1.107870,3.804408,0.749981,3.486381,1,02/26/2026 12:53:48,25.084,23.131
286,0,2,5343.350000,5338.350000,1.112036,3.818936,0.749828,3.486992,1,02/26/2026 12:54:08,25.100,23.131
287,0,2,5363.350000,5358.350000,1.116202,3.833466,0.749981,3.487602,1,02/26/2026 12:54:28,25.116,23.163
288,0,2,5383.350000,5378.350000,1.120368,3.847999,0.750134,3.488518,1,02/26/2026 12:54:48,25.132,23.179
289,0,2,5403.350000,5398.350000,1.124534,3.862535,0.749828,3.489433,1,02/26/2026 12:55:08,25.148,23.195
290,0,2,5423.350000,5418.350000,1.128701,3.877074,0.749828,3.490043,1,02/26/2026 12:55:28,25.148,23.195
291,0,2,5443.350000,5438.350000,1.132867,3.891617,0.749828,3.490654,1,02/26/2026 12:55:48,25.164,23.195
292,0,2,5463.350000,5458.350000,1.137033,3.906162,0.749981,3.491569,1,02/26/2026 12:56:08,25.148,23.195
293,0,2,5483.350000,5478.350000,1.141199,3.920710,0.749676,3.492485,1,02/26/2026 12:56:28,25.148,23.195
294,0,2,5503.350000,5498.350000,1.145366,3.935262,0.749828,3.493400,1,02/26/2026 12:56:48,25.148,23.195
295,0,2,5523.350000,5518.350000,1.149532,3.949819,0.749981,3.494316,1,02/26/2026 12:57:08,25.148,23.179
296,0,2,5543.350000,5538.350000,1.153698,3.964379,0.749981,3.494926,1,02/26/2026 12:57:28,25.116,23.147
297,0,2,5563.350000,5558.350000,1.157864,3.978942,0.749828,3.495842,1,02/26/2026 12:57:48,25.100,23.115
298,0,2,5583.350000,5578.350000,1.162031,3.993508,0.749828,3.496452,1,02/26/2026 12:58:08,25.084,23.115
299,0,2,5603.350000,5598.350000,1.166197,4.008078,0.749523,3.497368,1,02/26/2026 12:58:28,25.068,23.083
300,0,2,5623.350000,5618.350000,1.170363,4.022652,0.749828,3.498894,1,02/26/2026 12:58:48,25.052,23.083
301,0,2,5643.350000,5638.350000,1.174529,4.037229,0.749676,3.499504,1,02/26/2026 12:59:08,25.052,23.067
302,0,2,5663.350000,5658.350000,1.178696,4.051810,0.749828,3.500420,1,02/26/2026 12:59:28,25.035,23.051
303,0,2,5683.350000,5678.350000,1.182862,4.066395,0.749676,3.500725,1,02/26/2026 12:59:48,25.035,23.035
304,0,2,5703.350000,5698.350000,1.187028,4.080984,0.750134,3.502251,1,02/26/2026 13:00:08,25.035,23.035
305,0,2,5723.350000,5718.350000,1.191194,4.095578,0.749981,3.503166,1,02/26/2026 13:00:28,25.035,23.051
306,0,2,5743.350000,5738.350000,1.195361,4.110176,0.749676,3.504387,1,02/26/2026 13:00:48,25.052,23.067
307,0,2,5763.350000,5758.350000,1.199527,4.124778,0.749676,3.504997,1,02/26/2026 13:01:08,25.068,23.083
308,0,2,5783.350000,5778.350000,1.203693,4.139384,0.749981,3.506218,1,02/26/2026 13:01:28,25.100,23.099
309,0,2,5803.350000,5798.350000,1.207859,4.153994,0.749828,3.507134,1,02/26/2026 13:01:48,25.132,23.115
310,0,2,5823.350000,5818.350000,1.212026,4.168608,0.749828,3.508354,1,02/26/2026 13:02:08,25.132,23.131
311,0,2,5843.350000,5838.350000,1.216192,4.183226,0.749676,3.509270,1,02/26/2026 13:02:28,25.164,23.147
312,0,2,5863.350000,5858.350000,1.220358,4.197849,0.749981,3.510491,1,02/26/2026 13:02:48,25.164,23.163
313,0,2,5883.350000,5878.350000,1.224524,4.212478,0.749981,3.511406,1,02/26/2026 13:03:08,25.197,23.179
314,0,2,5903.350000,5898.350000,1.228691,4.227111,0.749981,3.512627,1,02/26/2026 13:03:28,25.213,23.195
315,0,2,5923.350000,5918.350000,1.232857,4.241749,0.749981,3.513848,1,02/26/2026 13:03:48,25.229,23.212
316,0,2,5943.350000,5938.350000,1.237023,4.256393,0.749981,3.515373,1,02/26/2026 13:04:08,25.245,23.228
317,0,2,5963.350000,5958.350000,1.241189,4.271041,0.749828,3.516594,1,02/26/2026 13:04:28,25.277,23.228
318,0,2,5983.350000,5978.350000,1.245356,4.285694,0.750134,3.517815,1,02/26/2026 13:04:48,25.277,23.244
319,0,2,6003.350000,5998.350000,1.249522,4.300353,0.749828,3.519341,1,02/26/2026 13:05:08,25.293,23.244
320,0,2,6023.350000,6018.350000,1.253688,4.315017,0.749981,3.520562,1,02/26/2026 13:05:28,25.293,23.244
321,0,2,6043.350000,6038.350000,1.257854,4.329687,0.749676,3.521477,1,02/26/2026 13:05:48,25.309,23.244
322,0,2,6063.350000,6058.350000,1.262020,4.344362,0.750134,3.522698,1,02/26/2026 13:06:08,25.309,23.244
323,0,2,6083.350000,6078.350000,1.266187,4.359043,0.750134,3.524224,1,02/26/2026 13:06:28,25.309,23.228
324,0,2,6103.350000,6098.350000,1.270353,4.373729,0.750134,3.526055,1,02/26/2026 13:06:48,25.293,23.212
325,0,2,6123.350000,6118.350000,1.274519,4.388422,0.750134,3.526970,1,02/26/2026 13:07:08,25.277,23.195
326,0,2,6143.350000,6138.350000,1.278685,4.403122,0.750134,3.529107,1,02/26/2026 13:07:28,25.293,23.195
327,0,2,6163.350000,6158.350000,1.282852,4.417828,0.749828,3.530632,1,02/26/2026 13:07:48,25.277,23.179
328,0,2,6183.350000,6178.350000,1.287018,4.432540,0.749981,3.531853,1,02/26/2026 13:08:08,25.261,23.163
329,0,2,6203.350000,6198.350000,1.291184,4.447259,0.749828,3.533684,1,02/26/2026 13:08:28,25.245,23.131
330,0,2,6223.350000,6218.350000,1.295350,4.461985,0.749981,3.535210,1,02/26/2026 13:08:48,25.245,23.115
331,0,2,6243.350000,6238.350000,1.299517,4.476718,0.749981,3.537041,1,02/26/2026 13:09:08,25.213,23.099
332,0,2,6263.350000,6258.350000,1.303683,4.491459,0.749828,3.539178,1,02/26/2026 13:09:28,25.229,23.099
333,0,2,6283.350000,6278.350000,1.307849,4.506207,0.749981,3.540703,1,02/26/2026 13:09:48,25.213,23.099
334,0,2,6303.350000,6298.350000,1.312015,4.520963,0.750134,3.542535,1,02/26/2026 13:10:08,25.229,23.099
335,0,2,6323.350000,6318.350000,1.316182,4.535727,0.750134,3.544671,1,02/26/2026 13:10:28,25.261,23.099
336,0,2,6343.350000,6338.350000,1.320348,4.550499,0.749676,3.546502,1,02/26/2026 13:10:48,25.261,23.115
337,0,2,6363.350000,6358.350000,1.324514,4.565280,0.749981,3.548943,1,02/26/2026 13:11:08,25.277,23.131
338,0,2,6383.350000,6378.350000,1.328680,4.580069,0.749828,3.550774,1,02/26/2026 13:11:28,25.325,23.147
339,0,2,6403.350000,6398.350000,1.332847,4.594866,0.749828,3.552605,1,02/26/2026 13:11:48,25.358,23.179
340,0,2,6423.350000,6418.350000,1.337013,4.609674,0.749981,3.555352,1,02/26/2026 13:12:08,25.390,23.195
341,0,2,6443.350000,6438.350000,1.341179,4.624491,0.749981,3.557488,1,02/26/2026 13:12:28,25.406,23.212
342,0,2,6463.350000,6458.350000,1.345345,4.639319,0.750134,3.559930,1,02/26/2026 13:12:48,25.438,23.228
343,0,2,6483.350000,6478.350000,1.349512,4.654156,0.749828,3.562371,1,02/26/2026 13:13:08,25.454,23.260
344,0,2,6503.350000,6498.350000,1.353678,4.669005,0.749981,3.565423,1,02/26/2026 13:13:28,25.486,23.260
345,0,2,6523.350000,6518.350000,1.357844,4.683866,0.749981,3.567864,1,02/26/2026 13:13:48,25.503,23.260
346,0,2,6543.350000,6538.350000,1.362010,4.698738,0.750286,3.571221,1,02/26/2026 13:14:08,25.519,23.276
347,0,2,6563.350000,6558.350000,1.366177,4.713623,0.749828,3.574578,1,02/26/2026 13:14:28,25.535,23.260
348,0,2,6583.350000,6578.350000,1.370343,4.728522,0.750134,3.577630,1,02/26/2026 13:14:48,25.535,23.276
349,0,2,6603.350000,6598.350000,1.374509,4.743436,0.749676,3.581292,1,02/26/2026 13:15:08,25.551,23.260
350,0,2,6623.350000,6618.350000,1.378675,4.758365,0.750134,3.584955,1,02/26/2026 13:15:28,25.551,23.244
351,0,2,6643.350000,6638.350000,1.382842,4.773311,0.749828,3.589227,1,02/26/2026 13:15:48,25.567,23.228
352,0,2,6663.350000,6658.350000,1.387008,4.788275,0.749828,3.593805,1,02/26/2026 13:16:08,25.583,23.228
353,0,2,6682.440000,6677.440000,1.390984,4.802576,0.749981,3.598688,5,02/26/2026 13:16:27,25.567,23.212
354,0,2,6701.780000,6696.780000,1.395013,4.817084,0.749676,3.603571,5,02/26/2026 13:16:46,25.567,23.212
355,0,2,6718.730000,6713.730000,1.398544,4.829817,0.749981,3.608453,5,02/26/2026 13:17:03,25.583,23.212
356,0,2,6734.430000,6729.430000,1.401815,4.841627,0.749828,3.613336,5,02/26/2026 13:17:19,25.599,23.195
357,0,2,6749.360000,6744.360000,1.404925,4.852872,0.749828,3.618219,5,02/26/2026 13:17:34,25.615,23.195
358,0,2,6763.460000,6758.460000,1.407862,4.863506,0.749676,3.623102,5,02/26/2026 13:17:48,25.648,23.195
359,0,2,6776.930000,6771.930000,1.410668,4.873680,0.749676,3.627985,5,02/26/2026 13:18:01,25.631,23.195
360,0,2,6789.060000,6784.060000,1.413195,4.882853,0.750134,3.632868,5,02/26/2026 13:18:13,25.648,23.195
361,0,2,6801.410000,6796.410000,1.415767,4.892206,0.749676,3.637751,5,02/26/2026 13:18:26,25.648,23.195
362,0,2,6811.880000,6806.880000,1.417948,4.900146,0.749828,3.642634,5,02/26/2026 13:18:36,25.664,23.195
363,0,2,6822.330000,6817.330000,1.420125,4.908080,0.749523,3.647517,5,02/26/2026 13:18:47,25.680,23.195
364,0,2,6829.840000,6824.840000,1.421686,4.913775,0.739452,3.649958,4,02/26/2026 13:18:54,25.680,23.195
365,0,2,6833.520000,6828.520000,1.422436,4.916513,0.729381,3.649958,4,02/26/2026 13:18:58,25.680,23.195
366,0,2,6837.950000,6832.950000,1.423327,4.919767,0.719158,3.649958,4,02/26/2026 13:19:02,25.680,23.195
367,0,2,6843.090000,6838.090000,1.424348,4.923493,0.709087,3.649958,4,02/26/2026 13:19:07,25.696,23.195
368,0,2,6848.090000,6843.090000,1.425327,4.927066,0.699016,3.650263,4,02/26/2026 13:19:12,25.696,23.195
369,0,2,6853.840000,6848.840000,1.426436,4.931115,0.688945,3.649958,4,02/26/2026 13:19:18,25.696,23.195
370,0,2,6858.970000,6853.970000,1.427412,4.934674,0.678874,3.649958,4,02/26/2026 13:19:23,25.696,23.195
371,0,2,6865.060000,6860.060000,1.428552,4.938838,0.668803,3.649958,4,02/26/2026 13:19:29,25.712,23.195
372,0,2,6870.380000,6865.380000,1.429533,4.942418,0.658732,3.649958,4,02/26/2026 13:19:35,25.728,23.195
373,0,2,6876.050000,6871.050000,1.430563,4.946178,0.648661,3.649958,4,02/26/2026 13:19:40,25.712,23.195
374,0,2,6881.750000,6876.750000,1.431583,4.949900,0.638590,3.649958,4,02/26/2026 13:19:46,25.728,23.179
375,0,2,6888.670000,6883.670000,1.432801,4.954345,0.628519,3.649653,4,02/26/2026 13:19:53,25.728,23.179
376,0,2,6893.580000,6888.580000,1.433651,4.957449,0.618296,3.649958,4,02/26/2026 13:19:58,25.728,23.179
377,0,2,6900.230000,6895.230000,1.434786,4.961590,0.608225,3.649958,4,02/26/2026 13:20:05,25.728,23.179
378,0,2,6905.680000,6900.680000,1.435700,4.964928,0.598154,3.649958,4,02/26/2026 13:20:10,25.728,23.179
379,0,2,6912.700000,6907.700000,1.436858,4.969155,0.588083,3.650263,4,02/26/2026 13:20:17,25.744,23.179
380,0,2,6919.110000,6914.110000,1.437897,4.972946,0.578012,3.650263,4,02/26/2026 13:20:23,25.728,23.195
381,0,2,6925.070000,6920.070000,1.438846,4.976411,0.567941,3.649958,4,02/26/2026 13:20:29,25.744,23.195
382,0,2,6932.070000,6927.070000,1.439943,4.980413,0.557870,3.649958,4,02/26/2026 13:20:36,25.744,23.195
383,0,2,6939.210000,6934.210000,1.441040,4.984419,0.547646,3.650263,4,02/26/2026 13:20:44,25.744,23.179
384,0,2,6945.800000,6940.800000,1.442035,4.988049,0.537575,3.650263,4,02/26/2026 13:20:50,25.760,23.179
385,0,2,6952.430000,6947.430000,1.443017,4.991635,0.527352,3.649958,4,02/26/2026 13:20:57,25.744,23.179
386,0,2,6960.160000,6955.160000,1.444140,4.995733,0.517281,3.649958,4,02/26/2026 13:21:04,25.760,23.179
387,0,2,6968.030000,6963.030000,1.445261,4.999823,0.506905,3.649958,4,02/26/2026 13:21:12,25.744,23.195
388,0,2,6974.640000,6969.640000,1.446182,5.003187,0.496834,3.649958,4,02/26/2026 13:21:19,25.744,23.179
389,0,2,6982.010000,6977.010000,1.447191,5.006871,0.486763,3.650263,4,02/26/2026 13:21:26,25.728,23.179
390,0,2,6990.260000,6985.260000,1.448297,5.010906,0.476692,3.650263,4,02/26/2026 13:21:35,25.728,23.179
391,0,2,6997.660000,6992.660000,1.449268,5.014451,0.466621,3.649653,4,02/26/2026 13:21:42,25.728,23.163
392,0,2,7006.650000,7001.650000,1.450422,5.018661,0.456397,3.649958,4,02/26/2026 13:21:51,25.728,23.163
393,0,2,7014.720000,7009.720000,1.451434,5.022356,0.446326,3.649958,4,02/26/2026 13:21:59,25.728,23.163
394,0,2,7022.860000,7017.860000,1.452433,5.026002,0.436255,3.649653,4,02/26/2026 13:22:07,25.728,23.147
395,0,2,7031.710000,7026.710000,1.453494,5.029875,0.426032,3.649958,4,02/26/2026 13:22:16,25.712,23.147
396,0,2,7040.170000,7035.170000,1.454485,5.033491,0.415808,3.649653,4,02/26/2026 13:22:24,25.696,23.147
397,0,2,7049.670000,7044.670000,1.455570,5.037454,0.405737,3.649653,4,02/26/2026 13:22:34,25.696,23.147
398,0,2,7058.980000,7053.980000,1.456608,5.041242,0.395666,3.649958,4,02/26/2026 13:22:43,25.680,23.131
399,0,2,7068.360000,7063.360000,1.457628,5.044963,0.385443,3.649958,4,02/26/2026 13:22:53,25.664,23.115
400,0,2,7078.370000,7073.370000,1.458688,5.048833,0.375219,3.649653,4,02/26/2026 13:23:03,25.664,23.115
401,0,2,7088.750000,7083.750000,1.459757,5.052736,0.364996,3.649958,4,02/26/2026 13:23:13,25.648,23.099
402,0,2,7099.810000,7094.810000,1.460865,5.056779,0.354925,3.649958,4,02/26/2026 13:23:24,25.631,23.099
403,0,2,7109.700000,7104.700000,1.461828,5.060294,0.344854,3.649958,4,02/26/2026 13:23:34,25.615,23.099
404,0,2,7122.490000,7117.490000,1.463037,5.064706,0.334783,3.649958,4,02/26/2026 13:23:47,25.599,23.083
405,0,2,7132.530000,7127.530000,1.463957,5.068066,0.324712,3.649958,4,02/26/2026 13:23:57,25.567,23.067
406,0,2,7143.810000,7138.810000,1.464963,5.071737,0.314641,3.649653,4,02/26/2026 13:24:08,25.551,23.067
407,0,2,7157.470000,7152.470000,1.466141,5.076038,0.304570,3.649958,4,02/26/2026 13:24:22,25.535,23.051
408,0,2,7168.910000,7163.910000,1.467097,5.079524,0.294499,3.649958,4,02/26/2026 13:24:33,25.503,23.035
409,0,2,7183.270000,7178.270000,1.468256,5.083756,0.284123,3.649958,4,02/26/2026 13:24:48,25.503,23.019
410,0,2,7197.130000,7192.130000,1.469335,5.087693,0.274052,3.650263,4,02/26/2026 13:25:01,25.470,23.019
411,0,2,7212.720000,7207.720000,1.470503,5.091958,0.263981,3.649653,4,02/26/2026 13:25:17,25.422,23.002
412,0,2,7228.250000,7223.250000,1.471623,5.096045,0.253910,3.649653,4,02/26/2026 13:25:33,25.406,22.986
413,0,2,7244.050000,7239.050000,1.472717,5.100038,0.243687,3.649958,4,02/26/2026 13:25:48,25.374,22.986
414,0,2,7261.080000,7256.080000,1.473849,5.104171,0.233616,3.649958,4,02/26/2026 13:26:05,25.342,22.970
415,0,2,7278.520000,7273.520000,1.474960,5.108224,0.223392,3.649653,4,02/26/2026 13:26:23,25.325,22.970
416,0,2,7297.950000,7292.950000,1.476142,5.112542,0.213321,3.649958,4,02/26/2026 13:26:42,25.309,22.970
417,0,2,7316.790000,7311.790000,1.477236,5.116533,0.203098,3.649653,4,02/26/2026 13:27:01,25.293,22.986
418,0,2,7336.790000,7331.790000,1.478345,5.120579,0.195315,3.649958,1,02/26/2026 13:27:21,25.261,22.986
419,0,2,7356.790000,7351.790000,1.479402,5.124439,0.186160,3.650263,1,02/26/2026 13:27:41,25.245,23.002
420,0,2,7376.790000,7371.790000,1.480412,5.128125,0.177768,3.650263,1,02/26/2026 13:28:01,25.245,23.019
421,0,2,7396.790000,7391.790000,1.481374,5.131638,0.169528,3.650263,1,02/26/2026 13:28:21,25.229,23.035
422,0,2,7416.790000,7411.790000,1.482294,5.134994,0.162661,3.649958,1,02/26/2026 13:28:41,25.213,23.035
423,0,2,7436.790000,7431.790000,1.483173,5.138203,0.154726,3.649958,1,02/26/2026 13:29:01,25.213,23.067
424,0,2,7456.790000,7451.790000,1.484013,5.141269,0.147097,3.649958,1,02/26/2026 13:29:21,25.197,23.067
425,0,2,7476.790000,7471.790000,1.484816,5.144201,0.142214,3.649958,1,02/26/2026 13:29:41,25.180,23.083
426,0,2,7496.790000,7491.790000,1.485586,5.147008,0.135195,3.650263,1,02/26/2026 13:30:01,25.164,23.099
427,0,2,7516.790000,7511.790000,1.486322,5.149695,0.129397,3.649958,1,02/26/2026 13:30:21,25.132,23.099
428,0,2,7536.790000,7531.790000,1.487027,5.152269,0.124666,3.649958,1,02/26/2026 13:30:41,25.148,23.115
429,0,2,7556.790000,7551.790000,1.487704,5.154739,0.118105,3.649958,1,02/26/2026 13:31:01,25.132,23.131
430,0,2,7576.790000,7571.790000,1.488352,5.157107,0.113222,3.649653,1,02/26/2026 13:31:21,25.100,23.131
431,0,2,7596.790000,7591.790000,1.488976,5.159385,0.110323,3.649958,1,02/26/2026 13:31:41,25.100,23.131
432,0,2,7616.790000,7611.790000,1.489575,5.161568,0.104829,3.649958,1,02/26/2026 13:32:01,25.068,23.147
433,0,2,7636.790000,7631.790000,1.490149,5.163665,0.101930,3.649653,1,02/26/2026 13:32:21,25.035,23.131
434,0,2,7656.790000,7651.790000,1.490701,5.165681,0.097963,3.649958,1,02/26/2026 13:32:41,25.019,23.131
435,0,2,7676.790000,7671.790000,1.491233,5.167622,0.093690,3.649958,1,02/26/2026 13:33:01,24.987,23.115
436,0,2,7696.790000,7691.790000,1.491744,5.169485,0.090181,3.649958,1,02/26/2026 13:33:21,24.923,23.099
437,0,2,7716.790000,7711.790000,1.492235,5.171278,0.086824,3.649958,1,02/26/2026 13:33:41,24.874,23.067
438,0,2,7736.790000,7731.790000,1.492709,5.173007,0.082704,3.649958,1,02/26/2026 13:34:01,24.826,23.051
439,0,2,7756.790000,7751.790000,1.493165,5.174672,0.080873,3.649653,1,02/26/2026 13:34:21,24.778,23.035
440,0,2,7776.790000,7771.790000,1.493605,5.176278,0.078584,3.649653,1,02/26/2026 13:34:41,24.745,23.019
441,0,2,7796.790000,7791.790000,1.494029,5.177828,0.074464,3.649958,1,02/26/2026 13:35:01,24.713,23.002
442,0,2,7816.790000,7811.790000,1.494439,5.179322,0.072175,3.649958,1,02/26/2026 13:35:21,24.681,22.986
443,0,2,7836.790000,7831.790000,1.494834,5.180763,0.070649,3.649958,1,02/26/2026 13:35:41,24.649,22.970
444,0,2,7856.790000,7851.790000,1.495215,5.182157,0.068513,3.649958,1,02/26/2026 13:36:01,24.617,22.970
445,0,2,7876.790000,7871.790000,1.495585,5.183504,0.065766,3.649958,1,02/26/2026 13:36:21,24.601,22.970
446,0,2,7896.790000,7891.790000,1.495942,5.184808,0.063325,3.649958,1,02/26/2026 13:36:41,24.584,22.970
447,0,2,7916.790000,7911.790000,1.496286,5.186065,0.060883,3.649958,1,02/26/2026 13:37:01,24.568,22.986
448,0,2,7936.790000,7931.790000,1.496619,5.187281,0.059052,3.649348,1,02/26/2026 13:37:21,24.568,23.002
449,0,2,7956.790000,7951.790000,1.496943,5.188461,0.056916,3.649958,1,02/26/2026 13:37:41,24.552,23.002
450,0,2,7976.790000,7971.790000,1.497255,5.189603,0.055848,3.649958,1,02/26/2026 13:38:01,24.552,23.019
451,0,2,7996.790000,7991.790000,1.497558,5.190707,0.054170,3.649958,1,02/26/2026 13:38:21,24.552,23.019
452,0,2,8016.790000,8011.790000,1.497851,5.191777,0.051118,3.649653,1,02/26/2026 13:38:41,24.552,23.051
453,0,2,8036.790000,8031.790000,1.498135,5.192814,0.050202,3.649653,1,02/26/2026 13:39:01,24.552,23.067
454,0,2,8056.790000,8051.790000,1.498411,5.193820,0.049897,3.649653,1,02/26/2026 13:39:21,24.536,23.067
455,0,2,8076.790000,8071.790000,1.498678,5.194797,0.047913,3.649653,1,02/26/2026 13:39:41,24.552,23.083
456,0,2,8096.790000,8091.790000,1.498938,5.195745,0.045167,3.649958,1,02/26/2026 13:40:01,24.536,23.099
457,0,2,8116.790000,8111.790000,1.499190,5.196663,0.043641,3.649653,1,02/26/2026 13:40:21,24.536,23.115
458,0,2,8136.790000,8131.790000,1.499434,5.197553,0.043641,3.649653,1,02/26/2026 13:40:41,24.536,23.131
459,0,2,8156.790000,8151.790000,1.499671,5.198420,0.041810,3.649958,1,02/26/2026 13:41:01,24.536,23.147
460,0,2,8176.790000,8171.790000,1.499902,5.199263,0.039521,3.649958,1,02/26/2026 13:41:21,24.520,23.163
461,0,2,8196.790000,8191.790000,1.500126,5.200081,0.040742,3.649653,1,02/26/2026 13:41:41,24.520,23.163
462,0,2,8216.790000,8211.790000,1.500344,5.200877,0.038605,3.649653,1,02/26/2026 13:42:01,24.504,23.163
463,0,2,8236.790000,8231.790000,1.500557,5.201653,0.037995,3.649653,1,02/26/2026 13:42:21,24.472,23.147
464,0,2,8256.790000,8251.790000,1.500763,5.202406,0.036622,3.649958,1,02/26/2026 13:42:41,24.456,23.131
465,0,2,8276.790000,8271.790000,1.500964,5.203141,0.036622,3.649958,1,02/26/2026 13:43:01,24.439,23.131
466,0,2,8296.790000,8291.790000,1.501161,5.203857,0.034791,3.649958,1,02/26/2026 13:43:21,24.423,23.131
467,0,2,8316.790000,8311.790000,1.501351,5.204553,0.033875,3.649653,1,02/26/2026 13:43:41,24.407,23.115
468,0,2,8336.790000,8331.790000,1.501537,5.205230,0.033265,3.649958,1,02/26/2026 13:44:01,24.375,23.115
469,0,2,8356.790000,8351.790000,1.501718,5.205891,0.032654,3.649653,1,02/26/2026 13:44:21,24.359,23.099
470,0,2,8376.790000,8371.790000,1.501895,5.206537,0.031586,3.649958,1,02/26/2026 13:44:41,24.343,23.083
471,0,2,8396.790000,8391.790000,1.502068,5.207168,0.030518,3.649958,1,02/26/2026 13:45:01,24.294,23.067
472,0,2,8416.790000,8411.790000,1.502236,5.207783,0.030365,3.649653,1,02/26/2026 13:45:21,24.262,23.051
473,0,2,8436.790000,8431.790000,1.502401,5.208382,0.029603,3.649653,1,02/26/2026 13:45:41,24.230,23.035
474,0,2,8456.790000,8451.790000,1.502561,5.208968,0.028534,3.649653,1,02/26/2026 13:46:01,24.198,23.019
475,0,2,8476.790000,8471.790000,1.502717,5.209539,0.028382,3.649958,1,02/26/2026 13:46:21,24.182,23.002
476,0,2,8496.790000,8491.790000,1.502870,5.210097,0.027466,3.649653,1,02/26/2026 13:46:41,24.166,23.002
477,0,2,8516.790000,8511.790000,1.503020,5.210642,0.026093,3.649653,1,02/26/2026 13:47:01,24.166,23.002
478,0,2,8536.790000,8531.790000,1.503166,5.211176,0.024720,3.649958,1,02/26/2026 13:47:21,24.166,23.019
479,0,2,8556.790000,8551.790000,1.503309,5.211700,0.026093,3.649653,1,02/26/2026 13:47:41,24.166,23.019
480,0,2,8576.790000,8571.790000,1.503450,5.212213,0.024872,3.649653,1,02/26/2026 13:48:01,24.182,23.035
481,0,2,8596.790000,8591.790000,1.503588,5.212716,0.025025,3.649958,1,02/26/2026 13:48:21,24.182,23.067
482,0,2,8616.790000,8611.790000,1.503722,5.213207,0.024109,3.649958,1,02/26/2026 13:48:41,24.198,23.083
483,0,2,8636.790000,8631.790000,1.503853,5.213686,0.023499,3.649653,1,02/26/2026 13:49:01,24.198,23.099
484,0,2,8656.790000,8651.790000,1.503982,5.214154,0.023041,3.649653,1,02/26/2026 13:49:21,24.214,23.115
485,0,2,8676.790000,8671.790000,1.504107,5.214612,0.022889,3.649653,1,02/26/2026 13:49:41,24.214,23.131
486,0,2,8696.790000,8691.790000,1.504231,5.215063,0.022583,3.649653,1,02/26/2026 13:50:01,24.230,23.147
487,0,2,8716.790000,8711.790000,1.504351,5.215502,0.021668,3.649653,1,02/26/2026 13:50:21,24.230,23.163
488,0,2,8736.790000,8731.790000,1.504470,5.215935,0.020600,3.649958,1,02/26/2026 13:50:41,24.246,23.179
489,0,2,8756.790000,8751.790000,1.504586,5.216358,0.020447,3.649958,1,02/26/2026 13:51:01,24.230,23.195
490,0,2,8776.790000,8771.790000,1.504699,5.216772,0.020600,3.649958,1,02/26/2026 13:51:21,24.246,23.195
491,0,2,8796.790000,8791.790000,1.504811,5.217181,0.020294,3.649653,1,02/26/2026 13:51:41,24.246,23.212
492,0,2,8816.790000,8811.790000,1.504920,5.217580,0.019226,3.649653,1,02/26/2026 13:52:01,24.246,23.212
493,0,2,8836.790000,8831.790000,1.505028,5.217973,0.019226,3.649653,1,02/26/2026 13:52:21,24.246,23.212
494,0,2,8856.790000,8851.790000,1.505133,5.218357,0.018921,3.649958,1,02/26/2026 13:52:41,24.230,23.212
495,0,2,8876.790000,8871.790000,1.505237,5.218735,0.017853,3.649348,1,02/26/2026 13:53:01,24.230,23.212
496,0,2,8896.790000,8891.790000,1.505338,5.219105,0.017700,3.649653,1,02/26/2026 13:53:21,24.214,23.212
497,0,2,8916.790000,8911.790000,1.505437,5.219467,0.016938,3.649958,1,02/26/2026 13:53:41,24.214,23.212
498,0,2,8936.790000,8931.790000,1.505535,5.219821,0.017243,3.649958,1,02/26/2026 13:54:01,24.214,23.212
499,0,2,8956.790000,8951.790000,1.505631,5.220172,0.018311,3.649653,1,02/26/2026 13:54:21,24.198,23.212
500,0,2,8976.790000,8971.790000,1.505724,5.220514,0.015259,3.649653,1,02/26/2026 13:54:41,24.214,23.212
501,0,2,8976.880000,8971.880000,1.505725,5.220515,0.014954,3.649653,132,02/26/2026 13:54:41,24.214,23.212
502,0,3,8976.890000,0.010000,0.000000,0.000000,0.000000,3.648737,0,02/26/2026 13:54:41,24.214,23.212
503,0,3,8982.500000,5.620000,0.000000,0.000000,0.000000,3.643854,5,02/26/2026 13:54:47,24.198,23.212
504,0,3,8989.680000,12.800000,0.000000,0.000000,0.000000,3.638361,5,02/26/2026 13:54:54,24.198,23.212
505,0,3,8997.540000,20.660000,0.000000,0.000000,0.000000,3.633478,5,02/26/2026 13:55:02,24.198,23.212
506,0,3,9005.470000,28.590000,0.000000,0.000000,0.000000,3.628595,5,02/26/2026 13:55:10,24.198,23.212
507,0,3,9014.430000,37.550000,0.000000,0.000000,0.000000,3.623407,5,02/26/2026 13:55:19,24.198,23.212
508,0,3,9024.230000,47.350000,0.000000,0.000000,0.000000,3.618524,5,02/26/2026 13:55:29,24.198,23.212
509,0,3,9034.290000,57.410000,0.000000,0.000000,0.000000,3.613642,5,02/26/2026 13:55:39,24.198,23.212
510,0,3,9044.860000,67.980000,0.000000,0.000000,0.000000,3.608453,5,02/26/2026 13:55:49,24.198,23.212
511,0,3,9056.520000,79.640000,0.000000,0.000000,0.000000,3.603571,5,02/26/2026 13:56:01,24.198,23.228
512,0,3,9068.700000,91.820000,0.000000,0.000000,0.000000,3.598688,5,02/26/2026 13:56:13,24.182,23.228
513,0,3,9080.510000,103.630000,0.000000,0.000000,0.000000,3.593194,5,02/26/2026 13:56:25,24.182,23.228
514,0,3,9095.380000,118.500000,0.000000,0.000000,0.000000,3.588312,5,02/26/2026 13:56:40,24.182,23.228
515,0,3,9109.610000,132.730000,0.000000,0.000000,0.000000,3.583429,5,02/26/2026 13:56:54,24.182,23.228
516,0,3,9124.290000,147.410000,0.000000,0.000000,0.000000,3.578546,5,02/26/2026 13:57:09,24.182,23.228
517,0,3,9139.540000,162.660000,0.000000,0.000000,0.000000,3.573663,5,02/26/2026 13:57:24,24.182,23.212
518,0,3,9156.640000,179.760000,0.000000,0.000000,0.000000,3.568780,5,02/26/2026 13:57:41,24.166,23.195
519,0,3,9174.580000,197.700000,0.000000,0.000000,0.000000,3.563897,5,02/26/2026 13:57:59,24.149,23.195
520,0,3,9192.680000,215.800000,0.000000,0.000000,0.000000,3.559014,5,02/26/2026 13:58:17,24.117,23.179
521,0,3,9212.680000,235.800000,0.000000,0.000000,0.000000,3.554437,1,02/26/2026 13:58:37,24.117,23.163
522,0,3,9231.350000,254.470000,0.000000,0.000000,0.000000,3.549554,5,02/26/2026 13:58:56,24.101,23.147
523,0,3,9251.350000,274.470000,0.000000,0.000000,0.000000,3.545586,1,02/26/2026 13:59:16,24.085,23.131
524,0,3,9271.350000,294.470000,0.000000,0.000000,0.000000,3.541314,1,02/26/2026 13:59:36,24.053,23.115
525,0,3,9291.350000,314.470000,0.000000,0.000000,0.000000,3.537346,1,02/26/2026 13:59:56,24.037,23.099
526,0,3,9311.350000,334.470000,0.000000,0.000000,0.000000,3.533684,1,02/26/2026 14:00:16,24.021,23.083
527,0,3,9331.350000,354.470000,0.000000,0.000000,0.000000,3.530022,1,02/26/2026 14:00:36,24.004,23.067
528,0,3,9351.350000,374.470000,0.000000,0.000000,0.000000,3.526665,1,02/26/2026 14:00:56,23.988,23.051
529,0,3,9371.350000,394.470000,0.000000,0.000000,0.000000,3.523308,1,02/26/2026 14:01:16,23.972,23.035
530,0,3,9391.350000,414.470000,0.000000,0.000000,0.000000,3.520562,1,02/26/2026 14:01:36,23.956,23.035
531,0,3,9411.350000,434.470000,0.000000,0.000000,0.000000,3.517205,1,02/26/2026 14:01:56,23.956,23.019
532,0,3,9431.350000,454.470000,0.000000,0.000000,0.000000,3.514153,1,02/26/2026 14:02:16,23.972,23.035
533,0,3,9451.350000,474.470000,0.000000,0.000000,0.000000,3.511406,1,02/26/2026 14:02:36,23.972,23.019
534,0,3,9471.350000,494.470000,0.000000,0.000000,0.000000,3.508354,1,02/26/2026 14:02:56,23.988,23.035
535,0,3,9491.350000,514.470000,0.000000,0.000000,0.000000,3.506218,1,02/26/2026 14:03:16,23.988,23.051
536,0,3,9511.350000,534.470000,0.000000,0.000000,0.000000,3.503471,1,02/26/2026 14:03:36,24.004,23.067
537,0,3,9531.350000,554.470000,0.000000,0.000000,0.000000,3.500725,1,02/26/2026 14:03:56,24.021,23.083
538,0,3,9551.350000,574.470000,0.000000,0.000000,0.000000,3.498894,1,02/26/2026 14:04:16,24.021,23.099
539,0,3,9571.350000,594.470000,0.000000,0.000000,0.000000,3.496147,1,02/26/2026 14:04:36,24.037,23.115
540,0,3,9576.880000,600.000000,0.000000,0.000000,0.000000,3.495842,129,02/26/2026 14:04:41,24.053,23.115
541,0,5,9576.920000,0.040000,0.000041,0.000133,-3.751278,3.243763,0,02/26/2026 14:04:42,24.053,23.115
542,0,5,9577.080000,0.200000,0.000207,0.000670,-3.750057,3.214771,5,02/26/2026 14:04:42,24.053,23.115
543,0,5,9577.200000,0.320000,0.000332,0.001071,-3.749905,3.197375,5,02/26/2026 14:04:42,24.053,23.115
544,0,5,9577.320000,0.440000,0.000457,0.001469,-3.749905,3.183032,5,02/26/2026 14:04:42,24.053,23.115
545,0,5,9577.450000,0.570000,0.000593,0.001899,-3.750057,3.169604,5,02/26/2026 14:04:42,24.053,23.115
546,0,5,9577.590000,0.710000,0.000739,0.002360,-3.750057,3.157397,5,02/26/2026 14:04:42,24.053,23.115
547,0,5,9577.740000,0.860000,0.000895,0.002852,-3.749905,3.146410,5,02/26/2026 14:04:43,24.053,23.115
548,0,5,9577.900000,1.020000,0.001062,0.003376,-3.750210,3.135729,5,02/26/2026 14:04:43,24.053,23.115
549,0,5,9578.070000,1.190000,0.001239,0.003930,-3.750057,3.126574,5,02/26/2026 14:04:43,24.053,23.115
550,0,5,9578.240000,1.360000,0.001416,0.004483,-3.749752,3.118639,5,02/26/2026 14:04:43,24.053,23.115
551,0,5,9578.420000,1.540000,0.001603,0.005067,-3.750057,3.110704,5,02/26/2026 14:04:43,24.053,23.115
552,0,5,9578.620000,1.740000,0.001812,0.005714,-3.750057,3.102770,5,02/26/2026 14:04:43,24.053,23.115
553,0,5,9578.840000,1.960000,0.002041,0.006424,-3.750210,3.095445,5,02/26/2026 14:04:44,24.053,23.115
554,0,5,9579.090000,2.210000,0.002301,0.007229,-3.750057,3.087816,5,02/26/2026 14:04:44,24.053,23.115
555,0,5,9579.370000,2.490000,0.002593,0.008128,-3.750057,3.081407,5,02/26/2026 14:04:44,24.053,23.115
556,0,5,9579.630000,2.750000,0.002864,0.008962,-3.750210,3.074693,5,02/26/2026 14:04:44,24.053,23.115
557,0,5,9579.940000,3.060000,0.003187,0.009953,-3.749905,3.068284,5,02/26/2026 14:04:45,24.053,23.115
558,0,5,9580.290000,3.410000,0.003551,0.011071,-3.749905,3.061875,5,02/26/2026 14:04:45,24.053,23.115
559,0,5,9580.680000,3.800000,0.003957,0.012313,-3.750057,3.056077,5,02/26/2026 14:04:45,24.053,23.115
560,0,5,9581.100000,4.220000,0.004395,0.013649,-3.750057,3.050278,5,02/26/2026 14:04:46,24.053,23.131
561,0,5,9581.590000,4.710000,0.004905,0.015205,-3.749905,3.044480,5,02/26/2026 14:04:46,24.053,23.131
562,0,5,9582.210000,5.330000,0.005551,0.017169,-3.750057,3.038682,5,02/26/2026 14:04:47,24.053,23.115
563,0,5,9582.940000,6.060000,0.006312,0.019477,-3.750057,3.033188,5,02/26/2026 14:04:48,24.053,23.115
564,0,5,9583.770000,6.890000,0.007176,0.022098,-3.750057,3.027695,5,02/26/2026 14:04:49,24.053,23.131
565,0,5,9584.790000,7.910000,0.008239,0.025312,-3.750057,3.022812,5,02/26/2026 14:04:50,24.053,23.115
566,0,5,9586.020000,9.140000,0.009520,0.029181,-3.749905,3.017624,5,02/26/2026 14:04:51,24.069,23.131
567,0,5,9587.640000,10.760000,0.011207,0.034269,-3.750210,3.012436,5,02/26/2026 14:04:52,24.069,23.131
568,0,5,9589.430000,12.550000,0.013072,0.039881,-3.750057,3.007248,5,02/26/2026 14:04:54,24.085,23.131
569,0,5,9591.730000,14.850000,0.015468,0.047080,-3.749905,3.002365,5,02/26/2026 14:04:57,24.101,23.147
570,0,5,9594.760000,17.880000,0.018624,0.056549,-3.749905,2.997482,5,02/26/2026 14:05:00,24.117,23.131
571,0,5,9598.180000,21.300000,0.022187,0.067219,-3.749905,2.992599,5,02/26/2026 14:05:03,24.166,23.131
572,0,5,9602.990000,26.110000,0.027197,0.082202,-3.749905,2.987716,5,02/26/2026 14:05:08,24.230,23.147
573,0,5,9608.620000,31.740000,0.033062,0.099708,-3.750057,2.982834,5,02/26/2026 14:05:13,24.327,23.147
574,0,5,9617.080000,40.200000,0.041874,0.125973,-3.749905,2.977951,5,02/26/2026 14:05:22,24.456,23.163
575,0,5,9629.870000,52.990000,0.055197,0.165612,-3.749905,2.973068,5,02/26/2026 14:05:35,24.665,23.163
576,0,5,9649.870000,72.990000,0.076030,0.227514,-3.749752,2.969711,1,02/26/2026 14:05:55,25.019,23.195
577,0,5,9669.870000,92.990000,0.096864,0.289369,-3.750057,2.968490,1,02/26/2026 14:06:15,25.390,23.228
578,0,5,9689.870000,112.990000,0.117697,0.351201,-3.750057,2.967880,1,02/26/2026 14:06:35,25.744,23.228
579,0,5,9709.870000,132.990000,0.138530,0.413038,-3.749905,2.968490,1,02/26/2026 14:06:55,26.066,23.228
580,0,5,9729.870000,152.990000,0.159364,0.474899,-3.750057,2.970016,1,02/26/2026 14:07:15,26.389,23.244
581,0,5,9749.870000,172.990000,0.180197,0.536781,-3.749905,2.970626,1,02/26/2026 14:07:35,26.695,23.244
582,0,5,9769.870000,192.990000,0.201030,0.598688,-3.749905,2.972152,1,02/26/2026 14:07:55,26.968,23.244
583,0,5,9789.870000,212.990000,0.221864,0.660621,-3.750057,2.973068,1,02/26/2026 14:08:15,27.258,23.244
584,0,5,9809.870000,232.990000,0.242697,0.722580,-3.749905,2.974594,1,02/26/2026 14:08:35,27.468,23.244
585,0,5,9829.870000,252.990000,0.263530,0.784564,-3.749752,2.975509,1,02/26/2026 14:08:55,27.758,23.244
586,0,5,9849.870000,272.990000,0.284364,0.846569,-3.749905,2.976730,1,02/26/2026 14:09:15,27.951,23.212
587,0,5,9869.870000,292.990000,0.305197,0.908603,-3.750057,2.977951,1,02/26/2026 14:09:35,28.225,23.212
588,0,5,9889.870000,312.990000,0.326030,0.970661,-3.749905,2.978866,1,02/26/2026 14:09:55,28.451,23.195
589,0,5,9909.870000,332.990000,0.346864,1.032736,-3.749905,2.979782,1,02/26/2026 14:10:15,28.595,23.179
590,0,5,9929.870000,352.990000,0.367697,1.094824,-3.750057,2.980392,1,02/26/2026 14:10:35,28.773,23.147
591,0,5,9949.870000,372.990000,0.388530,1.156925,-3.749905,2.981003,1,02/26/2026 14:10:55,29.014,23.115
592,0,5,9969.870000,392.990000,0.409364,1.219037,-3.749905,2.981308,1,02/26/2026 14:11:15,29.159,23.099
593,0,5,9989.870000,412.990000,0.430197,1.281153,-3.749905,2.981613,1,02/26/2026 14:11:35,29.369,23.099
594,0,5,10009.870000,432.990000,0.451030,1.343271,-3.749905,2.981613,1,02/26/2026 14:11:55,29.514,23.099
595,0,5,10029.870000,452.990000,0.471864,1.405385,-3.749752,2.981613,1,02/26/2026 14:12:15,29.723,23.115
596,0,5,10049.870000,472.990000,0.492697,1.467504,-3.749905,2.981308,1,02/26/2026 14:12:35,29.900,23.131
597,0,5,10069.870000,492.990000,0.513530,1.529618,-3.750057,2.981308,1,02/26/2026 14:12:55,29.997,23.147
598,0,5,10089.870000,512.990000,0.534364,1.591723,-3.750057,2.981308,1,02/26/2026 14:13:15,30.249,23.163
599,0,5,10109.870000,532.990000,0.555197,1.653823,-3.750057,2.980392,1,02/26/2026 14:13:35,30.359,23.195
600,0,5,10129.870000,552.990000,0.576030,1.715920,-3.749905,2.980392,1,02/26/2026 14:13:55,30.453,23.212
601,0,5,10149.870000,572.990000,0.596864,1.778004,-3.750057,2.979477,1,02/26/2026 14:14:15,30.704,23.212
602,0,5,10169.870000,592.990000,0.617697,1.840076,-3.750057,2.978866,1,02/26/2026 14:14:35,30.862,23.228
603,0,5,10189.870000,612.990000,0.638530,1.902132,-3.749905,2.978256,1,02/26/2026 14:14:55,30.956,23.260
604,0,5,10209.870000,632.990000,0.659364,1.964169,-3.750210,2.977035,1,02/26/2026 14:15:15,31.098,23.260
605,0,5,10229.870000,652.990000,0.680197,2.026179,-3.750057,2.975814,1,02/26/2026 14:15:35,31.302,23.292
606,0,5,10249.870000,672.990000,0.701030,2.088169,-3.749905,2.974899,1,02/26/2026 14:15:55,31.349,23.308
607,0,5,10269.870000,692.990000,0.721864,2.150130,-3.749752,2.973373,1,02/26/2026 14:16:15,31.443,23.308
608,0,5,10289.870000,712.990000,0.742697,2.212066,-3.749905,2.972152,1,02/26/2026 14:16:35,31.616,23.324
609,0,5,10309.870000,732.990000,0.763530,2.273977,-3.750057,2.970932,1,02/26/2026 14:16:55,31.664,23.324
610,0,5,10329.870000,752.990000,0.784364,2.335863,-3.749905,2.970016,1,02/26/2026 14:17:15,31.758,23.324
611,0,5,10349.870000,772.990000,0.805197,2.397717,-3.750210,2.967880,1,02/26/2026 14:17:35,31.852,23.308
612,0,5,10369.870000,792.990000,0.826030,2.459538,-3.750057,2.966354,1,02/26/2026 14:17:55,31.852,23.276
613,0,5,10389.870000,812.990000,0.846864,2.521325,-3.749905,2.964828,1,02/26/2026 14:18:15,31.962,23.260
614,0,5,10409.870000,832.990000,0.867697,2.583078,-3.750057,2.962997,1,02/26/2026 14:18:35,32.088,23.228
615,0,5,10429.870000,852.990000,0.888530,2.644798,-3.749905,2.961471,1,02/26/2026 14:18:55,32.167,23.212
616,0,5,10449.870000,872.990000,0.909364,2.706476,-3.750057,2.959030,1,02/26/2026 14:19:15,32.167,23.179
617,0,5,10469.870000,892.990000,0.930197,2.768104,-3.749905,2.956588,1,02/26/2026 14:19:35,32.292,23.147
618,0,5,10489.870000,912.990000,0.951030,2.829682,-3.749905,2.954147,1,02/26/2026 14:19:55,32.308,23.115
619,0,5,10509.870000,932.990000,0.971864,2.891215,-3.750210,2.952621,1,02/26/2026 14:20:15,32.340,23.115
620,0,5,10529.870000,952.990000,0.992697,2.952690,-3.749905,2.949264,1,02/26/2026 14:20:35,32.402,23.099
621,0,5,10549.870000,972.990000,1.013530,3.014113,-3.749905,2.946822,1,02/26/2026 14:20:55,32.528,23.083
622,0,5,10569.870000,992.990000,1.034364,3.075471,-3.749905,2.943465,1,02/26/2026 14:21:15,32.623,23.083
623,0,5,10589.870000,1012.990000,1.055197,3.136765,-3.749905,2.940108,1,02/26/2026 14:21:35,32.685,23.099
624,0,5,10609.870000,1032.990000,1.076030,3.197992,-3.750057,2.937057,1,02/26/2026 14:21:55,32.654,23.099
625,0,5,10629.870000,1052.990000,1.096864,3.259141,-3.749905,2.933394,1,02/26/2026 14:22:15,32.764,23.131
626,0,5,10649.870000,1072.990000,1.117697,3.320209,-3.750057,2.929122,1,02/26/2026 14:22:35,32.858,23.147
627,0,5,10669.870000,1092.990000,1.138530,3.381195,-3.749905,2.924544,1,02/26/2026 14:22:55,33.047,23.163
628,0,5,10689.870000,1112.990000,1.159364,3.442086,-3.750210,2.920272,1,02/26/2026 14:23:15,33.078,23.179
629,0,5,10707.460000,1130.580000,1.177687,3.495553,-3.750057,2.915084,5,02/26/2026 14:23:32,33.110,23.212
630,0,5,10726.130000,1149.250000,1.197135,3.552206,-3.749905,2.910201,5,02/26/2026 14:23:51,33.189,23.228
631,0,5,10741.780000,1164.900000,1.213437,3.599611,-3.750210,2.905318,5,02/26/2026 14:24:07,33.330,23.244
632,0,5,10757.410000,1180.530000,1.229718,3.646878,-3.749905,2.900435,5,02/26/2026 14:24:22,33.440,23.260
633,0,5,10770.120000,1193.240000,1.242958,3.685251,-3.750210,2.895552,5,02/26/2026 14:24:35,33.566,23.260
634,0,5,10783.760000,1206.880000,1.257166,3.726363,-3.749905,2.890669,5,02/26/2026 14:24:49,33.644,23.276
635,0,5,10795.800000,1218.920000,1.269708,3.762589,-3.749905,2.885786,5,02/26/2026 14:25:01,33.613,23.276
636,0,5,10807.200000,1230.320000,1.281583,3.796831,-3.749905,2.880598,5,02/26/2026 14:25:12,33.786,23.292
637,0,5,10817.440000,1240.560000,1.292249,3.827536,-3.750057,2.875715,5,02/26/2026 14:25:22,33.802,23.292
638,0,5,10826.840000,1249.960000,1.302041,3.855672,-3.749905,2.870832,5,02/26/2026 14:25:32,33.865,23.308
639,0,5,10835.440000,1258.560000,1.310999,3.881371,-3.749905,2.865949,5,02/26/2026 14:25:40,33.849,23.308
640,0,5,10843.940000,1267.060000,1.319853,3.906726,-3.749905,2.861067,5,02/26/2026 14:25:49,33.912,23.324
641,0,5,10851.550000,1274.670000,1.327780,3.929388,-3.750057,2.856184,5,02/26/2026 14:25:56,34.006,23.324
642,0,5,10859.340000,1282.460000,1.335895,3.952545,-3.750057,2.850996,5,02/26/2026 14:26:04,34.069,23.324
643,0,5,10866.680000,1289.800000,1.343541,3.974326,-3.750057,2.846113,5,02/26/2026 14:26:11,34.132,23.324
644,0,5,10873.090000,1296.210000,1.350218,3.993314,-3.750057,2.841230,5,02/26/2026 14:26:18,34.116,23.324
645,0,5,10879.320000,1302.440000,1.356708,4.011737,-3.750210,2.836042,5,02/26/2026 14:26:24,34.132,23.340
646,0,5,10885.230000,1308.350000,1.362864,4.029184,-3.750057,2.831159,5,02/26/2026 14:26:30,34.273,23.340
647,0,5,10891.160000,1314.280000,1.369041,4.046658,-3.750057,2.825971,5,02/26/2026 14:26:36,34.289,23.356
648,0,5,10896.530000,1319.650000,1.374635,4.062453,-3.750210,2.821088,5,02/26/2026 14:26:41,34.368,23.356
649,0,5,10901.570000,1324.690000,1.379885,4.077252,-3.749752,2.816205,5,02/26/2026 14:26:46,34.431,23.356
650,0,5,10906.570000,1329.690000,1.385093,4.091907,-3.750057,2.811322,5,02/26/2026 14:26:51,34.509,23.356
651,0,5,10911.210000,1334.330000,1.389926,4.105484,-3.750210,2.806439,5,02/26/2026 14:26:56,34.446,23.356
652,0,5,10915.460000,1338.580000,1.394353,4.117898,-3.750210,2.801251,5,02/26/2026 14:27:00,34.446,23.356
653,0,5,10920.030000,1343.150000,1.399114,4.131223,-3.750057,2.796063,5,02/26/2026 14:27:05,34.478,23.356
654,0,5,10924.410000,1347.530000,1.403676,4.143970,-3.749905,2.791180,5,02/26/2026 14:27:09,34.588,23.356
655,0,5,10928.380000,1351.500000,1.407812,4.155503,-3.750210,2.786297,5,02/26/2026 14:27:13,34.603,23.356
656,0,5,10932.320000,1355.440000,1.411916,4.166928,-3.750057,2.781109,5,02/26/2026 14:27:17,34.588,23.356
657,0,5,10936.220000,1359.340000,1.415978,4.178217,-3.749905,2.776226,5,02/26/2026 14:27:21,34.635,23.356
658,0,5,10939.550000,1362.670000,1.419447,4.187839,-3.749905,2.771344,5,02/26/2026 14:27:24,34.698,23.356
659,0,5,10943.200000,1366.320000,1.423249,4.198367,-3.749752,2.766461,5,02/26/2026 14:27:28,34.729,23.356
660,0,5,10946.530000,1369.650000,1.426718,4.207955,-3.749905,2.761578,5,02/26/2026 14:27:31,34.792,23.340
661,0,5,10949.910000,1373.030000,1.430239,4.217669,-3.750057,2.756695,5,02/26/2026 14:27:35,34.839,23.340
662,0,5,10953.100000,1376.220000,1.433562,4.226822,-3.749905,2.751812,5,02/26/2026 14:27:38,34.871,23.340
663,0,5,10956.310000,1379.430000,1.436905,4.236015,-3.749905,2.746929,5,02/26/2026 14:27:41,34.886,23.340
664,0,5,10959.160000,1382.280000,1.439874,4.244162,-3.750057,2.742046,5,02/26/2026 14:27:44,34.949,23.340
665,0,5,10962.150000,1385.270000,1.442989,4.252695,-3.750057,2.737163,5,02/26/2026 14:27:47,34.949,23.340
666,0,5,10965.040000,1388.160000,1.445999,4.260928,-3.750210,2.732280,5,02/26/2026 14:27:50,34.965,23.340
667,0,5,10967.720000,1390.840000,1.448791,4.268549,-3.750057,2.727092,5,02/26/2026 14:27:53,34.934,23.340
668,0,5,10970.750000,1393.870000,1.451947,4.277149,-3.749752,2.722210,5,02/26/2026 14:27:56,34.934,23.324
669,0,5,10973.480000,1396.600000,1.454791,4.284884,-3.749905,2.717327,5,02/26/2026 14:27:58,34.981,23.324
670,0,5,10976.140000,1399.260000,1.457562,4.292406,-3.749752,2.711833,5,02/26/2026 14:28:01,35.075,23.324
671,0,5,10978.960000,1402.080000,1.460499,4.300365,-3.749905,2.706950,5,02/26/2026 14:28:04,35.122,23.324
672,0,5,10981.300000,1404.420000,1.462937,4.306958,-3.750057,2.701762,5,02/26/2026 14:28:06,35.138,23.324
673,0,5,10984.000000,1407.120000,1.465749,4.314550,-3.750057,2.696880,5,02/26/2026 14:28:09,35.138,23.324
674,0,5,10986.370000,1409.490000,1.468218,4.321202,-3.749905,2.691691,5,02/26/2026 14:28:11,35.185,23.324
675,0,5,10988.950000,1412.070000,1.470905,4.328429,-3.750057,2.686809,5,02/26/2026 14:28:14,35.248,23.324
676,0,5,10991.160000,1414.280000,1.473208,4.334608,-3.750057,2.681926,5,02/26/2026 14:28:16,35.327,23.308
677,0,5,10993.450000,1416.570000,1.475593,4.341000,-3.749752,2.676738,5,02/26/2026 14:28:18,35.358,23.308
678,0,5,10995.730000,1418.850000,1.477968,4.347352,-3.750057,2.671550,5,02/26/2026 14:28:21,35.358,23.308
679,0,5,10998.000000,1421.120000,1.480333,4.353664,-3.749905,2.666667,5,02/26/2026 14:28:23,35.342,23.292
680,0,5,11000.260000,1423.380000,1.482687,4.359936,-3.750057,2.661479,5,02/26/2026 14:28:25,35.342,23.292
681,0,5,11002.470000,1425.590000,1.484989,4.366057,-3.749905,2.656291,5,02/26/2026 14:28:27,35.327,23.292
682,0,5,11004.630000,1427.750000,1.487239,4.372028,-3.750057,2.650797,5,02/26/2026 14:28:29,35.342,23.292
683,0,5,11006.900000,1430.020000,1.489603,4.378291,-3.750210,2.645914,5,02/26/2026 14:28:32,35.374,23.292
684,0,5,11008.800000,1431.920000,1.491583,4.383522,-3.750057,2.640726,5,02/26/2026 14:28:34,35.421,23.276
685,0,5,11010.900000,1434.020000,1.493770,4.389294,-3.750210,2.635843,5,02/26/2026 14:28:36,35.437,23.276
686,0,5,11012.760000,1435.880000,1.495708,4.394395,-3.750057,2.630655,5,02/26/2026 14:28:38,35.437,23.276
687,0,5,11014.690000,1437.810000,1.497718,4.399680,-3.750057,2.625467,5,02/26/2026 14:28:39,35.468,23.260
688,0,5,11016.620000,1439.740000,1.499728,4.404953,-3.750057,2.620584,5,02/26/2026 14:28:41,35.515,23.260
689,0,5,11018.350000,1441.470000,1.501530,4.409672,-3.750210,2.615702,5,02/26/2026 14:28:43,35.578,23.260
690,0,5,11020.220000,1443.340000,1.503478,4.414762,-3.750057,2.610819,5,02/26/2026 14:28:45,35.625,23.260
691,0,5,11021.940000,1445.060000,1.505270,4.419435,-3.750057,2.605631,5,02/26/2026 14:28:47,35.673,23.244
692,0,5,11023.810000,1446.930000,1.507218,4.424506,-3.750057,2.600443,5,02/26/2026 14:28:49,35.704,23.244
693,0,5,11025.690000,1448.810000,1.509176,4.429594,-3.749752,2.595560,5,02/26/2026 14:28:50,35.735,23.244
694,0,5,11027.330000,1450.450000,1.510885,4.434024,-3.750057,2.590372,5,02/26/2026 14:28:52,35.783,23.244
695,0,5,11029.190000,1452.310000,1.512822,4.439038,-3.750057,2.585183,5,02/26/2026 14:28:54,35.798,23.244
696,0,5,11030.810000,1453.930000,1.514510,4.443396,-3.749905,2.580301,5,02/26/2026 14:28:56,35.830,23.228
697,0,5,11032.600000,1455.720000,1.516374,4.448203,-3.749905,2.575113,5,02/26/2026 14:28:57,35.877,23.228
698,0,5,11034.150000,1457.270000,1.517989,4.452357,-3.750057,2.570230,5,02/26/2026 14:28:59,35.924,23.228
699,0,5,11035.740000,1458.860000,1.519645,4.456610,-3.749905,2.565347,5,02/26/2026 14:29:01,35.956,23.228
700,0,5,11037.290000,1460.410000,1.521260,4.460748,-3.750057,2.560159,5,02/26/2026 14:29:02,35.940,23.228
701,0,5,11038.940000,1462.060000,1.522978,4.465144,-3.749905,2.554971,5,02/26/2026 14:29:04,35.924,23.228
702,0,5,11040.520000,1463.640000,1.524624,4.469345,-3.750362,2.549783,5,02/26/2026 14:29:05,35.924,23.228
703,0,5,11042.170000,1465.290000,1.526343,4.473723,-3.749905,2.544900,5,02/26/2026 14:29:07,35.940,23.212
704,0,5,11043.520000,1466.640000,1.527749,4.477298,-3.750057,2.540017,5,02/26/2026 14:29:08,35.987,23.212
705,0,5,11045.040000,1468.160000,1.529333,4.481316,-3.749905,2.534829,5,02/26/2026 14:29:10,36.018,23.212
706,0,5,11046.510000,1469.630000,1.530864,4.485194,-3.749905,2.529641,5,02/26/2026 14:29:11,36.050,23.212
707,0,5,11048.100000,1471.220000,1.532520,4.489380,-3.749905,2.524453,5,02/26/2026 14:29:13,36.081,23.212
708,0,5,11049.580000,1472.700000,1.534062,4.493268,-3.750057,2.519265,5,02/26/2026 14:29:14,36.081,23.212
709,0,5,11051.120000,1474.240000,1.535666,4.497305,-3.749752,2.513771,5,02/26/2026 14:29:16,36.097,23.195
710,0,5,11052.700000,1475.820000,1.537312,4.501439,-3.749752,2.508583,5,02/26/2026 14:29:17,36.097,23.195
711,0,5,11054.200000,1477.320000,1.538874,4.505354,-3.750210,2.503395,5,02/26/2026 14:29:19,36.144,23.195
712,0,5,11055.090000,1478.210000,1.539801,4.507674,-3.749905,2.500038,133,02/26/2026 14:29:20,36.160,23.195
713,0,6,11055.100000,0.010000,0.000000,0.000000,0.000000,2.679484,0,02/26/2026 14:29:20,36.160,23.195
714,0,6,11055.260000,0.170000,0.000000,0.000000,0.000000,2.699626,5,02/26/2026 14:29:20,36.176,23.195
715,0,6,11055.390000,0.300000,0.000000,0.000000,0.000000,2.712444,5,02/26/2026 14:29:20,36.176,23.195
716,0,6,11055.530000,0.440000,0.000000,0.000000,0.000000,2.724346,5,02/26/2026 14:29:20,36.176,23.195
717,0,6,11055.680000,0.590000,0.000000,0.000000,0.000000,2.735637,5,02/26/2026 14:29:20,36.176,23.195
718,0,6,11055.820000,0.730000,0.000000,0.000000,0.000000,2.746319,5,02/26/2026 14:29:21,36.191,23.179
719,0,6,11055.970000,0.880000,0.000000,0.000000,0.000000,2.756695,5,02/26/2026 14:29:21,36.191,23.179
720,0,6,11056.130000,1.040000,0.000000,0.000000,0.000000,2.766766,5,02/26/2026 14:29:21,36.207,23.179
721,0,6,11056.290000,1.200000,0.000000,0.000000,0.000000,2.776532,5,02/26/2026 14:29:21,36.207,23.179
722,0,6,11056.460000,1.370000,0.000000,0.000000,0.000000,2.785992,5,02/26/2026 14:29:21,36.223,23.179
723,0,6,11056.630000,1.540000,0.000000,0.000000,0.000000,2.795453,5,02/26/2026 14:29:21,36.223,23.179
724,0,6,11056.810000,1.720000,0.000000,0.000000,0.000000,2.803998,5,02/26/2026 14:29:22,36.238,23.179
725,0,6,11056.980000,1.890000,0.000000,0.000000,0.000000,2.812848,5,02/26/2026 14:29:22,36.238,23.179
726,0,6,11057.170000,2.080000,0.000000,0.000000,0.000000,2.821698,5,02/26/2026 14:29:22,36.254,23.179
727,0,6,11057.350000,2.260000,0.000000,0.000000,0.000000,2.829938,5,02/26/2026 14:29:22,36.254,23.179
728,0,6,11057.540000,2.450000,0.000000,0.000000,0.000000,2.838178,5,02/26/2026 14:29:22,36.270,23.179
729,0,6,11057.740000,2.650000,0.000000,0.000000,0.000000,2.846418,5,02/26/2026 14:29:23,36.270,23.179
730,0,6,11057.950000,2.860000,0.000000,0.000000,0.000000,2.854658,5,02/26/2026 14:29:23,36.286,23.179
731,0,6,11058.150000,3.060000,0.000000,0.000000,0.000000,2.862287,5,02/26/2026 14:29:23,36.286,23.179
732,0,6,11058.360000,3.270000,0.000000,0.000000,0.000000,2.870222,5,02/26/2026 14:29:23,36.301,23.179
733,0,6,11058.570000,3.480000,0.000000,0.000000,0.000000,2.878157,5,02/26/2026 14:29:23,36.301,23.179
734,0,6,11058.810000,3.720000,0.000000,0.000000,0.000000,2.886091,5,02/26/2026 14:29:24,36.317,23.179
735,0,6,11059.040000,3.950000,0.000000,0.000000,0.000000,2.893721,5,02/26/2026 14:29:24,36.317,23.179
736,0,6,11059.280000,4.190000,0.000000,0.000000,0.000000,2.901045,5,02/26/2026 14:29:24,36.317,23.179
737,0,6,11059.510000,4.420000,0.000000,0.000000,0.000000,2.908675,5,02/26/2026 14:29:24,36.333,23.179
738,0,6,11059.760000,4.670000,0.000000,0.000000,0.000000,2.915694,5,02/26/2026 14:29:25,36.333,23.179
739,0,6,11060.000000,4.910000,0.000000,0.000000,0.000000,2.922713,5,02/26/2026 14:29:25,36.333,23.179
740,0,6,11060.250000,5.160000,0.000000,0.000000,0.000000,2.930037,5,02/26/2026 14:29:25,36.333,23.179
741,0,6,11060.520000,5.430000,0.000000,0.000000,0.000000,2.937667,5,02/26/2026 14:29:25,36.349,23.179
742,0,6,11060.810000,5.720000,0.000000,0.000000,0.000000,2.944686,5,02/26/2026 14:29:26,36.349,23.179
743,0,6,11061.070000,5.980000,0.000000,0.000000,0.000000,2.951400,5,02/26/2026 14:29:26,36.349,23.179
744,0,6,11061.350000,6.260000,0.000000,0.000000,0.000000,2.958419,5,02/26/2026 14:29:26,36.349,23.179
745,0,6,11061.630000,6.540000,0.000000,0.000000,0.000000,2.965133,5,02/26/2026 14:29:26,36.349,23.179
746,0,6,11061.920000,6.830000,0.000000,0.000000,0.000000,2.972152,5,02/26/2026 14:29:27,36.349,23.179
747,0,6,11062.240000,7.150000,0.000000,0.000000,0.000000,2.978561,5,02/26/2026 14:29:27,36.333,23.179
748,0,6,11062.530000,7.440000,0.000000,0.000000,0.000000,2.984665,5,02/26/2026 14:29:27,36.333,23.179
749,0,6,11062.830000,7.740000,0.000000,0.000000,0.000000,2.991073,5,02/26/2026 14:29:28,36.333,23.179
750,0,6,11063.160000,8.070000,0.000000,0.000000,0.000000,2.997482,5,02/26/2026 14:29:28,36.333,23.179
751,0,6,11063.490000,8.400000,0.000000,0.000000,0.000000,3.003891,5,02/26/2026 14:29:28,36.333,23.179
752,0,6,11063.820000,8.730000,0.000000,0.000000,0.000000,3.009995,5,02/26/2026 14:29:29,36.333,23.179
753,0,6,11064.190000,9.100000,0.000000,0.000000,0.000000,3.016403,5,02/26/2026 14:29:29,36.333,23.179
754,0,6,11064.560000,9.470000,0.000000,0.000000,0.000000,3.022202,5,02/26/2026 14:29:29,36.333,23.163
755,0,6,11064.930000,9.840000,0.000000,0.000000,0.000000,3.028611,5,02/26/2026 14:29:30,36.317,23.163
756,0,6,11065.340000,10.250000,0.000000,0.000000,0.000000,3.034714,5,02/26/2026 14:29:30,36.317,23.163
757,0,6,11065.750000,10.660000,0.000000,0.000000,0.000000,3.040513,5,02/26/2026 14:29:31,36.301,23.163
758,0,6,11066.210000,11.120000,0.000000,0.000000,0.000000,3.046921,5,02/26/2026 14:29:31,36.301,23.163
759,0,6,11066.670000,11.580000,0.000000,0.000000,0.000000,3.052415,5,02/26/2026 14:29:31,36.286,23.163
760,0,6,11067.150000,12.060000,0.000000,0.000000,0.000000,3.058213,5,02/26/2026 14:29:32,36.270,23.163
761,0,6,11067.620000,12.530000,0.000000,0.000000,0.000000,3.063706,5,02/26/2026 14:29:32,36.270,23.163
762,0,6,11068.110000,13.020000,0.000000,0.000000,0.000000,3.069200,5,02/26/2026 14:29:33,36.270,23.163
763,0,6,11068.670000,13.580000,0.000000,0.000000,0.000000,3.074693,5,02/26/2026 14:29:33,36.270,23.163
764,0,6,11069.300000,14.210000,0.000000,0.000000,0.000000,3.080797,5,02/26/2026 14:29:34,36.270,23.163
765,0,6,11069.950000,14.860000,0.000000,0.000000,0.000000,3.085985,5,02/26/2026 14:29:35,36.286,23.163
766,0,6,11070.540000,15.450000,0.000000,0.000000,0.000000,3.091478,5,02/26/2026 14:29:35,36.286,23.163
767,0,6,11071.370000,16.280000,0.000000,0.000000,0.000000,3.097276,5,02/26/2026 14:29:36,36.301,23.147
768,0,6,11072.180000,17.090000,0.000000,0.000000,0.000000,3.102464,5,02/26/2026 14:29:37,36.301,23.163
769,0,6,11073.040000,17.950000,0.000000,0.000000,0.000000,3.107652,5,02/26/2026 14:29:38,36.301,23.163
770,0,6,11073.900000,18.810000,0.000000,0.000000,0.000000,3.112535,5,02/26/2026 14:29:39,36.301,23.163
771,0,6,11074.880000,19.790000,0.000000,0.000000,0.000000,3.117723,5,02/26/2026 14:29:40,36.301,23.163
772,0,6,11076.040000,20.950000,0.000000,0.000000,0.000000,3.122911,5,02/26/2026 14:29:41,36.301,23.163
773,0,6,11077.310000,22.220000,0.000000,0.000000,0.000000,3.128099,5,02/26/2026 14:29:42,36.301,23.147
774,0,6,11078.690000,23.600000,0.000000,0.000000,0.000000,3.132982,5,02/26/2026 14:29:43,36.317,23.147
775,0,6,11080.280000,25.190000,0.000000,0.000000,0.000000,3.137865,5,02/26/2026 14:29:45,36.301,23.147
776,0,6,11081.880000,26.790000,0.000000,0.000000,0.000000,3.143053,5,02/26/2026 14:29:47,36.286,23.147
777,0,6,11084.160000,29.070000,0.000000,0.000000,0.000000,3.148241,5,02/26/2026 14:29:49,36.191,23.147
778,0,6,11086.410000,31.320000,0.000000,0.000000,0.000000,3.153124,5,02/26/2026 14:29:51,36.081,23.147
779,0,6,11089.020000,33.930000,0.000000,0.000000,0.000000,3.158007,5,02/26/2026 14:29:54,36.066,23.131
780,0,6,11092.120000,37.030000,0.000000,0.000000,0.000000,3.162890,5,02/26/2026 14:29:57,36.066,23.131
781,0,6,11095.870000,40.780000,0.000000,0.000000,0.000000,3.167773,5,02/26/2026 14:30:01,36.034,23.115
782,0,6,11100.100000,45.010000,0.000000,0.000000,0.000000,3.172656,5,02/26/2026 14:30:05,35.987,23.115
783,0,6,11105.200000,50.110000,0.000000,0.000000,0.000000,3.177539,5,02/26/2026 14:30:10,35.893,23.099
784,0,6,11111.710000,56.620000,0.000000,0.000000,0.000000,3.182727,5,02/26/2026 14:30:16,35.720,23.099
785,0,6,11120.410000,65.320000,0.000000,0.000000,0.000000,3.187610,5,02/26/2026 14:30:25,35.641,23.099
786,0,6,11130.600000,75.510000,0.000000,0.000000,0.000000,3.192493,5,02/26/2026 14:30:35,35.342,23.083
787,0,6,11145.580000,90.490000,0.000000,0.000000,0.000000,3.197375,5,02/26/2026 14:30:50,34.934,23.067
788,0,6,11165.580000,110.490000,0.000000,0.000000,0.000000,3.201953,1,02/26/2026 14:31:10,34.493,23.051
789,0,6,11185.580000,130.490000,0.000000,0.000000,0.000000,3.205005,1,02/26/2026 14:31:30,34.195,23.051
790,0,6,11205.580000,150.490000,0.000000,0.000000,0.000000,3.207752,1,02/26/2026 14:31:50,33.849,23.051
791,0,6,11225.580000,170.490000,0.000000,0.000000,0.000000,3.209583,1,02/26/2026 14:32:10,33.519,23.051
792,0,6,11245.580000,190.490000,0.000000,0.000000,0.000000,3.210803,1,02/26/2026 14:32:30,33.094,23.035
793,0,6,11265.580000,210.490000,0.000000,0.000000,0.000000,3.212329,1,02/26/2026 14:32:50,32.780,23.035
794,0,6,11285.580000,230.490000,0.000000,0.000000,0.000000,3.212634,1,02/26/2026 14:33:10,32.528,23.035
795,0,6,11305.580000,250.490000,0.000000,0.000000,0.000000,3.213855,1,02/26/2026 14:33:30,32.214,23.035
796,0,6,11325.580000,270.490000,0.000000,0.000000,0.000000,3.214160,1,02/26/2026 14:33:50,31.994,23.035
797,0,6,11345.580000,290.490000,0.000000,0.000000,0.000000,3.214466,1,02/26/2026 14:34:10,31.726,23.035
798,0,6,11365.580000,310.490000,0.000000,0.000000,0.000000,3.215076,1,02/26/2026 14:34:30,31.443,23.035
799,0,6,11385.580000,330.490000,0.000000,0.000000,0.000000,3.215381,1,02/26/2026 14:34:50,31.239,23.035
800,0,6,11405.580000,350.490000,0.000000,0.000000,0.000000,3.215991,1,02/26/2026 14:35:10,30.925,23.035
801,0,6,11425.580000,370.490000,0.000000,0.000000,0.000000,3.216602,1,02/26/2026 14:35:30,30.657,23.035
802,0,6,11445.580000,390.490000,0.000000,0.000000,0.000000,3.216602,1,02/26/2026 14:35:50,30.437,23.035
803,0,6,11465.580000,410.490000,0.000000,0.000000,0.000000,3.216907,1,02/26/2026 14:36:10,30.217,23.019
804,0,6,11485.580000,430.490000,0.000000,0.000000,0.000000,3.216907,1,02/26/2026 14:36:30,29.949,23.019
805,0,6,11505.580000,450.490000,0.000000,0.000000,0.000000,3.218128,1,02/26/2026 14:36:50,29.820,23.019
806,0,6,11525.580000,470.490000,0.000000,0.000000,0.000000,3.217823,1,02/26/2026 14:37:10,29.562,23.019
807,0,6,11545.580000,490.490000,0.000000,0.000000,0.000000,3.218128,1,02/26/2026 14:37:30,29.336,23.019
808,0,6,11565.580000,510.490000,0.000000,0.000000,0.000000,3.218433,1,02/26/2026 14:37:50,29.175,23.019
809,0,6,11585.580000,530.490000,0.000000,0.000000,0.000000,3.218433,1,02/26/2026 14:38:10,28.998,23.002
810,0,6,11605.580000,550.490000,0.000000,0.000000,0.000000,3.218433,1,02/26/2026 14:38:30,28.805,23.019
811,0,6,11625.580000,570.490000,0.000000,0.000000,0.000000,3.218738,1,02/26/2026 14:38:50,28.612,23.019
812,0,6,11645.580000,590.490000,0.000000,0.000000,0.000000,3.218738,1,02/26/2026 14:39:10,28.499,23.019
813,0,6,11665.580000,610.490000,0.000000,0.000000,0.000000,3.219043,1,02/26/2026 14:39:30,28.289,23.035
814,0,6,11685.580000,630.490000,0.000000,0.000000,0.000000,3.218738,1,02/26/2026 14:39:50,28.193,23.051
815,0,6,11705.580000,650.490000,0.000000,0.000000,0.000000,3.219043,1,02/26/2026 14:40:10,28.080,23.067
816,0,6,11725.580000,670.490000,0.000000,0.000000,0.000000,3.219348,1,02/26/2026 14:40:30,27.951,23.099
817,0,6,11745.580000,690.490000,0.000000,0.000000,0.000000,3.219043,1,02/26/2026 14:40:50,27.822,23.115
818,0,6,11765.580000,710.490000,0.000000,0.000000,0.000000,3.219043,1,02/26/2026 14:41:10,27.693,23.147
819,0,6,11785.580000,730.490000,0.000000,0.000000,0.000000,3.219348,1,02/26/2026 14:41:30,27.565,23.163
820,0,6,11805.580000,750.490000,0.000000,0.000000,0.000000,3.219043,1,02/26/2026 14:41:50,27.452,23.179
821,0,6,11825.580000,770.490000,0.000000,0.000000,0.000000,3.219348,1,02/26/2026 14:42:10,27.355,23.179
822,0,6,11845.580000,790.490000,0.000000,0.000000,0.000000,3.219348,1,02/26/2026 14:42:30,27.242,23.195
823,0,6,11865.580000,810.490000,0.000000,0.000000,0.000000,3.219043,1,02/26/2026 14:42:50,27.146,23.195
824,0,6,11885.580000,830.490000,0.000000,0.000000,0.000000,3.219654,1,02/26/2026 14:43:10,27.033,23.212
825,0,6,11905.580000,850.490000,0.000000,0.000000,0.000000,3.219654,1,02/26/2026 14:43:30,26.968,23.212
826,0,6,11925.580000,870.490000,0.000000,0.000000,0.000000,3.219654,1,02/26/2026 14:43:50,26.856,23.228
827,0,6,11945.580000,890.490000,0.000000,0.000000,0.000000,3.219654,1,02/26/2026 14:44:10,26.759,23.244
828,0,6,11965.580000,910.490000,0.000000,0.000000,0.000000,3.219654,1,02/26/2026 14:44:30,26.679,23.244
829,0,6,11985.580000,930.490000,0.000000,0.000000,0.000000,3.219959,1,02/26/2026 14:44:50,26.582,23.260
830,0,6,12005.580000,950.490000,0.000000,0.000000,0.000000,3.219348,1,02/26/2026 14:45:10,26.534,23.260
831,0,6,12025.580000,970.490000,0.000000,0.000000,0.000000,3.219348,1,02/26/2026 14:45:30,26.421,23.260
832,0,6,12045.580000,990.490000,0.000000,0.000000,0.000000,3.219654,1,02/26/2026 14:45:50,26.356,23.260
833,0,6,12065.580000,1010.490000,0.000000,0.000000,0.000000,3.219654,1,02/26/2026 14:46:10,26.276,23.260
834,0,6,12085.580000,1030.490000,0.000000,0.000000,0.000000,3.219959,1,02/26/2026 14:46:30,26.195,23.260
835,0,6,12105.580000,1050.490000,0.000000,0.000000,0.000000,3.219654,1,02/26/2026 14:46:50,26.131,23.260
836,0,6,12125.580000,1070.490000,0.000000,0.000000,0.000000,3.219959,1,02/26/2026 14:47:10,26.083,23.260
837,0,6,12145.580000,1090.490000,0.000000,0.000000,0.000000,3.220264,1,02/26/2026 14:47:30,26.002,23.260
838,0,6,12165.580000,1110.490000,0.000000,0.000000,0.000000,3.219959,1,02/26/2026 14:47:50,25.938,23.244
839,0,6,12185.580000,1130.490000,0.000000,0.000000,0.000000,3.219959,1,02/26/2026 14:48:10,25.857,23.228
840,0,6,12205.580000,1150.490000,0.000000,0.000000,0.000000,3.219959,1,02/26/2026 14:48:30,25.760,23.212
841,0,6,12225.580000,1170.490000,0.000000,0.000000,0.000000,3.219654,1,02/26/2026 14:48:50,25.696,23.195
842,0,6,12245.580000,1190.490000,0.000000,0.000000,0.000000,3.219959,1,02/26/2026 14:49:10,25.631,23.163
843,0,6,12265.580000,1210.490000,0.000000,0.000000,0.000000,3.219959,1,02/26/2026 14:49:30,25.535,23.131
844,0,6,12285.580000,1230.490000,0.000000,0.000000,0.000000,3.219959,1,02/26/2026 14:49:50,25.470,23.115
845,0,6,12305.580000,1250.490000,0.000000,0.000000,0.000000,3.219959,1,02/26/2026 14:50:10,25.422,23.099
846,0,6,12325.580000,1270.490000,0.000000,0.000000,0.000000,3.220264,1,02/26/2026 14:50:30,25.342,23.067
847,0,6,12345.580000,1290.490000,0.000000,0.000000,0.000000,3.219959,1,02/26/2026 14:50:50,25.277,23.067
848,0,6,12365.580000,1310.490000,0.000000,0.000000,0.000000,3.219959,1,02/26/2026 14:51:10,25.213,23.051
849,0,6,12385.580000,1330.490000,0.000000,0.000000,0.000000,3.220264,1,02/26/2026 14:51:30,25.180,23.051
850,0,6,12405.580000,1350.490000,0.000000,0.000000,0.000000,3.220264,1,02/26/2026 14:51:50,25.132,23.035
851,0,6,12425.580000,1370.490000,0.000000,0.000000,0.000000,3.220264,1,02/26/2026 14:52:10,25.084,23.035
852,0,6,12445.580000,1390.490000,0.000000,0.000000,0.000000,3.220264,1,02/26/2026 14:52:30,25.035,23.035
853,0,6,12465.580000,1410.490000,0.000000,0.000000,0.000000,3.219959,1,02/26/2026 14:52:50,24.971,23.019
854,0,6,12485.580000,1430.490000,0.000000,0.000000,0.000000,3.220264,1,02/26/2026 14:53:10,24.939,23.002
855,0,6,12505.580000,1450.490000,0.000000,0.000000,0.000000,3.220264,1,02/26/2026 14:53:30,24.890,22.986
856,0,6,12525.580000,1470.490000,0.000000,0.000000,0.000000,3.219959,1,02/26/2026 14:53:50,24.858,22.970
857,0,6,12545.580000,1490.490000,0.000000,0.000000,0.000000,3.220569,1,02/26/2026 14:54:10,24.810,22.954
858,0,6,12565.580000,1510.490000,0.000000,0.000000,0.000000,3.220264,1,02/26/2026 14:54:30,24.762,22.954
859,0,6,12585.580000,1530.490000,0.000000,0.000000,0.000000,3.220264,1,02/26/2026 14:54:50,24.729,22.938
860,0,6,12605.580000,1550.490000,0.000000,0.000000,0.000000,3.220264,1,02/26/2026 14:55:10,24.681,22.922
861,0,6,12625.580000,1570.490000,0.000000,0.000000,0.000000,3.220264,1,02/26/2026 14:55:30,24.649,22.906
862,0,6,12645.580000,1590.490000,0.000000,0.000000,0.000000,3.220569,1,02/26/2026 14:55:50,24.617,22.906
863,0,6,12665.580000,1610.490000,0.000000,0.000000,0.000000,3.219959,1,02/26/2026 14:56:10,24.584,22.906
864,0,6,12685.580000,1630.490000,0.000000,0.000000,0.000000,3.220264,1,02/26/2026 14:56:30,24.552,22.874
865,0,6,12705.580000,1650.490000,0.000000,0.000000,0.000000,3.220264,1,02/26/2026 14:56:50,24.504,22.874
866,0,6,12725.580000,1670.490000,0.000000,0.000000,0.000000,3.220264,1,02/26/2026 14:57:10,24.456,22.842
867,0,6,12745.580000,1690.490000,0.000000,0.000000,0.000000,3.220264,1,02/26/2026 14:57:30,24.407,22.842
868,0,6,12765.580000,1710.490000,0.000000,0.000000,0.000000,3.220569,1,02/26/2026 14:57:50,24.391,22.826
869,0,6,12785.580000,1730.490000,0.000000,0.000000,0.000000,3.220264,1,02/26/2026 14:58:10,24.359,22.826
870,0,6,12805.580000,1750.490000,0.000000,0.000000,0.000000,3.220264,1,02/26/2026 14:58:30,24.343,22.826
871,0,6,12825.580000,1770.490000,0.000000,0.000000,0.000000,3.220264,1,02/26/2026 14:58:50,24.327,22.826
872,0,6,12845.580000,1790.490000,0.000000,0.000000,0.000000,3.220264,1,02/26/2026 14:59:10,24.294,22.826
873,0,6,12855.090000,1800.000000,0.000000,0.000000,0.000000,3.220569,129,02/26/2026 14:59:20,24.294,22.809
874,0,7,12855.240000,1800.150000,0.000047,0.000155,2.314946,3.380789,0,02/26/2026 14:59:21,24.278,22.809
875,0,7,12855.250000,1800.160000,0.000053,0.000177,2.448157,3.389639,4,02/26/2026 14:59:21,24.278,22.809
876,0,7,12855.260000,1800.170000,0.000060,0.000200,2.579080,3.399710,4,02/26/2026 14:59:21,24.278,22.809
877,0,7,12855.270000,1800.180000,0.000067,0.000225,2.704662,3.409171,4,02/26/2026 14:59:21,24.278,22.809
878,0,7,12855.280000,1800.190000,0.000074,0.000250,2.823987,3.417716,4,02/26/2026 14:59:21,24.278,22.809
879,0,7,12855.290000,1800.200000,0.000082,0.000277,2.939040,3.425650,4,02/26/2026 14:59:21,24.278,22.809
880,0,7,12855.300000,1800.210000,0.000090,0.000305,3.003281,3.430533,4,02/26/2026 14:59:21,24.278,22.809
881,0,7,12855.320000,1800.230000,0.000107,0.000363,2.985580,3.429618,4,02/26/2026 14:59:21,24.278,22.809
882,0,7,12855.330000,1800.240000,0.000115,0.000391,3.000687,3.431449,4,02/26/2026 14:59:21,24.278,22.809
883,0,7,12855.490000,1800.400000,0.000249,0.000849,2.999771,3.439689,5,02/26/2026 14:59:21,24.278,22.809
884,0,7,12855.700000,1800.610000,0.000424,0.001452,3.000076,3.446098,5,02/26/2026 14:59:21,24.278,22.809
885,0,7,12855.990000,1800.900000,0.000665,0.002286,2.999924,3.452506,5,02/26/2026 14:59:21,24.278,22.809
886,0,7,12856.400000,1801.310000,0.001007,0.003467,2.999924,3.458000,5,02/26/2026 14:59:22,24.278,22.809
887,0,7,12856.920000,1801.830000,0.001440,0.004966,2.999771,3.463493,5,02/26/2026 14:59:22,24.278,22.809
888,0,7,12857.640000,1802.550000,0.002040,0.007046,2.999771,3.468986,5,02/26/2026 14:59:23,24.278,22.809
889,0,7,12858.840000,1803.750000,0.003040,0.010518,2.999771,3.474174,5,02/26/2026 14:59:24,24.278,22.809
890,0,7,12860.350000,1805.260000,0.004299,0.014893,2.999771,3.479057,5,02/26/2026 14:59:26,24.278,22.809
891,0,7,12862.570000,1807.480000,0.006149,0.021334,2.999771,3.484245,5,02/26/2026 14:59:28,24.294,22.809
892,0,7,12865.530000,1810.440000,0.008615,0.029935,3.000076,3.489128,5,02/26/2026 14:59:31,24.294,22.809
893,0,7,12869.030000,1813.940000,0.011532,0.040119,2.999924,3.494011,5,02/26/2026 14:59:34,24.294,22.826
894,0,7,12873.970000,1818.880000,0.015648,0.054512,2.999619,3.498894,5,02/26/2026 14:59:39,24.327,22.826
895,0,7,12880.720000,1825.630000,0.021273,0.074207,2.999771,3.503777,5,02/26/2026 14:59:46,24.375,22.826
896,0,7,12890.130000,1835.040000,0.029114,0.101701,2.999924,3.508659,5,02/26/2026 14:59:55,24.439,22.826
897,0,7,12902.580000,1847.490000,0.039489,0.138128,2.999771,3.513848,5,02/26/2026 15:00:08,24.552,22.826
898,0,7,12920.510000,1865.420000,0.054430,0.190665,2.999924,3.518730,5,02/26/2026 15:00:26,24.745,22.842
899,0,7,12940.510000,1885.420000,0.071096,0.249350,2.999771,3.523308,1,02/26/2026 15:00:46,24.955,22.858
900,0,7,12959.880000,1904.790000,0.087237,0.306260,2.999924,3.528191,5,02/26/2026 15:01:05,25.164,22.858
901,0,7,12979.880000,1924.790000,0.103903,0.365096,2.999924,3.532464,1,02/26/2026 15:01:25,25.374,22.874
902,0,7,12999.880000,1944.790000,0.120568,0.424004,2.999619,3.536736,1,02/26/2026 15:01:45,25.567,22.890
903,0,7,13019.880000,1964.790000,0.137234,0.482980,2.999771,3.540398,1,02/26/2026 15:02:05,25.760,22.890
904,0,7,13039.880000,1984.790000,0.153900,0.542013,2.999619,3.543450,1,02/26/2026 15:02:25,25.921,22.906
905,0,7,13059.880000,2004.790000,0.170566,0.601103,2.999924,3.547112,1,02/26/2026 15:02:45,26.099,22.922
906,0,7,13079.880000,2024.790000,0.187232,0.660239,2.999771,3.549554,1,02/26/2026 15:03:05,26.260,22.906
907,0,7,13099.880000,2044.790000,0.203898,0.719415,2.999771,3.551385,1,02/26/2026 15:03:25,26.421,22.922
908,0,7,13119.880000,2064.790000,0.220564,0.778621,2.999924,3.553521,1,02/26/2026 15:03:45,26.550,22.938
909,0,7,13139.880000,2084.790000,0.237230,0.837861,2.999924,3.555047,1,02/26/2026 15:04:05,26.695,22.938
910,0,7,13159.880000,2104.790000,0.253896,0.897125,3.000076,3.556268,1,02/26/2026 15:04:25,26.840,22.938
911,0,7,13179.880000,2124.790000,0.270562,0.956410,2.999924,3.557488,1,02/26/2026 15:04:45,26.985,22.938
912,0,7,13199.880000,2144.790000,0.287228,1.015711,2.999924,3.558404,1,02/26/2026 15:05:05,27.081,22.938
913,0,7,13219.880000,2164.790000,0.303894,1.075028,2.999771,3.559319,1,02/26/2026 15:05:25,27.210,22.922
914,0,7,13224.800000,2169.710000,0.307993,1.089622,2.999619,3.559625,164,02/26/2026 15:05:30,27.242,22.922
915,0,8,13224.830000,2169.740000,0.308015,1.089699,2.698863,3.542535,0,02/26/2026 15:05:30,27.242,22.922
916,0,8,13244.830000,2189.740000,0.323014,1.142795,2.699931,3.539178,1,02/26/2026 15:05:50,27.420,22.922
917,0,8,13264.830000,2209.740000,0.338014,1.195879,2.699779,3.539178,1,02/26/2026 15:06:10,27.452,22.906
918,0,8,13284.830000,2229.740000,0.353013,1.248970,2.700084,3.539483,1,02/26/2026 15:06:30,27.532,22.906
919,0,8,13304.830000,2249.740000,0.368012,1.302070,2.699779,3.540398,1,02/26/2026 15:06:50,27.581,22.890
920,0,8,13324.830000,2269.740000,0.383012,1.355181,2.699931,3.541314,1,02/26/2026 15:07:10,27.693,22.890
921,0,8,13344.830000,2289.740000,0.398011,1.408303,2.699474,3.541619,1,02/26/2026 15:07:30,27.726,22.874
922,0,8,13364.830000,2309.740000,0.413010,1.461435,2.699931,3.542535,1,02/26/2026 15:07:50,27.790,22.874
923,0,8,13384.830000,2329.740000,0.428010,1.514580,2.699779,3.543145,1,02/26/2026 15:08:10,27.887,22.874
924,0,8,13404.830000,2349.740000,0.443009,1.567736,2.699931,3.544671,1,02/26/2026 15:08:30,27.951,22.858
925,0,8,13424.830000,2369.740000,0.458008,1.620906,2.699779,3.545281,1,02/26/2026 15:08:50,28.048,22.858
926,0,8,13444.830000,2389.740000,0.473007,1.674088,2.699626,3.545892,1,02/26/2026 15:09:10,28.128,22.858
927,0,8,13464.830000,2409.740000,0.488007,1.727282,2.699779,3.546502,1,02/26/2026 15:09:30,28.193,22.858
928,0,8,13484.830000,2429.740000,0.503006,1.780486,2.699779,3.547417,1,02/26/2026 15:09:50,28.257,22.858
929,0,8,13504.830000,2449.740000,0.518005,1.833701,2.699931,3.548333,1,02/26/2026 15:10:10,28.273,22.842
930,0,8,13524.830000,2469.740000,0.533005,1.886929,2.700084,3.548943,1,02/26/2026 15:10:30,28.370,22.842
931,0,8,13544.830000,2489.740000,0.548004,1.940170,2.700084,3.549859,1,02/26/2026 15:10:50,28.434,22.842
932,0,8,13564.830000,2509.740000,0.563003,1.993422,2.699931,3.550774,1,02/26/2026 15:11:10,28.515,22.842
933,0,8,13584.830000,2529.740000,0.578003,2.046687,2.699779,3.551385,1,02/26/2026 15:11:30,28.595,22.842
934,0,8,13604.830000,2549.740000,0.593002,2.099965,2.699779,3.552300,1,02/26/2026 15:11:50,28.660,22.842
935,0,8,13624.830000,2569.740000,0.608001,2.153257,2.700084,3.553521,1,02/26/2026 15:12:10,28.724,22.842
936,0,8,13635.410000,2580.320000,0.615936,2.181457,2.699931,3.554131,164,02/26/2026 15:12:21,28.740,22.842
937,0,9,13635.440000,2580.350000,0.615955,2.181525,2.400092,3.537957,0,02/26/2026 15:12:21,28.740,22.842
938,0,9,13650.830000,2595.740000,0.626215,2.217786,2.400092,3.533074,5,02/26/2026 15:12:36,28.773,22.826
939,0,9,13670.830000,2615.740000,0.639547,2.264892,2.400244,3.533379,1,02/26/2026 15:12:56,28.821,22.826
940,0,9,13690.830000,2635.740000,0.652880,2.312003,2.399786,3.533684,1,02/26/2026 15:13:16,28.821,22.826
941,0,9,13710.830000,2655.740000,0.666213,2.359126,2.399786,3.535210,1,02/26/2026 15:13:36,28.837,22.826
942,0,9,13730.830000,2675.740000,0.679545,2.406263,2.400092,3.535821,1,02/26/2026 15:13:56,28.869,22.826
943,0,9,13750.830000,2695.740000,0.692878,2.453418,2.399939,3.537346,1,02/26/2026 15:14:16,28.885,22.826
944,0,9,13770.830000,2715.740000,0.706211,2.500590,2.399786,3.538567,1,02/26/2026 15:14:36,28.821,22.809
945,0,9,13790.830000,2735.740000,0.719543,2.547778,2.399634,3.540093,1,02/26/2026 15:14:56,28.885,22.793
946,0,9,13810.830000,2755.740000,0.732876,2.594982,2.399634,3.541009,1,02/26/2026 15:15:16,28.853,22.793
947,0,9,13830.830000,2775.740000,0.746209,2.642203,2.400092,3.542229,1,02/26/2026 15:15:36,28.869,22.777
948,0,9,13850.830000,2795.740000,0.759541,2.689440,2.399939,3.543450,1,02/26/2026 15:15:56,28.869,22.761
949,0,9,13870.830000,2815.740000,0.772874,2.736696,2.400244,3.545281,1,02/26/2026 15:16:16,28.853,22.761
950,0,9,13890.830000,2835.740000,0.786207,2.783970,2.399634,3.546502,1,02/26/2026 15:16:36,28.853,22.777
951,0,9,13910.830000,2855.740000,0.799539,2.831262,2.399786,3.547417,1,02/26/2026 15:16:56,28.869,22.777
952,0,9,13930.830000,2875.740000,0.812872,2.878572,2.400092,3.548943,1,02/26/2026 15:17:16,28.853,22.777
953,0,9,13950.830000,2895.740000,0.826205,2.925900,2.399634,3.550164,1,02/26/2026 15:17:36,28.837,22.777
954,0,9,13970.830000,2915.740000,0.839537,2.973246,2.399786,3.551690,1,02/26/2026 15:17:56,28.869,22.793
955,0,9,13990.830000,2935.740000,0.852870,3.020610,2.400092,3.553216,1,02/26/2026 15:18:16,28.902,22.809
956,0,9,14010.830000,2955.740000,0.866203,3.067997,2.399939,3.554437,1,02/26/2026 15:18:36,28.950,22.809
957,0,9,14030.830000,2975.740000,0.879535,3.115404,2.399939,3.556573,1,02/26/2026 15:18:56,28.934,22.842
958,0,9,14050.830000,2995.740000,0.892868,3.162830,2.399634,3.558099,1,02/26/2026 15:19:16,28.982,22.858
959,0,9,14070.830000,3015.740000,0.906201,3.210276,2.400092,3.559014,1,02/26/2026 15:19:36,29.030,22.890
960,0,9,14090.830000,3035.740000,0.919533,3.257743,2.400092,3.561151,1,02/26/2026 15:19:56,29.014,22.922
961,0,9,14097.390000,3042.300000,0.923907,3.273316,2.400092,3.561456,164,02/26/2026 15:20:03,29.047,22.922
962,0,10,14097.410000,3042.320000,0.923913,3.273340,1.351186,3.506523,0,02/26/2026 15:20:03,29.047,22.922
963,0,10,14097.780000,3042.690000,0.924052,3.273826,1.350118,3.501335,5,02/26/2026 15:20:03,29.063,22.922
964,0,10,14098.790000,3043.700000,0.924431,3.275151,1.349966,3.496147,5,02/26/2026 15:20:04,29.079,22.922
965,0,10,14100.940000,3045.850000,0.925237,3.277968,1.350118,3.491264,5,02/26/2026 15:20:06,29.095,22.938
966,0,10,14105.020000,3049.930000,0.926767,3.283305,1.350118,3.486381,5,02/26/2026 15:20:10,29.079,22.938
967,0,10,14111.120000,3056.030000,0.929054,3.291274,1.349660,3.481193,5,02/26/2026 15:20:16,29.047,22.938
968,0,10,14125.420000,3070.330000,0.934417,3.309927,1.349813,3.476005,5,02/26/2026 15:20:31,29.047,22.970
969,0,10,14145.420000,3090.330000,0.941916,3.335986,1.349813,3.473564,1,02/26/2026 15:20:51,28.934,22.986
970,0,10,14165.420000,3110.330000,0.949416,3.362037,1.350118,3.473564,1,02/26/2026 15:21:11,28.853,23.002
971,0,10,14185.420000,3130.330000,0.956915,3.388091,1.349660,3.474174,1,02/26/2026 15:21:31,28.837,23.019
972,0,10,14205.420000,3150.330000,0.964414,3.414151,1.349966,3.475700,1,02/26/2026 15:21:51,28.708,23.035
973,0,10,14225.420000,3170.330000,0.971914,3.440221,1.349966,3.477226,1,02/26/2026 15:22:11,28.660,23.051
974,0,10,14245.420000,3190.330000,0.979413,3.466303,1.349813,3.478752,1,02/26/2026 15:22:31,28.595,23.067
975,0,10,14265.420000,3210.330000,0.986913,3.492396,1.349813,3.479973,1,02/26/2026 15:22:51,28.515,23.067
976,0,10,14285.420000,3230.330000,0.994412,3.518500,1.349813,3.481193,1,02/26/2026 15:23:11,28.451,23.083
977,0,10,14305.420000,3250.330000,1.001912,3.544614,1.349813,3.482719,1,02/26/2026 15:23:31,28.386,23.083
978,0,10,14325.420000,3270.330000,1.009411,3.570740,1.349966,3.484245,1,02/26/2026 15:23:51,28.289,23.099
979,0,10,14345.420000,3290.330000,1.016911,3.596879,1.349813,3.486076,1,02/26/2026 15:24:11,28.225,23.115
980,0,10,14365.420000,3310.330000,1.024410,3.623029,1.349966,3.487602,1,02/26/2026 15:24:31,28.161,23.115
981,0,10,14385.420000,3330.330000,1.031910,3.649190,1.350118,3.489433,1,02/26/2026 15:24:51,28.096,23.115
982,0,10,14405.420000,3350.330000,1.039409,3.675363,1.349966,3.490349,1,02/26/2026 15:25:11,28.048,23.099
983,0,10,14425.420000,3370.330000,1.046909,3.701546,1.349813,3.492180,1,02/26/2026 15:25:31,27.967,23.099
984,0,10,14445.420000,3390.330000,1.054408,3.727742,1.349660,3.493706,1,02/26/2026 15:25:51,27.903,23.067
985,0,10,14465.420000,3410.330000,1.061908,3.753951,1.350118,3.495232,1,02/26/2026 15:26:11,27.790,23.051
986,0,10,14485.420000,3430.330000,1.069407,3.780171,1.350118,3.496757,1,02/26/2026 15:26:31,27.693,23.035
987,0,10,14505.420000,3450.330000,1.076907,3.806402,1.349966,3.498283,1,02/26/2026 15:26:51,27.645,23.019
988,0,10,14525.420000,3470.330000,1.084406,3.832644,1.349813,3.499809,1,02/26/2026 15:27:11,27.597,23.002
989,0,10,14545.420000,3490.330000,1.091906,3.858897,1.349966,3.501335,1,02/26/2026 15:27:31,27.516,22.986
990,0,10,14565.420000,3510.330000,1.099405,3.885163,1.349966,3.503471,1,02/26/2026 15:27:51,27.468,22.970
991,0,10,14585.420000,3530.330000,1.106905,3.911442,1.349813,3.504387,1,02/26/2026 15:28:11,27.420,22.970
992,0,10,14605.420000,3550.330000,1.114404,3.937732,1.349813,3.506218,1,02/26/2026 15:28:31,27.339,22.954
993,0,10,14625.420000,3570.330000,1.121904,3.964033,1.349966,3.507744,1,02/26/2026 15:28:51,27.307,22.954
994,0,10,14645.420000,3590.330000,1.129403,3.990347,1.350118,3.509270,1,02/26/2026 15:29:11,27.291,22.970
995,0,10,14665.420000,3610.330000,1.136903,4.016672,1.349813,3.511101,1,02/26/2026 15:29:31,27.275,22.986
996,0,10,14685.420000,3630.330000,1.144402,4.043011,1.349813,3.512627,1,02/26/2026 15:29:51,27.258,23.019
997,0,10,14705.420000,3650.330000,1.151902,4.069362,1.350118,3.514153,1,02/26/2026 15:30:11,27.194,23.019
998,0,10,14725.420000,3670.330000,1.159401,4.095725,1.349813,3.515984,1,02/26/2026 15:30:31,27.210,23.051
999,0,10,14745.420000,3690.330000,1.166901,4.122100,1.350118,3.517510,1,02/26/2026 15:30:51,27.210,23.067
1000,0,10,14765.420000,3710.330000,1.174400,4.148487,1.350118,3.519341,1,02/26/2026 15:31:11,27.194,23.083
1001,0,10,14785.420000,3730.330000,1.181900,4.174888,1.350118,3.521172,1,02/26/2026 15:31:31,27.194,23.099
1002,0,10,14805.420000,3750.330000,1.189399,4.201300,1.349813,3.522393,1,02/26/2026 15:31:51,27.146,23.115
1003,0,10,14825.420000,3770.330000,1.196899,4.227725,1.349966,3.524529,1,02/26/2026 15:32:11,27.146,23.131
1004,0,10,14845.420000,3790.330000,1.204398,4.254164,1.350118,3.526055,1,02/26/2026 15:32:31,27.162,23.147
1005,0,10,14865.420000,3810.330000,1.211898,4.280615,1.349966,3.528191,1,02/26/2026 15:32:51,27.146,23.179
1006,0,10,14885.420000,3830.330000,1.219397,4.307082,1.349660,3.529717,1,02/26/2026 15:33:11,27.146,23.179
1007,0,10,14905.420000,3850.330000,1.226897,4.333562,1.349813,3.531853,1,02/26/2026 15:33:31,27.146,23.179
1008,0,10,14918.640000,3863.550000,1.231854,4.351072,1.349813,3.532769,164,02/26/2026 15:33:44,27.130,23.179
1009,0,11,14918.660000,3863.570000,1.231857,4.351085,0.752422,3.500114,0,02/26/2026 15:33:44,27.130,23.179
1010,0,11,14919.100000,3864.010000,1.231949,4.351405,0.749828,3.494621,5,02/26/2026 15:33:44,27.130,23.179
1011,0,11,14920.230000,3865.140000,1.232185,4.352227,0.750134,3.489433,5,02/26/2026 15:33:45,27.130,23.195
1012,0,11,14922.490000,3867.400000,1.232655,4.353869,0.750286,3.484245,5,02/26/2026 15:33:48,27.146,23.195
1013,0,11,14926.540000,3871.450000,1.233499,4.356806,0.749981,3.479362,5,02/26/2026 15:33:52,27.146,23.179
1014,0,11,14933.510000,3878.420000,1.234951,4.361854,0.749981,3.474479,5,02/26/2026 15:33:59,27.146,23.195
1015,0,11,14945.990000,3890.900000,1.237551,4.370880,0.750134,3.469291,5,02/26/2026 15:34:11,27.097,23.195
1016,0,11,14965.990000,3910.900000,1.241717,4.385327,0.749828,3.465629,1,02/26/2026 15:34:31,27.065,23.195
1017,0,11,14985.990000,3930.900000,1.245883,4.399763,0.749828,3.464103,1,02/26/2026 15:34:51,26.952,23.195
1018,0,11,15005.990000,3950.900000,1.250049,4.414194,0.749828,3.463493,1,02/26/2026 15:35:11,26.904,23.195
1019,0,11,15025.990000,3970.900000,1.254216,4.428625,0.750134,3.463798,1,02/26/2026 15:35:31,26.856,23.195
1020,0,11,15045.990000,3990.900000,1.258382,4.443057,0.749676,3.464103,1,02/26/2026 15:35:51,26.807,23.195
1021,0,11,15065.990000,4010.900000,1.262548,4.457491,0.749676,3.464714,1,02/26/2026 15:36:11,26.743,23.195
1022,0,11,15085.990000,4030.900000,1.266714,4.471929,0.749828,3.465629,1,02/26/2026 15:36:31,26.711,23.195
1023,0,11,15105.990000,4050.900000,1.270881,4.486370,0.749828,3.466545,1,02/26/2026 15:36:51,26.630,23.195
1024,0,11,15125.990000,4070.900000,1.275047,4.500817,0.750134,3.468070,1,02/26/2026 15:37:11,26.582,23.179
1025,0,11,15145.990000,4090.900000,1.279213,4.515269,0.749981,3.469596,1,02/26/2026 15:37:31,26.517,23.179
1026,0,11,15165.990000,4110.900000,1.283379,4.529727,0.749828,3.470817,1,02/26/2026 15:37:51,26.469,23.179
1027,0,11,15185.990000,4130.900000,1.287546,4.544189,0.749676,3.471733,1,02/26/2026 15:38:11,26.437,23.179
1028,0,11,15205.990000,4150.900000,1.291712,4.558657,0.749828,3.472953,1,02/26/2026 15:38:31,26.356,23.163
1029,0,11,15225.990000,4170.900000,1.295878,4.573131,0.749981,3.474479,1,02/26/2026 15:38:51,26.324,23.179
1030,0,11,15245.990000,4190.900000,1.300044,4.587611,0.749981,3.476310,1,02/26/2026 15:39:11,26.276,23.163
1031,0,11,15265.990000,4210.900000,1.304211,4.602097,0.749828,3.478141,1,02/26/2026 15:39:31,26.260,23.147
1032,0,11,15285.990000,4230.900000,1.308377,4.616590,0.749676,3.479057,1,02/26/2026 15:39:51,26.179,23.147
1033,0,11,15305.990000,4250.900000,1.312543,4.631089,0.750286,3.480583,1,02/26/2026 15:40:11,26.179,23.147
1034,0,11,15325.990000,4270.900000,1.316709,4.645593,0.749981,3.482109,1,02/26/2026 15:40:31,26.115,23.131
1035,0,11,15345.990000,4290.900000,1.320876,4.660105,0.750134,3.483635,1,02/26/2026 15:40:51,26.066,23.131
1036,0,11,15365.990000,4310.900000,1.325042,4.674622,0.750134,3.485466,1,02/26/2026 15:41:11,26.002,23.115
1037,0,11,15385.990000,4330.900000,1.329208,4.689147,0.750134,3.486992,1,02/26/2026 15:41:31,25.970,23.099
1038,0,11,15405.990000,4350.900000,1.333374,4.703679,0.750134,3.488212,1,02/26/2026 15:41:51,25.921,23.067
1039,0,11,15425.990000,4370.900000,1.337541,4.718217,0.749828,3.490043,1,02/26/2026 15:42:11,25.857,23.051
1040,0,11,15445.990000,4390.900000,1.341707,4.732761,0.749981,3.491569,1,02/26/2026 15:42:31,25.809,23.035
1041,0,11,15465.990000,4410.900000,1.345873,4.747312,0.749981,3.493706,1,02/26/2026 15:42:51,25.776,23.019
1042,0,11,15485.990000,4430.900000,1.350039,4.761872,0.749828,3.495232,1,02/26/2026 15:43:11,25.744,23.002
1043,0,11,15505.990000,4450.900000,1.354205,4.776438,0.750134,3.496757,1,02/26/2026 15:43:31,25.712,22.986
1044,0,11,15525.990000,4470.900000,1.358372,4.791011,0.749828,3.498894,1,02/26/2026 15:43:51,25.712,22.986
1045,0,11,15545.990000,4490.900000,1.362538,4.805591,0.749981,3.500420,1,02/26/2026 15:44:11,25.664,22.986
1046,0,11,15565.990000,4510.900000,1.366704,4.820178,0.749828,3.502556,1,02/26/2026 15:44:31,25.664,22.986
1047,0,11,15585.990000,4530.900000,1.370870,4.834774,0.749828,3.504387,1,02/26/2026 15:44:51,25.648,23.002
1048,0,11,15605.990000,4550.900000,1.375037,4.849378,0.750134,3.506218,1,02/26/2026 15:45:11,25.648,23.002
1049,0,11,15625.990000,4570.900000,1.379203,4.863988,0.749828,3.507744,1,02/26/2026 15:45:31,25.631,23.019
1050,0,11,15645.990000,4590.900000,1.383369,4.878607,0.749828,3.509270,1,02/26/2026 15:45:51,25.648,23.035
1051,0,11,15665.990000,4610.900000,1.387535,4.893234,0.749981,3.511711,1,02/26/2026 15:46:11,25.648,23.051
1052,0,11,15685.990000,4630.900000,1.391702,4.907869,0.749981,3.513848,1,02/26/2026 15:46:31,25.648,23.067
1053,0,11,15705.990000,4650.900000,1.395868,4.922513,0.749828,3.515984,1,02/26/2026 15:46:51,25.648,23.067
1054,0,11,15725.990000,4670.900000,1.400034,4.937165,0.749828,3.517510,1,02/26/2026 15:47:11,25.648,23.083
1055,0,11,15745.990000,4690.900000,1.404200,4.951826,0.749981,3.520256,1,02/26/2026 15:47:31,25.664,23.099
1056,0,11,15765.990000,4710.900000,1.408367,4.966496,0.750134,3.522087,1,02/26/2026 15:47:51,25.648,23.099
1057,0,11,15785.990000,4730.900000,1.412533,4.981175,0.749981,3.524224,1,02/26/2026 15:48:11,25.631,23.115
1058,0,11,15805.990000,4750.900000,1.416699,4.995863,0.750134,3.526360,1,02/26/2026 15:48:31,25.631,23.115
1059,0,11,15825.990000,4770.900000,1.420865,5.010561,0.750134,3.529107,1,02/26/2026 15:48:51,25.615,23.099
1060,0,11,15845.990000,4790.900000,1.425032,5.025269,0.750134,3.531243,1,02/26/2026 15:49:11,25.631,23.115
1061,0,11,15865.990000,4810.900000,1.429198,5.039988,0.749981,3.533989,1,02/26/2026 15:49:31,25.615,23.099
1062,0,11,15885.990000,4830.900000,1.433364,5.054717,0.750134,3.537041,1,02/26/2026 15:49:51,25.599,23.099
1063,0,11,15905.990000,4850.900000,1.437530,5.069459,0.749981,3.539483,1,02/26/2026 15:50:11,25.583,23.099
1064,0,11,15925.990000,4870.900000,1.441697,5.084212,0.749981,3.542535,1,02/26/2026 15:50:31,25.567,23.067
1065,0,11,15945.990000,4890.900000,1.445863,5.098977,0.750134,3.545586,1,02/26/2026 15:50:51,25.535,23.051
1066,0,11,15965.990000,4910.900000,1.450029,5.113756,0.750134,3.548943,1,02/26/2026 15:51:11,25.519,23.051
1067,0,11,15985.990000,4930.900000,1.454195,5.128549,0.749828,3.552300,1,02/26/2026 15:51:31,25.519,23.035
1068,0,11,16005.990000,4950.900000,1.458362,5.143358,0.749828,3.556573,1,02/26/2026 15:51:51,25.486,23.019
1069,0,11,16025.990000,4970.900000,1.462528,5.158183,0.749981,3.560845,1,02/26/2026 15:52:11,25.470,22.986
1070,0,11,16045.990000,4990.900000,1.466694,5.173027,0.749981,3.565118,1,02/26/2026 15:52:31,25.438,22.970
1071,0,11,16065.900000,5010.810000,1.470842,5.187823,0.749981,3.570306,5,02/26/2026 15:52:51,25.422,22.954
1072,0,11,16083.910000,5028.820000,1.474593,5.201227,0.750439,3.575189,5,02/26/2026 15:53:09,25.390,22.938
1073,0,11,16099.350000,5044.260000,1.477810,5.212734,0.749828,3.580072,5,02/26/2026 15:53:25,25.390,22.922
1074,0,11,16113.710000,5058.620000,1.480801,5.223450,0.749981,3.584955,5,02/26/2026 15:53:39,25.406,22.922
1075,0,11,16127.480000,5072.390000,1.483669,5.233740,0.749828,3.589837,5,02/26/2026 15:53:53,25.390,22.922
1076,0,11,16139.430000,5084.340000,1.486159,5.242682,0.749676,3.594720,5,02/26/2026 15:54:05,25.406,22.938
1077,0,11,16150.750000,5095.660000,1.488517,5.251165,0.750286,3.599603,5,02/26/2026 15:54:16,25.422,22.938
1078,0,11,16160.970000,5105.880000,1.490646,5.258833,0.750134,3.604486,5,02/26/2026 15:54:26,25.438,22.938
1079,0,11,16170.750000,5115.660000,1.492683,5.266182,0.749676,3.609369,5,02/26/2026 15:54:36,25.438,22.954
1080,0,11,16179.460000,5124.370000,1.494497,5.272735,0.750286,3.614557,5,02/26/2026 15:54:45,25.422,22.954
1081,0,11,16188.810000,5133.720000,1.496445,5.279780,0.749981,3.619440,5,02/26/2026 15:54:54,25.454,22.954
1082,0,11,16196.550000,5141.460000,1.498057,5.285619,0.750134,3.624628,5,02/26/2026 15:55:02,25.470,22.970
1083,0,11,16204.450000,5149.360000,1.499703,5.291588,0.749676,3.629511,5,02/26/2026 15:55:10,25.486,22.970
1084,0,11,16211.350000,5156.260000,1.501141,5.296809,0.750134,3.634394,5,02/26/2026 15:55:17,25.486,22.970
1085,0,11,16217.390000,5162.300000,1.502399,5.301385,0.749981,3.639277,5,02/26/2026 15:55:23,25.503,22.970
1086,0,11,16223.780000,5168.690000,1.503730,5.306233,0.750286,3.644160,5,02/26/2026 15:55:29,25.503,22.986
1087,0,11,16229.210000,5174.120000,1.504861,5.310358,0.749828,3.649042,5,02/26/2026 15:55:34,25.519,22.986
1088,0,11,16231.550000,5176.460000,1.505347,5.312132,0.739757,3.650263,4,02/26/2026 15:55:37,25.519,22.986
1089,0,11,16232.580000,5177.490000,1.505557,5.312899,0.729686,3.650263,4,02/26/2026 15:55:38,25.519,22.986
1090,0,11,16234.610000,5179.520000,1.505966,5.314390,0.719615,3.649958,4,02/26/2026 15:55:40,25.519,23.002
1091,0,11,16237.210000,5182.120000,1.506482,5.316273,0.709545,3.650263,4,02/26/2026 15:55:42,25.519,23.002
1092,0,11,16239.390000,5184.300000,1.506908,5.317829,0.699321,3.650263,4,02/26/2026 15:55:45,25.519,23.002
1093,0,11,16241.820000,5186.730000,1.507377,5.319541,0.689250,3.649958,4,02/26/2026 15:55:47,25.519,23.002
1094,0,11,16244.640000,5189.550000,1.507913,5.321498,0.679026,3.649958,4,02/26/2026 15:55:50,25.535,23.002
1095,0,11,16247.360000,5192.270000,1.508423,5.323358,0.668650,3.650263,4,02/26/2026 15:55:53,25.535,23.002
1096,0,11,16250.040000,5194.950000,1.508917,5.325163,0.658579,3.650263,4,02/26/2026 15:55:55,25.551,23.002
1097,0,11,16252.890000,5197.800000,1.509435,5.327053,0.648508,3.649958,4,02/26/2026 15:55:58,25.551,23.002
1098,0,11,16255.540000,5200.450000,1.509909,5.328785,0.638437,3.649958,4,02/26/2026 15:56:01,25.551,23.002
1099,0,11,16258.570000,5203.480000,1.510443,5.330734,0.628214,3.649958,4,02/26/2026 15:56:04,25.567,23.002
1100,0,11,16261.570000,5206.480000,1.510963,5.332630,0.618143,3.649958,4,02/26/2026 15:56:07,25.567,23.019
1101,0,11,16264.330000,5209.240000,1.511433,5.334347,0.608072,3.649958,4,02/26/2026 15:56:10,25.567,23.019
1102,0,11,16267.280000,5212.190000,1.511928,5.336155,0.598001,3.649958,4,02/26/2026 15:56:13,25.583,23.019
1103,0,11,16270.530000,5215.440000,1.512464,5.338109,0.587930,3.650263,4,02/26/2026 15:56:16,25.583,23.019
1104,0,11,16273.610000,5218.520000,1.512963,5.339930,0.577859,3.649958,4,02/26/2026 15:56:19,25.567,23.019
1105,0,11,16276.590000,5221.500000,1.513437,5.341660,0.567788,3.649958,4,02/26/2026 15:56:22,25.567,23.019
1106,0,11,16279.470000,5224.380000,1.513887,5.343305,0.557717,3.649958,4,02/26/2026 15:56:25,25.583,23.019
1107,0,11,16282.460000,5227.370000,1.514347,5.344983,0.547646,3.649958,4,02/26/2026 15:56:28,25.583,23.019
1108,0,11,16285.990000,5230.900000,1.514880,5.346929,0.537575,3.650263,4,02/26/2026 15:56:31,25.583,23.035
1109,0,11,16289.310000,5234.220000,1.515372,5.348723,0.527504,3.649958,4,02/26/2026 15:56:35,25.599,23.035
1110,0,11,16292.280000,5237.190000,1.515803,5.350296,0.517433,3.650263,4,02/26/2026 15:56:38,25.599,23.035
1111,0,11,16295.400000,5240.310000,1.516248,5.351921,0.507362,3.649958,4,02/26/2026 15:56:41,25.599,23.035
1112,0,11,16299.170000,5244.080000,1.516775,5.353844,0.497292,3.649958,4,02/26/2026 15:56:44,25.599,23.035
1113,0,11,16302.580000,5247.490000,1.517241,5.355546,0.487221,3.649958,4,02/26/2026 15:56:48,25.599,23.035
1114,0,11,16305.620000,5250.530000,1.517649,5.357034,0.476997,3.650263,4,02/26/2026 15:56:51,25.599,23.035
1115,0,11,16309.370000,5254.280000,1.518142,5.358833,0.466621,3.649958,4,02/26/2026 15:56:55,25.615,23.035
1116,0,11,16313.350000,5258.260000,1.518653,5.360699,0.456397,3.649958,4,02/26/2026 15:56:59,25.615,23.051
1117,0,11,16317.230000,5262.140000,1.519140,5.362475,0.446326,3.649958,4,02/26/2026 15:57:02,25.599,23.035
1118,0,11,16320.910000,5265.820000,1.519591,5.364122,0.436103,3.650263,4,02/26/2026 15:57:06,25.599,23.035
1119,0,11,16325.240000,5270.150000,1.520109,5.366015,0.426032,3.649958,4,02/26/2026 15:57:10,25.599,23.051
1120,0,11,16329.080000,5273.990000,1.520559,5.367655,0.415961,3.650263,4,02/26/2026 15:57:14,25.599,23.051
1121,0,11,16332.710000,5277.620000,1.520973,5.369168,0.405890,3.649958,4,02/26/2026 15:57:18,25.599,23.051
1122,0,11,16337.170000,5282.080000,1.521470,5.370981,0.395666,3.649958,4,02/26/2026 15:57:22,25.599,23.051
1123,0,11,16341.090000,5286.000000,1.521896,5.372535,0.385443,3.649958,4,02/26/2026 15:57:26,25.615,23.067
1124,0,11,16345.600000,5290.510000,1.522373,5.374279,0.375372,3.649958,4,02/26/2026 15:57:31,25.615,23.067
1125,0,11,16350.520000,5295.430000,1.522880,5.376126,0.365148,3.649958,4,02/26/2026 15:57:36,25.615,23.067
1126,0,11,16354.340000,5299.250000,1.523262,5.377524,0.355077,3.649653,4,02/26/2026 15:57:40,25.615,23.067
1127,0,11,16359.600000,5304.510000,1.523775,5.379394,0.345006,3.649958,4,02/26/2026 15:57:45,25.631,23.067
1128,0,11,16364.860000,5309.770000,1.524273,5.381211,0.334783,3.649958,4,02/26/2026 15:57:50,25.615,23.067
1129,0,11,16369.910000,5314.820000,1.524735,5.382899,0.324559,3.649958,4,02/26/2026 15:57:55,25.615,23.067
1130,0,11,16375.540000,5320.450000,1.525234,5.384720,0.314336,3.649958,4,02/26/2026 15:58:01,25.599,23.067
1131,0,11,16380.240000,5325.150000,1.525639,5.386198,0.304265,3.649958,4,02/26/2026 15:58:05,25.599,23.067
1132,0,11,16386.300000,5331.210000,1.526144,5.388041,0.293889,3.649958,4,02/26/2026 15:58:12,25.599,23.067
1133,0,11,16392.500000,5337.410000,1.526642,5.389859,0.283818,3.649958,4,02/26/2026 15:58:18,25.583,23.083
1134,0,11,16399.340000,5344.250000,1.527171,5.391791,0.273747,3.649958,4,02/26/2026 15:58:25,25.583,23.083
1135,0,11,16404.880000,5349.790000,1.527585,5.393300,0.263523,3.649653,4,02/26/2026 15:58:30,25.583,23.083
1136,0,11,16411.330000,5356.240000,1.528050,5.394997,0.253452,3.649958,4,02/26/2026 15:58:37,25.567,23.083
1137,0,11,16419.260000,5364.170000,1.528599,5.397001,0.243229,3.649653,4,02/26/2026 15:58:45,25.567,23.083
1138,0,11,16426.610000,5371.520000,1.529085,5.398778,0.233158,3.649958,4,02/26/2026 15:58:52,25.551,23.083
1139,0,11,16433.320000,5378.230000,1.529513,5.400338,0.223087,3.649958,4,02/26/2026 15:58:59,25.551,23.083
1140,0,11,16442.980000,5387.890000,1.530101,5.402484,0.212711,3.649958,4,02/26/2026 15:59:08,25.551,23.083
1141,0,11,16451.820000,5396.730000,1.530612,5.404349,0.202640,3.650263,4,02/26/2026 15:59:17,25.551,23.083
1142,0,11,16460.960000,5405.870000,1.531115,5.406185,0.192264,3.649958,4,02/26/2026 15:59:26,25.535,23.083
1143,0,11,16471.340000,5416.250000,1.531657,5.408164,0.182193,3.649653,4,02/26/2026 15:59:37,25.486,23.083
1144,0,11,16482.440000,5427.350000,1.532205,5.410165,0.172122,3.649958,4,02/26/2026 15:59:48,25.486,23.067
1145,0,11,16494.010000,5438.920000,1.532744,5.412131,0.162051,3.649958,4,02/26/2026 15:59:59,25.470,23.067
1146,0,11,16505.410000,5450.320000,1.533243,5.413955,0.151980,3.649653,4,02/26/2026 16:00:11,25.454,23.067
1147,0,11,16519.480000,5464.390000,1.533822,5.416068,0.141909,3.649958,4,02/26/2026 16:00:25,25.438,23.067
1148,0,11,16535.230000,5480.140000,1.534424,5.418265,0.131838,3.649653,4,02/26/2026 16:00:40,25.406,23.067
1149,0,11,16552.500000,5497.410000,1.535034,5.420489,0.121767,3.649958,4,02/26/2026 16:00:58,25.390,23.067
1150,0,11,16570.330000,5515.240000,1.535613,5.422603,0.111543,3.649958,4,02/26/2026 16:01:16,25.374,23.067
1151,0,11,16590.330000,5535.240000,1.536209,5.424779,0.102235,3.649958,1,02/26/2026 16:01:36,25.325,23.067
1152,0,11,16610.330000,5555.240000,1.536754,5.426768,0.094606,3.649653,1,02/26/2026 16:01:56,25.293,23.067
1153,0,11,16630.330000,5575.240000,1.537253,5.428590,0.086061,3.649958,1,02/26/2026 16:02:16,25.261,23.051
1154,0,11,16650.330000,5595.240000,1.537714,5.430271,0.079652,3.649653,1,02/26/2026 16:02:36,25.213,23.067
1155,0,11,16670.330000,5615.240000,1.538137,5.431816,0.072633,3.649958,1,02/26/2026 16:02:56,25.164,23.051
1156,0,11,16690.330000,5635.240000,1.538529,5.433245,0.067750,3.649958,1,02/26/2026 16:03:16,25.148,23.051
1157,0,11,16710.330000,5655.240000,1.538891,5.434569,0.063020,3.649958,1,02/26/2026 16:03:36,25.116,23.035
1158,0,11,16730.330000,5675.240000,1.539228,5.435797,0.058900,3.649958,1,02/26/2026 16:03:56,25.068,23.035
1159,0,11,16750.330000,5695.240000,1.539541,5.436940,0.053559,3.649653,1,02/26/2026 16:04:16,25.035,23.019
1160,0,11,16770.330000,5715.240000,1.539832,5.438004,0.052033,3.649958,1,02/26/2026 16:04:36,24.971,22.986
1161,0,11,16790.330000,5735.240000,1.540105,5.438999,0.047303,3.649958,1,02/26/2026 16:04:56,24.923,22.970
1162,0,11,16810.330000,5755.240000,1.540360,5.439931,0.043488,3.649958,1,02/26/2026 16:05:16,24.874,22.970
1163,0,11,16830.330000,5775.240000,1.540600,5.440804,0.041810,3.649653,1,02/26/2026 16:05:36,24.810,22.938
1164,0,11,16850.330000,5795.240000,1.540825,5.441626,0.038758,3.649958,1,02/26/2026 16:05:56,24.762,22.906
1165,0,11,16870.330000,5815.240000,1.541037,5.442401,0.037232,3.649653,1,02/26/2026 16:06:16,24.729,22.906
1166,0,11,16890.330000,5835.240000,1.541237,5.443131,0.035706,3.649958,1,02/26/2026 16:06:36,24.681,22.890
1167,0,11,16910.330000,5855.240000,1.541426,5.443822,0.032349,3.649653,1,02/26/2026 16:06:56,24.649,22.874
1168,0,11,16930.330000,5875.240000,1.541606,5.444477,0.031434,3.649958,1,02/26/2026 16:07:16,24.601,22.874
1169,0,11,16950.330000,5895.240000,1.541776,5.445100,0.030365,3.649653,1,02/26/2026 16:07:36,24.584,22.858
1170,0,11,16970.330000,5915.240000,1.541937,5.445687,0.027924,3.649958,1,02/26/2026 16:07:56,24.552,22.874
1171,0,11,16990.330000,5935.240000,1.542092,5.446250,0.027161,3.649653,1,02/26/2026 16:08:16,24.536,22.874
1172,0,11,17010.330000,5955.240000,1.542238,5.446785,0.025177,3.649958,1,02/26/2026 16:08:36,24.536,22.906
1173,0,11,17030.330000,5975.240000,1.542378,5.447297,0.025025,3.649653,1,02/26/2026 16:08:56,24.520,22.906
1174,0,11,17050.330000,5995.240000,1.542512,5.447786,0.023194,3.649958,1,02/26/2026 16:09:16,24.504,22.922
1175,0,11,17070.330000,6015.240000,1.542640,5.448250,0.021973,3.649653,1,02/26/2026 16:09:36,24.488,22.938
1176,0,11,17090.330000,6035.240000,1.542762,5.448699,0.022583,3.649958,1,02/26/2026 16:09:56,24.488,22.938
1177,0,11,17110.330000,6055.240000,1.542880,5.449127,0.020905,3.649653,1,02/26/2026 16:10:16,24.472,22.970
1178,0,11,17130.330000,6075.240000,1.542993,5.449539,0.019074,3.649653,1,02/26/2026 16:10:36,24.472,22.970
1179,0,11,17150.330000,6095.240000,1.543101,5.449934,0.019989,3.649653,1,02/26/2026 16:10:56,24.456,22.970
1180,0,11,17170.330000,6115.240000,1.543205,5.450315,0.017853,3.649653,1,02/26/2026 16:11:16,24.472,23.002
1181,0,11,17190.330000,6135.240000,1.543305,5.450680,0.018006,3.649653,1,02/26/2026 16:11:36,24.472,23.019
1182,0,11,17210.330000,6155.240000,1.543402,5.451032,0.016327,3.649958,1,02/26/2026 16:11:56,24.456,23.035
1183,0,11,17230.330000,6175.240000,1.543495,5.451372,0.016022,3.649653,1,02/26/2026 16:12:16,24.456,23.035
1184,0,11,17233.430000,6178.340000,1.543509,5.451424,0.014954,3.649653,132,02/26/2026 16:12:19,24.439,23.035
1185,0,12,17233.440000,0.010000,0.000000,0.000000,0.000000,3.649348,0,02/26/2026 16:12:19,24.439,23.035
1186,0,12,17238.720000,5.290000,0.000000,0.000000,0.000000,3.644465,5,02/26/2026 16:12:24,24.439,23.035
1187,0,12,17246.270000,12.840000,0.000000,0.000000,0.000000,3.639582,5,02/26/2026 16:12:32,24.439,23.035
1188,0,12,17254.250000,20.820000,0.000000,0.000000,0.000000,3.634699,5,02/26/2026 16:12:39,24.439,23.035
1189,0,12,17263.060000,29.630000,0.000000,0.000000,0.000000,3.629816,5,02/26/2026 16:12:48,24.439,23.051
1190,0,12,17272.000000,38.570000,0.000000,0.000000,0.000000,3.624933,5,02/26/2026 16:12:57,24.423,23.051
1191,0,12,17282.450000,49.020000,0.000000,0.000000,0.000000,3.620050,5,02/26/2026 16:13:08,24.407,23.051
1192,0,12,17293.420000,59.990000,0.000000,0.000000,0.000000,3.615167,5,02/26/2026 16:13:19,24.407,23.051
1193,0,12,17305.310000,71.880000,0.000000,0.000000,0.000000,3.610285,5,02/26/2026 16:13:31,24.391,23.051
1194,0,12,17318.030000,84.600000,0.000000,0.000000,0.000000,3.605402,5,02/26/2026 16:13:43,24.391,23.051
1195,0,12,17331.120000,97.690000,0.000000,0.000000,0.000000,3.600519,5,02/26/2026 16:13:56,24.375,23.035
1196,0,12,17345.020000,111.590000,0.000000,0.000000,0.000000,3.595636,5,02/26/2026 16:14:10,24.359,23.051
1197,0,12,17360.000000,126.570000,0.000000,0.000000,0.000000,3.590753,5,02/26/2026 16:14:25,24.343,23.035
1198,0,12,17375.480000,142.050000,0.000000,0.000000,0.000000,3.585870,5,02/26/2026 16:14:41,24.311,23.035
1199,0,12,17392.940000,159.510000,0.000000,0.000000,0.000000,3.580987,5,02/26/2026 16:14:58,24.294,23.019
1200,0,12,17411.770000,178.340000,0.000000,0.000000,0.000000,3.576104,5,02/26/2026 16:15:17,24.262,23.019
1201,0,12,17431.770000,198.340000,0.000000,0.000000,0.000000,3.571221,1,02/26/2026 16:15:37,24.246,23.002
1202,0,12,17451.770000,218.340000,0.000000,0.000000,0.000000,3.566644,1,02/26/2026 16:15:57,24.214,23.002
1203,0,12,17471.770000,238.340000,0.000000,0.000000,0.000000,3.562676,1,02/26/2026 16:16:17,24.182,22.986
1204,0,12,17491.770000,258.340000,0.000000,0.000000,0.000000,3.558099,1,02/26/2026 16:16:37,24.149,22.954
1205,0,12,17511.770000,278.340000,0.000000,0.000000,0.000000,3.554437,1,02/26/2026 16:16:57,24.117,22.938
1206,0,12,17531.770000,298.340000,0.000000,0.000000,0.000000,3.550774,1,02/26/2026 16:17:17,24.085,22.906
1207,0,12,17551.770000,318.340000,0.000000,0.000000,0.000000,3.547112,1,02/26/2026 16:17:37,24.069,22.906
1208,0,12,17571.770000,338.340000,0.000000,0.000000,0.000000,3.544366,1,02/26/2026 16:17:57,24.053,22.906
1209,0,12,17591.770000,358.340000,0.000000,0.000000,0.000000,3.540703,1,02/26/2026 16:18:17,24.053,22.906
1210,0,12,17611.770000,378.340000,0.000000,0.000000,0.000000,3.537652,1,02/26/2026 16:18:37,24.053,22.922
1211,0,12,17631.770000,398.340000,0.000000,0.000000,0.000000,3.534905,1,02/26/2026 16:18:57,24.053,22.938
1212,0,12,17651.770000,418.340000,0.000000,0.000000,0.000000,3.531548,1,02/26/2026 16:19:17,24.053,22.954
1213,0,12,17671.770000,438.340000,0.000000,0.000000,0.000000,3.529412,1,02/26/2026 16:19:37,24.069,22.954
1214,0,12,17691.770000,458.340000,0.000000,0.000000,0.000000,3.526665,1,02/26/2026 16:19:57,24.069,22.986
1215,0,12,17711.770000,478.340000,0.000000,0.000000,0.000000,3.524224,1,02/26/2026 16:20:17,24.069,23.002
1216,0,12,17731.770000,498.340000,0.000000,0.000000,0.000000,3.522087,1,02/26/2026 16:20:37,24.085,23.019
1217,0,12,17751.770000,518.340000,0.000000,0.000000,0.000000,3.519951,1,02/26/2026 16:20:57,24.085,23.035
1218,0,12,17771.770000,538.340000,0.000000,0.000000,0.000000,3.517510,1,02/26/2026 16:21:17,24.085,23.051
1219,0,12,17791.770000,558.340000,0.000000,0.000000,0.000000,3.515373,1,02/26/2026 16:21:37,24.101,23.067
1220,0,12,17811.770000,578.340000,0.000000,0.000000,0.000000,3.513237,1,02/26/2026 16:21:57,24.101,23.067
1221,0,12,17831.770000,598.340000,0.000000,0.000000,0.000000,3.511406,1,02/26/2026 16:22:17,24.101,23.083
1222,0,12,17851.770000,618.340000,0.000000,0.000000,0.000000,3.509270,1,02/26/2026 16:22:37,24.117,23.083
1223,0,12,17871.770000,638.340000,0.000000,0.000000,0.000000,3.507744,1,02/26/2026 16:22:57,24.101,23.099
1224,0,12,17891.770000,658.340000,0.000000,0.000000,0.000000,3.506218,1,02/26/2026 16:23:17,24.101,23.099
1225,0,12,17911.770000,678.340000,0.000000,0.000000,0.000000,3.504387,1,02/26/2026 16:23:37,24.085,23.099
1226,0,12,17931.770000,698.340000,0.000000,0.000000,0.000000,3.502556,1,02/26/2026 16:23:57,24.085,23.083
1227,0,12,17951.770000,718.340000,0.000000,0.000000,0.000000,3.500725,1,02/26/2026 16:24:17,24.069,23.083
1228,0,12,17971.770000,738.340000,0.000000,0.000000,0.000000,3.499504,1,02/26/2026 16:24:37,24.053,23.083
1229,0,12,17991.770000,758.340000,0.000000,0.000000,0.000000,3.497368,1,02/26/2026 16:24:57,24.053,23.067
1230,0,12,18011.770000,778.340000,0.000000,0.000000,0.000000,3.496147,1,02/26/2026 16:25:17,24.053,23.083
1231,0,12,18031.770000,798.340000,0.000000,0.000000,0.000000,3.494926,1,02/26/2026 16:25:37,24.053,23.083
1232,0,12,18051.770000,818.340000,0.000000,0.000000,0.000000,3.493400,1,02/26/2026 16:25:57,24.053,23.083
1233,0,12,18071.770000,838.340000,0.000000,0.000000,0.000000,3.491875,1,02/26/2026 16:26:17,24.053,23.099
1234,0,12,18091.770000,858.340000,0.000000,0.000000,0.000000,3.490654,1,02/26/2026 16:26:37,24.053,23.083
1235,0,12,18111.770000,878.340000,0.000000,0.000000,0.000000,3.489128,1,02/26/2026 16:26:57,24.037,23.083
1236,0,12,18131.770000,898.340000,0.000000,0.000000,0.000000,3.488212,1,02/26/2026 16:27:17,24.037,23.083
1237,0,12,18151.770000,918.340000,0.000000,0.000000,0.000000,3.486687,1,02/26/2026 16:27:37,24.037,23.099
1238,0,12,18171.770000,938.340000,0.000000,0.000000,0.000000,3.485771,1,02/26/2026 16:27:57,24.037,23.099
1239,0,12,18191.770000,958.340000,0.000000,0.000000,0.000000,3.483940,1,02/26/2026 16:28:17,24.037,23.083
1240,0,12,18211.770000,978.340000,0.000000,0.000000,0.000000,3.483330,1,02/26/2026 16:28:37,24.021,23.099
1241,0,12,18231.770000,998.340000,0.000000,0.000000,0.000000,3.481498,1,02/26/2026 16:28:57,24.021,23.099
1242,0,12,18251.770000,1018.340000,0.000000,0.000000,0.000000,3.480888,1,02/26/2026 16:29:17,24.037,23.099
1243,0,12,18271.770000,1038.340000,0.000000,0.000000,0.000000,3.479667,1,02/26/2026 16:29:37,24.021,23.099
1244,0,12,18291.770000,1058.340000,0.000000,0.000000,0.000000,3.478447,1,02/26/2026 16:29:57,24.021,23.099
1245,0,12,18311.770000,1078.340000,0.000000,0.000000,0.000000,3.477836,1,02/26/2026 16:30:17,24.021,23.099
1246,0,12,18331.770000,1098.340000,0.000000,0.000000,0.000000,3.476616,1,02/26/2026 16:30:37,24.021,23.099
1247,0,12,18351.770000,1118.340000,0.000000,0.000000,0.000000,3.475395,1,02/26/2026 16:30:57,24.004,23.099
1248,0,12,18371.770000,1138.340000,0.000000,0.000000,0.000000,3.474479,1,02/26/2026 16:31:17,24.004,23.099
1249,0,12,18391.770000,1158.340000,0.000000,0.000000,0.000000,3.473564,1,02/26/2026 16:31:37,23.988,23.083
1250,0,12,18411.770000,1178.340000,0.000000,0.000000,0.000000,3.472648,1,02/26/2026 16:31:57,23.956,23.083
1251,0,12,18431.770000,1198.340000,0.000000,0.000000,0.000000,3.471733,1,02/26/2026 16:32:17,23.956,23.067
1252,0,12,18451.770000,1218.340000,0.000000,0.000000,0.000000,3.470817,1,02/26/2026 16:32:37,23.924,23.035
1253,0,12,18471.770000,1238.340000,0.000000,0.000000,0.000000,3.470207,1,02/26/2026 16:32:57,23.892,23.019
1254,0,12,18491.770000,1258.340000,0.000000,0.000000,0.000000,3.469291,1,02/26/2026 16:33:17,23.876,23.002
1255,0,12,18511.770000,1278.340000,0.000000,0.000000,0.000000,3.468070,1,02/26/2026 16:33:37,23.859,23.002
1256,0,12,18531.770000,1298.340000,0.000000,0.000000,0.000000,3.467765,1,02/26/2026 16:33:57,23.843,22.986
1257,0,12,18551.770000,1318.340000,0.000000,0.000000,0.000000,3.466545,1,02/26/2026 16:34:17,23.843,22.970
1258,0,12,18571.770000,1338.340000,0.000000,0.000000,0.000000,3.465629,1,02/26/2026 16:34:37,23.827,22.954
1259,0,12,18591.770000,1358.340000,0.000000,0.000000,0.000000,3.465019,1,02/26/2026 16:34:57,23.811,22.938
1260,0,12,18611.770000,1378.340000,0.000000,0.000000,0.000000,3.464408,1,02/26/2026 16:35:17,23.795,22.938
1261,0,12,18631.770000,1398.340000,0.000000,0.000000,0.000000,3.463798,1,02/26/2026 16:35:37,23.795,22.938
1262,0,12,18651.770000,1418.340000,0.000000,0.000000,0.000000,3.463188,1,02/26/2026 16:35:57,23.811,22.954
1263,0,12,18671.770000,1438.340000,0.000000,0.000000,0.000000,3.461967,1,02/26/2026 16:36:17,23.827,22.970
1264,0,12,18691.770000,1458.340000,0.000000,0.000000,0.000000,3.461662,1,02/26/2026 16:36:37,23.843,22.970
1265,0,12,18711.770000,1478.340000,0.000000,0.000000,0.000000,3.460746,1,02/26/2026 16:36:57,23.843,22.986
1266,0,12,18731.770000,1498.340000,0.000000,0.000000,0.000000,3.460136,1,02/26/2026 16:37:17,23.859,23.002
1267,0,12,18751.770000,1518.340000,0.000000,0.000000,0.000000,3.459525,1,02/26/2026 16:37:37,23.876,23.002
1268,0,12,18771.770000,1538.340000,0.000000,0.000000,0.000000,3.458610,1,02/26/2026 16:37:57,23.892,23.035
1269,0,12,18791.770000,1558.340000,0.000000,0.000000,0.000000,3.458000,1,02/26/2026 16:38:17,23.892,23.035
1270,0,12,18811.770000,1578.340000,0.000000,0.000000,0.000000,3.457084,1,02/26/2026 16:38:37,23.908,23.035
1271,0,12,18831.770000,1598.340000,0.000000,0.000000,0.000000,3.456474,1,02/26/2026 16:38:57,23.908,23.067
1272,0,12,18851.770000,1618.340000,0.000000,0.000000,0.000000,3.455863,1,02/26/2026 16:39:17,23.924,23.067
1273,0,12,18871.770000,1638.340000,0.000000,0.000000,0.000000,3.455253,1,02/26/2026 16:39:37,23.940,23.083
1274,0,12,18891.770000,1658.340000,0.000000,0.000000,0.000000,3.454643,1,02/26/2026 16:39:57,23.972,23.115
1275,0,12,18911.770000,1678.340000,0.000000,0.000000,0.000000,3.454032,1,02/26/2026 16:40:17,23.972,23.131
1276,0,12,18931.770000,1698.340000,0.000000,0.000000,0.000000,3.453727,1,02/26/2026 16:40:37,23.988,23.147
1277,0,12,18951.770000,1718.340000,0.000000,0.000000,0.000000,3.453117,1,02/26/2026 16:40:57,23.988,23.147
1278,0,12,18971.770000,1738.340000,0.000000,0.000000,0.000000,3.452506,1,02/26/2026 16:41:17,23.988,23.147
1279,0,12,18991.770000,1758.340000,0.000000,0.000000,0.000000,3.451896,1,02/26/2026 16:41:37,23.988,23.147
1280,0,12,19011.770000,1778.340000,0.000000,0.000000,0.000000,3.451286,1,02/26/2026 16:41:57,23.988,23.147
1281,0,12,19031.770000,1798.340000,0.000000,0.000000,0.000000,3.450675,1,02/26/2026 16:42:17,23.972,23.147
1282,0,12,19033.430000,1800.000000,0.000000,0.000000,0.000000,3.450370,129,02/26/2026 16:42:19,23.972,23.147
1283,1,5,19033.470000,0.040000,0.000041,0.000131,-3.751583,3.212329,0,02/26/2026 16:42:19,23.972,23.147
1284,1,5,19033.630000,0.200000,0.000207,0.000664,-3.749905,3.188525,5,02/26/2026 16:42:19,23.972,23.147
1285,1,5,19033.750000,0.320000,0.000332,0.001062,-3.750057,3.175097,5,02/26/2026 16:42:19,23.972,23.147
1286,1,5,19033.890000,0.460000,0.000478,0.001523,-3.750057,3.162585,5,02/26/2026 16:42:20,23.972,23.147
1287,1,5,19034.030000,0.600000,0.000624,0.001984,-3.750057,3.152209,5,02/26/2026 16:42:20,23.972,23.147
1288,1,5,19034.180000,0.750000,0.000780,0.002475,-3.749905,3.142748,5,02/26/2026 16:42:20,23.972,23.147
1289,1,5,19034.340000,0.910000,0.000947,0.002998,-3.750057,3.133898,5,02/26/2026 16:42:20,23.972,23.147
1290,1,5,19034.520000,1.090000,0.001135,0.003585,-3.750210,3.125658,5,02/26/2026 16:42:20,23.972,23.147
1291,1,5,19034.710000,1.280000,0.001332,0.004202,-3.749905,3.117723,5,02/26/2026 16:42:20,23.972,23.147
1292,1,5,19034.940000,1.510000,0.001572,0.004948,-3.750057,3.109789,5,02/26/2026 16:42:21,23.972,23.147
1293,1,5,19035.170000,1.740000,0.001812,0.005692,-3.750210,3.102464,5,02/26/2026 16:42:21,23.972,23.147
1294,1,5,19035.430000,2.000000,0.002083,0.006531,-3.749905,3.095445,5,02/26/2026 16:42:21,23.972,23.147
1295,1,5,19035.740000,2.310000,0.002405,0.007530,-3.750057,3.088426,5,02/26/2026 16:42:21,23.988,23.163
1296,1,5,19036.050000,2.620000,0.002728,0.008526,-3.749905,3.082322,5,02/26/2026 16:42:22,23.988,23.163
1297,1,5,19036.380000,2.950000,0.003072,0.009584,-3.749905,3.076219,5,02/26/2026 16:42:22,23.988,23.147
1298,1,5,19036.780000,3.350000,0.003489,0.010865,-3.749752,3.070115,5,02/26/2026 16:42:23,23.988,23.147
1299,1,5,19037.230000,3.800000,0.003957,0.012303,-3.750057,3.064317,5,02/26/2026 16:42:23,23.988,23.163
1300,1,5,19037.740000,4.310000,0.004489,0.013929,-3.750057,3.058824,5,02/26/2026 16:42:23,23.988,23.163
1301,1,5,19038.360000,4.930000,0.005135,0.015902,-3.749905,3.053025,5,02/26/2026 16:42:24,23.988,23.163
1302,1,5,19039.120000,5.690000,0.005926,0.018317,-3.749905,3.047837,5,02/26/2026 16:42:25,23.988,23.163
1303,1,5,19040.000000,6.570000,0.006843,0.021108,-3.750057,3.042039,5,02/26/2026 16:42:26,23.988,23.163
1304,1,5,19041.150000,7.720000,0.008041,0.024750,-3.750057,3.036851,5,02/26/2026 16:42:27,23.988,23.147
1305,1,5,19042.610000,9.180000,0.009562,0.029364,-3.750057,3.031662,5,02/26/2026 16:42:28,23.988,23.163
1306,1,5,19044.420000,10.990000,0.011447,0.035076,-3.749905,3.026474,5,02/26/2026 16:42:30,24.004,23.163
1307,1,5,19046.830000,13.400000,0.013957,0.042667,-3.749905,3.021286,5,02/26/2026 16:42:33,24.004,23.163
1308,1,5,19049.610000,16.180000,0.016853,0.051409,-3.749752,3.016403,5,02/26/2026 16:42:35,24.037,23.163
1309,1,5,19053.110000,19.680000,0.020499,0.062398,-3.749905,3.011215,5,02/26/2026 16:42:39,24.053,23.163
1310,1,5,19057.610000,24.180000,0.025187,0.076502,-3.750057,3.006027,5,02/26/2026 16:42:43,24.101,23.163
1311,1,5,19063.420000,29.990000,0.031239,0.094681,-3.749905,3.001144,5,02/26/2026 16:42:49,24.182,23.147
1312,1,5,19071.370000,37.940000,0.039520,0.119515,-3.749905,2.996262,5,02/26/2026 16:42:57,24.294,23.163
1313,1,5,19083.360000,49.930000,0.052010,0.156905,-3.750057,2.991379,5,02/26/2026 16:43:09,24.488,23.147
1314,1,5,19103.360000,69.930000,0.072843,0.219185,-3.750057,2.987716,1,02/26/2026 16:43:29,24.794,23.147
1315,1,5,19123.360000,89.930000,0.093676,0.281411,-3.750057,2.985885,1,02/26/2026 16:43:49,25.116,23.163
1316,1,5,19143.360000,109.930000,0.114510,0.343618,-3.749905,2.986191,1,02/26/2026 16:44:09,25.454,23.179
1317,1,5,19163.360000,129.930000,0.135343,0.405828,-3.749905,2.986191,1,02/26/2026 16:44:29,25.776,23.179
1318,1,5,19183.360000,149.930000,0.156176,0.468056,-3.750210,2.987106,1,02/26/2026 16:44:49,26.066,23.179
1319,1,5,19203.360000,169.930000,0.177010,0.530306,-3.749905,2.988327,1,02/26/2026 16:45:09,26.340,23.179
1320,1,5,19223.360000,189.930000,0.197843,0.592578,-3.749905,2.989548,1,02/26/2026 16:45:29,26.646,23.179
1321,1,5,19243.360000,209.930000,0.218676,0.654869,-3.750210,2.990158,1,02/26/2026 16:45:49,26.904,23.195
1322,1,5,19263.360000,229.930000,0.239510,0.717179,-3.749752,2.991073,1,02/26/2026 16:46:09,27.162,23.195
1323,1,5,19283.360000,249.930000,0.260343,0.779506,-3.749905,2.991989,1,02/26/2026 16:46:29,27.403,23.195
1324,1,5,19303.360000,269.930000,0.281176,0.841846,-3.750057,2.992599,1,02/26/2026 16:46:49,27.661,23.212
1325,1,5,19323.360000,289.930000,0.302010,0.904199,-3.749905,2.993210,1,02/26/2026 16:47:09,27.903,23.212
1326,1,5,19343.360000,309.930000,0.322843,0.966563,-3.749752,2.993210,1,02/26/2026 16:47:29,28.128,23.212
1327,1,5,19363.360000,329.930000,0.343676,1.028933,-3.750057,2.993820,1,02/26/2026 16:47:49,28.322,23.212
1328,1,5,19383.360000,349.930000,0.364510,1.091307,-3.750210,2.993820,1,02/26/2026 16:48:09,28.483,23.212
1329,1,5,19403.360000,369.930000,0.385343,1.153686,-3.750210,2.993820,1,02/26/2026 16:48:29,28.708,23.212
1330,1,5,19423.360000,389.930000,0.406176,1.216064,-3.749905,2.994125,1,02/26/2026 16:48:49,28.853,23.195
1331,1,5,19443.360000,409.930000,0.427010,1.278442,-3.750057,2.994125,1,02/26/2026 16:49:09,29.014,23.179
1332,1,5,19463.360000,429.930000,0.447843,1.340815,-3.749905,2.993515,1,02/26/2026 16:49:29,29.224,23.179
1333,1,5,19483.360000,449.930000,0.468676,1.403183,-3.749599,2.993515,1,02/26/2026 16:49:49,29.288,23.131
1334,1,5,19503.360000,469.930000,0.489510,1.465543,-3.750210,2.992905,1,02/26/2026 16:50:09,29.417,23.131
1335,1,5,19523.360000,489.930000,0.510343,1.527894,-3.750057,2.992599,1,02/26/2026 16:50:29,29.626,23.115
1336,1,5,19543.360000,509.930000,0.531176,1.590233,-3.750057,2.991989,1,02/26/2026 16:50:49,29.739,23.099
1337,1,5,19563.360000,529.930000,0.552010,1.652559,-3.749905,2.991073,1,02/26/2026 16:51:09,29.820,23.099
1338,1,5,19583.360000,549.930000,0.572843,1.714870,-3.749905,2.990463,1,02/26/2026 16:51:29,30.013,23.099
1339,1,5,19603.360000,569.930000,0.593676,1.777166,-3.750057,2.989853,1,02/26/2026 16:51:49,30.139,23.115
1340,1,5,19623.360000,589.930000,0.614510,1.839443,-3.750210,2.988937,1,02/26/2026 16:52:09,30.249,23.147
1341,1,5,19643.360000,609.930000,0.635343,1.901702,-3.749905,2.987411,1,02/26/2026 16:52:29,30.374,23.131
1342,1,5,19663.360000,629.930000,0.656176,1.963936,-3.750057,2.986496,1,02/26/2026 16:52:49,30.437,23.179
1343,1,5,19683.360000,649.930000,0.677010,2.026144,-3.750210,2.985275,1,02/26/2026 16:53:09,30.657,23.179
1344,1,5,19703.360000,669.930000,0.697843,2.088325,-3.749905,2.984360,1,02/26/2026 16:53:29,30.783,23.212
1345,1,5,19723.360000,689.930000,0.718676,2.150481,-3.750210,2.982528,1,02/26/2026 16:53:49,30.893,23.228
1346,1,5,19743.360000,709.930000,0.739510,2.212606,-3.749905,2.981003,1,02/26/2026 16:54:09,31.019,23.244
1347,1,5,19763.360000,729.930000,0.760343,2.274702,-3.750057,2.979782,1,02/26/2026 16:54:29,31.192,23.276
1348,1,5,19783.360000,749.930000,0.781176,2.336767,-3.750057,2.978561,1,02/26/2026 16:54:49,31.239,23.292
1349,1,5,19803.360000,769.930000,0.802010,2.398793,-3.750057,2.976120,1,02/26/2026 16:55:09,31.333,23.276
1350,1,5,19823.360000,789.930000,0.822843,2.460780,-3.749905,2.974289,1,02/26/2026 16:55:29,31.459,23.292
1351,1,5,19843.360000,809.930000,0.843676,2.522730,-3.750057,2.972457,1,02/26/2026 16:55:49,31.553,23.292
1352,1,5,19863.360000,829.930000,0.864510,2.584639,-3.750057,2.970626,1,02/26/2026 16:56:09,31.616,23.292
1353,1,5,19883.360000,849.930000,0.885343,2.646506,-3.749752,2.968185,1,02/26/2026 16:56:29,31.726,23.276
1354,1,5,19903.360000,869.930000,0.906176,2.708323,-3.750057,2.966049,1,02/26/2026 16:56:49,31.821,23.276
1355,1,5,19923.360000,889.930000,0.927010,2.770094,-3.750210,2.963607,1,02/26/2026 16:57:09,31.931,23.276
1356,1,5,19943.360000,909.930000,0.947843,2.831817,-3.749905,2.961166,1,02/26/2026 16:57:29,31.978,23.260
1357,1,5,19963.360000,929.930000,0.968676,2.893485,-3.750057,2.958724,1,02/26/2026 16:57:49,32.104,23.260
1358,1,5,19983.360000,949.930000,0.989510,2.955097,-3.750057,2.955367,1,02/26/2026 16:58:09,32.072,23.260
1359,1,5,20003.360000,969.930000,1.010343,3.016649,-3.749905,2.953231,1,02/26/2026 16:58:29,32.261,23.276
1360,1,5,20023.360000,989.930000,1.031176,3.078137,-3.749905,2.949569,1,02/26/2026 16:58:49,32.324,23.276
1361,1,5,20043.360000,1009.930000,1.052010,3.139558,-3.749905,2.946212,1,02/26/2026 16:59:09,32.308,23.292
1362,1,5,20063.360000,1029.930000,1.072843,3.200905,-3.750057,2.942550,1,02/26/2026 16:59:29,32.450,23.292
1363,1,5,20083.360000,1049.930000,1.093676,3.262172,-3.750210,2.938582,1,02/26/2026 16:59:49,32.560,23.308
1364,1,5,20103.360000,1069.930000,1.114510,3.323359,-3.750057,2.934920,1,02/26/2026 17:00:09,32.685,23.308
1365,1,5,20123.120000,1089.690000,1.135093,3.383719,-3.749752,2.930037,5,02/26/2026 17:00:29,32.623,23.308
1366,1,5,20142.110000,1108.680000,1.154874,3.441640,-3.750057,2.925154,5,02/26/2026 17:00:48,32.827,23.308
1367,1,5,20160.840000,1127.410000,1.174385,3.498669,-3.750057,2.920272,5,02/26/2026 17:01:07,32.827,23.324
1368,1,5,20177.290000,1143.860000,1.191520,3.548673,-3.750515,2.915084,5,02/26/2026 17:01:23,32.953,23.308
1369,1,5,20193.880000,1160.450000,1.208801,3.599014,-3.749905,2.910201,5,02/26/2026 17:01:40,33.110,23.324
1370,1,5,20207.430000,1174.000000,1.222916,3.640059,-3.750057,2.905318,5,02/26/2026 17:01:53,33.063,23.308
1371,1,5,20220.910000,1187.480000,1.236958,3.680824,-3.749905,2.900130,5,02/26/2026 17:02:07,33.126,23.308
1372,1,5,20233.960000,1200.530000,1.250551,3.720219,-3.750057,2.895247,5,02/26/2026 17:02:20,33.157,23.292
1373,1,5,20244.700000,1211.270000,1.261739,3.752585,-3.750057,2.890364,5,02/26/2026 17:02:30,33.283,23.292
1374,1,5,20255.010000,1221.580000,1.272478,3.783603,-3.750057,2.885481,5,02/26/2026 17:02:41,33.346,23.276
1375,1,5,20264.570000,1231.140000,1.282437,3.812316,-3.750057,2.880598,5,02/26/2026 17:02:50,33.330,23.276
1376,1,5,20273.790000,1240.360000,1.292041,3.839962,-3.749905,2.875715,5,02/26/2026 17:03:00,33.346,23.260
1377,1,5,20282.390000,1248.960000,1.300999,3.865702,-3.750057,2.870527,5,02/26/2026 17:03:08,33.409,23.228
1378,1,5,20290.460000,1257.030000,1.309406,3.889816,-3.749905,2.865034,5,02/26/2026 17:03:16,33.471,23.228
1379,1,5,20298.850000,1265.420000,1.318145,3.914837,-3.749905,2.860151,5,02/26/2026 17:03:25,33.409,23.195
1380,1,5,20305.680000,1272.250000,1.325260,3.935170,-3.750057,2.854963,5,02/26/2026 17:03:31,33.456,23.195
1381,1,5,20312.940000,1279.510000,1.332822,3.956744,-3.749905,2.849775,5,02/26/2026 17:03:39,33.503,23.179
1382,1,5,20319.080000,1285.650000,1.339218,3.974957,-3.750057,2.844892,5,02/26/2026 17:03:45,33.519,23.163
1383,1,5,20325.330000,1291.900000,1.345728,3.993464,-3.749905,2.840009,5,02/26/2026 17:03:51,33.582,23.163
1384,1,5,20331.010000,1297.580000,1.351645,4.010254,-3.750057,2.835126,5,02/26/2026 17:03:57,33.660,23.147
1385,1,5,20336.160000,1302.730000,1.357010,4.025451,-3.749905,2.830243,5,02/26/2026 17:04:02,33.707,23.147
1386,1,5,20341.420000,1307.990000,1.362489,4.040947,-3.749905,2.825360,5,02/26/2026 17:04:07,33.692,23.131
1387,1,5,20346.480000,1313.050000,1.367760,4.055827,-3.750057,2.820172,5,02/26/2026 17:04:12,33.723,23.131
1388,1,5,20351.710000,1318.280000,1.373208,4.071178,-3.749752,2.814679,5,02/26/2026 17:04:17,33.739,23.115
1389,1,5,20356.690000,1323.260000,1.378395,4.085768,-3.749905,2.809796,5,02/26/2026 17:04:22,33.802,23.115
1390,1,5,20361.120000,1327.690000,1.383010,4.098724,-3.750057,2.804913,5,02/26/2026 17:04:27,33.786,23.099
1391,1,5,20365.420000,1331.990000,1.387489,4.111277,-3.749905,2.799725,5,02/26/2026 17:04:31,33.770,23.099
1392,1,5,20369.690000,1336.260000,1.391937,4.123719,-3.749905,2.794842,5,02/26/2026 17:04:35,33.833,23.099
1393,1,5,20373.720000,1340.290000,1.396135,4.135442,-3.750057,2.789960,5,02/26/2026 17:04:39,33.880,23.099
1394,1,5,20377.350000,1343.920000,1.399916,4.145982,-3.749752,2.784771,5,02/26/2026 17:04:43,33.880,23.083
1395,1,5,20381.130000,1347.700000,1.403853,4.156939,-3.749752,2.779889,5,02/26/2026 17:04:47,33.927,23.083
1396,1,5,20384.940000,1351.510000,1.407822,4.167962,-3.750057,2.775006,5,02/26/2026 17:04:51,33.990,23.083
1397,1,5,20388.440000,1355.010000,1.411468,4.178071,-3.750057,2.770123,5,02/26/2026 17:04:54,34.053,23.067
1398,1,5,20391.950000,1358.520000,1.415124,4.188190,-3.750057,2.765240,5,02/26/2026 17:04:58,34.100,23.067
1399,1,5,20395.110000,1361.680000,1.418416,4.197284,-3.750057,2.760357,5,02/26/2026 17:05:01,34.116,23.067
1400,1,5,20398.580000,1365.150000,1.422031,4.207253,-3.750057,2.755474,5,02/26/2026 17:05:04,34.148,23.051
1401,1,5,20401.630000,1368.200000,1.425208,4.215999,-3.750057,2.750286,5,02/26/2026 17:05:07,34.100,23.051
1402,1,5,20404.770000,1371.340000,1.428478,4.224988,-3.749905,2.745098,5,02/26/2026 17:05:10,34.100,23.035
1403,1,5,20407.880000,1374.450000,1.431718,4.233873,-3.749752,2.740215,5,02/26/2026 17:05:14,34.163,23.035
1404,1,5,20410.850000,1377.420000,1.434812,4.242343,-3.749905,2.735332,5,02/26/2026 17:05:17,34.258,23.035
1405,1,5,20413.800000,1380.370000,1.437885,4.250741,-3.749905,2.730449,5,02/26/2026 17:05:20,34.320,23.035
1406,1,5,20416.580000,1383.150000,1.440781,4.258640,-3.749905,2.725566,5,02/26/2026 17:05:22,34.352,23.035
1407,1,5,20419.200000,1385.770000,1.443510,4.266072,-3.749752,2.720378,5,02/26/2026 17:05:25,34.320,23.019
1408,1,5,20422.140000,1388.710000,1.446572,4.274396,-3.749905,2.715496,5,02/26/2026 17:05:28,34.289,23.019
1409,1,5,20424.540000,1391.110000,1.449072,4.281178,-3.749905,2.710613,5,02/26/2026 17:05:30,34.273,23.019
1410,1,5,20427.310000,1393.880000,1.451958,4.288993,-3.749905,2.705730,5,02/26/2026 17:05:33,34.336,23.019
1411,1,5,20429.570000,1396.140000,1.454312,4.295357,-3.749905,2.700847,5,02/26/2026 17:05:35,34.383,23.019
1412,1,5,20432.220000,1398.790000,1.457072,4.302805,-3.750057,2.695659,5,02/26/2026 17:05:38,34.415,23.019
1413,1,5,20434.690000,1401.260000,1.459645,4.309734,-3.750210,2.690471,5,02/26/2026 17:05:40,34.446,23.002
1414,1,5,20437.120000,1403.690000,1.462176,4.316539,-3.750057,2.685283,5,02/26/2026 17:05:43,34.493,23.002
1415,1,5,20439.540000,1406.110000,1.464697,4.323302,-3.749905,2.680400,5,02/26/2026 17:05:45,34.572,23.002
1416,1,5,20441.780000,1408.350000,1.467031,4.329551,-3.749905,2.675212,5,02/26/2026 17:05:48,34.588,23.002
1417,1,5,20444.270000,1410.840000,1.469624,4.336484,-3.750210,2.670024,5,02/26/2026 17:05:50,34.635,23.002
1418,1,5,20446.510000,1413.080000,1.471958,4.342708,-3.750057,2.665141,5,02/26/2026 17:05:52,34.698,23.002
1419,1,5,20448.610000,1415.180000,1.474145,4.348533,-3.749905,2.660258,5,02/26/2026 17:05:54,34.745,23.002
1420,1,5,20450.820000,1417.390000,1.476447,4.354652,-3.749905,2.655070,5,02/26/2026 17:05:57,34.792,23.002
1421,1,5,20452.930000,1419.500000,1.478645,4.360482,-3.749905,2.650187,5,02/26/2026 17:05:59,34.808,23.002
1422,1,5,20455.120000,1421.690000,1.480926,4.366522,-3.750057,2.644999,5,02/26/2026 17:06:01,34.824,23.002
1423,1,5,20457.170000,1423.740000,1.483062,4.372165,-3.749905,2.639811,5,02/26/2026 17:06:03,34.871,22.986
1424,1,5,20459.360000,1425.930000,1.485343,4.378182,-3.750057,2.634928,5,02/26/2026 17:06:05,34.918,22.986
1425,1,5,20461.300000,1427.870000,1.487364,4.383501,-3.750057,2.629740,5,02/26/2026 17:06:07,34.934,22.986
1426,1,5,20463.180000,1429.750000,1.489322,4.388647,-3.750057,2.624857,5,02/26/2026 17:06:09,34.918,22.986
1427,1,5,20465.050000,1431.620000,1.491270,4.393755,-3.750057,2.619974,5,02/26/2026 17:06:11,34.934,22.986
1428,1,5,20467.020000,1433.590000,1.493322,4.399127,-3.750057,2.614786,5,02/26/2026 17:06:13,34.981,22.986
1429,1,5,20469.000000,1435.570000,1.495385,4.404515,-3.749905,2.609903,5,02/26/2026 17:06:15,35.028,22.986
1430,1,5,20470.730000,1437.300000,1.497187,4.409213,-3.750057,2.605020,5,02/26/2026 17:06:16,35.059,22.986
1431,1,5,20472.520000,1439.090000,1.499051,4.414066,-3.749905,2.600137,5,02/26/2026 17:06:18,35.075,22.986
1432,1,5,20474.370000,1440.940000,1.500978,4.419072,-3.750057,2.595254,5,02/26/2026 17:06:20,35.107,22.986
1433,1,5,20476.120000,1442.690000,1.502801,4.423798,-3.749905,2.590066,5,02/26/2026 17:06:22,35.122,22.986
1434,1,5,20477.930000,1444.500000,1.504687,4.428676,-3.749905,2.585183,5,02/26/2026 17:06:24,35.154,22.970
1435,1,5,20479.620000,1446.190000,1.506447,4.433223,-3.750057,2.579995,5,02/26/2026 17:06:25,35.169,22.970
1436,1,5,20481.580000,1448.150000,1.508489,4.438486,-3.749905,2.574807,5,02/26/2026 17:06:27,35.185,22.986
1437,1,5,20483.270000,1449.840000,1.510249,4.443014,-3.750057,2.569924,5,02/26/2026 17:06:29,35.232,22.986
1438,1,5,20484.830000,1451.400000,1.511874,4.447186,-3.749752,2.565042,5,02/26/2026 17:06:31,35.264,22.986
1439,1,5,20486.500000,1453.070000,1.513614,4.451644,-3.750057,2.559854,5,02/26/2026 17:06:32,35.311,22.986
1440,1,5,20488.220000,1454.790000,1.515406,4.456226,-3.749905,2.554665,5,02/26/2026 17:06:34,35.342,22.986
1441,1,5,20490.000000,1456.570000,1.517260,4.460959,-3.749905,2.549783,5,02/26/2026 17:06:36,35.358,22.970
1442,1,5,20491.600000,1458.170000,1.518926,4.465204,-3.750057,2.544594,5,02/26/2026 17:06:37,35.374,22.970
1443,1,5,20493.120000,1459.690000,1.520510,4.469230,-3.750057,2.539406,5,02/26/2026 17:06:39,35.421,22.970
1444,1,5,20494.850000,1461.420000,1.522312,4.473802,-3.750057,2.534218,5,02/26/2026 17:06:41,35.468,22.986
1445,1,5,20496.450000,1463.020000,1.523978,4.478021,-3.750057,2.528725,5,02/26/2026 17:06:42,35.500,22.986
1446,1,5,20498.150000,1464.720000,1.525749,4.482496,-3.750210,2.523842,5,02/26/2026 17:06:44,35.515,22.986
1447,1,5,20499.660000,1466.230000,1.527322,4.486461,-3.749905,2.518959,5,02/26/2026 17:06:45,35.562,22.986
1448,1,5,20501.190000,1467.760000,1.528916,4.490472,-3.749752,2.514076,5,02/26/2026 17:06:47,35.594,22.986
1449,1,5,20502.620000,1469.190000,1.530406,4.494213,-3.750057,2.509194,5,02/26/2026 17:06:48,35.625,22.986
1450,1,5,20504.090000,1470.660000,1.531937,4.498051,-3.749905,2.504311,5,02/26/2026 17:06:50,35.657,22.986
1451,1,5,20505.350000,1471.920000,1.533249,4.501336,-3.750057,2.500038,133,02/26/2026 17:06:51,35.673,22.986
1452,1,6,20505.360000,0.010000,0.000000,0.000000,0.000000,2.676432,0,02/26/2026 17:06:51,35.673,22.986
1453,1,6,20505.520000,0.170000,0.000000,0.000000,0.000000,2.697185,5,02/26/2026 17:06:51,35.688,22.986
1454,1,6,20505.660000,0.310000,0.000000,0.000000,0.000000,2.711223,5,02/26/2026 17:06:51,35.688,22.986
1455,1,6,20505.800000,0.450000,0.000000,0.000000,0.000000,2.722820,5,02/26/2026 17:06:52,35.688,22.986
1456,1,6,20505.940000,0.590000,0.000000,0.000000,0.000000,2.733806,5,02/26/2026 17:06:52,35.688,22.986
1457,1,6,20506.090000,0.740000,0.000000,0.000000,0.000000,2.744793,5,02/26/2026 17:06:52,35.704,22.986
1458,1,6,20506.240000,0.890000,0.000000,0.000000,0.000000,2.755169,5,02/26/2026 17:06:52,35.704,22.986
1459,1,6,20506.400000,1.050000,0.000000,0.000000,0.000000,2.764935,5,02/26/2026 17:06:52,35.704,22.986
1460,1,6,20506.560000,1.210000,0.000000,0.000000,0.000000,2.774701,5,02/26/2026 17:06:52,35.704,22.986
1461,1,6,20506.730000,1.380000,0.000000,0.000000,0.000000,2.784466,5,02/26/2026 17:06:52,35.704,22.986
1462,1,6,20506.900000,1.550000,0.000000,0.000000,0.000000,2.793317,5,02/26/2026 17:06:53,35.720,22.986
1463,1,6,20507.070000,1.720000,0.000000,0.000000,0.000000,2.802167,5,02/26/2026 17:06:53,35.720,22.986
1464,1,6,20507.240000,1.890000,0.000000,0.000000,0.000000,2.810712,5,02/26/2026 17:06:53,35.720,22.986
1465,1,6,20507.420000,2.070000,0.000000,0.000000,0.000000,2.818952,5,02/26/2026 17:06:53,35.735,22.986
1466,1,6,20507.600000,2.250000,0.000000,0.000000,0.000000,2.827192,5,02/26/2026 17:06:53,35.735,22.986
1467,1,6,20507.790000,2.440000,0.000000,0.000000,0.000000,2.835126,5,02/26/2026 17:06:54,35.735,22.986
1468,1,6,20507.990000,2.640000,0.000000,0.000000,0.000000,2.843671,5,02/26/2026 17:06:54,35.751,22.986
1469,1,6,20508.200000,2.850000,0.000000,0.000000,0.000000,2.852216,5,02/26/2026 17:06:54,35.751,22.986
1470,1,6,20508.410000,3.060000,0.000000,0.000000,0.000000,2.859846,5,02/26/2026 17:06:54,35.767,22.986
1471,1,6,20508.620000,3.270000,0.000000,0.000000,0.000000,2.867781,5,02/26/2026 17:06:54,35.767,22.986
1472,1,6,20508.830000,3.480000,0.000000,0.000000,0.000000,2.875410,5,02/26/2026 17:06:55,35.767,22.986
1473,1,6,20509.050000,3.700000,0.000000,0.000000,0.000000,2.883040,5,02/26/2026 17:06:55,35.767,22.986
1474,1,6,20509.270000,3.920000,0.000000,0.000000,0.000000,2.890059,5,02/26/2026 17:06:55,35.783,22.986
1475,1,6,20509.500000,4.150000,0.000000,0.000000,0.000000,2.897688,5,02/26/2026 17:06:55,35.783,22.986
1476,1,6,20509.730000,4.380000,0.000000,0.000000,0.000000,2.904402,5,02/26/2026 17:06:55,35.783,22.986
1477,1,6,20509.950000,4.600000,0.000000,0.000000,0.000000,2.911727,5,02/26/2026 17:06:56,35.783,22.970
1478,1,6,20510.200000,4.850000,0.000000,0.000000,0.000000,2.918746,5,02/26/2026 17:06:56,35.798,22.970
1479,1,6,20510.460000,5.110000,0.000000,0.000000,0.000000,2.926070,5,02/26/2026 17:06:56,35.798,22.970
1480,1,6,20510.710000,5.360000,0.000000,0.000000,0.000000,2.932784,5,02/26/2026 17:06:56,35.798,22.970
1481,1,6,20510.960000,5.610000,0.000000,0.000000,0.000000,2.939193,5,02/26/2026 17:06:57,35.798,22.986
1482,1,6,20511.210000,5.860000,0.000000,0.000000,0.000000,2.946212,5,02/26/2026 17:06:57,35.814,22.986
1483,1,6,20511.490000,6.140000,0.000000,0.000000,0.000000,2.953231,5,02/26/2026 17:06:57,35.814,22.986
1484,1,6,20511.780000,6.430000,0.000000,0.000000,0.000000,2.960555,5,02/26/2026 17:06:58,35.830,22.970
1485,1,6,20512.100000,6.750000,0.000000,0.000000,0.000000,2.967269,5,02/26/2026 17:06:58,35.830,22.970
1486,1,6,20512.380000,7.030000,0.000000,0.000000,0.000000,2.973983,5,02/26/2026 17:06:58,35.830,22.970
1487,1,6,20512.670000,7.320000,0.000000,0.000000,0.000000,2.980392,5,02/26/2026 17:06:58,35.845,22.970
1488,1,6,20513.000000,7.650000,0.000000,0.000000,0.000000,2.987106,5,02/26/2026 17:06:59,35.845,22.986
1489,1,6,20513.320000,7.970000,0.000000,0.000000,0.000000,2.993515,5,02/26/2026 17:06:59,35.861,22.986
1490,1,6,20513.650000,8.300000,0.000000,0.000000,0.000000,2.999924,5,02/26/2026 17:06:59,35.861,22.986
1491,1,6,20513.970000,8.620000,0.000000,0.000000,0.000000,3.006027,5,02/26/2026 17:07:00,35.877,22.970
1492,1,6,20514.340000,8.990000,0.000000,0.000000,0.000000,3.013046,5,02/26/2026 17:07:00,35.877,22.970
1493,1,6,20514.730000,9.380000,0.000000,0.000000,0.000000,3.019150,5,02/26/2026 17:07:00,35.893,22.970
1494,1,6,20515.100000,9.750000,0.000000,0.000000,0.000000,3.025254,5,02/26/2026 17:07:01,35.908,22.970
1495,1,6,20515.450000,10.100000,0.000000,0.000000,0.000000,3.030747,5,02/26/2026 17:07:01,35.908,22.986
1496,1,6,20515.860000,10.510000,0.000000,0.000000,0.000000,3.037156,5,02/26/2026 17:07:02,35.924,22.986
1497,1,6,20516.300000,10.950000,0.000000,0.000000,0.000000,3.042954,5,02/26/2026 17:07:02,35.924,22.970
1498,1,6,20516.690000,11.340000,0.000000,0.000000,0.000000,3.049058,5,02/26/2026 17:07:02,35.940,22.970
1499,1,6,20517.170000,11.820000,0.000000,0.000000,0.000000,3.054551,5,02/26/2026 17:07:03,35.940,22.986
1500,1,6,20517.600000,12.250000,0.000000,0.000000,0.000000,3.060044,5,02/26/2026 17:07:03,35.956,22.986
1501,1,6,20518.090000,12.740000,0.000000,0.000000,0.000000,3.065537,5,02/26/2026 17:07:04,35.956,22.986
1502,1,6,20518.600000,13.250000,0.000000,0.000000,0.000000,3.070726,5,02/26/2026 17:07:04,35.956,22.986
1503,1,6,20519.100000,13.750000,0.000000,0.000000,0.000000,3.076219,5,02/26/2026 17:07:05,35.971,22.986
1504,1,6,20519.650000,14.300000,0.000000,0.000000,0.000000,3.081712,5,02/26/2026 17:07:05,35.971,22.986
1505,1,6,20520.290000,14.940000,0.000000,0.000000,0.000000,3.087510,5,02/26/2026 17:07:06,35.987,22.986
1506,1,6,20521.030000,15.680000,0.000000,0.000000,0.000000,3.093309,5,02/26/2026 17:07:07,36.003,22.970
1507,1,6,20521.750000,16.400000,0.000000,0.000000,0.000000,3.098497,5,02/26/2026 17:07:07,36.003,22.970
1508,1,6,20522.510000,17.160000,0.000000,0.000000,0.000000,3.103380,5,02/26/2026 17:07:08,36.018,22.970
1509,1,6,20523.270000,17.920000,0.000000,0.000000,0.000000,3.108873,5,02/26/2026 17:07:09,36.003,22.970
1510,1,6,20524.230000,18.880000,0.000000,0.000000,0.000000,3.114672,5,02/26/2026 17:07:10,35.971,22.970
1511,1,6,20525.280000,19.930000,0.000000,0.000000,0.000000,3.119860,5,02/26/2026 17:07:11,35.924,22.970
1512,1,6,20526.380000,21.030000,0.000000,0.000000,0.000000,3.125048,5,02/26/2026 17:07:12,35.861,22.986
1513,1,6,20527.550000,22.200000,0.000000,0.000000,0.000000,3.129931,5,02/26/2026 17:07:13,35.830,22.970
1514,1,6,20528.860000,23.510000,0.000000,0.000000,0.000000,3.135119,5,02/26/2026 17:07:15,35.783,22.986
1515,1,6,20530.480000,25.130000,0.000000,0.000000,0.000000,3.140002,5,02/26/2026 17:07:16,35.783,22.970
1516,1,6,20532.090000,26.740000,0.000000,0.000000,0.000000,3.145190,5,02/26/2026 17:07:18,35.767,22.970
1517,1,6,20534.170000,28.820000,0.000000,0.000000,0.000000,3.150072,5,02/26/2026 17:07:20,35.704,22.970
1518,1,6,20536.470000,31.120000,0.000000,0.000000,0.000000,3.155261,5,02/26/2026 17:07:22,35.610,22.970
1519,1,6,20539.070000,33.720000,0.000000,0.000000,0.000000,3.160449,5,02/26/2026 17:07:25,35.610,22.970
1520,1,6,20542.400000,37.050000,0.000000,0.000000,0.000000,3.165332,5,02/26/2026 17:07:28,35.594,22.970
1521,1,6,20546.010000,40.660000,0.000000,0.000000,0.000000,3.170520,5,02/26/2026 17:07:32,35.562,22.970
1522,1,6,20550.490000,45.140000,0.000000,0.000000,0.000000,3.175708,5,02/26/2026 17:07:36,35.468,22.970
1523,1,6,20556.260000,50.910000,0.000000,0.000000,0.000000,3.180591,5,02/26/2026 17:07:42,35.405,22.970
1524,1,6,20563.140000,57.790000,0.000000,0.000000,0.000000,3.185473,5,02/26/2026 17:07:49,35.185,22.970
1525,1,6,20571.590000,66.240000,0.000000,0.000000,0.000000,3.190661,5,02/26/2026 17:07:57,35.122,22.970
1526,1,6,20583.900000,78.550000,0.000000,0.000000,0.000000,3.195544,5,02/26/2026 17:08:10,34.808,22.986
1527,1,6,20600.760000,95.410000,0.000000,0.000000,0.000000,3.200732,5,02/26/2026 17:08:26,34.493,22.970
1528,1,6,20620.760000,115.410000,0.000000,0.000000,0.000000,3.204395,1,02/26/2026 17:08:46,34.069,22.970
1529,1,6,20640.760000,135.410000,0.000000,0.000000,0.000000,3.206836,1,02/26/2026 17:09:06,33.817,22.954
1530,1,6,20660.760000,155.410000,0.000000,0.000000,0.000000,3.209277,1,02/26/2026 17:09:26,33.471,22.954
1531,1,6,20680.760000,175.410000,0.000000,0.000000,0.000000,3.210803,1,02/26/2026 17:09:46,33.094,22.954
1532,1,6,20700.760000,195.410000,0.000000,0.000000,0.000000,3.212024,1,02/26/2026 17:10:06,32.795,22.954
1533,1,6,20720.760000,215.410000,0.000000,0.000000,0.000000,3.212940,1,02/26/2026 17:10:26,32.544,22.954
1534,1,6,20740.760000,235.410000,0.000000,0.000000,0.000000,3.213550,1,02/26/2026 17:10:46,32.167,22.954
1535,1,6,20760.760000,255.410000,0.000000,0.000000,0.000000,3.213855,1,02/26/2026 17:11:06,31.962,22.954
1536,1,6,20780.760000,275.410000,0.000000,0.000000,0.000000,3.214771,1,02/26/2026 17:11:26,31.569,22.954
1537,1,6,20800.760000,295.410000,0.000000,0.000000,0.000000,3.215381,1,02/26/2026 17:11:46,31.396,22.954
1538,1,6,20820.760000,315.410000,0.000000,0.000000,0.000000,3.215686,1,02/26/2026 17:12:06,31.082,22.954
1539,1,6,20840.760000,335.410000,0.000000,0.000000,0.000000,3.216602,1,02/26/2026 17:12:26,30.815,22.954
1540,1,6,20860.760000,355.410000,0.000000,0.000000,0.000000,3.216602,1,02/26/2026 17:12:46,30.594,22.954
1541,1,6,20880.760000,375.410000,0.000000,0.000000,0.000000,3.217212,1,02/26/2026 17:13:06,30.359,22.954
1542,1,6,20900.760000,395.410000,0.000000,0.000000,0.000000,3.217212,1,02/26/2026 17:13:26,30.170,22.970
1543,1,6,20920.760000,415.410000,0.000000,0.000000,0.000000,3.217517,1,02/26/2026 17:13:46,29.900,22.986
1544,1,6,20940.760000,435.410000,0.000000,0.000000,0.000000,3.217823,1,02/26/2026 17:14:06,29.771,23.019
1545,1,6,20960.760000,455.410000,0.000000,0.000000,0.000000,3.217823,1,02/26/2026 17:14:26,29.659,23.051
1546,1,6,20980.760000,475.410000,0.000000,0.000000,0.000000,3.218128,1,02/26/2026 17:14:46,29.498,23.067
1547,1,6,21000.760000,495.410000,0.000000,0.000000,0.000000,3.218128,1,02/26/2026 17:15:06,29.288,23.083
1548,1,6,21020.760000,515.410000,0.000000,0.000000,0.000000,3.218433,1,02/26/2026 17:15:26,29.159,23.099
1549,1,6,21040.760000,535.410000,0.000000,0.000000,0.000000,3.218128,1,02/26/2026 17:15:46,28.982,23.115
1550,1,6,21060.760000,555.410000,0.000000,0.000000,0.000000,3.218433,1,02/26/2026 17:16:06,28.821,23.131
1551,1,6,21080.760000,575.410000,0.000000,0.000000,0.000000,3.218433,1,02/26/2026 17:16:26,28.628,23.147
1552,1,6,21100.760000,595.410000,0.000000,0.000000,0.000000,3.218433,1,02/26/2026 17:16:46,28.499,23.163
1553,1,6,21120.760000,615.410000,0.000000,0.000000,0.000000,3.218738,1,02/26/2026 17:17:06,28.402,23.179
1554,1,6,21140.760000,635.410000,0.000000,0.000000,0.000000,3.218738,1,02/26/2026 17:17:26,28.241,23.195
1555,1,6,21160.760000,655.410000,0.000000,0.000000,0.000000,3.218738,1,02/26/2026 17:17:46,28.096,23.195
1556,1,6,21180.760000,675.410000,0.000000,0.000000,0.000000,3.219043,1,02/26/2026 17:18:06,27.935,23.195
1557,1,6,21200.760000,695.410000,0.000000,0.000000,0.000000,3.219348,1,02/26/2026 17:18:26,27.822,23.195
1558,1,6,21220.760000,715.410000,0.000000,0.000000,0.000000,3.219043,1,02/26/2026 17:18:46,27.710,23.179
1559,1,6,21240.760000,735.410000,0.000000,0.000000,0.000000,3.219348,1,02/26/2026 17:19:06,27.565,23.179
1560,1,6,21260.760000,755.410000,0.000000,0.000000,0.000000,3.219348,1,02/26/2026 17:19:26,27.452,23.179
1561,1,6,21280.760000,775.410000,0.000000,0.000000,0.000000,3.219348,1,02/26/2026 17:19:46,27.307,23.163
1562,1,6,21300.760000,795.410000,0.000000,0.000000,0.000000,3.219348,1,02/26/2026 17:20:06,27.194,23.163
1563,1,6,21320.760000,815.410000,0.000000,0.000000,0.000000,3.219348,1,02/26/2026 17:20:26,27.065,23.147
1564,1,6,21340.760000,835.410000,0.000000,0.000000,0.000000,3.219654,1,02/26/2026 17:20:46,26.985,23.147
1565,1,6,21360.760000,855.410000,0.000000,0.000000,0.000000,3.219654,1,02/26/2026 17:21:06,26.840,23.131
1566,1,6,21380.760000,875.410000,0.000000,0.000000,0.000000,3.219348,1,02/26/2026 17:21:26,26.759,23.131
1567,1,6,21400.760000,895.410000,0.000000,0.000000,0.000000,3.219654,1,02/26/2026 17:21:46,26.662,23.115
1568,1,6,21420.760000,915.410000,0.000000,0.000000,0.000000,3.219348,1,02/26/2026 17:22:06,26.566,23.115
1569,1,6,21440.760000,935.410000,0.000000,0.000000,0.000000,3.219654,1,02/26/2026 17:22:26,26.469,23.115
1570,1,6,21460.760000,955.410000,0.000000,0.000000,0.000000,3.219348,1,02/26/2026 17:22:46,26.405,23.131
1571,1,6,21480.760000,975.410000,0.000000,0.000000,0.000000,3.219654,1,02/26/2026 17:23:06,26.324,23.115
1572,1,6,21500.760000,995.410000,0.000000,0.000000,0.000000,3.219959,1,02/26/2026 17:23:26,26.244,23.115
1573,1,6,21520.760000,1015.410000,0.000000,0.000000,0.000000,3.219654,1,02/26/2026 17:23:46,26.179,23.131
1574,1,6,21540.760000,1035.410000,0.000000,0.000000,0.000000,3.219959,1,02/26/2026 17:24:06,26.083,23.131
1575,1,6,21560.760000,1055.410000,0.000000,0.000000,0.000000,3.219654,1,02/26/2026 17:24:26,26.018,23.131
1576,1,6,21580.760000,1075.410000,0.000000,0.000000,0.000000,3.219654,1,02/26/2026 17:24:46,25.970,23.115
1577,1,6,21600.760000,1095.410000,0.000000,0.000000,0.000000,3.220264,1,02/26/2026 17:25:06,25.889,23.115
1578,1,6,21620.760000,1115.410000,0.000000,0.000000,0.000000,3.219654,1,02/26/2026 17:25:26,25.825,23.099
1579,1,6,21640.760000,1135.410000,0.000000,0.000000,0.000000,3.219959,1,02/26/2026 17:25:46,25.760,23.099
1580,1,6,21660.760000,1155.410000,0.000000,0.000000,0.000000,3.219654,1,02/26/2026 17:26:06,25.680,23.083
1581,1,6,21680.760000,1175.410000,0.000000,0.000000,0.000000,3.219959,1,02/26/2026 17:26:26,25.631,23.067
1582,1,6,21700.760000,1195.410000,0.000000,0.000000,0.000000,3.219654,1,02/26/2026 17:26:46,25.551,23.067
1583,1,6,21720.760000,1215.410000,0.000000,0.000000,0.000000,3.219959,1,02/26/2026 17:27:06,25.486,23.051
1584,1,6,21740.760000,1235.410000,0.000000,0.000000,0.000000,3.219959,1,02/26/2026 17:27:26,25.438,23.035
1585,1,6,21760.760000,1255.410000,0.000000,0.000000,0.000000,3.219959,1,02/26/2026 17:27:46,25.374,23.019
1586,1,6,21780.760000,1275.410000,0.000000,0.000000,0.000000,3.219959,1,02/26/2026 17:28:06,25.309,23.002
1587,1,6,21800.760000,1295.410000,0.000000,0.000000,0.000000,3.220264,1,02/26/2026 17:28:26,25.245,22.986
1588,1,6,21820.760000,1315.410000,0.000000,0.000000,0.000000,3.219654,1,02/26/2026 17:28:46,25.180,22.970
1589,1,6,21840.760000,1335.410000,0.000000,0.000000,0.000000,3.219959,1,02/26/2026 17:29:06,25.132,22.970
1590,1,6,21860.760000,1355.410000,0.000000,0.000000,0.000000,3.220569,1,02/26/2026 17:29:26,25.100,22.970
1591,1,6,21880.760000,1375.410000,0.000000,0.000000,0.000000,3.219654,1,02/26/2026 17:29:46,25.068,22.954
1592,1,6,21900.760000,1395.410000,0.000000,0.000000,0.000000,3.220264,1,02/26/2026 17:30:06,25.019,22.954
1593,1,6,21920.760000,1415.410000,0.000000,0.000000,0.000000,3.220569,1,02/26/2026 17:30:26,24.971,22.954
1594,1,6,21940.760000,1435.410000,0.000000,0.000000,0.000000,3.220264,1,02/26/2026 17:30:46,24.939,22.954
1595,1,6,21960.760000,1455.410000,0.000000,0.000000,0.000000,3.219959,1,02/26/2026 17:31:06,24.923,22.954
1596,1,6,21980.760000,1475.410000,0.000000,0.000000,0.000000,3.219959,1,02/26/2026 17:31:26,24.874,22.954
1597,1,6,22000.760000,1495.410000,0.000000,0.000000,0.000000,3.220264,1,02/26/2026 17:31:46,24.826,22.938
1598,1,6,22020.760000,1515.410000,0.000000,0.000000,0.000000,3.219654,1,02/26/2026 17:32:06,24.794,22.954
1599,1,6,22040.760000,1535.410000,0.000000,0.000000,0.000000,3.220264,1,02/26/2026 17:32:26,24.745,22.954
1600,1,6,22060.760000,1555.410000,0.000000,0.000000,0.000000,3.219654,1,02/26/2026 17:32:46,24.713,22.938
1601,1,6,22080.760000,1575.410000,0.000000,0.000000,0.000000,3.219959,1,02/26/2026 17:33:06,24.681,22.938
1602,1,6,22100.760000,1595.410000,0.000000,0.000000,0.000000,3.219959,1,02/26/2026 17:33:26,24.665,22.938
1603,1,6,22120.760000,1615.410000,0.000000,0.000000,0.000000,3.220569,1,02/26/2026 17:33:46,24.617,22.938
1604,1,6,22140.760000,1635.410000,0.000000,0.000000,0.000000,3.219959,1,02/26/2026 17:34:06,24.601,22.938
1605,1,6,22160.760000,1655.410000,0.000000,0.000000,0.000000,3.219959,1,02/26/2026 17:34:26,24.568,22.938
1606,1,6,22180.760000,1675.410000,0.000000,0.000000,0.000000,3.220264,1,02/26/2026 17:34:46,24.536,22.938
1607,1,6,22200.760000,1695.410000,0.000000,0.000000,0.000000,3.220264,1,02/26/2026 17:35:06,24.520,22.922
1608,1,6,22220.760000,1715.410000,0.000000,0.000000,0.000000,3.219959,1,02/26/2026 17:35:26,24.488,22.922
1609,1,6,22240.760000,1735.410000,0.000000,0.000000,0.000000,3.219959,1,02/26/2026 17:35:46,24.456,22.906
1610,1,6,22260.760000,1755.410000,0.000000,0.000000,0.000000,3.220264,1,02/26/2026 17:36:06,24.423,22.906
1611,1,6,22280.760000,1775.410000,0.000000,0.000000,0.000000,3.220264,1,02/26/2026 17:36:26,24.407,22.906
1612,1,6,22300.760000,1795.410000,0.000000,0.000000,0.000000,3.220264,1,02/26/2026 17:36:46,24.375,22.906
1613,1,6,22305.350000,1800.000000,0.000000,0.000000,0.000000,3.220264,129,02/26/2026 17:36:51,24.375,22.890
1614,1,7,22305.500000,1800.150000,0.000047,0.000156,2.328832,3.377127,0,02/26/2026 17:36:52,24.375,22.906
1615,1,7,22305.510000,1800.160000,0.000053,0.000178,2.463416,3.385977,4,02/26/2026 17:36:52,24.375,22.906
1616,1,7,22305.520000,1800.170000,0.000060,0.000201,2.595865,3.394827,4,02/26/2026 17:36:52,24.375,22.906
1617,1,7,22305.530000,1800.180000,0.000067,0.000226,2.724346,3.404593,4,02/26/2026 17:36:52,24.375,22.906
1618,1,7,22305.540000,1800.190000,0.000075,0.000251,2.844892,3.413138,4,02/26/2026 17:36:52,24.375,22.906
1619,1,7,22305.550000,1800.200000,0.000083,0.000278,2.964981,3.421378,4,02/26/2026 17:36:52,24.375,22.906
1620,1,7,22305.560000,1800.210000,0.000091,0.000307,3.000992,3.425650,4,02/26/2026 17:36:52,24.375,22.906
1621,1,7,22305.760000,1800.410000,0.000258,0.000878,2.999619,3.434195,5,02/26/2026 17:36:52,24.375,22.906
1622,1,7,22306.000000,1800.650000,0.000458,0.001566,2.999924,3.440909,5,02/26/2026 17:36:52,24.375,22.906
1623,1,7,22306.320000,1800.970000,0.000724,0.002485,2.999619,3.447318,5,02/26/2026 17:36:53,24.375,22.906
1624,1,7,22306.740000,1801.390000,0.001074,0.003692,2.999924,3.453117,5,02/26/2026 17:36:53,24.375,22.890
1625,1,7,22307.340000,1801.990000,0.001574,0.005420,2.999771,3.458305,5,02/26/2026 17:36:54,24.375,22.906
1626,1,7,22308.090000,1802.740000,0.002199,0.007584,2.999771,3.463493,5,02/26/2026 17:36:54,24.375,22.906
1627,1,7,22309.190000,1803.840000,0.003116,0.010761,2.999771,3.468681,5,02/26/2026 17:36:55,24.375,22.890
1628,1,7,22311.040000,1805.690000,0.004657,0.016113,2.999924,3.473564,5,02/26/2026 17:36:57,24.375,22.906
1629,1,7,22313.300000,1807.950000,0.006541,0.022660,2.999924,3.478752,5,02/26/2026 17:37:00,24.359,22.906
1630,1,7,22316.700000,1811.350000,0.009374,0.032523,2.999619,3.483635,5,02/26/2026 17:37:03,24.375,22.890
1631,1,7,22321.050000,1815.700000,0.012999,0.045160,2.999924,3.488518,5,02/26/2026 17:37:07,24.375,22.906
1632,1,7,22326.720000,1821.370000,0.017723,0.061655,3.000076,3.493706,5,02/26/2026 17:37:13,24.407,22.890
1633,1,7,22334.970000,1829.620000,0.024598,0.085691,2.999619,3.498589,5,02/26/2026 17:37:21,24.472,22.890
1634,1,7,22345.480000,1840.130000,0.033356,0.116353,3.000076,3.503471,5,02/26/2026 17:37:32,24.552,22.890
1635,1,7,22359.740000,1854.390000,0.045239,0.158014,2.999771,3.508354,5,02/26/2026 17:37:46,24.681,22.890
1636,1,7,22377.020000,1871.670000,0.059638,0.208568,2.999771,3.513237,5,02/26/2026 17:38:03,24.858,22.890
1637,1,7,22395.650000,1890.300000,0.075163,0.263149,2.999771,3.518120,5,02/26/2026 17:38:22,25.019,22.906
1638,1,7,22415.120000,1909.770000,0.091387,0.320270,2.999924,3.523003,5,02/26/2026 17:38:41,25.197,22.906
1639,1,7,22434.740000,1929.390000,0.107736,0.377909,2.999924,3.527886,5,02/26/2026 17:39:01,25.390,22.906
1640,1,7,22454.740000,1949.390000,0.124402,0.436743,2.999924,3.531853,1,02/26/2026 17:39:21,25.551,22.906
1641,1,7,22474.740000,1969.390000,0.141068,0.495648,2.999924,3.536431,1,02/26/2026 17:39:41,25.728,22.922
1642,1,7,22494.740000,1989.390000,0.157734,0.554620,2.999771,3.539788,1,02/26/2026 17:40:01,25.889,22.922
1643,1,7,22514.740000,2009.390000,0.174400,0.613647,2.999924,3.543145,1,02/26/2026 17:40:21,25.986,22.890
1644,1,7,22534.740000,2029.390000,0.191066,0.672725,3.000076,3.545892,1,02/26/2026 17:40:41,26.147,22.874
1645,1,7,22554.740000,2049.390000,0.207732,0.731844,2.999924,3.548333,1,02/26/2026 17:41:01,26.260,22.858
1646,1,7,22574.740000,2069.390000,0.224398,0.790998,3.000229,3.550164,1,02/26/2026 17:41:21,26.372,22.826
1647,1,7,22594.740000,2089.390000,0.241064,0.850180,3.000076,3.551690,1,02/26/2026 17:41:41,26.469,22.826
1648,1,7,22614.740000,2109.390000,0.257729,0.909387,2.999771,3.552911,1,02/26/2026 17:42:01,26.598,22.809
1649,1,7,22634.740000,2129.390000,0.274395,0.968621,2.999924,3.554437,1,02/26/2026 17:42:21,26.711,22.777
1650,1,7,22654.740000,2149.390000,0.291061,1.027872,3.000076,3.555657,1,02/26/2026 17:42:41,26.791,22.745
1651,1,7,22673.550000,2168.200000,0.306736,1.083613,2.999619,3.556573,164,02/26/2026 17:43:00,26.872,22.745
1652,1,8,22673.560000,2168.210000,0.306736,1.083613,2.699779,3.540703,0,02/26/2026 17:43:00,26.872,22.745
1653,1,8,22692.400000,2187.050000,0.320872,1.133614,2.699779,3.535515,5,02/26/2026 17:43:19,27.033,22.729
1654,1,8,22712.400000,2207.050000,0.335872,1.186652,2.699779,3.536126,1,02/26/2026 17:43:39,27.049,22.729
1655,1,8,22732.400000,2227.050000,0.350871,1.239698,2.699626,3.536736,1,02/26/2026 17:43:59,27.210,22.745
1656,1,8,22752.400000,2247.050000,0.365870,1.292755,2.699626,3.537346,1,02/26/2026 17:44:19,27.307,22.761
1657,1,8,22772.400000,2267.050000,0.380870,1.345823,2.699779,3.538262,1,02/26/2026 17:44:39,27.420,22.761
1658,1,8,22792.400000,2287.050000,0.395869,1.398903,2.699626,3.539178,1,02/26/2026 17:44:59,27.468,22.777
1659,1,8,22812.400000,2307.050000,0.410868,1.451994,2.699931,3.539788,1,02/26/2026 17:45:19,27.581,22.777
1660,1,8,22832.400000,2327.050000,0.425868,1.505097,2.699779,3.540703,1,02/26/2026 17:45:39,27.629,22.793
1661,1,8,22852.400000,2347.050000,0.440867,1.558209,2.700084,3.541314,1,02/26/2026 17:45:59,27.726,22.793
1662,1,8,22872.400000,2367.050000,0.455866,1.611334,2.699931,3.541924,1,02/26/2026 17:46:19,27.854,22.826
1663,1,8,22892.400000,2387.050000,0.470866,1.664469,2.700084,3.542840,1,02/26/2026 17:46:39,27.935,22.826
1664,1,8,22912.400000,2407.050000,0.485865,1.717617,2.699626,3.543450,1,02/26/2026 17:46:59,28.016,22.842
1665,1,8,22932.400000,2427.050000,0.500864,1.770778,2.699931,3.544671,1,02/26/2026 17:47:19,28.128,22.874
1666,1,8,22952.400000,2447.050000,0.515863,1.823953,2.700084,3.545586,1,02/26/2026 17:47:39,28.209,22.874
1667,1,8,22972.400000,2467.050000,0.530863,1.877141,2.699931,3.546197,1,02/26/2026 17:47:59,28.273,22.890
1668,1,8,22992.400000,2487.050000,0.545862,1.930341,2.699779,3.547112,1,02/26/2026 17:48:19,28.338,22.906
1669,1,8,23012.400000,2507.050000,0.560861,1.983553,2.699474,3.548028,1,02/26/2026 17:48:39,28.434,22.922
1670,1,8,23032.400000,2527.050000,0.575861,2.036779,2.699931,3.549248,1,02/26/2026 17:48:59,28.483,22.938
1671,1,8,23052.400000,2547.050000,0.590860,2.090017,2.700084,3.549859,1,02/26/2026 17:49:19,28.579,22.954
1672,1,8,23072.400000,2567.050000,0.605859,2.143269,2.699931,3.550469,1,02/26/2026 17:49:39,28.644,22.970
1673,1,8,23082.410000,2577.060000,0.613366,2.169926,2.699779,3.551080,164,02/26/2026 17:49:49,28.676,22.986
1674,1,9,23082.430000,2577.080000,0.613379,2.169973,2.402075,3.535210,0,02/26/2026 17:49:49,28.676,22.986
1675,1,9,23100.290000,2594.940000,0.625286,2.212020,2.399786,3.530327,5,02/26/2026 17:50:06,28.773,23.002
1676,1,9,23120.290000,2614.940000,0.638618,2.259091,2.399939,3.530327,1,02/26/2026 17:50:27,28.789,23.002
1677,1,9,23140.290000,2634.940000,0.651951,2.306169,2.399786,3.531243,1,02/26/2026 17:50:46,28.789,23.019
1678,1,9,23160.290000,2654.940000,0.665284,2.353258,2.399786,3.532158,1,02/26/2026 17:51:06,28.821,23.002
1679,1,9,23180.290000,2674.940000,0.678616,2.400363,2.400092,3.533379,1,02/26/2026 17:51:26,28.789,23.019
1680,1,9,23200.290000,2694.940000,0.691949,2.447483,2.399939,3.534600,1,02/26/2026 17:51:46,28.853,23.019
1681,1,9,23220.290000,2714.940000,0.705282,2.494619,2.399481,3.536126,1,02/26/2026 17:52:06,28.853,23.019
1682,1,9,23240.290000,2734.940000,0.718614,2.541773,2.399939,3.537346,1,02/26/2026 17:52:26,28.805,23.002
1683,1,9,23260.290000,2754.940000,0.731947,2.588944,2.400092,3.538262,1,02/26/2026 17:52:47,28.821,22.986
1684,1,9,23280.290000,2774.940000,0.745280,2.636130,2.399634,3.539788,1,02/26/2026 17:53:06,28.805,22.970
1685,1,9,23300.290000,2794.940000,0.758612,2.683333,2.399939,3.540703,1,02/26/2026 17:53:26,28.821,22.970
1686,1,9,23320.290000,2814.940000,0.771945,2.730552,2.399786,3.542229,1,02/26/2026 17:53:46,28.821,22.954
1687,1,9,23340.290000,2834.940000,0.785278,2.777789,2.399786,3.543450,1,02/26/2026 17:54:06,28.821,22.954
1688,1,9,23360.290000,2854.940000,0.798610,2.825044,2.399939,3.544976,1,02/26/2026 17:54:26,28.837,22.938
1689,1,9,23380.290000,2874.940000,0.811943,2.872319,2.399939,3.546197,1,02/26/2026 17:54:46,28.805,22.954
1690,1,9,23400.290000,2894.940000,0.825276,2.919611,2.399634,3.547417,1,02/26/2026 17:55:06,28.902,22.970
1691,1,9,23420.290000,2914.940000,0.838608,2.966921,2.399939,3.548943,1,02/26/2026 17:55:26,28.950,22.970
1692,1,9,23440.290000,2934.940000,0.851941,3.014249,2.400092,3.550469,1,02/26/2026 17:55:46,28.998,22.986
1693,1,9,23460.290000,2954.940000,0.865274,3.061594,2.400092,3.551385,1,02/26/2026 17:56:06,28.902,23.002
1694,1,9,23480.290000,2974.940000,0.878606,3.108959,2.399786,3.553216,1,02/26/2026 17:56:26,28.998,23.035
1695,1,9,23500.290000,2994.940000,0.891939,3.156346,2.400244,3.555047,1,02/26/2026 17:56:46,29.030,23.051
1696,1,9,23520.290000,3014.940000,0.905272,3.203753,2.399786,3.556268,1,02/26/2026 17:57:06,29.079,23.067
1697,1,9,23540.290000,3034.940000,0.918604,3.251180,2.399786,3.557794,1,02/26/2026 17:57:26,29.079,23.083
1698,1,9,23542.370000,3037.020000,0.919991,3.256113,2.399786,3.558099,164,02/26/2026 17:57:29,29.079,23.083
1699,1,10,23542.380000,3037.030000,0.919991,3.256113,1.352865,3.504692,0,02/26/2026 17:57:29,29.079,23.083
1700,1,10,23542.630000,3037.280000,0.920089,3.256455,1.349966,3.499199,5,02/26/2026 17:57:29,29.079,23.083
1701,1,10,23543.540000,3038.190000,0.920430,3.257648,1.349966,3.493706,5,02/26/2026 17:57:30,29.079,23.083
1702,1,10,23545.610000,3040.260000,0.921206,3.260357,1.350118,3.488518,5,02/26/2026 17:57:32,29.063,23.083
1703,1,10,23549.340000,3043.990000,0.922605,3.265233,1.350118,3.483635,5,02/26/2026 17:57:36,29.047,23.083
1704,1,10,23555.780000,3050.430000,0.925019,3.273640,1.349966,3.478752,5,02/26/2026 17:57:42,29.047,23.083
1705,1,10,23569.300000,3063.950000,0.930089,3.291263,1.349966,3.473564,5,02/26/2026 17:57:55,29.047,23.099
1706,1,10,23589.300000,3083.950000,0.937589,3.317305,1.349966,3.471733,1,02/26/2026 17:58:16,28.998,23.115
1707,1,10,23609.300000,3103.950000,0.945088,3.343338,1.350118,3.471427,1,02/26/2026 17:58:35,28.902,23.131
1708,1,10,23629.300000,3123.950000,0.952588,3.369373,1.349813,3.471733,1,02/26/2026 17:58:56,28.837,23.147
1709,1,10,23649.300000,3143.950000,0.960087,3.395416,1.350118,3.472953,1,02/26/2026 17:59:15,28.757,23.163
1710,1,10,23669.300000,3163.950000,0.967587,3.421467,1.349966,3.474174,1,02/26/2026 17:59:36,28.660,23.163
1711,1,10,23689.300000,3183.950000,0.975086,3.447528,1.349966,3.475395,1,02/26/2026 17:59:55,28.595,23.179
1712,1,10,23709.300000,3203.950000,0.982586,3.473601,1.349966,3.477226,1,02/26/2026 18:00:16,28.547,23.179
1713,1,10,23729.300000,3223.950000,0.990085,3.499686,1.349660,3.478752,1,02/26/2026 18:00:36,28.402,23.179
1714,1,10,23749.300000,3243.950000,0.997585,3.525781,1.349660,3.479973,1,02/26/2026 18:00:56,28.338,23.179
1715,1,10,23769.300000,3263.950000,1.005084,3.551887,1.350118,3.481498,1,02/26/2026 18:01:16,28.273,23.179
1716,1,10,23789.300000,3283.950000,1.012584,3.578003,1.349660,3.483024,1,02/26/2026 18:01:35,28.257,23.195
1717,1,10,23809.300000,3303.950000,1.020083,3.604131,1.349966,3.484550,1,02/26/2026 18:01:55,28.144,23.179
1718,1,10,23829.300000,3323.950000,1.027583,3.630271,1.349813,3.485771,1,02/26/2026 18:02:15,28.048,23.163
1719,1,10,23849.300000,3343.950000,1.035082,3.656422,1.349966,3.487602,1,02/26/2026 18:02:35,27.951,23.131
1720,1,10,23869.300000,3363.950000,1.042582,3.682583,1.349660,3.488823,1,02/26/2026 18:02:55,27.903,23.115
1721,1,10,23889.300000,3383.950000,1.050081,3.708755,1.349813,3.490349,1,02/26/2026 18:03:15,27.838,23.083
1722,1,10,23909.300000,3403.950000,1.057580,3.734938,1.349966,3.492180,1,02/26/2026 18:03:35,27.693,23.067
1723,1,10,23929.300000,3423.950000,1.065080,3.761133,1.349966,3.493706,1,02/26/2026 18:03:56,27.629,23.051
1724,1,10,23949.300000,3443.950000,1.072579,3.787340,1.349813,3.494926,1,02/26/2026 18:04:15,27.597,23.035
1725,1,10,23969.300000,3463.950000,1.080079,3.813557,1.350271,3.496452,1,02/26/2026 18:04:35,27.532,23.019
1726,1,10,23989.300000,3483.950000,1.087578,3.839786,1.349813,3.497978,1,02/26/2026 18:04:55,27.500,23.002
1727,1,10,24009.300000,3503.950000,1.095078,3.866026,1.350271,3.499199,1,02/26/2026 18:05:15,27.436,22.986
1728,1,10,24029.300000,3523.950000,1.102577,3.892276,1.350118,3.500725,1,02/26/2026 18:05:35,27.355,22.970
1729,1,10,24049.300000,3543.950000,1.110077,3.918537,1.349660,3.502556,1,02/26/2026 18:05:55,27.323,22.986
1730,1,10,24069.300000,3563.950000,1.117576,3.944812,1.350118,3.504082,1,02/26/2026 18:06:15,27.258,22.986
1731,1,10,24089.300000,3583.950000,1.125076,3.971097,1.349813,3.505608,1,02/26/2026 18:06:35,27.258,23.002
1732,1,10,24109.300000,3603.950000,1.132575,3.997394,1.349660,3.506828,1,02/26/2026 18:06:55,27.226,23.019
1733,1,10,24129.300000,3623.950000,1.140075,4.023702,1.350118,3.508659,1,02/26/2026 18:07:15,27.178,23.035
1734,1,10,24149.300000,3643.950000,1.147574,4.050021,1.349813,3.510491,1,02/26/2026 18:07:35,27.162,23.067
1735,1,10,24169.300000,3663.950000,1.155074,4.076353,1.349966,3.512016,1,02/26/2026 18:07:55,27.178,23.067
1736,1,10,24189.300000,3683.950000,1.162573,4.102698,1.349813,3.513542,1,02/26/2026 18:08:15,27.162,23.083
1737,1,10,24209.300000,3703.950000,1.170073,4.129055,1.350118,3.515373,1,02/26/2026 18:08:35,27.146,23.099
1738,1,10,24229.300000,3723.950000,1.177572,4.155424,1.349966,3.516594,1,02/26/2026 18:08:55,27.113,23.115
1739,1,10,24249.300000,3743.950000,1.185072,4.181806,1.350118,3.518425,1,02/26/2026 18:09:15,27.130,23.115
1740,1,10,24269.300000,3763.950000,1.192571,4.208201,1.349660,3.520256,1,02/26/2026 18:09:35,27.081,23.131
1741,1,10,24289.300000,3783.950000,1.200071,4.234608,1.349813,3.522087,1,02/26/2026 18:09:55,27.097,23.147
1742,1,10,24309.300000,3803.950000,1.207570,4.261029,1.350118,3.523919,1,02/26/2026 18:10:15,27.081,23.163
1743,1,10,24329.300000,3823.950000,1.215070,4.287463,1.349660,3.525139,1,02/26/2026 18:10:35,27.081,23.179
1744,1,10,24349.300000,3843.950000,1.222569,4.313910,1.349966,3.526970,1,02/26/2026 18:10:55,27.081,23.179
1745,1,10,24360.160000,3854.810000,1.226642,4.328277,1.349813,3.529107,164,02/26/2026 18:11:06,27.033,23.163
1746,1,11,24360.170000,3854.820000,1.226642,4.328277,0.754253,3.496757,0,02/26/2026 18:11:06,27.033,23.163
1747,1,11,24360.460000,3855.110000,1.226704,4.328495,0.749676,3.491264,5,02/26/2026 18:11:07,27.033,23.163
1748,1,11,24361.470000,3856.120000,1.226914,4.329229,0.749828,3.486076,5,02/26/2026 18:11:08,27.017,23.179
1749,1,11,24363.290000,3857.940000,1.227294,4.330550,0.749676,3.481193,5,02/26/2026 18:11:09,27.001,23.179
1750,1,11,24366.830000,3861.480000,1.228031,4.333115,0.749676,3.476310,5,02/26/2026 18:11:13,27.017,23.179
1751,1,11,24372.830000,3867.480000,1.229281,4.337457,0.750134,3.471427,5,02/26/2026 18:11:19,27.033,23.179
1752,1,11,24383.360000,3878.010000,1.231474,4.345066,0.750286,3.466239,5,02/26/2026 18:11:30,27.033,23.195
1753,1,11,24403.360000,3898.010000,1.235641,4.359499,0.750286,3.461967,1,02/26/2026 18:11:50,26.985,23.195
1754,1,11,24423.360000,3918.010000,1.239807,4.373920,0.750134,3.460746,1,02/26/2026 18:12:10,26.888,23.179
1755,1,11,24443.360000,3938.010000,1.243973,4.388336,0.749676,3.460136,1,02/26/2026 18:12:30,26.807,23.195
1756,1,11,24463.360000,3958.010000,1.248139,4.402752,0.749981,3.460136,1,02/26/2026 18:12:50,26.775,23.179
1757,1,11,24483.360000,3978.010000,1.252306,4.417168,0.749676,3.460441,1,02/26/2026 18:13:10,26.711,23.163
1758,1,11,24503.360000,3998.010000,1.256472,4.431587,0.749981,3.461357,1,02/26/2026 18:13:30,26.679,23.163
1759,1,11,24523.360000,4018.010000,1.260638,4.446010,0.750134,3.461967,1,02/26/2026 18:13:50,26.566,23.147
1760,1,11,24543.360000,4038.010000,1.264804,4.460437,0.749981,3.463493,1,02/26/2026 18:14:10,26.485,23.131
1761,1,11,24563.360000,4058.010000,1.268971,4.474868,0.749828,3.464103,1,02/26/2026 18:14:30,26.453,23.115
1762,1,11,24583.360000,4078.010000,1.273137,4.489304,0.750134,3.465629,1,02/26/2026 18:14:50,26.356,23.083
1763,1,11,24603.360000,4098.010000,1.277303,4.503745,0.749828,3.466850,1,02/26/2026 18:15:10,26.308,23.067
1764,1,11,24623.360000,4118.010000,1.281469,4.518192,0.749676,3.468070,1,02/26/2026 18:15:30,26.227,23.051
1765,1,11,24643.360000,4138.010000,1.285636,4.532646,0.750134,3.469596,1,02/26/2026 18:15:50,26.163,23.019
1766,1,11,24663.360000,4158.010000,1.289802,4.547104,0.749828,3.471122,1,02/26/2026 18:16:10,26.115,23.002
1767,1,11,24683.360000,4178.010000,1.293968,4.561568,0.749981,3.472343,1,02/26/2026 18:16:30,26.050,23.002
1768,1,11,24703.360000,4198.010000,1.298134,4.576038,0.749828,3.473869,1,02/26/2026 18:16:50,26.018,23.002
1769,1,11,24723.360000,4218.010000,1.302301,4.590514,0.750134,3.475090,1,02/26/2026 18:17:10,25.986,23.019
1770,1,11,24743.360000,4238.010000,1.306467,4.604996,0.749828,3.476921,1,02/26/2026 18:17:30,25.986,23.035
1771,1,11,24763.360000,4258.010000,1.310633,4.619485,0.749981,3.478141,1,02/26/2026 18:17:50,25.954,23.035
1772,1,11,24783.360000,4278.010000,1.314799,4.633980,0.749828,3.479667,1,02/26/2026 18:18:10,25.938,23.051
1773,1,11,24803.360000,4298.010000,1.318966,4.648480,0.750286,3.481193,1,02/26/2026 18:18:30,25.905,23.067
1774,1,11,24823.360000,4318.010000,1.323132,4.662987,0.750286,3.482719,1,02/26/2026 18:18:50,25.905,23.067
1775,1,11,24843.360000,4338.010000,1.327298,4.677500,0.750286,3.484245,1,02/26/2026 18:19:10,25.889,23.067
1776,1,11,24863.360000,4358.010000,1.331464,4.692021,0.750134,3.486076,1,02/26/2026 18:19:30,25.873,23.067
1777,1,11,24883.360000,4378.010000,1.335631,4.706548,0.749676,3.487602,1,02/26/2026 18:19:50,25.857,23.083
1778,1,11,24903.360000,4398.010000,1.339797,4.721081,0.749828,3.489128,1,02/26/2026 18:20:10,25.809,23.083
1779,1,11,24923.360000,4418.010000,1.343963,4.735621,0.749981,3.490654,1,02/26/2026 18:20:30,25.793,23.083
1780,1,11,24943.360000,4438.010000,1.348129,4.750168,0.749828,3.492180,1,02/26/2026 18:20:50,25.776,23.083
1781,1,11,24963.360000,4458.010000,1.352295,4.764723,0.749981,3.494316,1,02/26/2026 18:21:10,25.776,23.083
1782,1,11,24983.360000,4478.010000,1.356462,4.779285,0.749981,3.496147,1,02/26/2026 18:21:30,25.776,23.083
1783,1,11,25003.360000,4498.010000,1.360628,4.793854,0.749981,3.497673,1,02/26/2026 18:21:50,25.728,23.083
1784,1,11,25023.360000,4518.010000,1.364794,4.808430,0.749981,3.499809,1,02/26/2026 18:22:10,25.728,23.083
1785,1,11,25043.360000,4538.010000,1.368960,4.823014,0.749981,3.501335,1,02/26/2026 18:22:30,25.712,23.083
1786,1,11,25063.360000,4558.010000,1.373127,4.837606,0.749828,3.503471,1,02/26/2026 18:22:50,25.696,23.099
1787,1,11,25083.360000,4578.010000,1.377293,4.852206,0.750134,3.505608,1,02/26/2026 18:23:10,25.680,23.083
1788,1,11,25103.360000,4598.010000,1.381459,4.866814,0.749828,3.507134,1,02/26/2026 18:23:30,25.648,23.067
1789,1,11,25123.360000,4618.010000,1.385625,4.881430,0.749828,3.508965,1,02/26/2026 18:23:50,25.599,23.035
1790,1,11,25143.360000,4638.010000,1.389792,4.896055,0.749981,3.511406,1,02/26/2026 18:24:10,25.567,23.019
1791,1,11,25163.360000,4658.010000,1.393958,4.910689,0.749981,3.513848,1,02/26/2026 18:24:30,25.535,22.986
1792,1,11,25183.360000,4678.010000,1.398124,4.925332,0.749981,3.515679,1,02/26/2026 18:24:50,25.486,22.970
1793,1,11,25203.360000,4698.010000,1.402290,4.939984,0.750134,3.517815,1,02/26/2026 18:25:10,25.454,22.938
1794,1,11,25223.360000,4718.010000,1.406457,4.954646,0.750134,3.520562,1,02/26/2026 18:25:30,25.438,22.938
1795,1,11,25243.360000,4738.010000,1.410623,4.969318,0.749676,3.522698,1,02/26/2026 18:25:50,25.406,22.922
1796,1,11,25263.360000,4758.010000,1.414789,4.983999,0.749828,3.525139,1,02/26/2026 18:26:10,25.374,22.906
1797,1,11,25283.360000,4778.010000,1.418955,4.998691,0.749981,3.527886,1,02/26/2026 18:26:30,25.358,22.890
1798,1,11,25303.360000,4798.010000,1.423122,5.013394,0.749828,3.530327,1,02/26/2026 18:26:50,25.358,22.874
1799,1,11,25323.360000,4818.010000,1.427288,5.028107,0.749676,3.532769,1,02/26/2026 18:27:10,25.325,22.874
1800,1,11,25343.360000,4838.010000,1.431454,5.042833,0.749981,3.535821,1,02/26/2026 18:27:30,25.325,22.874
1801,1,11,25363.360000,4858.010000,1.435620,5.057571,0.749981,3.538567,1,02/26/2026 18:27:50,25.325,22.874
1802,1,11,25383.360000,4878.010000,1.439787,5.072321,0.749828,3.541924,1,02/26/2026 18:28:10,25.342,22.890
1803,1,11,25403.360000,4898.010000,1.443953,5.087085,0.749981,3.545281,1,02/26/2026 18:28:30,25.325,22.906
1804,1,11,25423.360000,4918.010000,1.448119,5.101864,0.749981,3.548943,1,02/26/2026 18:28:50,25.342,22.922
1805,1,11,25443.360000,4938.010000,1.452285,5.116658,0.749981,3.552605,1,02/26/2026 18:29:10,25.358,22.922
1806,1,11,25463.360000,4958.010000,1.456452,5.131469,0.749828,3.557183,1,02/26/2026 18:29:30,25.390,22.938
1807,1,11,25483.360000,4978.010000,1.460618,5.146299,0.750134,3.561456,1,02/26/2026 18:29:50,25.406,22.954
1808,1,11,25501.790000,4996.440000,1.464457,5.159982,0.749828,3.566339,5,02/26/2026 18:30:08,25.406,22.954
1809,1,11,25519.590000,5014.240000,1.468165,5.173214,0.749828,3.571221,5,02/26/2026 18:30:26,25.422,22.970
1810,1,11,25535.690000,5030.340000,1.471519,5.185200,0.750134,3.576104,5,02/26/2026 18:30:42,25.422,22.970
1811,1,11,25549.960000,5044.610000,1.474491,5.195837,0.749828,3.580987,5,02/26/2026 18:30:56,25.438,22.986
1812,1,11,25563.490000,5058.140000,1.477310,5.205937,0.749981,3.586175,5,02/26/2026 18:31:10,25.438,23.002
1813,1,11,25576.990000,5071.640000,1.480122,5.216029,0.749981,3.591058,5,02/26/2026 18:31:23,25.438,23.002
1814,1,11,25587.320000,5081.970000,1.482274,5.223761,0.749981,3.595941,5,02/26/2026 18:31:34,25.470,23.002
1815,1,11,25598.390000,5093.040000,1.484580,5.232059,0.749828,3.600824,5,02/26/2026 18:31:45,25.470,23.002
1816,1,11,25607.610000,5102.260000,1.486501,5.238980,0.749828,3.605707,5,02/26/2026 18:31:54,25.486,23.019
1817,1,11,25616.960000,5111.610000,1.488448,5.246008,0.750286,3.610590,5,02/26/2026 18:32:03,25.486,23.019
1818,1,11,25625.390000,5120.040000,1.490204,5.252352,0.750134,3.615473,5,02/26/2026 18:32:12,25.503,23.019
1819,1,11,25633.820000,5128.470000,1.491960,5.258706,0.749981,3.620356,5,02/26/2026 18:32:20,25.503,23.035
1820,1,11,25640.750000,5135.400000,1.493404,5.263936,0.749981,3.625238,5,02/26/2026 18:32:27,25.519,23.035
1821,1,11,25648.130000,5142.780000,1.494941,5.269513,0.749981,3.630426,5,02/26/2026 18:32:34,25.519,23.035
1822,1,11,25655.050000,5149.700000,1.496383,5.274750,0.749981,3.635309,5,02/26/2026 18:32:41,25.535,23.035
1823,1,11,25661.000000,5155.650000,1.497622,5.279258,0.749828,3.640192,5,02/26/2026 18:32:47,25.535,23.051
1824,1,11,25667.060000,5161.710000,1.498885,5.283857,0.749981,3.645075,5,02/26/2026 18:32:53,25.567,23.051
1825,1,11,25672.600000,5167.250000,1.500039,5.288066,0.749676,3.649958,5,02/26/2026 18:32:59,25.567,23.051
1826,1,11,25673.900000,5168.550000,1.500308,5.289049,0.739452,3.650263,4,02/26/2026 18:33:00,25.567,23.051
1827,1,11,25675.160000,5169.810000,1.500565,5.289987,0.729229,3.650263,4,02/26/2026 18:33:01,25.567,23.051
1828,1,11,25676.850000,5171.500000,1.500905,5.291228,0.719158,3.650263,4,02/26/2026 18:33:03,25.567,23.067
1829,1,11,25679.120000,5173.770000,1.501355,5.292870,0.709087,3.649958,4,02/26/2026 18:33:05,25.567,23.067
1830,1,11,25681.630000,5176.280000,1.501846,5.294662,0.699016,3.649653,4,02/26/2026 18:33:08,25.583,23.067
1831,1,11,25684.190000,5178.840000,1.502340,5.296465,0.688945,3.649958,4,02/26/2026 18:33:10,25.583,23.051
1832,1,11,25686.760000,5181.410000,1.502828,5.298248,0.678721,3.650263,4,02/26/2026 18:33:13,25.583,23.051
1833,1,11,25689.280000,5183.930000,1.503300,5.299970,0.668650,3.649958,4,02/26/2026 18:33:15,25.567,23.067
1834,1,11,25692.300000,5186.950000,1.503857,5.302003,0.658579,3.650263,4,02/26/2026 18:33:18,25.583,23.051
1835,1,11,25695.070000,5189.720000,1.504360,5.303838,0.648508,3.650263,4,02/26/2026 18:33:21,25.599,23.051
1836,1,11,25697.490000,5192.140000,1.504792,5.305417,0.638132,3.649958,4,02/26/2026 18:33:24,25.599,23.051
1837,1,11,25700.480000,5195.130000,1.505318,5.307337,0.628061,3.649958,4,02/26/2026 18:33:27,25.599,23.051
1838,1,11,25703.320000,5197.970000,1.505810,5.309131,0.617990,3.649958,4,02/26/2026 18:33:30,25.615,23.067
1839,1,11,25706.120000,5200.770000,1.506287,5.310872,0.607919,3.649958,4,02/26/2026 18:33:32,25.599,23.067
1840,1,11,25708.890000,5203.540000,1.506750,5.312564,0.597848,3.649653,4,02/26/2026 18:33:35,25.599,23.067
1841,1,11,25711.490000,5206.140000,1.507179,5.314129,0.587778,3.650263,4,02/26/2026 18:33:38,25.599,23.067
1842,1,11,25714.790000,5209.440000,1.507714,5.316082,0.577401,3.650263,4,02/26/2026 18:33:41,25.599,23.051
1843,1,11,25717.280000,5211.930000,1.508111,5.317530,0.567178,3.649958,4,02/26/2026 18:33:43,25.599,23.067
1844,1,11,25720.770000,5215.420000,1.508657,5.319523,0.557107,3.649958,4,02/26/2026 18:33:47,25.599,23.067
1845,1,11,25723.480000,5218.130000,1.509073,5.321042,0.547036,3.649958,4,02/26/2026 18:33:50,25.615,23.067
1846,1,11,25726.500000,5221.150000,1.509528,5.322704,0.536965,3.649958,4,02/26/2026 18:33:53,25.615,23.067
1847,1,11,25729.770000,5224.420000,1.510013,5.324471,0.526894,3.649958,4,02/26/2026 18:33:56,25.615,23.067
1848,1,11,25733.180000,5227.830000,1.510507,5.326276,0.516823,3.649653,4,02/26/2026 18:33:59,25.615,23.067
1849,1,11,25736.350000,5231.000000,1.510958,5.327921,0.506752,3.649653,4,02/26/2026 18:34:03,25.599,23.067
1850,1,11,25739.510000,5234.160000,1.511398,5.329528,0.496681,3.649958,4,02/26/2026 18:34:06,25.615,23.067
1851,1,11,25742.520000,5237.170000,1.511809,5.331029,0.486610,3.650263,4,02/26/2026 18:34:09,25.615,23.051
1852,1,11,25746.030000,5240.680000,1.512279,5.332745,0.476539,3.649958,4,02/26/2026 18:34:12,25.615,23.067
1853,1,11,25749.270000,5243.920000,1.512704,5.334295,0.466468,3.649958,4,02/26/2026 18:34:15,25.599,23.067
1854,1,11,25752.760000,5247.410000,1.513152,5.335931,0.456397,3.649958,4,02/26/2026 18:34:19,25.599,23.067
1855,1,11,25756.550000,5251.200000,1.513628,5.337668,0.446326,3.649958,4,02/26/2026 18:34:23,25.615,23.067
1856,1,11,25760.050000,5254.700000,1.514057,5.339234,0.436255,3.649958,4,02/26/2026 18:34:26,25.615,23.051
1857,1,11,25763.940000,5258.590000,1.514523,5.340935,0.426032,3.650263,4,02/26/2026 18:34:30,25.615,23.067
1858,1,11,25767.790000,5262.440000,1.514973,5.342576,0.415808,3.649958,4,02/26/2026 18:34:34,25.599,23.067
1859,1,11,25770.960000,5265.610000,1.515335,5.343898,0.405737,3.649958,4,02/26/2026 18:34:37,25.599,23.067
1860,1,11,25775.010000,5269.660000,1.515787,5.345547,0.395666,3.649958,4,02/26/2026 18:34:41,25.599,23.051
1861,1,11,25778.930000,5273.580000,1.516213,5.347102,0.385595,3.649958,4,02/26/2026 18:34:45,25.599,23.051
1862,1,11,25783.110000,5277.760000,1.516656,5.348719,0.375372,3.649958,4,02/26/2026 18:34:49,25.599,23.051
1863,1,11,25787.570000,5282.220000,1.517115,5.350396,0.365301,3.649958,4,02/26/2026 18:34:54,25.583,23.051
1864,1,11,25791.970000,5286.620000,1.517556,5.352004,0.355230,3.649958,4,02/26/2026 18:34:58,25.583,23.051
1865,1,11,25796.170000,5290.820000,1.517965,5.353497,0.345159,3.649958,4,02/26/2026 18:35:02,25.583,23.051
1866,1,11,25800.940000,5295.590000,1.518416,5.355144,0.335088,3.650263,4,02/26/2026 18:35:07,25.567,23.035
1867,1,11,25805.540000,5300.190000,1.518838,5.356684,0.325017,3.649958,4,02/26/2026 18:35:12,25.551,23.035
1868,1,11,25809.980000,5304.630000,1.519234,5.358131,0.314946,3.649653,4,02/26/2026 18:35:16,25.535,23.019
1869,1,11,25815.490000,5310.140000,1.519710,5.359868,0.304875,3.649958,4,02/26/2026 18:35:22,25.535,23.019
1870,1,11,25820.740000,5315.390000,1.520148,5.361466,0.294804,3.649958,4,02/26/2026 18:35:27,25.519,23.002
1871,1,11,25826.380000,5321.030000,1.520603,5.363126,0.284733,3.649958,4,02/26/2026 18:35:33,25.503,23.002
1872,1,11,25831.970000,5326.620000,1.521037,5.364711,0.274662,3.649958,4,02/26/2026 18:35:38,25.503,23.002
1873,1,11,25838.000000,5332.650000,1.521489,5.366361,0.264591,3.649653,4,02/26/2026 18:35:44,25.503,22.986
1874,1,11,25844.170000,5338.820000,1.521935,5.367987,0.254520,3.649653,4,02/26/2026 18:35:50,25.470,22.986
1875,1,11,25850.370000,5345.020000,1.522365,5.369558,0.244297,3.650263,4,02/26/2026 18:35:57,25.454,22.970
1876,1,11,25857.140000,5351.790000,1.522817,5.371206,0.234226,3.649958,4,02/26/2026 18:36:03,25.438,22.954
1877,1,11,25864.640000,5359.290000,1.523295,5.372954,0.224155,3.649958,4,02/26/2026 18:36:11,25.422,22.954
1878,1,11,25872.230000,5366.880000,1.523758,5.374643,0.213931,3.649653,4,02/26/2026 18:36:18,25.406,22.938
1879,1,11,25879.930000,5374.580000,1.524207,5.376280,0.203861,3.649958,4,02/26/2026 18:36:26,25.390,22.938
1880,1,11,25889.040000,5383.690000,1.524711,5.378120,0.193790,3.650263,4,02/26/2026 18:36:35,25.374,22.938
1881,1,11,25897.930000,5392.580000,1.525177,5.379823,0.183719,3.649958,4,02/26/2026 18:36:44,25.342,22.938
1882,1,11,25908.340000,5402.990000,1.525694,5.381710,0.173648,3.649958,4,02/26/2026 18:36:54,25.325,22.922
1883,1,11,25917.120000,5411.770000,1.526106,5.383214,0.163577,3.649958,4,02/26/2026 18:37:03,25.309,22.906
1884,1,11,25929.810000,5424.460000,1.526667,5.385260,0.153506,3.649958,4,02/26/2026 18:37:16,25.277,22.890
1885,1,11,25941.290000,5435.940000,1.527141,5.386990,0.143435,3.649958,4,02/26/2026 18:37:27,25.245,22.874
1886,1,11,25953.280000,5447.930000,1.527605,5.388683,0.133364,3.649958,4,02/26/2026 18:37:39,25.213,22.874
1887,1,11,25968.820000,5463.470000,1.528162,5.390717,0.123140,3.649653,4,02/26/2026 18:37:55,25.180,22.858
1888,1,11,25983.870000,5478.520000,1.528661,5.392537,0.113069,3.649653,4,02/26/2026 18:38:10,25.132,22.858
1889,1,11,26003.000000,5497.650000,1.529241,5.394654,0.102998,3.649958,4,02/26/2026 18:38:29,25.116,22.858
1890,1,11,26023.000000,5517.650000,1.529789,5.396657,0.093538,3.649958,1,02/26/2026 18:38:49,25.084,22.874
1891,1,11,26043.000000,5537.650000,1.530287,5.398474,0.086671,3.649653,1,02/26/2026 18:39:09,25.052,22.874
1892,1,11,26063.000000,5557.650000,1.530740,5.400127,0.077516,3.649958,1,02/26/2026 18:39:29,25.035,22.890
1893,1,11,26083.000000,5577.650000,1.531152,5.401632,0.070954,3.649958,1,02/26/2026 18:39:49,25.019,22.906
1894,1,11,26103.000000,5597.650000,1.531529,5.403007,0.065919,3.649653,1,02/26/2026 18:40:09,24.987,22.906
1895,1,11,26123.000000,5617.650000,1.531875,5.404270,0.058900,3.649958,1,02/26/2026 18:40:29,24.971,22.922
1896,1,11,26143.000000,5637.650000,1.532193,5.405428,0.054322,3.649653,1,02/26/2026 18:40:49,24.955,22.938
1897,1,11,26163.000000,5657.650000,1.532485,5.406495,0.050813,3.649958,1,02/26/2026 18:41:09,24.939,22.954
1898,1,11,26183.000000,5677.650000,1.532755,5.407480,0.047608,3.649958,1,02/26/2026 18:41:29,24.923,22.970
1899,1,11,26203.000000,5697.650000,1.533004,5.408389,0.044251,3.649958,1,02/26/2026 18:41:49,24.907,22.986
1900,1,11,26223.000000,5717.650000,1.533236,5.409235,0.039673,3.649958,1,02/26/2026 18:42:09,24.890,23.002
1901,1,11,26243.000000,5737.650000,1.533451,5.410021,0.036469,3.649653,1,02/26/2026 18:42:29,24.874,23.002
1902,1,11,26263.000000,5757.650000,1.533652,5.410755,0.034180,3.649958,1,02/26/2026 18:42:49,24.858,23.019
1903,1,11,26283.000000,5777.650000,1.533839,5.411438,0.033265,3.649958,1,02/26/2026 18:43:09,24.842,23.035
1904,1,11,26303.000000,5797.650000,1.534015,5.412079,0.031128,3.649958,1,02/26/2026 18:43:29,24.826,23.035
1905,1,11,26323.000000,5817.650000,1.534179,5.412678,0.028687,3.649653,1,02/26/2026 18:43:49,24.810,23.067
1906,1,11,26343.000000,5837.650000,1.534334,5.413243,0.025788,3.649653,1,02/26/2026 18:44:09,24.794,23.067
1907,1,11,26363.000000,5857.650000,1.534479,5.413775,0.024567,3.650263,1,02/26/2026 18:44:29,24.762,23.067
1908,1,11,26383.000000,5877.650000,1.534617,5.414276,0.023346,3.649958,1,02/26/2026 18:44:49,24.729,23.067
1909,1,11,26403.000000,5897.650000,1.534746,5.414747,0.022889,3.649958,1,02/26/2026 18:45:09,24.713,23.067
1910,1,11,26423.000000,5917.650000,1.534867,5.415191,0.022278,3.649958,1,02/26/2026 18:45:29,24.681,23.067
1911,1,11,26443.000000,5937.650000,1.534983,5.415613,0.020142,3.649958,1,02/26/2026 18:45:49,24.649,23.051
1912,1,11,26463.000000,5957.650000,1.535093,5.416014,0.018769,3.650263,1,02/26/2026 18:46:09,24.601,23.035
1913,1,11,26483.000000,5977.650000,1.535197,5.416394,0.018311,3.649653,1,02/26/2026 18:46:29,24.552,23.002
1914,1,11,26503.000000,5997.650000,1.535295,5.416754,0.017243,3.649958,1,02/26/2026 18:46:49,24.504,22.986
1915,1,11,26523.000000,6017.650000,1.535390,5.417099,0.015564,3.649958,1,02/26/2026 18:47:09,24.456,22.970
1916,1,11,26534.410000,6029.060000,1.535442,5.417288,0.014801,3.649653,132,02/26/2026 18:47:21,24.423,22.954
1917,1,12,26534.420000,0.010000,0.000000,0.000000,0.000000,3.648737,0,02/26/2026 18:47:21,24.423,22.954
1918,1,12,26540.980000,6.570000,0.000000,0.000000,0.000000,3.643854,5,02/26/2026 18:47:27,24.423,22.938
1919,1,12,26548.700000,14.290000,0.000000,0.000000,0.000000,3.638666,5,02/26/2026 18:47:35,24.407,22.938
1920,1,12,26557.170000,22.760000,0.000000,0.000000,0.000000,3.633783,5,02/26/2026 18:47:43,24.391,22.922
1921,1,12,26566.350000,31.940000,0.000000,0.000000,0.000000,3.628595,5,02/26/2026 18:47:53,24.375,22.922
1922,1,12,26577.630000,43.220000,0.000000,0.000000,0.000000,3.623713,5,02/26/2026 18:48:04,24.343,22.906
1923,1,12,26587.910000,53.500000,0.000000,0.000000,0.000000,3.618830,5,02/26/2026 18:48:14,24.327,22.906
1924,1,12,26600.030000,65.620000,0.000000,0.000000,0.000000,3.613947,5,02/26/2026 18:48:26,24.311,22.890
1925,1,12,26612.860000,78.450000,0.000000,0.000000,0.000000,3.609064,5,02/26/2026 18:48:39,24.278,22.874
1926,1,12,26626.500000,92.090000,0.000000,0.000000,0.000000,3.603876,5,02/26/2026 18:48:53,24.262,22.874
1927,1,12,26642.270000,107.860000,0.000000,0.000000,0.000000,3.598993,5,02/26/2026 18:49:08,24.262,22.890
1928,1,12,26657.260000,122.850000,0.000000,0.000000,0.000000,3.593805,5,02/26/2026 18:49:23,24.246,22.890
1929,1,12,26675.500000,141.090000,0.000000,0.000000,0.000000,3.588922,5,02/26/2026 18:49:42,24.246,22.906
1930,1,12,26693.170000,158.760000,0.000000,0.000000,0.000000,3.583734,5,02/26/2026 18:49:59,24.246,22.922
1931,1,12,26713.170000,178.760000,0.000000,0.000000,0.000000,3.579156,1,02/26/2026 18:50:19,24.246,22.938
1932,1,12,26733.170000,198.760000,0.000000,0.000000,0.000000,3.574273,1,02/26/2026 18:50:43,24.246,22.938
1933,1,12,26753.170000,218.760000,0.000000,0.000000,0.000000,3.570306,1,02/26/2026 18:50:59,24.246,22.970
1934,1,12,26773.170000,238.760000,0.000000,0.000000,0.000000,3.566033,1,02/26/2026 18:51:19,24.246,22.970
1935,1,12,26793.170000,258.760000,0.000000,0.000000,0.000000,3.562066,1,02/26/2026 18:51:39,24.246,22.986
1936,1,12,26813.170000,278.760000,0.000000,0.000000,0.000000,3.558404,1,02/26/2026 18:51:59,24.230,23.002
1937,1,12,26833.170000,298.760000,0.000000,0.000000,0.000000,3.555352,1,02/26/2026 18:52:19,24.246,23.019
1938,1,12,26853.170000,318.760000,0.000000,0.000000,0.000000,3.551385,1,02/26/2026 18:52:39,24.246,23.035
1939,1,12,26873.170000,338.760000,0.000000,0.000000,0.000000,3.548638,1,02/26/2026 18:52:59,24.246,23.051
1940,1,12,26893.170000,358.760000,0.000000,0.000000,0.000000,3.546197,1,02/26/2026 18:53:19,24.246,23.067
1941,1,12,26913.170000,378.760000,0.000000,0.000000,0.000000,3.543450,1,02/26/2026 18:53:39,24.246,23.083
1942,1,12,26933.170000,398.760000,0.000000,0.000000,0.000000,3.540398,1,02/26/2026 18:53:59,24.230,23.083
1943,1,12,26953.170000,418.760000,0.000000,0.000000,0.000000,3.537957,1,02/26/2026 18:54:19,24.230,23.099
1944,1,12,26973.170000,438.760000,0.000000,0.000000,0.000000,3.535515,1,02/26/2026 18:54:39,24.230,23.099
1945,1,12,26993.170000,458.760000,0.000000,0.000000,0.000000,3.533379,1,02/26/2026 18:54:59,24.230,23.099
1946,1,12,27013.170000,478.760000,0.000000,0.000000,0.000000,3.531243,1,02/26/2026 18:55:19,24.214,23.099
1947,1,12,27033.170000,498.760000,0.000000,0.000000,0.000000,3.529107,1,02/26/2026 18:55:39,24.214,23.115
1948,1,12,27053.170000,518.760000,0.000000,0.000000,0.000000,3.526970,1,02/26/2026 18:55:59,24.214,23.115
1949,1,12,27073.170000,538.760000,0.000000,0.000000,0.000000,3.524834,1,02/26/2026 18:56:19,24.198,23.115
1950,1,12,27093.170000,558.760000,0.000000,0.000000,0.000000,3.523003,1,02/26/2026 18:56:39,24.166,23.115
1951,1,12,27113.170000,578.760000,0.000000,0.000000,0.000000,3.521477,1,02/26/2026 18:56:59,24.149,23.099
1952,1,12,27133.170000,598.760000,0.000000,0.000000,0.000000,3.519646,1,02/26/2026 18:57:19,24.117,23.083
1953,1,12,27153.170000,618.760000,0.000000,0.000000,0.000000,3.517815,1,02/26/2026 18:57:39,24.085,23.051
1954,1,12,27173.170000,638.760000,0.000000,0.000000,0.000000,3.516289,1,02/26/2026 18:57:59,24.069,23.035
1955,1,12,27193.170000,658.760000,0.000000,0.000000,0.000000,3.514763,1,02/26/2026 18:58:19,24.037,23.002
1956,1,12,27213.170000,678.760000,0.000000,0.000000,0.000000,3.512932,1,02/26/2026 18:58:39,24.004,22.986
1957,1,12,27233.170000,698.760000,0.000000,0.000000,0.000000,3.511406,1,02/26/2026 18:58:59,23.988,22.970
1958,1,12,27253.170000,718.760000,0.000000,0.000000,0.000000,3.509575,1,02/26/2026 18:59:19,23.956,22.954
1959,1,12,27273.170000,738.760000,0.000000,0.000000,0.000000,3.508659,1,02/26/2026 18:59:39,23.924,22.938
1960,1,12,27293.170000,758.760000,0.000000,0.000000,0.000000,3.507134,1,02/26/2026 18:59:59,23.908,22.922
1961,1,12,27313.170000,778.760000,0.000000,0.000000,0.000000,3.505608,1,02/26/2026 19:00:19,23.908,22.922
1962,1,12,27333.170000,798.760000,0.000000,0.000000,0.000000,3.504692,1,02/26/2026 19:00:39,23.908,22.938
1963,1,12,27353.170000,818.760000,0.000000,0.000000,0.000000,3.503471,1,02/26/2026 19:00:59,23.908,22.922
1964,1,12,27373.170000,838.760000,0.000000,0.000000,0.000000,3.502251,1,02/26/2026 19:01:19,23.924,22.938
1965,1,12,27393.170000,858.760000,0.000000,0.000000,0.000000,3.500420,1,02/26/2026 19:01:39,23.940,22.954
1966,1,12,27413.170000,878.760000,0.000000,0.000000,0.000000,3.499809,1,02/26/2026 19:01:59,23.940,22.970
1967,1,12,27433.170000,898.760000,0.000000,0.000000,0.000000,3.498283,1,02/26/2026 19:02:19,23.940,23.002
1968,1,12,27453.170000,918.760000,0.000000,0.000000,0.000000,3.497063,1,02/26/2026 19:02:39,23.972,23.019
1969,1,12,27473.170000,938.760000,0.000000,0.000000,0.000000,3.496147,1,02/26/2026 19:02:59,23.972,23.035
1970,1,12,27493.170000,958.760000,0.000000,0.000000,0.000000,3.495232,1,02/26/2026 19:03:19,23.972,23.067
1971,1,12,27513.170000,978.760000,0.000000,0.000000,0.000000,3.494621,1,02/26/2026 19:03:39,23.988,23.051
1972,1,12,27533.170000,998.760000,0.000000,0.000000,0.000000,3.493400,1,02/26/2026 19:03:59,23.988,23.067
1973,1,12,27553.170000,1018.760000,0.000000,0.000000,0.000000,3.491569,1,02/26/2026 19:04:19,24.004,23.083
1974,1,12,27573.170000,1038.760000,0.000000,0.000000,0.000000,3.490959,1,02/26/2026 19:04:39,23.988,23.067
1975,1,12,27593.170000,1058.760000,0.000000,0.000000,0.000000,3.490043,1,02/26/2026 19:04:59,24.004,23.083
1976,1,12,27613.170000,1078.760000,0.000000,0.000000,0.000000,3.489128,1,02/26/2026 19:05:19,24.021,23.099
1977,1,12,27633.170000,1098.760000,0.000000,0.000000,0.000000,3.488212,1,02/26/2026 19:05:39,24.021,23.115
1978,1,12,27653.170000,1118.760000,0.000000,0.000000,0.000000,3.487297,1,02/26/2026 19:05:59,24.037,23.131
1979,1,12,27673.170000,1138.760000,0.000000,0.000000,0.000000,3.486687,1,02/26/2026 19:06:19,24.021,23.131
1980,1,12,27693.170000,1158.760000,0.000000,0.000000,0.000000,3.485466,1,02/26/2026 19:06:39,24.021,23.131
1981,1,12,27713.170000,1178.760000,0.000000,0.000000,0.000000,3.484855,1,02/26/2026 19:06:59,24.004,23.115
1982,1,12,27733.170000,1198.760000,0.000000,0.000000,0.000000,3.483940,1,02/26/2026 19:07:19,23.972,23.083
1983,1,12,27753.170000,1218.760000,0.000000,0.000000,0.000000,3.482719,1,02/26/2026 19:07:39,23.956,23.067
1984,1,12,27773.170000,1238.760000,0.000000,0.000000,0.000000,3.482109,1,02/26/2026 19:07:59,23.940,23.035
1985,1,12,27793.170000,1258.760000,0.000000,0.000000,0.000000,3.481498,1,02/26/2026 19:08:19,23.892,23.019
1986,1,12,27813.170000,1278.760000,0.000000,0.000000,0.000000,3.480583,1,02/26/2026 19:08:39,23.876,23.002
1987,1,12,27833.170000,1298.760000,0.000000,0.000000,0.000000,3.479973,1,02/26/2026 19:08:59,23.859,22.986
1988,1,12,27853.170000,1318.760000,0.000000,0.000000,0.000000,3.479667,1,02/26/2026 19:09:19,23.843,22.970
1989,1,12,27873.170000,1338.760000,0.000000,0.000000,0.000000,3.478752,1,02/26/2026 19:09:39,23.827,22.970
1990,1,12,27893.170000,1358.760000,0.000000,0.000000,0.000000,3.478141,1,02/26/2026 19:09:59,23.811,22.938
1991,1,12,27913.170000,1378.760000,0.000000,0.000000,0.000000,3.477226,1,02/26/2026 19:10:19,23.811,22.938
1992,1,12,27933.170000,1398.760000,0.000000,0.000000,0.000000,3.476921,1,02/26/2026 19:10:39,23.795,22.938
1993,1,12,27953.170000,1418.760000,0.000000,0.000000,0.000000,3.476005,1,02/26/2026 19:10:59,23.795,22.938
1994,1,12,27973.170000,1438.760000,0.000000,0.000000,0.000000,3.475090,1,02/26/2026 19:11:19,23.811,22.954
1995,1,12,27993.170000,1458.760000,0.000000,0.000000,0.000000,3.474479,1,02/26/2026 19:11:39,23.827,22.986
1996,1,12,28013.170000,1478.760000,0.000000,0.000000,0.000000,3.473869,1,02/26/2026 19:11:59,23.843,23.002
1997,1,12,28033.170000,1498.760000,0.000000,0.000000,0.000000,3.473259,1,02/26/2026 19:12:19,23.859,23.002
1998,1,12,28053.170000,1518.760000,0.000000,0.000000,0.000000,3.472648,1,02/26/2026 19:12:39,23.859,23.019
1999,1,12,28073.170000,1538.760000,0.000000,0.000000,0.000000,3.472038,1,02/26/2026 19:12:59,23.876,23.051
2000,1,12,28093.170000,1558.760000,0.000000,0.000000,0.000000,3.471427,1,02/26/2026 19:13:19,23.908,23.067
2001,1,12,28113.170000,1578.760000,0.000000,0.000000,0.000000,3.470817,1,02/26/2026 19:13:39,23.924,23.083
2002,1,12,28133.170000,1598.760000,0.000000,0.000000,0.000000,3.470207,1,02/26/2026 19:13:59,23.940,23.099
2003,1,12,28153.170000,1618.760000,0.000000,0.000000,0.000000,3.469596,1,02/26/2026 19:14:19,23.956,23.115
2004,1,12,28173.170000,1638.760000,0.000000,0.000000,0.000000,3.468986,1,02/26/2026 19:14:39,23.972,23.163
2005,1,12,28193.170000,1658.760000,0.000000,0.000000,0.000000,3.468681,1,02/26/2026 19:14:59,23.988,23.179
2006,1,12,28213.170000,1678.760000,0.000000,0.000000,0.000000,3.468070,1,02/26/2026 19:15:19,24.004,23.195
2007,1,12,28233.170000,1698.760000,0.000000,0.000000,0.000000,3.467155,1,02/26/2026 19:15:39,24.021,23.195
2008,1,12,28253.170000,1718.760000,0.000000,0.000000,0.000000,3.466545,1,02/26/2026 19:15:59,24.021,23.228
2009,1,12,28273.170000,1738.760000,0.000000,0.000000,0.000000,3.466239,1,02/26/2026 19:16:19,24.037,23.228
2010,1,12,28293.170000,1758.760000,0.000000,0.000000,0.000000,3.465629,1,02/26/2026 19:16:39,24.053,23.244
2011,1,12,28313.170000,1778.760000,0.000000,0.000000,0.000000,3.465019,1,02/26/2026 19:16:59,24.053,23.244
2012,1,12,28333.170000,1798.760000,0.000000,0.000000,0.000000,3.464408,1,02/26/2026 19:17:19,24.053,23.244
2013,1,12,28334.410000,1800.000000,0.000000,0.000000,0.000000,3.464714,129,02/26/2026 19:17:21,24.053,23.244
2014,2,5,28334.450000,0.040000,0.000041,0.000132,-3.752651,3.226978,0,02/26/2026 19:17:21,24.053,23.244
2015,2,5,28334.610000,0.200000,0.000207,0.000667,-3.749905,3.201648,5,02/26/2026 19:17:21,24.053,23.244
2016,2,5,28334.730000,0.320000,0.000332,0.001066,-3.750210,3.186999,5,02/26/2026 19:17:21,24.053,23.244
2017,2,5,28334.860000,0.450000,0.000468,0.001496,-3.750210,3.173877,5,02/26/2026 19:17:21,24.053,23.244
2018,2,5,28335.000000,0.590000,0.000614,0.001958,-3.749905,3.162280,5,02/26/2026 19:17:22,24.053,23.244
2019,2,5,28335.150000,0.740000,0.000770,0.002451,-3.750057,3.151904,5,02/26/2026 19:17:22,24.053,23.244
2020,2,5,28335.300000,0.890000,0.000926,0.002943,-3.749905,3.142748,5,02/26/2026 19:17:22,24.053,23.244
2021,2,5,28335.470000,1.060000,0.001103,0.003498,-3.750057,3.133898,5,02/26/2026 19:17:22,24.053,23.244
2022,2,5,28335.650000,1.240000,0.001291,0.004085,-3.750057,3.125658,5,02/26/2026 19:17:22,24.053,23.244
2023,2,5,28335.840000,1.430000,0.001489,0.004703,-3.749905,3.118029,5,02/26/2026 19:17:22,24.053,23.244
2024,2,5,28336.050000,1.640000,0.001707,0.005384,-3.749905,3.110704,5,02/26/2026 19:17:23,24.053,23.244
2025,2,5,28336.280000,1.870000,0.001947,0.006128,-3.750057,3.103380,5,02/26/2026 19:17:23,24.053,23.244
2026,2,5,28336.550000,2.140000,0.002228,0.007000,-3.750057,3.096361,5,02/26/2026 19:17:23,24.053,23.244
2027,2,5,28336.830000,2.420000,0.002520,0.007902,-3.750057,3.089647,5,02/26/2026 19:17:23,24.053,23.244
2028,2,5,28337.150000,2.740000,0.002853,0.008931,-3.749905,3.083238,5,02/26/2026 19:17:24,24.053,23.244
2029,2,5,28337.500000,3.090000,0.003218,0.010053,-3.749905,3.077134,5,02/26/2026 19:17:24,24.053,23.244
2030,2,5,28337.900000,3.490000,0.003635,0.011334,-3.750057,3.070726,5,02/26/2026 19:17:25,24.053,23.244
2031,2,5,28338.360000,3.950000,0.004114,0.012804,-3.749905,3.064927,5,02/26/2026 19:17:25,24.053,23.244
2032,2,5,28338.850000,4.440000,0.004624,0.014367,-3.750210,3.059434,5,02/26/2026 19:17:25,24.053,23.244
2033,2,5,28339.480000,5.070000,0.005280,0.016373,-3.750057,3.053635,5,02/26/2026 19:17:26,24.053,23.244
2034,2,5,28340.260000,5.850000,0.006093,0.018852,-3.750057,3.048142,5,02/26/2026 19:17:27,24.053,23.244
2035,2,5,28341.160000,6.750000,0.007030,0.021707,-3.750057,3.042649,5,02/26/2026 19:17:28,24.053,23.244
2036,2,5,28342.320000,7.910000,0.008239,0.025380,-3.749905,3.037461,5,02/26/2026 19:17:29,24.053,23.244
2037,2,5,28343.760000,9.350000,0.009739,0.029932,-3.749905,3.032578,5,02/26/2026 19:17:30,24.069,23.244
2038,2,5,28345.450000,11.040000,0.011499,0.035267,-3.749905,3.027695,5,02/26/2026 19:17:32,24.069,23.244
2039,2,5,28347.750000,13.340000,0.013895,0.042515,-3.750057,3.022812,5,02/26/2026 19:17:34,24.085,23.244
2040,2,5,28350.510000,16.100000,0.016770,0.051198,-3.750057,3.017319,5,02/26/2026 19:17:37,24.101,23.244
2041,2,5,28354.350000,19.940000,0.020770,0.063258,-3.750057,3.012131,5,02/26/2026 19:17:41,24.117,23.244
2042,2,5,28359.120000,24.710000,0.025739,0.078212,-3.750057,3.007248,5,02/26/2026 19:17:46,24.182,23.244
2043,2,5,28364.730000,30.320000,0.031582,0.095772,-3.750057,3.002060,5,02/26/2026 19:17:51,24.230,23.244
2044,2,5,28374.040000,39.630000,0.041280,0.124863,-3.749905,2.996567,5,02/26/2026 19:18:01,24.375,23.244
2045,2,5,28389.040000,54.630000,0.056905,0.171648,-3.750057,2.991684,5,02/26/2026 19:18:16,24.601,23.228
2046,2,5,28409.040000,74.630000,0.077739,0.233943,-3.749752,2.988937,1,02/26/2026 19:18:36,24.907,23.228
2047,2,5,28429.040000,94.630000,0.098572,0.296200,-3.749905,2.987716,1,02/26/2026 19:18:56,25.197,23.228
2048,2,5,28449.040000,114.630000,0.119405,0.358449,-3.749905,2.987716,1,02/26/2026 19:19:16,25.519,23.228
2049,2,5,28469.040000,134.630000,0.140239,0.420704,-3.750057,2.988327,1,02/26/2026 19:19:36,25.776,23.195
2050,2,5,28489.040000,154.630000,0.161072,0.482975,-3.750057,2.989242,1,02/26/2026 19:19:56,26.083,23.179
2051,2,5,28509.040000,174.630000,0.181905,0.545266,-3.750210,2.990158,1,02/26/2026 19:20:16,26.356,23.163
2052,2,5,28529.040000,194.630000,0.202739,0.607576,-3.750057,2.991379,1,02/26/2026 19:20:36,26.598,23.147
2053,2,5,28549.040000,214.630000,0.223572,0.669904,-3.749905,2.991989,1,02/26/2026 19:20:56,26.824,23.131
2054,2,5,28569.040000,234.630000,0.244405,0.732250,-3.749905,2.992905,1,02/26/2026 19:21:16,27.097,23.131
2055,2,5,28589.040000,254.630000,0.265239,0.794611,-3.750057,2.993515,1,02/26/2026 19:21:36,27.323,23.147
2056,2,5,28609.040000,274.630000,0.286072,0.856984,-3.750210,2.994430,1,02/26/2026 19:21:56,27.581,23.147
2057,2,5,28629.040000,294.630000,0.306905,0.919370,-3.749905,2.995041,1,02/26/2026 19:22:16,27.742,23.163
2058,2,5,28649.040000,314.630000,0.327739,0.981769,-3.750057,2.995346,1,02/26/2026 19:22:36,28.016,23.163
2059,2,5,28669.040000,334.630000,0.348572,1.044176,-3.750057,2.995651,1,02/26/2026 19:22:56,28.209,23.179
2060,2,5,28689.040000,354.630000,0.369405,1.106586,-3.749905,2.995651,1,02/26/2026 19:23:16,28.402,23.179
2061,2,5,28709.040000,374.630000,0.390239,1.168997,-3.749905,2.995651,1,02/26/2026 19:23:36,28.563,23.195
2062,2,5,28729.040000,394.630000,0.411072,1.231408,-3.750057,2.995651,1,02/26/2026 19:23:56,28.789,23.195
2063,2,5,28749.040000,414.630000,0.431905,1.293816,-3.749905,2.995346,1,02/26/2026 19:24:16,28.982,23.212
2064,2,5,28769.040000,434.630000,0.452739,1.356218,-3.750057,2.994736,1,02/26/2026 19:24:36,29.159,23.228
2065,2,5,28789.040000,454.630000,0.473572,1.418610,-3.750057,2.994125,1,02/26/2026 19:24:56,29.304,23.228
2066,2,5,28809.040000,474.630000,0.494405,1.480990,-3.749905,2.993820,1,02/26/2026 19:25:16,29.481,23.244
2067,2,5,28829.040000,494.630000,0.515239,1.543361,-3.749905,2.993210,1,02/26/2026 19:25:36,29.643,23.260
2068,2,5,28849.040000,514.630000,0.536072,1.605719,-3.750057,2.992599,1,02/26/2026 19:25:56,29.820,23.292
2069,2,5,28869.040000,534.630000,0.556905,1.668063,-3.749905,2.991989,1,02/26/2026 19:26:16,30.060,23.308
2070,2,5,28889.040000,554.630000,0.577739,1.730391,-3.750210,2.991379,1,02/26/2026 19:26:36,30.123,23.324
2071,2,5,28909.040000,574.630000,0.598572,1.792701,-3.749752,2.990463,1,02/26/2026 19:26:56,30.311,23.340
2072,2,5,28929.040000,594.630000,0.619405,1.854991,-3.749905,2.989242,1,02/26/2026 19:27:16,30.390,23.356
2073,2,5,28949.040000,614.630000,0.640239,1.917259,-3.750057,2.987716,1,02/26/2026 19:27:36,30.563,23.356
2074,2,5,28969.040000,634.630000,0.661072,1.979503,-3.750057,2.986496,1,02/26/2026 19:27:56,30.689,23.340
2075,2,5,28989.040000,654.630000,0.681905,2.041718,-3.750057,2.985580,1,02/26/2026 19:28:16,30.752,23.308
2076,2,5,29009.040000,674.630000,0.702739,2.103906,-3.749905,2.984054,1,02/26/2026 19:28:36,30.689,23.260
2077,2,5,29029.040000,694.630000,0.723572,2.166066,-3.750057,2.982834,1,02/26/2026 19:28:56,30.893,23.228
2078,2,5,29049.040000,714.630000,0.744405,2.228194,-3.750057,2.981308,1,02/26/2026 19:29:16,30.940,23.195
2079,2,5,29069.040000,734.630000,0.765239,2.290292,-3.750057,2.979477,1,02/26/2026 19:29:36,30.909,23.163
2080,2,5,29089.040000,754.630000,0.786072,2.352358,-3.750210,2.977951,1,02/26/2026 19:29:56,31.035,23.131
2081,2,5,29109.040000,774.630000,0.806905,2.414383,-3.750057,2.975814,1,02/26/2026 19:30:16,31.129,23.115
2082,2,5,29129.040000,794.630000,0.827739,2.476368,-3.750057,2.974289,1,02/26/2026 19:30:36,31.145,23.083
2083,2,5,29149.040000,814.630000,0.848572,2.538313,-3.749905,2.972457,1,02/26/2026 19:30:56,31.318,23.099
2084,2,5,29169.040000,834.630000,0.869405,2.600218,-3.749905,2.970321,1,02/26/2026 19:31:16,31.412,23.099
2085,2,5,29189.040000,854.630000,0.890239,2.662077,-3.749905,2.968185,1,02/26/2026 19:31:36,31.428,23.099
2086,2,5,29209.040000,874.630000,0.911072,2.723887,-3.750057,2.965743,1,02/26/2026 19:31:56,31.491,23.115
2087,2,5,29229.040000,894.630000,0.931905,2.785648,-3.749752,2.963302,1,02/26/2026 19:32:16,31.726,23.131
2088,2,5,29249.040000,914.630000,0.952739,2.847360,-3.750057,2.960555,1,02/26/2026 19:32:36,31.789,23.179
2089,2,5,29269.040000,934.630000,0.973572,2.909014,-3.750057,2.958114,1,02/26/2026 19:32:56,31.884,23.195
2090,2,5,29289.040000,954.630000,0.994405,2.970611,-3.750057,2.955062,1,02/26/2026 19:33:16,31.978,23.212
2091,2,5,29309.040000,974.630000,1.015239,3.032149,-3.750210,2.952316,1,02/26/2026 19:33:36,32.072,23.228
2092,2,5,29329.040000,994.630000,1.036072,3.093619,-3.750210,2.948959,1,02/26/2026 19:33:56,32.229,23.260
2093,2,5,29349.040000,1014.630000,1.056905,3.155021,-3.749905,2.945296,1,02/26/2026 19:34:16,32.340,23.276
2094,2,5,29369.040000,1034.630000,1.077739,3.216349,-3.749905,2.941634,1,02/26/2026 19:34:36,32.402,23.276
2095,2,5,29389.040000,1054.630000,1.098572,3.277596,-3.750057,2.937667,1,02/26/2026 19:34:56,32.418,23.292
2096,2,5,29409.040000,1074.630000,1.119405,3.338760,-3.750210,2.933394,1,02/26/2026 19:35:16,32.591,23.308
2097,2,5,29429.040000,1094.630000,1.140239,3.399830,-3.749905,2.928817,1,02/26/2026 19:35:36,32.623,23.340
2098,2,5,29448.120000,1113.710000,1.160114,3.457998,-3.749905,2.923934,5,02/26/2026 19:35:55,32.560,23.324
2099,2,5,29466.580000,1132.170000,1.179343,3.514181,-3.750057,2.919051,5,02/26/2026 19:36:13,32.858,23.324
2100,2,5,29482.090000,1147.680000,1.195499,3.561306,-3.750057,2.914168,5,02/26/2026 19:36:29,32.890,23.324
2101,2,5,29498.170000,1163.760000,1.212249,3.610082,-3.749905,2.909285,5,02/26/2026 19:36:45,32.937,23.340
2102,2,5,29511.150000,1176.740000,1.225770,3.649386,-3.749905,2.904402,5,02/26/2026 19:36:58,33.016,23.340
2103,2,5,29524.040000,1189.630000,1.239197,3.688355,-3.750057,2.899519,5,02/26/2026 19:37:11,33.126,23.340
2104,2,5,29536.040000,1201.630000,1.251697,3.724571,-3.750057,2.894636,5,02/26/2026 19:37:23,33.094,23.324
2105,2,5,29546.740000,1212.330000,1.262843,3.756810,-3.750057,2.889754,5,02/26/2026 19:37:33,33.094,23.324
2106,2,5,29556.890000,1222.480000,1.273416,3.787341,-3.750057,2.884871,5,02/26/2026 19:37:43,33.283,23.324
2107,2,5,29566.410000,1232.000000,1.283332,3.815928,-3.750057,2.879988,5,02/26/2026 19:37:53,33.346,23.324
2108,2,5,29575.460000,1241.050000,1.292760,3.843059,-3.750057,2.875105,5,02/26/2026 19:38:02,33.283,23.324
2109,2,5,29584.020000,1249.610000,1.301676,3.868675,-3.749905,2.869917,5,02/26/2026 19:38:11,33.393,23.308
2110,2,5,29591.720000,1257.310000,1.309697,3.891678,-3.750057,2.865034,5,02/26/2026 19:38:18,33.471,23.308
2111,2,5,29599.380000,1264.970000,1.317676,3.914521,-3.750057,2.860151,5,02/26/2026 19:38:26,33.566,23.308
2112,2,5,29606.400000,1271.990000,1.324989,3.935419,-3.750210,2.854658,5,02/26/2026 19:38:33,33.503,23.292
2113,2,5,29614.060000,1279.650000,1.332968,3.958181,-3.750057,2.849470,5,02/26/2026 19:38:41,33.597,23.292
2114,2,5,29620.090000,1285.680000,1.339249,3.976065,-3.750057,2.844587,5,02/26/2026 19:38:47,33.644,23.292
2115,2,5,29626.150000,1291.740000,1.345562,3.994008,-3.749905,2.839399,5,02/26/2026 19:38:53,33.676,23.292
2116,2,5,29631.990000,1297.580000,1.351645,4.011268,-3.749752,2.834516,5,02/26/2026 19:38:59,33.644,23.292
2117,2,5,29637.540000,1303.130000,1.357426,4.027642,-3.750057,2.829633,5,02/26/2026 19:39:04,33.660,23.292
2118,2,5,29642.810000,1308.400000,1.362916,4.043163,-3.750057,2.824445,5,02/26/2026 19:39:09,33.723,23.292
2119,2,5,29648.000000,1313.590000,1.368322,4.058420,-3.750057,2.819562,5,02/26/2026 19:39:15,33.770,23.276
2120,2,5,29652.770000,1318.360000,1.373291,4.072419,-3.750057,2.814679,5,02/26/2026 19:39:19,33.786,23.276
2121,2,5,29657.260000,1322.850000,1.377968,4.085572,-3.750057,2.809796,5,02/26/2026 19:39:24,33.833,23.260
2122,2,5,29661.530000,1327.120000,1.382416,4.098060,-3.750057,2.804913,5,02/26/2026 19:39:28,33.896,23.260
2123,2,5,29665.990000,1331.580000,1.387062,4.111080,-3.750057,2.800031,5,02/26/2026 19:39:33,33.959,23.260
2124,2,5,29669.990000,1335.580000,1.391228,4.122737,-3.749905,2.795148,5,02/26/2026 19:39:37,34.006,23.244
2125,2,5,29673.980000,1339.570000,1.395385,4.134345,-3.749905,2.789960,5,02/26/2026 19:39:41,34.069,23.244
2126,2,5,29678.070000,1343.660000,1.399645,4.146221,-3.749752,2.784771,5,02/26/2026 19:39:45,34.022,23.228
2127,2,5,29681.750000,1347.340000,1.403478,4.156888,-3.750057,2.779889,5,02/26/2026 19:39:48,34.037,23.228
2128,2,5,29685.590000,1351.180000,1.407478,4.167998,-3.750057,2.775006,5,02/26/2026 19:39:52,34.069,23.228
2129,2,5,29688.830000,1354.420000,1.410853,4.177355,-3.749905,2.770123,5,02/26/2026 19:39:55,34.116,23.228
2130,2,5,29692.490000,1358.080000,1.414666,4.187908,-3.750057,2.764935,5,02/26/2026 19:39:59,34.179,23.228
2131,2,5,29696.030000,1361.620000,1.418353,4.198095,-3.750057,2.759747,5,02/26/2026 19:40:03,34.226,23.212
2132,2,5,29699.500000,1365.090000,1.421968,4.208061,-3.750057,2.754864,5,02/26/2026 19:40:06,34.210,23.212
2133,2,5,29702.660000,1368.250000,1.425260,4.217121,-3.750057,2.749981,5,02/26/2026 19:40:09,34.226,23.195
2134,2,5,29705.440000,1371.030000,1.428155,4.225078,-3.749905,2.745098,5,02/26/2026 19:40:12,34.258,23.195
2135,2,5,29708.530000,1374.120000,1.431374,4.233905,-3.749905,2.739910,5,02/26/2026 19:40:15,34.320,23.195
2136,2,5,29711.650000,1377.240000,1.434624,4.242803,-3.749905,2.735027,5,02/26/2026 19:40:18,34.368,23.195
2137,2,5,29714.550000,1380.140000,1.437645,4.251057,-3.749905,2.730144,5,02/26/2026 19:40:21,34.399,23.195
2138,2,5,29717.290000,1382.880000,1.440499,4.258842,-3.750057,2.725261,5,02/26/2026 19:40:24,34.399,23.195
2139,2,5,29720.100000,1385.690000,1.443426,4.266812,-3.750210,2.720378,5,02/26/2026 19:40:27,34.431,23.179
2140,2,5,29722.760000,1388.350000,1.446197,4.274342,-3.750057,2.715496,5,02/26/2026 19:40:29,34.446,23.179
2141,2,5,29725.320000,1390.910000,1.448864,4.281577,-3.749905,2.710307,5,02/26/2026 19:40:32,34.493,23.179
2142,2,5,29728.110000,1393.700000,1.451770,4.289447,-3.750210,2.705119,5,02/26/2026 19:40:35,34.509,23.179
2143,2,5,29730.630000,1396.220000,1.454395,4.296541,-3.750210,2.699931,5,02/26/2026 19:40:37,34.493,23.179
2144,2,5,29733.340000,1398.930000,1.457218,4.304156,-3.749905,2.694743,5,02/26/2026 19:40:40,34.509,23.179
2145,2,5,29735.690000,1401.280000,1.459666,4.310746,-3.749905,2.689860,5,02/26/2026 19:40:42,34.541,23.163
2146,2,5,29738.130000,1403.720000,1.462207,4.317577,-3.750210,2.684672,5,02/26/2026 19:40:45,34.603,23.163
2147,2,5,29740.530000,1406.120000,1.464707,4.324283,-3.750057,2.679789,5,02/26/2026 19:40:47,34.666,23.163
2148,2,5,29742.760000,1408.350000,1.467030,4.330502,-3.749905,2.674601,5,02/26/2026 19:40:49,34.698,23.163
2149,2,5,29745.360000,1410.950000,1.469739,4.337740,-3.749905,2.669108,5,02/26/2026 19:40:52,34.761,23.147
2150,2,5,29747.690000,1413.280000,1.472166,4.344212,-3.750057,2.664225,5,02/26/2026 19:40:54,34.776,23.147
2151,2,5,29749.780000,1415.370000,1.474343,4.350007,-3.749752,2.659342,5,02/26/2026 19:40:56,34.808,23.147
2152,2,5,29751.950000,1417.540000,1.476603,4.356013,-3.750210,2.654459,5,02/26/2026 19:40:59,34.839,23.147
2153,2,5,29753.930000,1419.520000,1.478666,4.361482,-3.750057,2.649577,5,02/26/2026 19:41:01,34.855,23.147
2154,2,5,29756.000000,1421.590000,1.480822,4.367191,-3.749905,2.644694,5,02/26/2026 19:41:03,34.855,23.147
2155,2,5,29758.000000,1423.590000,1.482905,4.372695,-3.750057,2.639811,5,02/26/2026 19:41:05,34.871,23.147
2156,2,5,29760.140000,1425.730000,1.485135,4.378574,-3.750057,2.634623,5,02/26/2026 19:41:07,34.871,23.131
2157,2,5,29762.170000,1427.760000,1.487249,4.384140,-3.749905,2.629740,5,02/26/2026 19:41:09,34.902,23.131
2158,2,5,29763.960000,1429.550000,1.489114,4.389039,-3.750057,2.624552,5,02/26/2026 19:41:11,34.949,23.131
2159,2,5,29765.980000,1431.570000,1.491218,4.394556,-3.750210,2.619669,5,02/26/2026 19:41:13,35.012,23.131
2160,2,5,29767.900000,1433.490000,1.493218,4.399791,-3.750057,2.614481,5,02/26/2026 19:41:15,35.028,23.131
2161,2,5,29769.960000,1435.550000,1.495364,4.405396,-3.750057,2.609293,5,02/26/2026 19:41:17,35.028,23.115
2162,2,5,29771.730000,1437.320000,1.497207,4.410202,-3.749905,2.604410,5,02/26/2026 19:41:18,35.059,23.115
2163,2,5,29773.480000,1439.070000,1.499030,4.414945,-3.750057,2.599527,5,02/26/2026 19:41:20,35.075,23.115
2164,2,5,29775.480000,1441.070000,1.501114,4.420356,-3.750057,2.594339,5,02/26/2026 19:41:22,35.091,23.115
2165,2,5,29777.100000,1442.690000,1.502801,4.424730,-3.749752,2.589456,5,02/26/2026 19:41:24,35.107,23.115
2166,2,5,29779.040000,1444.630000,1.504822,4.429958,-3.749905,2.584268,5,02/26/2026 19:41:26,35.154,23.115
2167,2,5,29780.900000,1446.490000,1.506760,4.434960,-3.750057,2.578775,5,02/26/2026 19:41:27,35.185,23.115
2168,2,5,29782.710000,1448.300000,1.508645,4.439817,-3.750057,2.573587,5,02/26/2026 19:41:29,35.217,23.115
2169,2,5,29784.520000,1450.110000,1.510530,4.444665,-3.749905,2.568399,5,02/26/2026 19:41:31,35.248,23.099
2170,2,5,29786.280000,1451.870000,1.512364,4.449370,-3.750057,2.563516,5,02/26/2026 19:41:33,35.279,23.099
2171,2,5,29787.980000,1453.570000,1.514135,4.453905,-3.750057,2.558633,5,02/26/2026 19:41:35,35.311,23.115
2172,2,5,29789.550000,1455.140000,1.515770,4.458085,-3.750057,2.553750,5,02/26/2026 19:41:36,35.358,23.099
2173,2,5,29791.180000,1456.770000,1.517468,4.462417,-3.750057,2.548867,5,02/26/2026 19:41:38,35.405,23.099
2174,2,5,29792.780000,1458.370000,1.519135,4.466661,-3.750210,2.543984,5,02/26/2026 19:41:39,35.437,23.099
2175,2,5,29794.250000,1459.840000,1.520666,4.470552,-3.750057,2.538796,5,02/26/2026 19:41:41,35.437,23.099
2176,2,5,29796.060000,1461.650000,1.522551,4.475335,-3.749905,2.533608,5,02/26/2026 19:41:43,35.421,23.099
2177,2,5,29797.620000,1463.210000,1.524176,4.479448,-3.749752,2.528725,5,02/26/2026 19:41:44,35.437,23.083
2178,2,5,29799.210000,1464.800000,1.525832,4.483631,-3.749905,2.523842,5,02/26/2026 19:41:46,35.484,23.083
2179,2,5,29800.660000,1466.250000,1.527343,4.487440,-3.750057,2.518959,5,02/26/2026 19:41:47,35.562,23.083
2180,2,5,29802.110000,1467.700000,1.528853,4.491241,-3.750057,2.514076,5,02/26/2026 19:41:49,35.625,23.083
2181,2,5,29803.700000,1469.290000,1.530510,4.495400,-3.750057,2.508888,5,02/26/2026 19:41:50,35.641,23.083
2182,2,5,29805.270000,1470.860000,1.532145,4.499499,-3.750057,2.504005,5,02/26/2026 19:41:52,35.657,23.083
2183,2,5,29806.400000,1471.990000,1.533322,4.502444,-3.750210,2.500038,133,02/26/2026 19:41:53,35.688,23.083
2184,2,6,29806.410000,0.010000,0.000000,0.000000,0.000000,2.679789,0,02/26/2026 19:41:53,35.688,23.083
2185,2,6,29806.570000,0.170000,0.000000,0.000000,0.000000,2.699931,5,02/26/2026 19:41:53,35.688,23.067
2186,2,6,29806.690000,0.290000,0.000000,0.000000,0.000000,2.711833,5,02/26/2026 19:41:53,35.688,23.067
2187,2,6,29806.830000,0.430000,0.000000,0.000000,0.000000,2.724041,5,02/26/2026 19:41:53,35.688,23.067
2188,2,6,29806.970000,0.570000,0.000000,0.000000,0.000000,2.735027,5,02/26/2026 19:41:54,35.688,23.067
2189,2,6,29807.120000,0.720000,0.000000,0.000000,0.000000,2.746014,5,02/26/2026 19:41:54,35.688,23.083
2190,2,6,29807.270000,0.870000,0.000000,0.000000,0.000000,2.756390,5,02/26/2026 19:41:54,35.688,23.083
2191,2,6,29807.440000,1.040000,0.000000,0.000000,0.000000,2.767071,5,02/26/2026 19:41:54,35.704,23.083
2192,2,6,29807.600000,1.200000,0.000000,0.000000,0.000000,2.776532,5,02/26/2026 19:41:54,35.704,23.083
2193,2,6,29807.770000,1.370000,0.000000,0.000000,0.000000,2.786297,5,02/26/2026 19:41:54,35.704,23.083
2194,2,6,29807.940000,1.540000,0.000000,0.000000,0.000000,2.795453,5,02/26/2026 19:41:55,35.704,23.083
2195,2,6,29808.110000,1.710000,0.000000,0.000000,0.000000,2.803998,5,02/26/2026 19:41:55,35.704,23.083
2196,2,6,29808.290000,1.890000,0.000000,0.000000,0.000000,2.813153,5,02/26/2026 19:41:55,35.704,23.083
2197,2,6,29808.480000,2.080000,0.000000,0.000000,0.000000,2.821393,5,02/26/2026 19:41:55,35.704,23.083
2198,2,6,29808.660000,2.260000,0.000000,0.000000,0.000000,2.829633,5,02/26/2026 19:41:55,35.720,23.083
2199,2,6,29808.850000,2.450000,0.000000,0.000000,0.000000,2.837568,5,02/26/2026 19:41:55,35.720,23.083
2200,2,6,29809.040000,2.640000,0.000000,0.000000,0.000000,2.845502,5,02/26/2026 19:41:56,35.720,23.067
2201,2,6,29809.240000,2.840000,0.000000,0.000000,0.000000,2.853437,5,02/26/2026 19:41:56,35.720,23.067
2202,2,6,29809.440000,3.040000,0.000000,0.000000,0.000000,2.861372,5,02/26/2026 19:41:56,35.720,23.067
2203,2,6,29809.650000,3.250000,0.000000,0.000000,0.000000,2.868696,5,02/26/2026 19:41:56,35.720,23.067
2204,2,6,29809.870000,3.470000,0.000000,0.000000,0.000000,2.876326,5,02/26/2026 19:41:56,35.735,23.083
2205,2,6,29810.100000,3.700000,0.000000,0.000000,0.000000,2.884260,5,02/26/2026 19:41:57,35.735,23.083
2206,2,6,29810.320000,3.920000,0.000000,0.000000,0.000000,2.891585,5,02/26/2026 19:41:57,35.735,23.083
2207,2,6,29810.540000,4.140000,0.000000,0.000000,0.000000,2.898604,5,02/26/2026 19:41:57,35.735,23.083
2208,2,6,29810.780000,4.380000,0.000000,0.000000,0.000000,2.905928,5,02/26/2026 19:41:57,35.735,23.083
2209,2,6,29811.020000,4.620000,0.000000,0.000000,0.000000,2.913252,5,02/26/2026 19:41:58,35.751,23.083
2210,2,6,29811.270000,4.870000,0.000000,0.000000,0.000000,2.920272,5,02/26/2026 19:41:58,35.751,23.083
2211,2,6,29811.530000,5.130000,0.000000,0.000000,0.000000,2.927596,5,02/26/2026 19:41:58,35.751,23.083
2212,2,6,29811.790000,5.390000,0.000000,0.000000,0.000000,2.934615,5,02/26/2026 19:41:58,35.767,23.083
2213,2,6,29812.060000,5.660000,0.000000,0.000000,0.000000,2.941329,5,02/26/2026 19:41:59,35.767,23.083
2214,2,6,29812.320000,5.920000,0.000000,0.000000,0.000000,2.948348,5,02/26/2026 19:41:59,35.783,23.083
2215,2,6,29812.600000,6.200000,0.000000,0.000000,0.000000,2.954757,5,02/26/2026 19:41:59,35.783,23.083
2216,2,6,29812.870000,6.470000,0.000000,0.000000,0.000000,2.961776,5,02/26/2026 19:41:59,35.783,23.083
2217,2,6,29813.180000,6.780000,0.000000,0.000000,0.000000,2.968490,5,02/26/2026 19:42:00,35.798,23.083
2218,2,6,29813.480000,7.080000,0.000000,0.000000,0.000000,2.975204,5,02/26/2026 19:42:00,35.798,23.083
2219,2,6,29813.790000,7.390000,0.000000,0.000000,0.000000,2.981613,5,02/26/2026 19:42:00,35.814,23.083
2220,2,6,29814.110000,7.710000,0.000000,0.000000,0.000000,2.988327,5,02/26/2026 19:42:01,35.814,23.083
2221,2,6,29814.430000,8.030000,0.000000,0.000000,0.000000,2.994430,5,02/26/2026 19:42:01,35.814,23.083
2222,2,6,29814.750000,8.350000,0.000000,0.000000,0.000000,3.000534,5,02/26/2026 19:42:01,35.814,23.083
2223,2,6,29815.100000,8.700000,0.000000,0.000000,0.000000,3.006943,5,02/26/2026 19:42:02,35.814,23.083
2224,2,6,29815.450000,9.050000,0.000000,0.000000,0.000000,3.013352,5,02/26/2026 19:42:02,35.814,23.083
2225,2,6,29815.840000,9.440000,0.000000,0.000000,0.000000,3.019455,5,02/26/2026 19:42:02,35.814,23.083
2226,2,6,29816.190000,9.790000,0.000000,0.000000,0.000000,3.024949,5,02/26/2026 19:42:03,35.814,23.067
2227,2,6,29816.540000,10.140000,0.000000,0.000000,0.000000,3.030747,5,02/26/2026 19:42:03,35.814,23.067
2228,2,6,29816.940000,10.540000,0.000000,0.000000,0.000000,3.036240,5,02/26/2026 19:42:04,35.830,23.067
2229,2,6,29817.320000,10.920000,0.000000,0.000000,0.000000,3.042039,5,02/26/2026 19:42:04,35.830,23.083
2230,2,6,29817.800000,11.400000,0.000000,0.000000,0.000000,3.048447,5,02/26/2026 19:42:04,35.830,23.067
2231,2,6,29818.280000,11.880000,0.000000,0.000000,0.000000,3.053941,5,02/26/2026 19:42:05,35.830,23.067
2232,2,6,29818.730000,12.330000,0.000000,0.000000,0.000000,3.059739,5,02/26/2026 19:42:05,35.830,23.067
2233,2,6,29819.250000,12.850000,0.000000,0.000000,0.000000,3.065537,5,02/26/2026 19:42:06,35.830,23.067
2234,2,6,29819.800000,13.400000,0.000000,0.000000,0.000000,3.071336,5,02/26/2026 19:42:06,35.830,23.083
2235,2,6,29820.360000,13.960000,0.000000,0.000000,0.000000,3.076829,5,02/26/2026 19:42:07,35.830,23.067
2236,2,6,29820.950000,14.550000,0.000000,0.000000,0.000000,3.082322,5,02/26/2026 19:42:08,35.830,23.067
2237,2,6,29821.620000,15.220000,0.000000,0.000000,0.000000,3.087510,5,02/26/2026 19:42:08,35.845,23.067
2238,2,6,29822.260000,15.860000,0.000000,0.000000,0.000000,3.093004,5,02/26/2026 19:42:09,35.845,23.083
2239,2,6,29823.020000,16.620000,0.000000,0.000000,0.000000,3.098192,5,02/26/2026 19:42:10,35.861,23.067
2240,2,6,29823.740000,17.340000,0.000000,0.000000,0.000000,3.103380,5,02/26/2026 19:42:10,35.861,23.067
2241,2,6,29824.610000,18.210000,0.000000,0.000000,0.000000,3.108873,5,02/26/2026 19:42:11,35.877,23.083
2242,2,6,29825.600000,19.200000,0.000000,0.000000,0.000000,3.114061,5,02/26/2026 19:42:12,35.877,23.067
2243,2,6,29826.550000,20.150000,0.000000,0.000000,0.000000,3.119249,5,02/26/2026 19:42:13,35.861,23.067
2244,2,6,29827.660000,21.260000,0.000000,0.000000,0.000000,3.124437,5,02/26/2026 19:42:14,35.845,23.067
2245,2,6,29829.020000,22.620000,0.000000,0.000000,0.000000,3.129625,5,02/26/2026 19:42:16,35.814,23.067
2246,2,6,29830.380000,23.980000,0.000000,0.000000,0.000000,3.134813,5,02/26/2026 19:42:17,35.767,23.067
2247,2,6,29832.000000,25.600000,0.000000,0.000000,0.000000,3.139696,5,02/26/2026 19:42:19,35.720,23.067
2248,2,6,29833.720000,27.320000,0.000000,0.000000,0.000000,3.144579,5,02/26/2026 19:42:20,35.688,23.067
2249,2,6,29835.670000,29.270000,0.000000,0.000000,0.000000,3.150072,5,02/26/2026 19:42:22,35.673,23.067
2250,2,6,29838.170000,31.770000,0.000000,0.000000,0.000000,3.154955,5,02/26/2026 19:42:25,35.657,23.067
2251,2,6,29840.710000,34.310000,0.000000,0.000000,0.000000,3.160143,5,02/26/2026 19:42:27,35.610,23.067
2252,2,6,29844.260000,37.860000,0.000000,0.000000,0.000000,3.165332,5,02/26/2026 19:42:31,35.468,23.067
2253,2,6,29848.240000,41.840000,0.000000,0.000000,0.000000,3.170520,5,02/26/2026 19:42:35,35.437,23.067
2254,2,6,29853.030000,46.630000,0.000000,0.000000,0.000000,3.175402,5,02/26/2026 19:42:40,35.421,23.067
2255,2,6,29858.710000,52.310000,0.000000,0.000000,0.000000,3.180285,5,02/26/2026 19:42:45,35.327,23.067
2256,2,6,29865.750000,59.350000,0.000000,0.000000,0.000000,3.185168,5,02/26/2026 19:42:52,35.107,23.083
2257,2,6,29874.920000,68.520000,0.000000,0.000000,0.000000,3.190051,5,02/26/2026 19:43:02,34.918,23.083
2258,2,6,29886.970000,80.570000,0.000000,0.000000,0.000000,3.194934,5,02/26/2026 19:43:14,34.871,23.083
2259,2,6,29905.480000,99.080000,0.000000,0.000000,0.000000,3.200122,5,02/26/2026 19:43:32,34.525,23.099
2260,2,6,29925.480000,119.080000,0.000000,0.000000,0.000000,3.203784,1,02/26/2026 19:43:52,34.210,23.099
2261,2,6,29945.480000,139.080000,0.000000,0.000000,0.000000,3.206531,1,02/26/2026 19:44:12,33.770,23.099
2262,2,6,29965.480000,159.080000,0.000000,0.000000,0.000000,3.208057,1,02/26/2026 19:44:32,33.519,23.131
2263,2,6,29985.480000,179.080000,0.000000,0.000000,0.000000,3.209888,1,02/26/2026 19:44:52,33.141,23.147
2264,2,6,30005.480000,199.080000,0.000000,0.000000,0.000000,3.211414,1,02/26/2026 19:45:12,32.780,23.131
2265,2,6,30025.480000,219.080000,0.000000,0.000000,0.000000,3.212024,1,02/26/2026 19:45:32,32.623,23.147
2266,2,6,30045.480000,239.080000,0.000000,0.000000,0.000000,3.212634,1,02/26/2026 19:45:52,32.277,23.147
2267,2,6,30065.480000,259.080000,0.000000,0.000000,0.000000,3.213245,1,02/26/2026 19:46:12,32.025,23.147
2268,2,6,30085.480000,279.080000,0.000000,0.000000,0.000000,3.213855,1,02/26/2026 19:46:32,31.726,23.179
2269,2,6,30105.480000,299.080000,0.000000,0.000000,0.000000,3.214771,1,02/26/2026 19:46:52,31.459,23.195
2270,2,6,30125.480000,319.080000,0.000000,0.000000,0.000000,3.214771,1,02/26/2026 19:47:12,31.302,23.212
2271,2,6,30145.480000,339.080000,0.000000,0.000000,0.000000,3.215076,1,02/26/2026 19:47:32,31.129,23.212
2272,2,6,30165.480000,359.080000,0.000000,0.000000,0.000000,3.215686,1,02/26/2026 19:47:52,30.830,23.212
2273,2,6,30185.480000,379.080000,0.000000,0.000000,0.000000,3.215991,1,02/26/2026 19:48:12,30.594,23.212
2274,2,6,30205.480000,399.080000,0.000000,0.000000,0.000000,3.216297,1,02/26/2026 19:48:32,30.422,23.212
2275,2,6,30225.480000,419.080000,0.000000,0.000000,0.000000,3.216297,1,02/26/2026 19:48:52,30.107,23.212
2276,2,6,30245.480000,439.080000,0.000000,0.000000,0.000000,3.216602,1,02/26/2026 19:49:12,29.933,23.195
2277,2,6,30265.480000,459.080000,0.000000,0.000000,0.000000,3.216907,1,02/26/2026 19:49:32,29.739,23.179
2278,2,6,30285.480000,479.080000,0.000000,0.000000,0.000000,3.217517,1,02/26/2026 19:49:52,29.417,23.147
2279,2,6,30305.480000,499.080000,0.000000,0.000000,0.000000,3.217212,1,02/26/2026 19:50:12,29.288,23.115
2280,2,6,30325.480000,519.080000,0.000000,0.000000,0.000000,3.216907,1,02/26/2026 19:50:32,29.014,23.083
2281,2,6,30345.480000,539.080000,0.000000,0.000000,0.000000,3.217212,1,02/26/2026 19:50:52,28.885,23.067
2282,2,6,30365.480000,559.080000,0.000000,0.000000,0.000000,3.217823,1,02/26/2026 19:51:12,28.676,23.035
2283,2,6,30385.480000,579.080000,0.000000,0.000000,0.000000,3.218128,1,02/26/2026 19:51:32,28.515,23.019
2284,2,6,30405.480000,599.080000,0.000000,0.000000,0.000000,3.218128,1,02/26/2026 19:51:52,28.322,23.002
2285,2,6,30425.480000,619.080000,0.000000,0.000000,0.000000,3.218128,1,02/26/2026 19:52:12,28.161,22.986
2286,2,6,30445.480000,639.080000,0.000000,0.000000,0.000000,3.217823,1,02/26/2026 19:52:32,27.919,22.970
2287,2,6,30465.480000,659.080000,0.000000,0.000000,0.000000,3.218433,1,02/26/2026 19:52:52,27.838,22.970
2288,2,6,30485.480000,679.080000,0.000000,0.000000,0.000000,3.218128,1,02/26/2026 19:53:12,27.742,22.970
2289,2,6,30505.480000,699.080000,0.000000,0.000000,0.000000,3.218433,1,02/26/2026 19:53:32,27.581,22.986
2290,2,6,30525.480000,719.080000,0.000000,0.000000,0.000000,3.218433,1,02/26/2026 19:53:52,27.484,22.986
2291,2,6,30545.480000,739.080000,0.000000,0.000000,0.000000,3.218433,1,02/26/2026 19:54:12,27.291,22.986
2292,2,6,30565.480000,759.080000,0.000000,0.000000,0.000000,3.218433,1,02/26/2026 19:54:32,27.210,22.986
2293,2,6,30585.480000,779.080000,0.000000,0.000000,0.000000,3.218738,1,02/26/2026 19:54:52,27.097,22.986
2294,2,6,30605.480000,799.080000,0.000000,0.000000,0.000000,3.219043,1,02/26/2026 19:55:12,27.033,22.986
2295,2,6,30625.480000,819.080000,0.000000,0.000000,0.000000,3.218433,1,02/26/2026 19:55:32,26.920,22.986
2296,2,6,30645.480000,839.080000,0.000000,0.000000,0.000000,3.219043,1,02/26/2026 19:55:52,26.807,23.002
2297,2,6,30665.480000,859.080000,0.000000,0.000000,0.000000,3.219043,1,02/26/2026 19:56:12,26.727,23.002
2298,2,6,30685.480000,879.080000,0.000000,0.000000,0.000000,3.218738,1,02/26/2026 19:56:32,26.646,23.002
2299,2,6,30705.480000,899.080000,0.000000,0.000000,0.000000,3.218738,1,02/26/2026 19:56:52,26.550,23.002
2300,2,6,30725.480000,919.080000,0.000000,0.000000,0.000000,3.219043,1,02/26/2026 19:57:12,26.469,23.002
2301,2,6,30745.480000,939.080000,0.000000,0.000000,0.000000,3.219043,1,02/26/2026 19:57:32,26.324,23.002
2302,2,6,30765.480000,959.080000,0.000000,0.000000,0.000000,3.219043,1,02/26/2026 19:57:52,26.244,23.002
2303,2,6,30785.480000,979.080000,0.000000,0.000000,0.000000,3.219043,1,02/26/2026 19:58:12,26.227,23.002
2304,2,6,30805.480000,999.080000,0.000000,0.000000,0.000000,3.218738,1,02/26/2026 19:58:32,26.099,23.002
2305,2,6,30825.480000,1019.080000,0.000000,0.000000,0.000000,3.218738,1,02/26/2026 19:58:52,26.050,22.986
2306,2,6,30845.480000,1039.080000,0.000000,0.000000,0.000000,3.218738,1,02/26/2026 19:59:12,26.002,22.970
2307,2,6,30865.480000,1059.080000,0.000000,0.000000,0.000000,3.219043,1,02/26/2026 19:59:32,25.889,22.954
2308,2,6,30885.480000,1079.080000,0.000000,0.000000,0.000000,3.219043,1,02/26/2026 19:59:52,25.809,22.938
2309,2,6,30905.480000,1099.080000,0.000000,0.000000,0.000000,3.219043,1,02/26/2026 20:00:12,25.728,22.922
2310,2,6,30925.480000,1119.080000,0.000000,0.000000,0.000000,3.218738,1,02/26/2026 20:00:32,25.648,22.906
2311,2,6,30945.480000,1139.080000,0.000000,0.000000,0.000000,3.219348,1,02/26/2026 20:00:52,25.551,22.874
2312,2,6,30965.480000,1159.080000,0.000000,0.000000,0.000000,3.219043,1,02/26/2026 20:01:12,25.470,22.858
2313,2,6,30985.480000,1179.080000,0.000000,0.000000,0.000000,3.219348,1,02/26/2026 20:01:32,25.406,22.826
2314,2,6,31005.480000,1199.080000,0.000000,0.000000,0.000000,3.219043,1,02/26/2026 20:01:52,25.293,22.809
2315,2,6,31025.480000,1219.080000,0.000000,0.000000,0.000000,3.219348,1,02/26/2026 20:02:12,25.229,22.793
2316,2,6,31045.480000,1239.080000,0.000000,0.000000,0.000000,3.219043,1,02/26/2026 20:02:32,25.148,22.761
2317,2,6,31065.480000,1259.080000,0.000000,0.000000,0.000000,3.219348,1,02/26/2026 20:02:52,25.084,22.745
2318,2,6,31085.480000,1279.080000,0.000000,0.000000,0.000000,3.219348,1,02/26/2026 20:03:12,25.019,22.745
2319,2,6,31105.480000,1299.080000,0.000000,0.000000,0.000000,3.219043,1,02/26/2026 20:03:32,24.971,22.745
2320,2,6,31125.480000,1319.080000,0.000000,0.000000,0.000000,3.219043,1,02/26/2026 20:03:52,24.939,22.745
2321,2,6,31145.480000,1339.080000,0.000000,0.000000,0.000000,3.219654,1,02/26/2026 20:04:12,24.907,22.761
2322,2,6,31165.480000,1359.080000,0.000000,0.000000,0.000000,3.219654,1,02/26/2026 20:04:32,24.874,22.777
2323,2,6,31185.480000,1379.080000,0.000000,0.000000,0.000000,3.219348,1,02/26/2026 20:04:52,24.842,22.793
2324,2,6,31205.480000,1399.080000,0.000000,0.000000,0.000000,3.219348,1,02/26/2026 20:05:12,24.810,22.793
2325,2,6,31225.480000,1419.080000,0.000000,0.000000,0.000000,3.219348,1,02/26/2026 20:05:32,24.794,22.809
2326,2,6,31245.480000,1439.080000,0.000000,0.000000,0.000000,3.219043,1,02/26/2026 20:05:52,24.745,22.809
2327,2,6,31265.480000,1459.080000,0.000000,0.000000,0.000000,3.219654,1,02/26/2026 20:06:12,24.729,22.826
2328,2,6,31285.480000,1479.080000,0.000000,0.000000,0.000000,3.219348,1,02/26/2026 20:06:32,24.697,22.842
2329,2,6,31305.480000,1499.080000,0.000000,0.000000,0.000000,3.219348,1,02/26/2026 20:06:52,24.681,22.858
2330,2,6,31325.480000,1519.080000,0.000000,0.000000,0.000000,3.219043,1,02/26/2026 20:07:12,24.665,22.858
2331,2,6,31345.480000,1539.080000,0.000000,0.000000,0.000000,3.219348,1,02/26/2026 20:07:32,24.649,22.874
2332,2,6,31365.480000,1559.080000,0.000000,0.000000,0.000000,3.219348,1,02/26/2026 20:07:52,24.617,22.874
2333,2,6,31385.480000,1579.080000,0.000000,0.000000,0.000000,3.219348,1,02/26/2026 20:08:12,24.601,22.890
2334,2,6,31405.480000,1599.080000,0.000000,0.000000,0.000000,3.219348,1,02/26/2026 20:08:32,24.584,22.890
2335,2,6,31425.480000,1619.080000,0.000000,0.000000,0.000000,3.219654,1,02/26/2026 20:08:52,24.552,22.906
2336,2,6,31445.480000,1639.080000,0.000000,0.000000,0.000000,3.219348,1,02/26/2026 20:09:12,24.552,22.922
2337,2,6,31465.480000,1659.080000,0.000000,0.000000,0.000000,3.219348,1,02/26/2026 20:09:32,24.520,22.922
2338,2,6,31485.480000,1679.080000,0.000000,0.000000,0.000000,3.219348,1,02/26/2026 20:09:52,24.488,22.906
2339,2,6,31505.480000,1699.080000,0.000000,0.000000,0.000000,3.219654,1,02/26/2026 20:10:12,24.472,22.906
2340,2,6,31525.480000,1719.080000,0.000000,0.000000,0.000000,3.219654,1,02/26/2026 20:10:32,24.423,22.906
2341,2,6,31545.480000,1739.080000,0.000000,0.000000,0.000000,3.219654,1,02/26/2026 20:10:52,24.391,22.874
2342,2,6,31565.480000,1759.080000,0.000000,0.000000,0.000000,3.219654,1,02/26/2026 20:11:12,24.343,22.858
2343,2,6,31585.480000,1779.080000,0.000000,0.000000,0.000000,3.219654,1,02/26/2026 20:11:32,24.278,22.826
2344,2,6,31605.480000,1799.080000,0.000000,0.000000,0.000000,3.219348,1,02/26/2026 20:11:52,24.230,22.809
2345,2,6,31606.400000,1800.000000,0.000000,0.000000,0.000000,3.219348,129,02/26/2026 20:11:53,24.230,22.809
2346,2,7,31606.550000,1800.150000,0.000047,0.000156,2.332647,3.375601,0,02/26/2026 20:11:54,24.230,22.809
2347,2,7,31606.560000,1800.160000,0.000053,0.000178,2.469673,3.385367,4,02/26/2026 20:11:54,24.230,22.809
2348,2,7,31606.570000,1800.170000,0.000060,0.000201,2.601968,3.394827,4,02/26/2026 20:11:54,24.230,22.809
2349,2,7,31606.580000,1800.180000,0.000067,0.000226,2.729229,3.403372,4,02/26/2026 20:11:54,24.230,22.809
2350,2,7,31606.590000,1800.190000,0.000075,0.000252,2.852674,3.412222,4,02/26/2026 20:11:54,24.230,22.809
2351,2,7,31606.600000,1800.200000,0.000083,0.000279,2.970016,3.420462,4,02/26/2026 20:11:54,24.230,22.809
2352,2,7,31606.610000,1800.210000,0.000091,0.000307,3.001907,3.423209,4,02/26/2026 20:11:54,24.230,22.809
2353,2,7,31606.780000,1800.380000,0.000233,0.000793,3.000076,3.431449,5,02/26/2026 20:11:54,24.230,22.809
2354,2,7,31607.000000,1800.600000,0.000416,0.001423,2.999924,3.438468,5,02/26/2026 20:11:54,24.230,22.809
2355,2,7,31607.310000,1800.910000,0.000674,0.002312,2.999771,3.444572,5,02/26/2026 20:11:54,24.230,22.793
2356,2,7,31607.730000,1801.330000,0.001024,0.003519,3.000229,3.450675,5,02/26/2026 20:11:55,24.230,22.793
2357,2,7,31608.280000,1801.880000,0.001483,0.005102,2.999771,3.455863,5,02/26/2026 20:11:55,24.230,22.793
2358,2,7,31609.030000,1802.630000,0.002108,0.007263,3.000076,3.461357,5,02/26/2026 20:11:56,24.230,22.793
2359,2,7,31610.240000,1803.840000,0.003116,0.010756,2.999771,3.466239,5,02/26/2026 20:11:57,24.230,22.793
2360,2,7,31611.750000,1805.350000,0.004374,0.015122,3.000076,3.471427,5,02/26/2026 20:11:59,24.214,22.793
2361,2,7,31614.230000,1807.830000,0.006441,0.022301,2.999619,3.476616,5,02/26/2026 20:12:01,24.198,22.793
2362,2,7,31617.650000,1811.250000,0.009291,0.032217,2.999924,3.481498,5,02/26/2026 20:12:05,24.198,22.793
2363,2,7,31621.830000,1815.430000,0.012774,0.044353,2.999771,3.486687,5,02/26/2026 20:12:09,24.214,22.777
2364,2,7,31628.440000,1822.040000,0.018282,0.063572,2.999771,3.491569,5,02/26/2026 20:12:16,24.246,22.777
2365,2,7,31636.410000,1830.010000,0.024923,0.086779,2.999924,3.496452,5,02/26/2026 20:12:23,24.294,22.761
2366,2,7,31648.100000,1841.700000,0.034665,0.120864,2.999924,3.501335,5,02/26/2026 20:12:35,24.391,22.745
2367,2,7,31662.260000,1855.860000,0.046464,0.162210,2.999771,3.506218,5,02/26/2026 20:12:49,24.504,22.745
2368,2,7,31679.030000,1872.630000,0.060438,0.211241,2.999924,3.511101,5,02/26/2026 20:13:06,24.633,22.729
2369,2,7,31696.610000,1890.210000,0.075088,0.262712,2.999771,3.516289,5,02/26/2026 20:13:24,24.810,22.713
2370,2,7,31716.610000,1910.210000,0.091754,0.321351,2.999771,3.520867,1,02/26/2026 20:13:44,24.971,22.697
2371,2,7,31735.450000,1929.050000,0.107453,0.376666,2.999771,3.525750,5,02/26/2026 20:14:03,25.116,22.697
2372,2,7,31755.450000,1949.050000,0.124119,0.435466,2.999619,3.530632,1,02/26/2026 20:14:23,25.277,22.681
2373,2,7,31775.450000,1969.050000,0.140785,0.494341,2.999924,3.534600,1,02/26/2026 20:14:43,25.470,22.697
2374,2,7,31795.450000,1989.050000,0.157451,0.553286,2.999771,3.539178,1,02/26/2026 20:15:03,25.631,22.713
2375,2,7,31815.450000,2009.050000,0.174117,0.612291,2.999771,3.541924,1,02/26/2026 20:15:23,25.793,22.729
2376,2,7,31835.450000,2029.050000,0.190783,0.671347,3.000076,3.544976,1,02/26/2026 20:15:43,25.954,22.745
2377,2,7,31855.450000,2049.050000,0.207449,0.730450,3.000076,3.547417,1,02/26/2026 20:16:03,26.066,22.761
2378,2,7,31875.450000,2069.050000,0.224114,0.789587,2.999924,3.549248,1,02/26/2026 20:16:23,26.244,22.761
2379,2,7,31895.450000,2089.050000,0.240780,0.848755,2.999771,3.550774,1,02/26/2026 20:16:43,26.389,22.777
2380,2,7,31915.450000,2109.050000,0.257446,0.907948,2.999771,3.552300,1,02/26/2026 20:17:03,26.534,22.793
2381,2,7,31935.450000,2129.050000,0.274112,0.967163,2.999619,3.553521,1,02/26/2026 20:17:23,26.679,22.826
2382,2,7,31955.450000,2149.050000,0.290778,1.026401,2.999924,3.554742,1,02/26/2026 20:17:43,26.775,22.842
2383,2,7,31974.560000,2168.160000,0.306702,1.083018,2.999771,3.555352,164,02/26/2026 20:18:02,26.968,22.874
2384,2,8,31974.570000,2168.170000,0.306702,1.083018,2.699779,3.539178,0,02/26/2026 20:18:02,26.968,22.874
2385,2,8,31994.570000,2188.170000,0.321709,1.136080,2.700084,3.534600,1,02/26/2026 20:18:22,27.081,22.906
2386,2,8,32014.570000,2208.170000,0.336709,1.189105,2.699931,3.535210,1,02/26/2026 20:18:42,27.210,22.938
2387,2,8,32034.570000,2228.170000,0.351708,1.242137,2.699931,3.535515,1,02/26/2026 20:19:02,27.307,22.970
2388,2,8,32054.570000,2248.170000,0.366707,1.295182,2.699779,3.537041,1,02/26/2026 20:19:22,27.436,22.986
2389,2,8,32074.570000,2268.170000,0.381707,1.348239,2.699931,3.537346,1,02/26/2026 20:19:42,27.516,23.019
2390,2,8,32094.570000,2288.170000,0.396706,1.401306,2.699779,3.538262,1,02/26/2026 20:20:02,27.613,23.035
2391,2,8,32114.570000,2308.170000,0.411705,1.454385,2.699931,3.539178,1,02/26/2026 20:20:22,27.693,23.067
2392,2,8,32134.570000,2328.170000,0.426704,1.507475,2.700084,3.539788,1,02/26/2026 20:20:42,27.790,23.067
2393,2,8,32154.570000,2348.170000,0.441704,1.560575,2.699931,3.540398,1,02/26/2026 20:21:02,27.838,23.067
2394,2,8,32174.570000,2368.170000,0.456703,1.613685,2.699931,3.541314,1,02/26/2026 20:21:22,27.951,23.067
2395,2,8,32194.570000,2388.170000,0.471702,1.666807,2.699779,3.541924,1,02/26/2026 20:21:42,28.032,23.067
2396,2,8,32214.570000,2408.170000,0.486702,1.719940,2.699626,3.542840,1,02/26/2026 20:22:02,28.080,23.067
2397,2,8,32234.570000,2428.170000,0.501701,1.773085,2.699931,3.543450,1,02/26/2026 20:22:22,28.128,23.051
2398,2,8,32254.570000,2448.170000,0.516700,1.826243,2.699779,3.544671,1,02/26/2026 20:22:42,28.225,23.051
2399,2,8,32274.570000,2468.170000,0.531699,1.879415,2.699931,3.544976,1,02/26/2026 20:23:02,28.241,23.035
2400,2,8,32294.570000,2488.170000,0.546699,1.932600,2.699931,3.545892,1,02/26/2026 20:23:22,28.306,23.035
2401,2,8,32314.570000,2508.170000,0.561698,1.985799,2.699931,3.547112,1,02/26/2026 20:23:42,28.370,23.035
2402,2,8,32334.570000,2528.170000,0.576697,2.039009,2.699626,3.548028,1,02/26/2026 20:24:02,28.386,23.019
2403,2,8,32354.570000,2548.170000,0.591697,2.092233,2.699779,3.548638,1,02/26/2026 20:24:22,28.531,23.002
2404,2,8,32374.570000,2568.170000,0.606696,2.145471,2.699779,3.549554,1,02/26/2026 20:24:42,28.499,22.986
2405,2,8,32383.520000,2577.120000,0.613408,2.169299,2.699931,3.550164,164,02/26/2026 20:24:51,28.531,22.986
2406,2,9,32383.540000,2577.140000,0.613421,2.169346,2.400702,3.534600,0,02/26/2026 20:24:51,28.531,22.986
2407,2,9,32395.080000,2588.680000,0.621114,2.196509,2.399786,3.529717,5,02/26/2026 20:25:02,28.595,22.970
2408,2,9,32415.080000,2608.680000,0.634447,2.243570,2.399786,3.529717,1,02/26/2026 20:25:22,28.563,22.970
2409,2,9,32435.080000,2628.680000,0.647780,2.290633,2.400092,3.530327,1,02/26/2026 20:25:42,28.660,22.970
2410,2,9,32455.080000,2648.680000,0.661112,2.337706,2.400092,3.530938,1,02/26/2026 20:26:02,28.628,22.970
2411,2,9,32475.080000,2668.680000,0.674445,2.384793,2.399939,3.532158,1,02/26/2026 20:26:22,28.676,22.986
2412,2,9,32495.080000,2688.680000,0.687778,2.431894,2.400244,3.533379,1,02/26/2026 20:26:42,28.724,23.002
2413,2,9,32515.080000,2708.680000,0.701110,2.479012,2.399634,3.534600,1,02/26/2026 20:27:02,28.757,23.019
2414,2,9,32535.080000,2728.680000,0.714443,2.526146,2.399939,3.535515,1,02/26/2026 20:27:22,28.837,23.035
2415,2,9,32555.080000,2748.680000,0.727776,2.573298,2.399939,3.537041,1,02/26/2026 20:27:42,28.869,23.051
2416,2,9,32575.080000,2768.680000,0.741108,2.620467,2.399481,3.538262,1,02/26/2026 20:28:02,28.853,23.067
2417,2,9,32595.080000,2788.680000,0.754441,2.667654,2.399786,3.539483,1,02/26/2026 20:28:22,28.885,23.067
2418,2,9,32615.080000,2808.680000,0.767774,2.714856,2.399786,3.541009,1,02/26/2026 20:28:42,28.837,23.083
2419,2,9,32635.080000,2828.680000,0.781106,2.762074,2.399786,3.541924,1,02/26/2026 20:29:02,28.918,23.083
2420,2,9,32655.080000,2848.680000,0.794439,2.809309,2.399939,3.543145,1,02/26/2026 20:29:22,28.966,23.099
2421,2,9,32675.080000,2868.680000,0.807772,2.856562,2.399786,3.544671,1,02/26/2026 20:29:42,28.966,23.115
2422,2,9,32695.080000,2888.680000,0.821104,2.903834,2.399939,3.545892,1,02/26/2026 20:30:02,29.014,23.131
2423,2,9,32715.080000,2908.680000,0.834437,2.951124,2.400092,3.547417,1,02/26/2026 20:30:22,29.047,23.147
2424,2,9,32735.080000,2928.680000,0.847770,2.998430,2.399939,3.548943,1,02/26/2026 20:30:42,29.047,23.163
2425,2,9,32755.080000,2948.680000,0.861102,3.045755,2.399939,3.550164,1,02/26/2026 20:31:02,29.079,23.179
2426,2,9,32775.080000,2968.680000,0.874435,3.093097,2.399786,3.551690,1,02/26/2026 20:31:22,29.111,23.179
2427,2,9,32795.080000,2988.680000,0.887768,3.140457,2.399786,3.552911,1,02/26/2026 20:31:42,29.047,23.179
2428,2,9,32815.080000,3008.680000,0.901101,3.187840,2.399634,3.554437,1,02/26/2026 20:32:02,29.095,23.179
2429,2,9,32835.080000,3028.680000,0.914433,3.235244,2.399939,3.556268,1,02/26/2026 20:32:22,29.079,23.163
2430,2,9,32843.500000,3037.100000,0.920046,3.255206,2.399634,3.556878,164,02/26/2026 20:32:31,29.111,23.147
2431,2,10,32843.510000,3037.110000,0.920046,3.255206,1.353780,3.502861,0,02/26/2026 20:32:31,29.111,23.147
2432,2,10,32843.780000,3037.380000,0.920151,3.255574,1.349813,3.496757,5,02/26/2026 20:32:31,29.111,23.147
2433,2,10,32844.770000,3038.370000,0.920522,3.256871,1.350118,3.491264,5,02/26/2026 20:32:32,29.095,23.147
2434,2,10,32847.170000,3040.770000,0.921422,3.260010,1.349966,3.486076,5,02/26/2026 20:32:34,29.095,23.147
2435,2,10,32851.680000,3045.280000,0.923114,3.265902,1.349660,3.481193,5,02/26/2026 20:32:39,29.111,23.147
2436,2,10,32859.580000,3053.180000,0.926076,3.276206,1.349813,3.476005,5,02/26/2026 20:32:47,29.095,23.147
2437,2,10,32878.490000,3072.090000,0.933167,3.300835,1.349813,3.471122,5,02/26/2026 20:33:06,28.982,23.115
2438,2,10,32898.490000,3092.090000,0.940666,3.326865,1.349813,3.470207,1,02/26/2026 20:33:26,28.918,23.099
2439,2,10,32918.490000,3112.090000,0.948166,3.352891,1.350118,3.470512,1,02/26/2026 20:33:46,28.757,23.083
2440,2,10,32938.490000,3132.090000,0.955665,3.378923,1.349660,3.471122,1,02/26/2026 20:34:06,28.660,23.067
2441,2,10,32958.490000,3152.090000,0.963165,3.404962,1.350118,3.472343,1,02/26/2026 20:34:26,28.547,23.035
2442,2,10,32978.490000,3172.090000,0.970664,3.431010,1.349813,3.473869,1,02/26/2026 20:34:46,28.402,23.019
2443,2,10,32998.490000,3192.090000,0.978164,3.457069,1.349813,3.475395,1,02/26/2026 20:35:06,28.322,23.019
2444,2,10,33018.490000,3212.090000,0.985663,3.483138,1.349813,3.476921,1,02/26/2026 20:35:26,28.225,22.986
2445,2,10,33038.490000,3232.090000,0.993163,3.509219,1.349966,3.478752,1,02/26/2026 20:35:46,28.112,23.002
2446,2,10,33058.490000,3252.090000,1.000662,3.535311,1.349966,3.479667,1,02/26/2026 20:36:06,28.096,23.002
2447,2,10,33078.490000,3272.090000,1.008162,3.561412,1.349813,3.481193,1,02/26/2026 20:36:26,28.016,23.019
2448,2,10,33098.490000,3292.090000,1.015661,3.587524,1.349813,3.482414,1,02/26/2026 20:36:46,27.967,23.019
2449,2,10,33118.490000,3312.090000,1.023161,3.613646,1.349966,3.483635,1,02/26/2026 20:37:06,27.919,23.035
2450,2,10,33138.490000,3332.090000,1.030660,3.639780,1.349966,3.485466,1,02/26/2026 20:37:26,27.871,23.051
2451,2,10,33158.490000,3352.090000,1.038159,3.665925,1.349660,3.486687,1,02/26/2026 20:37:46,27.838,23.067
2452,2,10,33178.490000,3372.090000,1.045659,3.692080,1.349813,3.488212,1,02/26/2026 20:38:06,27.822,23.067
2453,2,10,33198.490000,3392.090000,1.053158,3.718245,1.349660,3.489738,1,02/26/2026 20:38:26,27.742,23.083
2454,2,10,33218.490000,3412.090000,1.060658,3.744421,1.350118,3.490959,1,02/26/2026 20:38:46,27.710,23.099
2455,2,10,33238.490000,3432.090000,1.068157,3.770606,1.349966,3.492180,1,02/26/2026 20:39:06,27.677,23.115
2456,2,10,33258.490000,3452.090000,1.075657,3.796804,1.350271,3.493706,1,02/26/2026 20:39:26,27.645,23.131
2457,2,10,33278.490000,3472.090000,1.083156,3.823013,1.349966,3.495232,1,02/26/2026 20:39:46,27.613,23.163
2458,2,10,33298.490000,3492.090000,1.090656,3.849232,1.349813,3.496757,1,02/26/2026 20:40:06,27.548,23.179
2459,2,10,33318.490000,3512.090000,1.098155,3.875461,1.349966,3.497978,1,02/26/2026 20:40:26,27.532,23.195
2460,2,10,33338.490000,3532.090000,1.105655,3.901701,1.349966,3.499504,1,02/26/2026 20:40:46,27.516,23.195
2461,2,10,33358.490000,3552.090000,1.113154,3.927951,1.350118,3.501030,1,02/26/2026 20:41:06,27.484,23.212
2462,2,10,33378.490000,3572.090000,1.120654,3.954212,1.349508,3.502251,1,02/26/2026 20:41:26,27.484,23.212
2463,2,10,33398.490000,3592.090000,1.128153,3.980486,1.349966,3.504082,1,02/26/2026 20:41:46,27.436,23.212
2464,2,10,33418.490000,3612.090000,1.135653,4.006771,1.349966,3.505303,1,02/26/2026 20:42:06,27.339,23.228
2465,2,10,33438.490000,3632.090000,1.143152,4.033066,1.349966,3.506828,1,02/26/2026 20:42:26,27.307,23.228
2466,2,10,33458.490000,3652.090000,1.150652,4.059372,1.349660,3.508049,1,02/26/2026 20:42:46,27.291,23.212
2467,2,10,33478.490000,3672.090000,1.158151,4.085690,1.350118,3.509575,1,02/26/2026 20:43:06,27.242,23.195
2468,2,10,33498.490000,3692.090000,1.165651,4.112020,1.349966,3.511711,1,02/26/2026 20:43:26,27.226,23.195
2469,2,10,33518.490000,3712.090000,1.173150,4.138363,1.349966,3.513542,1,02/26/2026 20:43:46,27.097,23.147
2470,2,10,33538.490000,3732.090000,1.180650,4.164719,1.349813,3.515068,1,02/26/2026 20:44:06,27.097,23.115
2471,2,10,33558.490000,3752.090000,1.188149,4.191086,1.349660,3.516289,1,02/26/2026 20:44:26,27.049,23.083
2472,2,10,33578.490000,3772.090000,1.195649,4.217466,1.349966,3.518425,1,02/26/2026 20:44:46,27.001,23.067
2473,2,10,33598.490000,3792.090000,1.203148,4.243859,1.349966,3.519951,1,02/26/2026 20:45:06,26.952,23.051
2474,2,10,33618.490000,3812.090000,1.210648,4.270265,1.349813,3.521477,1,02/26/2026 20:45:26,26.936,23.035
2475,2,10,33638.490000,3832.090000,1.218147,4.296684,1.349813,3.523613,1,02/26/2026 20:45:46,26.872,23.035
2476,2,10,33658.490000,3852.090000,1.225647,4.323117,1.349660,3.525444,1,02/26/2026 20:46:06,26.856,23.019
2477,2,10,33661.200000,3854.800000,1.226663,4.326699,1.349660,3.525444,164,02/26/2026 20:46:08,26.856,23.019
2478,2,11,33661.210000,3854.810000,1.226663,4.326699,0.753796,3.494011,0,02/26/2026 20:46:08,26.856,23.019
2479,2,11,33661.480000,3855.080000,1.226721,4.326903,0.750134,3.488823,5,02/26/2026 20:46:09,26.856,23.019
2480,2,11,33662.290000,3855.890000,1.226890,4.327491,0.749828,3.483940,5,02/26/2026 20:46:09,26.856,23.019
2481,2,11,33664.030000,3857.630000,1.227253,4.328753,0.749828,3.478752,5,02/26/2026 20:46:11,26.856,23.019
2482,2,11,33667.250000,3860.850000,1.227923,4.331085,0.749981,3.473564,5,02/26/2026 20:46:14,26.856,23.019
2483,2,11,33674.000000,3867.600000,1.229329,4.335965,0.749828,3.468681,5,02/26/2026 20:46:21,26.824,23.019
2484,2,11,33684.380000,3877.980000,1.231492,4.343460,0.749981,3.463798,5,02/26/2026 20:46:31,26.840,23.002
2485,2,11,33704.380000,3897.980000,1.235658,4.357882,0.750134,3.459831,1,02/26/2026 20:46:51,26.791,23.019
2486,2,11,33724.380000,3917.980000,1.239824,4.372292,0.749828,3.457694,1,02/26/2026 20:47:11,26.727,23.019
2487,2,11,33744.380000,3937.980000,1.243990,4.386698,0.749981,3.457694,1,02/26/2026 20:47:31,26.679,23.035
2488,2,11,33764.380000,3957.980000,1.248157,4.401103,0.749676,3.457389,1,02/26/2026 20:47:51,26.630,23.035
2489,2,11,33784.380000,3977.980000,1.252323,4.415509,0.749828,3.458610,1,02/26/2026 20:48:11,26.566,23.051
2490,2,11,33804.380000,3997.980000,1.256489,4.429918,0.749981,3.458915,1,02/26/2026 20:48:31,26.550,23.067
2491,2,11,33824.380000,4017.980000,1.260655,4.444331,0.749828,3.459831,1,02/26/2026 20:48:51,26.485,23.067
2492,2,11,33844.380000,4037.980000,1.264822,4.458749,0.750134,3.460746,1,02/26/2026 20:49:11,26.453,23.067
2493,2,11,33864.380000,4057.980000,1.268988,4.473171,0.749828,3.461967,1,02/26/2026 20:49:31,26.405,23.067
2494,2,11,33884.380000,4077.980000,1.273154,4.487598,0.749981,3.463188,1,02/26/2026 20:49:51,26.356,23.067
2495,2,11,33904.380000,4097.980000,1.277320,4.502030,0.749676,3.464408,1,02/26/2026 20:50:11,26.308,23.067
2496,2,11,33924.380000,4117.980000,1.281487,4.516466,0.750286,3.465629,1,02/26/2026 20:50:31,26.276,23.083
2497,2,11,33944.380000,4137.980000,1.285653,4.530909,0.749828,3.466850,1,02/26/2026 20:50:51,26.227,23.083
2498,2,11,33964.380000,4157.980000,1.289819,4.545357,0.749981,3.468681,1,02/26/2026 20:51:11,26.227,23.099
2499,2,11,33984.380000,4177.980000,1.293985,4.559812,0.749828,3.470207,1,02/26/2026 20:51:31,26.163,23.115
2500,2,11,34004.380000,4197.980000,1.298152,4.574271,0.749676,3.471122,1,02/26/2026 20:51:51,26.163,23.115
2501,2,11,34024.380000,4217.980000,1.302318,4.588736,0.749676,3.472648,1,02/26/2026 20:52:11,26.131,23.115
2502,2,11,34044.380000,4237.980000,1.306484,4.603207,0.750134,3.473869,1,02/26/2026 20:52:31,26.099,23.131
2503,2,11,34064.380000,4257.980000,1.310650,4.617684,0.750286,3.475395,1,02/26/2026 20:52:51,26.034,23.131
2504,2,11,34084.380000,4277.980000,1.314817,4.632167,0.749981,3.477531,1,02/26/2026 20:53:11,26.018,23.115
2505,2,11,34104.380000,4297.980000,1.318983,4.646657,0.749828,3.478752,1,02/26/2026 20:53:31,25.970,23.099
2506,2,11,34124.380000,4317.980000,1.323149,4.661152,0.750134,3.479973,1,02/26/2026 20:53:51,25.938,23.099
2507,2,11,34144.380000,4337.980000,1.327315,4.675654,0.749981,3.481498,1,02/26/2026 20:54:11,25.873,23.083
2508,2,11,34164.380000,4357.980000,1.331482,4.690162,0.749981,3.483024,1,02/26/2026 20:54:31,25.841,23.051
2509,2,11,34184.380000,4377.980000,1.335648,4.704676,0.749981,3.484550,1,02/26/2026 20:54:51,25.776,23.035
2510,2,11,34204.390000,4397.990000,1.339816,4.719205,0.749828,3.486381,1,02/26/2026 20:55:11,25.728,23.002
2511,2,11,34224.400000,4418.000000,1.343984,4.733741,0.750286,3.487907,1,02/26/2026 20:55:31,25.680,22.986
2512,2,11,34244.400000,4438.000000,1.348151,4.748276,0.749828,3.489738,1,02/26/2026 20:55:51,25.664,22.986
2513,2,11,34264.400000,4458.000000,1.352317,4.762818,0.749981,3.491264,1,02/26/2026 20:56:11,25.615,22.970
2514,2,11,34284.400000,4478.000000,1.356483,4.777367,0.749981,3.493095,1,02/26/2026 20:56:31,25.599,22.970
2515,2,11,34304.400000,4498.000000,1.360649,4.791924,0.749828,3.495232,1,02/26/2026 20:56:51,25.567,22.954
2516,2,11,34324.400000,4518.000000,1.364816,4.806488,0.749828,3.496452,1,02/26/2026 20:57:11,25.551,22.954
2517,2,11,34344.400000,4538.000000,1.368982,4.821060,0.749828,3.498283,1,02/26/2026 20:57:31,25.535,22.970
2518,2,11,34364.400000,4558.000000,1.373148,4.835639,0.750134,3.500114,1,02/26/2026 20:57:51,25.535,22.970
2519,2,11,34384.400000,4578.000000,1.377314,4.850225,0.750134,3.501946,1,02/26/2026 20:58:11,25.535,22.986
2520,2,11,34404.400000,4598.000000,1.381481,4.864820,0.749676,3.504082,1,02/26/2026 20:58:31,25.519,23.002
2521,2,11,34424.400000,4618.000000,1.385647,4.879423,0.749981,3.505913,1,02/26/2026 20:58:51,25.519,23.002
2522,2,11,34444.400000,4638.000000,1.389813,4.894035,0.749828,3.507744,1,02/26/2026 20:59:11,25.519,23.019
2523,2,11,34464.410000,4658.010000,1.393981,4.908662,0.749828,3.510491,1,02/26/2026 20:59:31,25.535,23.035
2524,2,11,34484.410000,4678.010000,1.398148,4.923291,0.749828,3.512016,1,02/26/2026 20:59:51,25.519,23.051
2525,2,11,34504.410000,4698.010000,1.402314,4.937929,0.749981,3.514458,1,02/26/2026 21:00:11,25.503,23.051
2526,2,11,34524.410000,4718.010000,1.406480,4.952577,0.749828,3.516899,1,02/26/2026 21:00:31,25.519,23.067
2527,2,11,34544.410000,4738.010000,1.410646,4.967234,0.749676,3.519341,1,02/26/2026 21:00:51,25.535,23.083
2528,2,11,34564.410000,4758.010000,1.414813,4.981902,0.749981,3.521782,1,02/26/2026 21:01:11,25.535,23.099
2529,2,11,34584.410000,4778.010000,1.418979,4.996579,0.749981,3.523919,1,02/26/2026 21:01:31,25.535,23.115
2530,2,11,34604.410000,4798.010000,1.423145,5.011267,0.749981,3.526665,1,02/26/2026 21:01:51,25.551,23.115
2531,2,11,34624.420000,4818.020000,1.427313,5.025974,0.749676,3.529717,1,02/26/2026 21:02:11,25.551,23.115
2532,2,11,34644.420000,4838.020000,1.431480,5.040685,0.749981,3.532464,1,02/26/2026 21:02:31,25.535,23.131
2533,2,11,34664.420000,4858.020000,1.435646,5.055409,0.749523,3.535210,1,02/26/2026 21:02:51,25.535,23.115
2534,2,11,34684.420000,4878.020000,1.439812,5.070146,0.750134,3.538567,1,02/26/2026 21:03:11,25.519,23.115
2535,2,11,34704.420000,4898.020000,1.443978,5.084896,0.749828,3.541619,1,02/26/2026 21:03:31,25.519,23.131
2536,2,11,34724.420000,4918.020000,1.448145,5.099661,0.749981,3.545586,1,02/26/2026 21:03:51,25.503,23.115
2537,2,11,34744.420000,4938.020000,1.452311,5.114442,0.749676,3.549554,1,02/26/2026 21:04:11,25.503,23.099
2538,2,11,34764.420000,4958.020000,1.456477,5.129239,0.749981,3.554437,1,02/26/2026 21:04:31,25.486,23.067
2539,2,11,34784.420000,4978.020000,1.460643,5.144056,0.750134,3.558404,1,02/26/2026 21:04:51,25.454,23.051
2540,2,11,34802.880000,4996.480000,1.464489,5.157748,0.749828,3.563287,5,02/26/2026 21:05:10,25.454,23.035
2541,2,11,34821.480000,5015.080000,1.468363,5.171564,0.749828,3.568170,5,02/26/2026 21:05:28,25.422,23.019
2542,2,11,34836.620000,5030.220000,1.471517,5.182826,0.750134,3.573053,5,02/26/2026 21:05:44,25.422,23.002
2543,2,11,34851.830000,5045.430000,1.474686,5.194154,0.749981,3.577935,5,02/26/2026 21:05:59,25.390,22.970
2544,2,11,34864.770000,5058.370000,1.477381,5.203806,0.749981,3.582818,5,02/26/2026 21:06:12,25.390,22.986
2545,2,11,34876.930000,5070.530000,1.479914,5.212887,0.749828,3.587701,5,02/26/2026 21:06:24,25.374,22.954
2546,2,11,34888.680000,5082.280000,1.482362,5.221675,0.749828,3.592584,5,02/26/2026 21:06:36,25.374,22.954
2547,2,11,34898.260000,5091.860000,1.484358,5.228849,0.749828,3.597467,5,02/26/2026 21:06:45,25.374,22.954
2548,2,11,34908.780000,5102.380000,1.486549,5.236739,0.749981,3.602350,5,02/26/2026 21:06:56,25.374,22.954
2549,2,11,34917.750000,5111.350000,1.488418,5.243475,0.750286,3.607233,5,02/26/2026 21:07:05,25.374,22.938
2550,2,11,34926.500000,5120.100000,1.490240,5.250054,0.749828,3.612116,5,02/26/2026 21:07:14,25.374,22.954
2551,2,11,34934.240000,5127.840000,1.491853,5.255882,0.749828,3.616999,5,02/26/2026 21:07:21,25.390,22.954
2552,2,11,34941.830000,5135.430000,1.493434,5.261605,0.749676,3.621881,5,02/26/2026 21:07:29,25.406,22.970
2553,2,11,34949.080000,5142.680000,1.494944,5.267079,0.749828,3.626764,5,02/26/2026 21:07:36,25.406,22.970
2554,2,11,34955.560000,5149.160000,1.496294,5.271978,0.750134,3.631647,5,02/26/2026 21:07:43,25.422,22.970
2555,2,11,34961.920000,5155.520000,1.497619,5.276793,0.749828,3.636530,5,02/26/2026 21:07:49,25.406,22.970
2556,2,11,34967.920000,5161.520000,1.498869,5.281341,0.750134,3.641413,5,02/26/2026 21:07:55,25.422,22.970
2557,2,11,34973.830000,5167.430000,1.500100,5.285827,0.749981,3.646296,5,02/26/2026 21:08:01,25.438,22.970
2558,2,11,34978.880000,5172.480000,1.501150,5.289661,0.739910,3.650263,4,02/26/2026 21:08:06,25.438,22.970
2559,2,11,34979.920000,5173.520000,1.501362,5.290435,0.729839,3.650263,4,02/26/2026 21:08:07,25.438,22.970
2560,2,11,34981.430000,5175.030000,1.501666,5.291544,0.719768,3.649958,4,02/26/2026 21:08:08,25.438,22.970
2561,2,11,34983.980000,5177.580000,1.502172,5.293392,0.709697,3.649958,4,02/26/2026 21:08:11,25.438,22.986
2562,2,11,34986.010000,5179.610000,1.502570,5.294843,0.699626,3.649653,4,02/26/2026 21:08:13,25.438,22.986
2563,2,11,34988.720000,5182.320000,1.503093,5.296752,0.689555,3.649958,4,02/26/2026 21:08:16,25.438,22.970
2564,2,11,34990.950000,5184.550000,1.503518,5.298301,0.679332,3.649958,4,02/26/2026 21:08:18,25.454,22.970
2565,2,11,34994.100000,5187.700000,1.504108,5.300457,0.669261,3.649958,4,02/26/2026 21:08:21,25.454,22.986
2566,2,11,34996.550000,5190.150000,1.504560,5.302107,0.659037,3.649653,4,02/26/2026 21:08:24,25.454,22.986
2567,2,11,34999.300000,5192.900000,1.505060,5.303931,0.648966,3.650263,4,02/26/2026 21:08:26,25.454,22.986
2568,2,11,35001.780000,5195.380000,1.505504,5.305550,0.638895,3.649958,4,02/26/2026 21:08:29,25.454,23.002
2569,2,11,35004.800000,5198.400000,1.506035,5.307492,0.628519,3.650568,4,02/26/2026 21:08:32,25.454,22.986
2570,2,11,35007.560000,5201.160000,1.506514,5.309239,0.618296,3.649958,4,02/26/2026 21:08:35,25.470,23.002
2571,2,11,35010.030000,5203.630000,1.506935,5.310775,0.608225,3.649958,4,02/26/2026 21:08:37,25.470,23.002
2572,2,11,35013.480000,5207.080000,1.507513,5.312886,0.598001,3.649958,4,02/26/2026 21:08:40,25.470,22.986
2573,2,11,35016.220000,5209.820000,1.507964,5.314533,0.587778,3.649958,4,02/26/2026 21:08:43,25.486,23.002
2574,2,11,35018.840000,5212.440000,1.508389,5.316082,0.577707,3.650263,4,02/26/2026 21:08:46,25.486,23.002
2575,2,11,35021.760000,5215.360000,1.508853,5.317778,0.567483,3.649958,4,02/26/2026 21:08:49,25.486,23.002
2576,2,11,35025.110000,5218.710000,1.509377,5.319688,0.557259,3.649958,4,02/26/2026 21:08:52,25.486,23.002
2577,2,11,35027.650000,5221.250000,1.509766,5.321110,0.547189,3.649958,4,02/26/2026 21:08:55,25.486,23.002
2578,2,11,35030.670000,5224.270000,1.510222,5.322772,0.536812,3.649958,4,02/26/2026 21:08:58,25.503,23.002
2579,2,11,35033.840000,5227.440000,1.510691,5.324483,0.526741,3.649958,4,02/26/2026 21:09:01,25.503,23.002
2580,2,11,35036.910000,5230.510000,1.511136,5.326108,0.516670,3.649958,4,02/26/2026 21:09:04,25.503,23.019
2581,2,11,35040.320000,5233.920000,1.511620,5.327874,0.506600,3.649958,4,02/26/2026 21:09:07,25.503,23.002
2582,2,11,35043.090000,5236.690000,1.512006,5.329284,0.496376,3.649958,4,02/26/2026 21:09:10,25.519,23.019
2583,2,11,35046.490000,5240.090000,1.512470,5.330978,0.486305,3.649653,4,02/26/2026 21:09:13,25.519,23.019
2584,2,11,35049.880000,5243.480000,1.512923,5.332631,0.476234,3.649958,4,02/26/2026 21:09:17,25.503,23.019
2585,2,11,35053.060000,5246.660000,1.513339,5.334151,0.466163,3.649958,4,02/26/2026 21:09:20,25.519,23.019
2586,2,11,35056.240000,5249.840000,1.513747,5.335640,0.456092,3.649958,4,02/26/2026 21:09:23,25.519,23.035
2587,2,11,35059.520000,5253.120000,1.514159,5.337142,0.446021,3.649958,4,02/26/2026 21:09:27,25.519,23.019
2588,2,11,35063.030000,5256.630000,1.514589,5.338713,0.435645,3.650263,4,02/26/2026 21:09:30,25.535,23.035
2589,2,11,35066.810000,5260.410000,1.515042,5.340367,0.425269,3.649958,4,02/26/2026 21:09:34,25.519,23.035
2590,2,11,35070.490000,5264.090000,1.515472,5.341936,0.415045,3.649958,4,02/26/2026 21:09:37,25.519,23.035
2591,2,11,35074.380000,5267.980000,1.515916,5.343555,0.404974,3.649653,4,02/26/2026 21:09:41,25.519,23.035
2592,2,11,35078.220000,5271.820000,1.516342,5.345113,0.394903,3.649958,4,02/26/2026 21:09:45,25.535,23.051
2593,2,11,35081.390000,5274.990000,1.516686,5.346368,0.384680,3.649653,4,02/26/2026 21:09:48,25.535,23.051
2594,2,11,35085.750000,5279.350000,1.517147,5.348051,0.374609,3.649958,4,02/26/2026 21:09:53,25.551,23.051
2595,2,11,35090.050000,5283.650000,1.517589,5.349665,0.364385,3.650263,4,02/26/2026 21:09:57,25.535,23.051
2596,2,11,35094.470000,5288.070000,1.518031,5.351275,0.354314,3.649958,4,02/26/2026 21:10:01,25.535,23.051
2597,2,11,35098.700000,5292.300000,1.518441,5.352774,0.344091,3.649958,4,02/26/2026 21:10:06,25.535,23.051
2598,2,11,35102.600000,5296.200000,1.518809,5.354117,0.334020,3.649653,4,02/26/2026 21:10:10,25.535,23.051
2599,2,11,35107.380000,5300.980000,1.519247,5.355716,0.323949,3.650263,4,02/26/2026 21:10:14,25.551,23.067
2600,2,11,35112.080000,5305.680000,1.519664,5.357238,0.313878,3.649653,4,02/26/2026 21:10:19,25.535,23.067
2601,2,11,35116.910000,5310.510000,1.520080,5.358755,0.303655,3.649958,4,02/26/2026 21:10:24,25.551,23.067
2602,2,11,35121.990000,5315.590000,1.520502,5.360296,0.293584,3.649653,4,02/26/2026 21:10:29,25.551,23.067
2603,2,11,35127.850000,5321.450000,1.520972,5.362011,0.283360,3.649958,4,02/26/2026 21:10:35,25.551,23.083
2604,2,11,35133.210000,5326.810000,1.521386,5.363523,0.273136,3.649958,4,02/26/2026 21:10:40,25.551,23.083
2605,2,11,35138.510000,5332.110000,1.521781,5.364964,0.263066,3.649653,4,02/26/2026 21:10:46,25.535,23.083
2606,2,11,35144.300000,5337.900000,1.522198,5.366484,0.252995,3.649958,4,02/26/2026 21:10:51,25.519,23.083
2607,2,11,35150.400000,5344.000000,1.522619,5.368023,0.242924,3.649958,4,02/26/2026 21:10:57,25.535,23.083
2608,2,11,35157.140000,5350.740000,1.523066,5.369654,0.232700,3.650263,4,02/26/2026 21:11:04,25.535,23.099
2609,2,11,35163.790000,5357.390000,1.523489,5.371196,0.222629,3.649958,4,02/26/2026 21:11:11,25.519,23.099
2610,2,11,35170.880000,5364.480000,1.523919,5.372769,0.212558,3.649958,4,02/26/2026 21:11:18,25.535,23.099
2611,2,11,35178.810000,5372.410000,1.524378,5.374443,0.202487,3.649958,4,02/26/2026 21:11:26,25.519,23.099
2612,2,11,35186.720000,5380.320000,1.524814,5.376034,0.192416,3.650263,4,02/26/2026 21:11:34,25.519,23.115
2613,2,11,35195.160000,5388.760000,1.525256,5.377646,0.182345,3.649958,4,02/26/2026 21:11:42,25.503,23.115
2614,2,11,35204.750000,5398.350000,1.525731,5.379380,0.172274,3.649958,4,02/26/2026 21:11:52,25.503,23.115
2615,2,11,35214.430000,5408.030000,1.526182,5.381027,0.162203,3.649958,4,02/26/2026 21:12:01,25.486,23.115
2616,2,11,35225.320000,5418.920000,1.526659,5.382768,0.152132,3.649958,4,02/26/2026 21:12:12,25.486,23.115
2617,2,11,35235.830000,5429.430000,1.527091,5.384345,0.142061,3.649958,4,02/26/2026 21:12:23,25.486,23.131
2618,2,11,35249.740000,5443.340000,1.527623,5.386287,0.131685,3.650263,4,02/26/2026 21:12:37,25.454,23.131
2619,2,11,35263.130000,5456.730000,1.528096,5.388014,0.121614,3.649958,4,02/26/2026 21:12:50,25.422,23.131
2620,2,11,35279.230000,5472.830000,1.528620,5.389927,0.111543,3.650263,4,02/26/2026 21:13:06,25.406,23.131
2621,2,11,35295.050000,5488.650000,1.529092,5.391648,0.101472,3.649653,4,02/26/2026 21:13:22,25.342,23.115
2622,2,11,35314.700000,5508.300000,1.529624,5.393590,0.091402,3.649958,4,02/26/2026 21:13:42,25.277,23.083
2623,2,11,35334.700000,5528.300000,1.530111,5.395368,0.084230,3.649958,1,02/26/2026 21:14:02,25.197,23.035
2624,2,11,35354.700000,5548.300000,1.530551,5.396975,0.075532,3.649958,1,02/26/2026 21:14:22,25.116,22.986
2625,2,11,35374.700000,5568.300000,1.530950,5.398430,0.069581,3.649653,1,02/26/2026 21:14:42,25.052,22.938
2626,2,11,35394.700000,5588.300000,1.531312,5.399753,0.063478,3.649958,1,02/26/2026 21:15:02,25.003,22.922
2627,2,11,35414.700000,5608.300000,1.531642,5.400958,0.057832,3.649653,1,02/26/2026 21:15:22,24.923,22.890
2628,2,11,35434.700000,5628.300000,1.531943,5.402056,0.051423,3.649958,1,02/26/2026 21:15:42,24.890,22.874
2629,2,11,35454.700000,5648.300000,1.532219,5.403062,0.047150,3.649958,1,02/26/2026 21:16:02,24.858,22.858
2630,2,11,35474.700000,5668.300000,1.532472,5.403986,0.043336,3.649958,1,02/26/2026 21:16:22,24.810,22.874
2631,2,11,35494.700000,5688.300000,1.532705,5.404838,0.039216,3.649958,1,02/26/2026 21:16:42,24.778,22.874
2632,2,11,35514.700000,5708.300000,1.532921,5.405623,0.037995,3.649958,1,02/26/2026 21:17:02,24.762,22.890
2633,2,11,35534.700000,5728.300000,1.533120,5.406352,0.034638,3.649958,1,02/26/2026 21:17:22,24.762,22.906
2634,2,11,35554.700000,5748.300000,1.533305,5.407027,0.032044,3.649958,1,02/26/2026 21:17:42,24.762,22.922
2635,2,11,35574.700000,5768.300000,1.533478,5.407656,0.029755,3.649958,1,02/26/2026 21:18:02,24.729,22.922
2636,2,11,35594.700000,5788.300000,1.533638,5.408241,0.027771,3.649958,1,02/26/2026 21:18:22,24.713,22.938
2637,2,11,35614.700000,5808.300000,1.533787,5.408787,0.026398,3.650263,1,02/26/2026 21:18:42,24.697,22.954
2638,2,11,35634.700000,5828.300000,1.533928,5.409301,0.024414,3.649653,1,02/26/2026 21:19:02,24.681,22.954
2639,2,11,35654.700000,5848.300000,1.534059,5.409779,0.023651,3.649653,1,02/26/2026 21:19:22,24.649,22.970
2640,2,11,35674.700000,5868.300000,1.534182,5.410228,0.020447,3.649653,1,02/26/2026 21:19:42,24.649,22.970
2641,2,11,35694.700000,5888.300000,1.534298,5.410651,0.019837,3.649958,1,02/26/2026 21:20:02,24.649,22.986
2642,2,11,35714.700000,5908.300000,1.534408,5.411050,0.017548,3.649653,1,02/26/2026 21:20:22,24.633,23.002
2643,2,11,35734.700000,5928.300000,1.534511,5.411428,0.018158,3.649958,1,02/26/2026 21:20:42,24.617,23.019
2644,2,11,35754.700000,5948.300000,1.534608,5.411781,0.016632,3.649653,1,02/26/2026 21:21:02,24.617,23.035
2645,2,11,35767.330000,5960.930000,1.534666,5.411995,0.014954,3.649653,132,02/26/2026 21:21:14,24.617,23.035
2646,2,12,35767.340000,0.010000,0.000000,0.000000,0.000000,3.649042,0,02/26/2026 21:21:14,24.617,23.035
2647,2,12,35773.000000,5.670000,0.000000,0.000000,0.000000,3.644160,5,02/26/2026 21:21:20,24.617,23.051
2648,2,12,35780.490000,13.160000,0.000000,0.000000,0.000000,3.639277,5,02/26/2026 21:21:27,24.601,23.051
2649,2,12,35788.390000,21.060000,0.000000,0.000000,0.000000,3.634394,5,02/26/2026 21:21:35,24.601,23.051
2650,2,12,35797.600000,30.270000,0.000000,0.000000,0.000000,3.629511,5,02/26/2026 21:21:45,24.601,23.067
2651,2,12,35807.390000,40.060000,0.000000,0.000000,0.000000,3.624323,5,02/26/2026 21:21:54,24.601,23.067
2652,2,12,35818.250000,50.920000,0.000000,0.000000,0.000000,3.619135,5,02/26/2026 21:22:05,24.601,23.083
2653,2,12,35831.320000,63.990000,0.000000,0.000000,0.000000,3.614252,5,02/26/2026 21:22:18,24.601,23.099
2654,2,12,35842.600000,75.270000,0.000000,0.000000,0.000000,3.609369,5,02/26/2026 21:22:30,24.584,23.115
2655,2,12,35857.050000,89.720000,0.000000,0.000000,0.000000,3.604181,5,02/26/2026 21:22:44,24.568,23.115
2656,2,12,35871.540000,104.210000,0.000000,0.000000,0.000000,3.599298,5,02/26/2026 21:22:59,24.552,23.115
2657,2,12,35886.910000,119.580000,0.000000,0.000000,0.000000,3.594110,5,02/26/2026 21:23:14,24.536,23.115
2658,2,12,35904.750000,137.420000,0.000000,0.000000,0.000000,3.589227,5,02/26/2026 21:23:32,24.520,23.115
2659,2,12,35923.270000,155.940000,0.000000,0.000000,0.000000,3.584344,5,02/26/2026 21:23:50,24.488,23.099
2660,2,12,35942.980000,175.650000,0.000000,0.000000,0.000000,3.579461,5,02/26/2026 21:24:10,24.439,23.083
2661,2,12,35962.980000,195.650000,0.000000,0.000000,0.000000,3.574884,1,02/26/2026 21:24:30,24.407,23.067
2662,2,12,35982.980000,215.650000,0.000000,0.000000,0.000000,3.570916,1,02/26/2026 21:24:50,24.391,23.051
2663,2,12,36002.980000,235.650000,0.000000,0.000000,0.000000,3.566339,1,02/26/2026 21:25:10,24.343,23.035
2664,2,12,36022.980000,255.650000,0.000000,0.000000,0.000000,3.562982,1,02/26/2026 21:25:30,24.311,23.019
2665,2,12,36042.980000,275.650000,0.000000,0.000000,0.000000,3.559319,1,02/26/2026 21:25:50,24.278,23.002
2666,2,12,36062.980000,295.650000,0.000000,0.000000,0.000000,3.556268,1,02/26/2026 21:26:10,24.230,22.986
2667,2,12,36082.980000,315.650000,0.000000,0.000000,0.000000,3.552911,1,02/26/2026 21:26:30,24.198,22.986
2668,2,12,36102.980000,335.650000,0.000000,0.000000,0.000000,3.549859,1,02/26/2026 21:26:50,24.149,22.954
2669,2,12,36122.980000,355.650000,0.000000,0.000000,0.000000,3.547112,1,02/26/2026 21:27:10,24.133,22.938
2670,2,12,36142.980000,375.650000,0.000000,0.000000,0.000000,3.544671,1,02/26/2026 21:27:30,24.133,22.938
2671,2,12,36162.980000,395.650000,0.000000,0.000000,0.000000,3.541924,1,02/26/2026 21:27:50,24.117,22.938
2672,2,12,36182.980000,415.650000,0.000000,0.000000,0.000000,3.539788,1,02/26/2026 21:28:10,24.117,22.954
2673,2,12,36202.980000,435.650000,0.000000,0.000000,0.000000,3.537041,1,02/26/2026 21:28:30,24.117,22.970
2674,2,12,36222.980000,455.650000,0.000000,0.000000,0.000000,3.534600,1,02/26/2026 21:28:50,24.117,22.986
2675,2,12,36242.980000,475.650000,0.000000,0.000000,0.000000,3.532769,1,02/26/2026 21:29:10,24.117,23.002
2676,2,12,36262.980000,495.650000,0.000000,0.000000,0.000000,3.530632,1,02/26/2026 21:29:30,24.117,23.002
2677,2,12,36282.980000,515.650000,0.000000,0.000000,0.000000,3.528496,1,02/26/2026 21:29:50,24.133,23.019
2678,2,12,36302.980000,535.650000,0.000000,0.000000,0.000000,3.526360,1,02/26/2026 21:30:10,24.133,23.035
2679,2,12,36322.980000,555.650000,0.000000,0.000000,0.000000,3.525139,1,02/26/2026 21:30:30,24.133,23.051
2680,2,12,36342.980000,575.650000,0.000000,0.000000,0.000000,3.523308,1,02/26/2026 21:30:50,24.149,23.067
2681,2,12,36362.980000,595.650000,0.000000,0.000000,0.000000,3.521477,1,02/26/2026 21:31:10,24.149,23.083
2682,2,12,36382.980000,615.650000,0.000000,0.000000,0.000000,3.519646,1,02/26/2026 21:31:30,24.149,23.083
2683,2,12,36402.980000,635.650000,0.000000,0.000000,0.000000,3.518425,1,02/26/2026 21:31:50,24.149,23.099
2684,2,12,36422.980000,655.650000,0.000000,0.000000,0.000000,3.516594,1,02/26/2026 21:32:10,24.149,23.099
2685,2,12,36442.980000,675.650000,0.000000,0.000000,0.000000,3.515373,1,02/26/2026 21:32:30,24.133,23.099
2686,2,12,36462.980000,695.650000,0.000000,0.000000,0.000000,3.513848,1,02/26/2026 21:32:50,24.149,23.115
2687,2,12,36482.980000,715.650000,0.000000,0.000000,0.000000,3.512322,1,02/26/2026 21:33:10,24.149,23.115
2688,2,12,36502.980000,735.650000,0.000000,0.000000,0.000000,3.511101,1,02/26/2026 21:33:30,24.149,23.131
2689,2,12,36522.980000,755.650000,0.000000,0.000000,0.000000,3.509575,1,02/26/2026 21:33:50,24.149,23.147
2690,2,12,36542.980000,775.650000,0.000000,0.000000,0.000000,3.508354,1,02/26/2026 21:34:10,24.149,23.147
2691,2,12,36562.980000,795.650000,0.000000,0.000000,0.000000,3.507134,1,02/26/2026 21:34:30,24.133,23.147
2692,2,12,36582.980000,815.650000,0.000000,0.000000,0.000000,3.505608,1,02/26/2026 21:34:50,24.101,23.131
2693,2,12,36602.980000,835.650000,0.000000,0.000000,0.000000,3.504997,1,02/26/2026 21:35:10,24.053,23.099
2694,2,12,36622.980000,855.650000,0.000000,0.000000,0.000000,3.503777,1,02/26/2026 21:35:30,24.037,23.067
2695,2,12,36642.980000,875.650000,0.000000,0.000000,0.000000,3.502556,1,02/26/2026 21:35:50,23.988,23.019
2696,2,12,36662.980000,895.650000,0.000000,0.000000,0.000000,3.501640,1,02/26/2026 21:36:10,23.972,23.002
2697,2,12,36682.980000,915.650000,0.000000,0.000000,0.000000,3.500420,1,02/26/2026 21:36:30,23.940,22.986
2698,2,12,36702.980000,935.650000,0.000000,0.000000,0.000000,3.499504,1,02/26/2026 21:36:50,23.924,22.970
2699,2,12,36722.980000,955.650000,0.000000,0.000000,0.000000,3.498283,1,02/26/2026 21:37:10,23.908,22.954
2700,2,12,36742.980000,975.650000,0.000000,0.000000,0.000000,3.497368,1,02/26/2026 21:37:30,23.892,22.938
2701,2,12,36762.980000,995.650000,0.000000,0.000000,0.000000,3.496452,1,02/26/2026 21:37:50,23.859,22.922
2702,2,12,36782.980000,1015.650000,0.000000,0.000000,0.000000,3.495842,1,02/26/2026 21:38:10,23.843,22.922
2703,2,12,36802.980000,1035.650000,0.000000,0.000000,0.000000,3.494621,1,02/26/2026 21:38:30,23.859,22.938
2704,2,12,36822.980000,1055.650000,0.000000,0.000000,0.000000,3.494011,1,02/26/2026 21:38:50,23.876,22.954
2705,2,12,36842.980000,1075.650000,0.000000,0.000000,0.000000,3.492790,1,02/26/2026 21:39:10,23.892,22.970
2706,2,12,36862.980000,1095.650000,0.000000,0.000000,0.000000,3.492180,1,02/26/2026 21:39:30,23.892,22.986
2707,2,12,36882.980000,1115.650000,0.000000,0.000000,0.000000,3.490959,1,02/26/2026 21:39:50,23.908,23.002
2708,2,12,36902.980000,1135.650000,0.000000,0.000000,0.000000,3.490349,1,02/26/2026 21:40:10,23.924,23.019
2709,2,12,36922.980000,1155.650000,0.000000,0.000000,0.000000,3.489433,1,02/26/2026 21:40:30,23.940,23.035
2710,2,12,36942.980000,1175.650000,0.000000,0.000000,0.000000,3.488823,1,02/26/2026 21:40:50,23.924,23.035
2711,2,12,36962.980000,1195.650000,0.000000,0.000000,0.000000,3.487907,1,02/26/2026 21:41:10,23.956,23.067
2712,2,12,36982.980000,1215.650000,0.000000,0.000000,0.000000,3.486992,1,02/26/2026 21:41:30,23.972,23.083
2713,2,12,37002.980000,1235.650000,0.000000,0.000000,0.000000,3.486381,1,02/26/2026 21:41:50,23.988,23.099
2714,2,12,37022.980000,1255.650000,0.000000,0.000000,0.000000,3.485771,1,02/26/2026 21:42:10,23.988,23.115
2715,2,12,37042.980000,1275.650000,0.000000,0.000000,0.000000,3.484550,1,02/26/2026 21:42:30,24.004,23.131
2716,2,12,37062.980000,1295.650000,0.000000,0.000000,0.000000,3.483940,1,02/26/2026 21:42:50,24.021,23.147
2717,2,12,37082.980000,1315.650000,0.000000,0.000000,0.000000,3.483635,1,02/26/2026 21:43:10,24.021,23.179
2718,2,12,37102.980000,1335.650000,0.000000,0.000000,0.000000,3.483024,1,02/26/2026 21:43:30,24.037,23.179
2719,2,12,37122.980000,1355.650000,0.000000,0.000000,0.000000,3.482109,1,02/26/2026 21:43:50,24.053,23.195
2720,2,12,37142.980000,1375.650000,0.000000,0.000000,0.000000,3.481193,1,02/26/2026 21:44:10,24.053,23.212
2721,2,12,37162.980000,1395.650000,0.000000,0.000000,0.000000,3.480583,1,02/26/2026 21:44:30,24.069,23.212
2722,2,12,37182.980000,1415.650000,0.000000,0.000000,0.000000,3.480278,1,02/26/2026 21:44:50,24.069,23.212
2723,2,12,37202.980000,1435.650000,0.000000,0.000000,0.000000,3.479362,1,02/26/2026 21:45:10,24.069,23.212
2724,2,12,37222.980000,1455.650000,0.000000,0.000000,0.000000,3.478752,1,02/26/2026 21:45:30,24.053,23.212
2725,2,12,37242.980000,1475.650000,0.000000,0.000000,0.000000,3.478447,1,02/26/2026 21:45:50,24.021,23.195
2726,2,12,37262.980000,1495.650000,0.000000,0.000000,0.000000,3.477836,1,02/26/2026 21:46:10,24.004,23.179
2727,2,12,37282.980000,1515.650000,0.000000,0.000000,0.000000,3.477531,1,02/26/2026 21:46:30,23.972,23.163
2728,2,12,37302.980000,1535.650000,0.000000,0.000000,0.000000,3.476921,1,02/26/2026 21:46:50,23.956,23.131
2729,2,12,37322.980000,1555.650000,0.000000,0.000000,0.000000,3.476310,1,02/26/2026 21:47:10,23.940,23.115
2730,2,12,37342.980000,1575.650000,0.000000,0.000000,0.000000,3.475395,1,02/26/2026 21:47:30,23.924,23.099
2731,2,12,37362.980000,1595.650000,0.000000,0.000000,0.000000,3.474784,1,02/26/2026 21:47:50,23.908,23.099
2732,2,12,37382.980000,1615.650000,0.000000,0.000000,0.000000,3.474479,1,02/26/2026 21:48:10,23.892,23.083
2733,2,12,37402.980000,1635.650000,0.000000,0.000000,0.000000,3.473869,1,02/26/2026 21:48:30,23.859,23.067
2734,2,12,37422.980000,1655.650000,0.000000,0.000000,0.000000,3.473259,1,02/26/2026 21:48:50,23.859,23.083
2735,2,12,37442.980000,1675.650000,0.000000,0.000000,0.000000,3.472953,1,02/26/2026 21:49:10,23.859,23.067
2736,2,12,37462.980000,1695.650000,0.000000,0.000000,0.000000,3.472343,1,02/26/2026 21:49:30,23.876,23.083
2737,2,12,37482.980000,1715.650000,0.000000,0.000000,0.000000,3.471733,1,02/26/2026 21:49:50,23.876,23.083
2738,2,12,37502.980000,1735.650000,0.000000,0.000000,0.000000,3.471122,1,02/26/2026 21:50:10,23.892,23.099
2739,2,12,37522.980000,1755.650000,0.000000,0.000000,0.000000,3.470817,1,02/26/2026 21:50:30,23.908,23.099
2740,2,12,37542.980000,1775.650000,0.000000,0.000000,0.000000,3.470817,1,02/26/2026 21:50:50,23.924,23.115
2741,2,12,37562.980000,1795.650000,0.000000,0.000000,0.000000,3.469596,1,02/26/2026 21:51:10,23.956,23.131
2742,2,12,37567.330000,1800.000000,0.000000,0.000000,0.000000,3.469902,129,02/26/2026 21:51:14,23.956,23.131
2743,3,5,37567.370000,0.040000,0.000041,0.000132,-3.750668,3.232166,0,02/26/2026 21:51:15,23.956,23.147
2744,3,5,37567.530000,0.200000,0.000207,0.000668,-3.749905,3.205921,5,02/26/2026 21:51:15,23.956,23.147
2745,3,5,37567.650000,0.320000,0.000332,0.001068,-3.750057,3.191577,5,02/26/2026 21:51:15,23.956,23.147
2746,3,5,37567.770000,0.440000,0.000457,0.001465,-3.750057,3.178759,5,02/26/2026 21:51:15,23.956,23.147
2747,3,5,37567.900000,0.570000,0.000593,0.001895,-3.750057,3.166857,5,02/26/2026 21:51:15,23.956,23.147
2748,3,5,37568.050000,0.720000,0.000749,0.002389,-3.750057,3.155871,5,02/26/2026 21:51:16,23.956,23.147
2749,3,5,37568.210000,0.880000,0.000916,0.002914,-3.750057,3.145800,5,02/26/2026 21:51:16,23.956,23.147
2750,3,5,37568.390000,1.060000,0.001103,0.003502,-3.749905,3.136339,5,02/26/2026 21:51:17,23.956,23.147
2751,3,5,37568.580000,1.250000,0.001301,0.004122,-3.750210,3.127489,5,02/26/2026 21:51:17,23.956,23.147
2752,3,5,37568.780000,1.450000,0.001510,0.004773,-3.749905,3.119249,5,02/26/2026 21:51:17,23.956,23.147
2753,3,5,37569.000000,1.670000,0.001739,0.005486,-3.750057,3.111009,5,02/26/2026 21:51:17,23.956,23.147
2754,3,5,37569.250000,1.920000,0.001999,0.006295,-3.749905,3.103380,5,02/26/2026 21:51:17,23.956,23.147
2755,3,5,37569.520000,2.190000,0.002280,0.007167,-3.750057,3.096666,5,02/26/2026 21:51:17,23.956,23.147
2756,3,5,37569.800000,2.470000,0.002572,0.008069,-3.749905,3.090257,5,02/26/2026 21:51:17,23.956,23.131
2757,3,5,37570.100000,2.770000,0.002885,0.009034,-3.750057,3.083543,5,02/26/2026 21:51:18,23.956,23.131
2758,3,5,37570.460000,3.130000,0.003260,0.010189,-3.749905,3.077134,5,02/26/2026 21:51:18,23.956,23.131
2759,3,5,37570.850000,3.520000,0.003666,0.011438,-3.750210,3.071031,5,02/26/2026 21:51:18,23.956,23.131
2760,3,5,37571.300000,3.970000,0.004135,0.012876,-3.750057,3.065537,5,02/26/2026 21:51:19,23.956,23.131
2761,3,5,37571.770000,4.440000,0.004624,0.014375,-3.750057,3.059739,5,02/26/2026 21:51:19,23.956,23.131
2762,3,5,37572.400000,5.070000,0.005280,0.016381,-3.750057,3.054246,5,02/26/2026 21:51:20,23.956,23.131
2763,3,5,37573.120000,5.790000,0.006030,0.018670,-3.750057,3.048753,5,02/26/2026 21:51:21,23.956,23.147
2764,3,5,37574.020000,6.690000,0.006968,0.021525,-3.750057,3.043565,5,02/26/2026 21:51:21,23.956,23.147
2765,3,5,37575.090000,7.760000,0.008083,0.024915,-3.750210,3.038376,5,02/26/2026 21:51:23,23.972,23.147
2766,3,5,37576.550000,9.220000,0.009603,0.029531,-3.749905,3.033188,5,02/26/2026 21:51:24,23.972,23.147
2767,3,5,37578.340000,11.010000,0.011468,0.035182,-3.749752,3.028000,5,02/26/2026 21:51:26,23.972,23.147
2768,3,5,37580.740000,13.410000,0.013968,0.042746,-3.750057,3.022812,5,02/26/2026 21:51:28,23.988,23.147
2769,3,5,37583.660000,16.330000,0.017010,0.051933,-3.749905,3.017929,5,02/26/2026 21:51:31,24.004,23.147
2770,3,5,37587.430000,20.100000,0.020937,0.063775,-3.749752,3.012741,5,02/26/2026 21:51:35,24.053,23.163
2771,3,5,37591.950000,24.620000,0.025645,0.077949,-3.750057,3.007553,5,02/26/2026 21:51:39,24.101,23.163
2772,3,5,37598.500000,31.170000,0.032468,0.098454,-3.750057,3.002365,5,02/26/2026 21:51:46,24.182,23.163
2773,3,5,37608.000000,40.670000,0.042364,0.128140,-3.749752,2.997482,5,02/26/2026 21:51:55,24.343,23.179
2774,3,5,37622.210000,54.880000,0.057166,0.172472,-3.749752,2.992599,5,02/26/2026 21:52:10,24.568,23.195
2775,3,5,37642.210000,74.880000,0.077999,0.234787,-3.749905,2.989853,1,02/26/2026 21:52:30,24.890,23.228
2776,3,5,37662.210000,94.880000,0.098833,0.297066,-3.750210,2.988632,1,02/26/2026 21:52:50,25.213,23.228
2777,3,5,37682.210000,114.880000,0.119666,0.359338,-3.749905,2.989242,1,02/26/2026 21:53:10,25.551,23.260
2778,3,5,37702.210000,134.880000,0.140499,0.421618,-3.749905,2.989548,1,02/26/2026 21:53:30,25.857,23.276
2779,3,5,37722.210000,154.880000,0.161333,0.483913,-3.750057,2.990463,1,02/26/2026 21:53:50,26.163,23.276
2780,3,5,37742.210000,174.880000,0.182166,0.546226,-3.750057,2.991379,1,02/26/2026 21:54:10,26.437,23.292
2781,3,5,37762.210000,194.880000,0.202999,0.608558,-3.750057,2.992294,1,02/26/2026 21:54:30,26.695,23.308
2782,3,5,37782.210000,214.880000,0.223833,0.670907,-3.749905,2.992905,1,02/26/2026 21:54:50,26.985,23.308
2783,3,5,37802.210000,234.880000,0.244666,0.733271,-3.750210,2.993515,1,02/26/2026 21:55:10,27.226,23.308
2784,3,5,37822.210000,254.880000,0.265499,0.795649,-3.750057,2.994430,1,02/26/2026 21:55:30,27.468,23.308
2785,3,5,37842.210000,274.880000,0.286333,0.858041,-3.749905,2.995346,1,02/26/2026 21:55:50,27.693,23.292
2786,3,5,37862.210000,294.880000,0.307166,0.920446,-3.749752,2.995346,1,02/26/2026 21:56:10,27.903,23.292
2787,3,5,37882.210000,314.880000,0.327999,0.982857,-3.750057,2.995956,1,02/26/2026 21:56:30,28.064,23.260
2788,3,5,37902.210000,334.880000,0.348833,1.045273,-3.750057,2.996262,1,02/26/2026 21:56:50,28.225,23.244
2789,3,5,37922.210000,354.880000,0.369666,1.107692,-3.749905,2.995956,1,02/26/2026 21:57:10,28.451,23.244
2790,3,5,37942.210000,374.880000,0.390499,1.170113,-3.750057,2.995956,1,02/26/2026 21:57:30,28.644,23.212
2791,3,5,37962.210000,394.880000,0.411333,1.232532,-3.749905,2.996262,1,02/26/2026 21:57:50,28.724,23.195
2792,3,5,37982.210000,414.880000,0.432166,1.294947,-3.749905,2.995956,1,02/26/2026 21:58:10,28.934,23.195
2793,3,5,38002.210000,434.880000,0.452999,1.357358,-3.750057,2.995346,1,02/26/2026 21:58:30,29.063,23.179
2794,3,5,38022.210000,454.880000,0.473832,1.419761,-3.750210,2.995041,1,02/26/2026 21:58:50,29.175,23.147
2795,3,5,38042.210000,474.880000,0.494666,1.482151,-3.750210,2.993820,1,02/26/2026 21:59:10,29.320,23.131
2796,3,5,38062.210000,494.880000,0.515499,1.544528,-3.750057,2.993515,1,02/26/2026 21:59:30,29.481,23.131
2797,3,5,38082.210000,514.880000,0.536332,1.606892,-3.750057,2.992905,1,02/26/2026 21:59:50,29.610,23.131
2798,3,5,38102.210000,534.880000,0.557166,1.669241,-3.750210,2.992294,1,02/26/2026 22:00:10,29.788,23.131
2799,3,5,38122.210000,554.880000,0.577999,1.731574,-3.750057,2.991379,1,02/26/2026 22:00:30,29.900,23.131
2800,3,5,38142.210000,574.880000,0.598832,1.793889,-3.750057,2.990463,1,02/26/2026 22:00:50,30.013,23.163
2801,3,5,38162.210000,594.880000,0.619666,1.856184,-3.750057,2.989242,1,02/26/2026 22:01:10,30.233,23.163
2802,3,5,38182.210000,614.880000,0.640499,1.918457,-3.749752,2.988632,1,02/26/2026 22:01:30,30.311,23.179
2803,3,5,38202.210000,634.880000,0.661332,1.980708,-3.750057,2.987411,1,02/26/2026 22:01:50,30.453,23.195
2804,3,5,38222.210000,654.880000,0.682166,2.042930,-3.750057,2.985580,1,02/26/2026 22:02:10,30.532,23.195
2805,3,5,38242.210000,674.880000,0.702999,2.105121,-3.750210,2.984360,1,02/26/2026 22:02:30,30.657,23.212
2806,3,5,38262.210000,694.880000,0.723832,2.167284,-3.750057,2.982528,1,02/26/2026 22:02:50,30.783,23.228
2807,3,5,38282.210000,714.880000,0.744666,2.229415,-3.750057,2.981308,1,02/26/2026 22:03:10,30.972,23.244
2808,3,5,38302.210000,734.880000,0.765499,2.291514,-3.749905,2.980087,1,02/26/2026 22:03:30,31.066,23.260
2809,3,5,38322.210000,754.880000,0.786332,2.353580,-3.750057,2.978256,1,02/26/2026 22:03:50,31.129,23.276
2810,3,5,38342.210000,774.880000,0.807166,2.415607,-3.749905,2.975814,1,02/26/2026 22:04:10,31.270,23.276
2811,3,5,38362.210000,794.880000,0.827999,2.477591,-3.750057,2.974289,1,02/26/2026 22:04:30,31.349,23.292
2812,3,5,38382.210000,814.880000,0.848832,2.539537,-3.749905,2.972152,1,02/26/2026 22:04:50,31.412,23.292
2813,3,5,38402.210000,834.880000,0.869666,2.601441,-3.749752,2.970321,1,02/26/2026 22:05:10,31.553,23.308
2814,3,5,38422.210000,854.880000,0.890499,2.663299,-3.749905,2.967575,1,02/26/2026 22:05:30,31.632,23.324
2815,3,5,38442.210000,874.880000,0.911332,2.725108,-3.750057,2.965743,1,02/26/2026 22:05:50,31.805,23.324
2816,3,5,38462.210000,894.880000,0.932166,2.786868,-3.749905,2.963607,1,02/26/2026 22:06:10,31.805,23.324
2817,3,5,38482.210000,914.880000,0.952999,2.848578,-3.750210,2.960861,1,02/26/2026 22:06:30,31.915,23.324
2818,3,5,38502.210000,934.880000,0.973832,2.910232,-3.750057,2.957809,1,02/26/2026 22:06:50,32.025,23.292
2819,3,5,38522.210000,954.880000,0.994666,2.971830,-3.750057,2.955062,1,02/26/2026 22:07:10,31.899,23.292
2820,3,5,38542.210000,974.880000,1.015499,3.033369,-3.750057,2.952316,1,02/26/2026 22:07:30,31.962,23.260
2821,3,5,38562.210000,994.880000,1.036332,3.094842,-3.749905,2.948959,1,02/26/2026 22:07:50,32.057,23.228
2822,3,5,38582.210000,1014.880000,1.057166,3.156247,-3.750057,2.945602,1,02/26/2026 22:08:10,32.104,23.212
2823,3,5,38602.210000,1034.880000,1.077999,3.217578,-3.750057,2.941939,1,02/26/2026 22:08:30,32.229,23.195
2824,3,5,38622.210000,1054.880000,1.098832,3.278830,-3.750210,2.937972,1,02/26/2026 22:08:50,32.277,23.179
2825,3,5,38642.210000,1074.880000,1.119666,3.340000,-3.749905,2.933700,1,02/26/2026 22:09:10,32.371,23.147
2826,3,5,38662.210000,1094.880000,1.140499,3.401076,-3.749905,2.929122,1,02/26/2026 22:09:30,32.355,23.115
2827,3,5,38681.280000,1113.950000,1.160364,3.459220,-3.750057,2.923934,5,02/26/2026 22:09:49,32.434,23.099
2828,3,5,38701.280000,1133.950000,1.181197,3.520092,-3.749905,2.919356,1,02/26/2026 22:10:09,32.528,23.083
2829,3,5,38715.300000,1147.970000,1.195801,3.562692,-3.749905,2.914168,5,02/26/2026 22:10:23,32.450,23.099
2830,3,5,38732.130000,1164.800000,1.213332,3.613746,-3.749905,2.909285,5,02/26/2026 22:10:40,32.623,23.099
2831,3,5,38745.140000,1177.810000,1.226885,3.653141,-3.749752,2.904402,5,02/26/2026 22:10:53,32.780,23.099
2832,3,5,38758.460000,1191.130000,1.240760,3.693410,-3.750057,2.899519,5,02/26/2026 22:11:06,32.685,23.099
2833,3,5,38769.930000,1202.600000,1.252707,3.728027,-3.750210,2.894636,5,02/26/2026 22:11:17,32.795,23.115
2834,3,5,38781.180000,1213.850000,1.264426,3.761924,-3.749905,2.889754,5,02/26/2026 22:11:29,32.968,23.131
2835,3,5,38791.300000,1223.970000,1.274968,3.792363,-3.749905,2.884871,5,02/26/2026 22:11:39,32.953,23.131
2836,3,5,38800.670000,1233.340000,1.284728,3.820499,-3.750210,2.879988,5,02/26/2026 22:11:48,32.984,23.147
2837,3,5,38809.570000,1242.240000,1.293999,3.847179,-3.750057,2.875105,5,02/26/2026 22:11:57,33.094,23.147
2838,3,5,38817.930000,1250.600000,1.302707,3.872197,-3.750057,2.870222,5,02/26/2026 22:12:05,33.157,23.147
2839,3,5,38825.340000,1258.010000,1.310426,3.894336,-3.750057,2.865339,5,02/26/2026 22:12:13,33.236,23.163
2840,3,5,38832.990000,1265.660000,1.318395,3.917151,-3.749905,2.860456,5,02/26/2026 22:12:20,33.220,23.163
2841,3,5,38839.870000,1272.540000,1.325562,3.937635,-3.749905,2.855573,5,02/26/2026 22:12:27,33.299,23.163
2842,3,5,38846.770000,1279.440000,1.332749,3.958143,-3.750057,2.850690,5,02/26/2026 22:12:34,33.377,23.163
2843,3,5,38852.860000,1285.530000,1.339093,3.976213,-3.749905,2.845808,5,02/26/2026 22:12:40,33.424,23.179
2844,3,5,38858.990000,1291.660000,1.345478,3.994369,-3.750057,2.840925,5,02/26/2026 22:12:46,33.456,23.179
2845,3,5,38864.540000,1297.210000,1.351260,4.010779,-3.749905,2.836042,5,02/26/2026 22:12:52,33.487,23.179
2846,3,5,38869.590000,1302.260000,1.356520,4.025686,-3.750057,2.831159,5,02/26/2026 22:12:57,33.487,23.179
2847,3,5,38875.170000,1307.840000,1.362332,4.042129,-3.750057,2.825971,5,02/26/2026 22:13:03,33.519,23.195
2848,3,5,38880.500000,1313.170000,1.367885,4.057806,-3.750210,2.821088,5,02/26/2026 22:13:08,33.566,23.195
2849,3,5,38885.460000,1318.130000,1.373051,4.072369,-3.749905,2.816205,5,02/26/2026 22:13:13,33.692,23.195
2850,3,5,38889.820000,1322.490000,1.377593,4.085148,-3.749905,2.811322,5,02/26/2026 22:13:17,33.770,23.195
2851,3,5,38894.450000,1327.120000,1.382416,4.098695,-3.750057,2.806439,5,02/26/2026 22:13:22,33.817,23.195
2852,3,5,38898.570000,1331.240000,1.386707,4.110728,-3.749752,2.801251,5,02/26/2026 22:13:26,33.849,23.195
2853,3,5,38902.860000,1335.530000,1.391176,4.123237,-3.750210,2.796063,5,02/26/2026 22:13:30,33.833,23.195
2854,3,5,38907.090000,1339.760000,1.395582,4.135548,-3.750057,2.791180,5,02/26/2026 22:13:35,33.880,23.195
2855,3,5,38910.930000,1343.600000,1.399582,4.146703,-3.749752,2.786297,5,02/26/2026 22:13:38,33.943,23.212
2856,3,5,38914.830000,1347.500000,1.403645,4.158013,-3.749905,2.781415,5,02/26/2026 22:13:42,33.943,23.212
2857,3,5,38918.380000,1351.050000,1.407343,4.168289,-3.750057,2.776226,5,02/26/2026 22:13:46,33.959,23.212
2858,3,5,38922.030000,1354.700000,1.411145,4.178836,-3.749905,2.771038,5,02/26/2026 22:13:49,33.990,23.212
2859,3,5,38925.830000,1358.500000,1.415103,4.189795,-3.750210,2.765545,5,02/26/2026 22:13:53,34.022,23.228
2860,3,5,38929.400000,1362.070000,1.418822,4.200072,-3.749905,2.760662,5,02/26/2026 22:13:57,34.085,23.228
2861,3,5,38932.700000,1365.370000,1.422260,4.209553,-3.749905,2.755474,5,02/26/2026 22:14:00,34.132,23.228
2862,3,5,38936.030000,1368.700000,1.425728,4.219104,-3.750210,2.750591,5,02/26/2026 22:14:04,34.163,23.228
2863,3,5,38939.300000,1371.970000,1.429135,4.228465,-3.750210,2.745098,5,02/26/2026 22:14:07,34.195,23.228
2864,3,5,38942.370000,1375.040000,1.432332,4.237236,-3.750057,2.740215,5,02/26/2026 22:14:10,34.242,23.228
2865,3,5,38945.400000,1378.070000,1.435489,4.245877,-3.750057,2.735332,5,02/26/2026 22:14:13,34.258,23.228
2866,3,5,38948.250000,1380.920000,1.438457,4.253990,-3.749905,2.730449,5,02/26/2026 22:14:16,34.273,23.228
2867,3,5,38950.940000,1383.610000,1.441260,4.261634,-3.750210,2.725566,5,02/26/2026 22:14:18,34.273,23.228
2868,3,5,38953.750000,1386.420000,1.444187,4.269605,-3.749905,2.720378,5,02/26/2026 22:14:21,34.336,23.212
2869,3,5,38956.600000,1389.270000,1.447155,4.277674,-3.749905,2.715496,5,02/26/2026 22:14:24,34.383,23.228
2870,3,5,38959.050000,1391.720000,1.449707,4.284598,-3.749905,2.710307,5,02/26/2026 22:14:27,34.399,23.228
2871,3,5,38961.920000,1394.590000,1.452697,4.292693,-3.749905,2.705119,5,02/26/2026 22:14:29,34.399,23.228
2872,3,5,38964.450000,1397.120000,1.455332,4.299816,-3.750057,2.700237,5,02/26/2026 22:14:32,34.383,23.228
2873,3,5,38966.830000,1399.500000,1.457812,4.306504,-3.750057,2.695354,5,02/26/2026 22:14:34,34.415,23.228
2874,3,5,38969.140000,1401.810000,1.460218,4.312984,-3.750210,2.690471,5,02/26/2026 22:14:37,34.493,23.244
2875,3,5,38971.580000,1404.250000,1.462760,4.319816,-3.749905,2.685283,5,02/26/2026 22:14:39,34.556,23.228
2876,3,5,38973.980000,1406.650000,1.465260,4.326523,-3.750057,2.680400,5,02/26/2026 22:14:41,34.603,23.228
2877,3,5,38976.200000,1408.870000,1.467572,4.332716,-3.750057,2.675212,5,02/26/2026 22:14:44,34.651,23.228
2878,3,5,38978.680000,1411.350000,1.470155,4.339621,-3.750057,2.670024,5,02/26/2026 22:14:46,34.698,23.228
2879,3,5,38980.930000,1413.600000,1.472499,4.345873,-3.750057,2.665141,5,02/26/2026 22:14:48,34.714,23.228
2880,3,5,38983.150000,1415.820000,1.474812,4.352030,-3.750057,2.659648,5,02/26/2026 22:14:51,34.761,23.228
2881,3,5,38985.510000,1418.180000,1.477270,4.358563,-3.750057,2.654765,5,02/26/2026 22:14:53,34.839,23.228
2882,3,5,38987.550000,1420.220000,1.479395,4.364199,-3.750057,2.649577,5,02/26/2026 22:14:55,34.871,23.244
2883,3,5,38989.750000,1422.420000,1.481687,4.370265,-3.750210,2.644694,5,02/26/2026 22:14:57,34.918,23.244
2884,3,5,38991.680000,1424.350000,1.483697,4.375577,-3.750057,2.639811,5,02/26/2026 22:14:59,34.949,23.244
2885,3,5,38993.810000,1426.480000,1.485916,4.381428,-3.749752,2.634318,5,02/26/2026 22:15:01,34.965,23.244
2886,3,5,38995.920000,1428.590000,1.488114,4.387212,-3.750210,2.628824,5,02/26/2026 22:15:03,34.996,23.244
2887,3,5,38998.050000,1430.720000,1.490332,4.393040,-3.749905,2.623636,5,02/26/2026 22:15:06,35.012,23.244
2888,3,5,38999.960000,1432.630000,1.492322,4.398255,-3.749905,2.618753,5,02/26/2026 22:15:07,35.012,23.244
2889,3,5,39001.790000,1434.460000,1.494228,4.403242,-3.749905,2.613870,5,02/26/2026 22:15:09,35.028,23.244
2890,3,5,39003.660000,1436.330000,1.496176,4.408329,-3.749905,2.608988,5,02/26/2026 22:15:11,35.044,23.244
2891,3,5,39005.480000,1438.150000,1.498072,4.413271,-3.749905,2.603799,5,02/26/2026 22:15:13,35.044,23.244
2892,3,5,39007.370000,1440.040000,1.500041,4.418392,-3.750057,2.598611,5,02/26/2026 22:15:15,35.075,23.244
2893,3,5,39009.250000,1441.920000,1.501999,4.423477,-3.750210,2.593729,5,02/26/2026 22:15:17,35.107,23.244
2894,3,5,39010.930000,1443.600000,1.503749,4.428011,-3.750057,2.588846,5,02/26/2026 22:15:18,35.138,23.244
2895,3,5,39012.790000,1445.460000,1.505687,4.433022,-3.750057,2.583658,5,02/26/2026 22:15:20,35.169,23.244
2896,3,5,39014.600000,1447.270000,1.507572,4.437889,-3.749905,2.578470,5,02/26/2026 22:15:22,35.217,23.244
2897,3,5,39016.360000,1449.030000,1.509405,4.442612,-3.750057,2.573587,5,02/26/2026 22:15:24,35.248,23.244
2898,3,5,39018.060000,1450.730000,1.511176,4.447165,-3.749905,2.568704,5,02/26/2026 22:15:26,35.295,23.244
2899,3,5,39019.680000,1452.350000,1.512864,4.451495,-3.750057,2.563821,5,02/26/2026 22:15:27,35.358,23.244
2900,3,5,39021.490000,1454.160000,1.514749,4.456324,-3.750210,2.558328,5,02/26/2026 22:15:29,35.421,23.244
2901,3,5,39023.160000,1455.830000,1.516489,4.460770,-3.749905,2.553140,5,02/26/2026 22:15:31,35.437,23.244
2902,3,5,39024.860000,1457.530000,1.518260,4.465287,-3.750210,2.547646,5,02/26/2026 22:15:32,35.452,23.260
2903,3,5,39026.730000,1459.400000,1.520207,4.470245,-3.749905,2.542458,5,02/26/2026 22:15:34,35.500,23.260
2904,3,5,39028.220000,1460.890000,1.521760,4.474187,-3.749905,2.537575,5,02/26/2026 22:15:36,35.531,23.244
2905,3,5,39029.860000,1462.530000,1.523468,4.478518,-3.750057,2.532387,5,02/26/2026 22:15:37,35.562,23.244
2906,3,5,39031.500000,1464.170000,1.525176,4.482840,-3.750057,2.527199,5,02/26/2026 22:15:39,35.610,23.260
2907,3,5,39033.100000,1465.770000,1.526843,4.487048,-3.749905,2.522316,5,02/26/2026 22:15:41,35.673,23.260
2908,3,5,39034.620000,1467.290000,1.528426,4.491038,-3.749905,2.517128,5,02/26/2026 22:15:42,35.704,23.260
2909,3,5,39036.200000,1468.870000,1.530072,4.495176,-3.750057,2.512245,5,02/26/2026 22:15:44,35.751,23.260
2910,3,5,39037.700000,1470.370000,1.531635,4.499098,-3.749905,2.507057,5,02/26/2026 22:15:45,35.767,23.260
2911,3,5,39039.380000,1472.050000,1.533385,4.503481,-3.750057,2.501869,5,02/26/2026 22:15:47,35.798,23.260
2912,3,5,39039.860000,1472.530000,1.533885,4.504731,-3.750057,2.500038,133,02/26/2026 22:15:47,35.798,23.260
2913,3,6,39039.870000,0.010000,0.000000,0.000000,0.000000,2.682841,0,02/26/2026 22:15:47,35.798,23.260
2914,3,6,39040.030000,0.170000,0.000000,0.000000,0.000000,2.702983,5,02/26/2026 22:15:47,35.798,23.260
2915,3,6,39040.160000,0.300000,0.000000,0.000000,0.000000,2.716106,5,02/26/2026 22:15:48,35.798,23.260
2916,3,6,39040.300000,0.440000,0.000000,0.000000,0.000000,2.727703,5,02/26/2026 22:15:48,35.814,23.260
2917,3,6,39040.440000,0.580000,0.000000,0.000000,0.000000,2.738689,5,02/26/2026 22:15:48,35.814,23.260
2918,3,6,39040.590000,0.730000,0.000000,0.000000,0.000000,2.749981,5,02/26/2026 22:15:48,35.814,23.260
2919,3,6,39040.750000,0.890000,0.000000,0.000000,0.000000,2.760662,5,02/26/2026 22:15:48,35.814,23.260
2920,3,6,39040.910000,1.050000,0.000000,0.000000,0.000000,2.770123,5,02/26/2026 22:15:48,35.814,23.260
2921,3,6,39041.070000,1.210000,0.000000,0.000000,0.000000,2.779583,5,02/26/2026 22:15:49,35.830,23.260
2922,3,6,39041.230000,1.370000,0.000000,0.000000,0.000000,2.788739,5,02/26/2026 22:15:49,35.830,23.260
2923,3,6,39041.400000,1.540000,0.000000,0.000000,0.000000,2.797894,5,02/26/2026 22:15:49,35.830,23.260
2924,3,6,39041.570000,1.710000,0.000000,0.000000,0.000000,2.806744,5,02/26/2026 22:15:49,35.830,23.260
2925,3,6,39041.750000,1.890000,0.000000,0.000000,0.000000,2.815290,5,02/26/2026 22:15:49,35.830,23.260
2926,3,6,39041.930000,2.070000,0.000000,0.000000,0.000000,2.823529,5,02/26/2026 22:15:49,35.830,23.260
2927,3,6,39042.120000,2.260000,0.000000,0.000000,0.000000,2.831769,5,02/26/2026 22:15:50,35.830,23.260
2928,3,6,39042.310000,2.450000,0.000000,0.000000,0.000000,2.839704,5,02/26/2026 22:15:50,35.830,23.260
2929,3,6,39042.510000,2.650000,0.000000,0.000000,0.000000,2.847639,5,02/26/2026 22:15:50,35.830,23.260
2930,3,6,39042.700000,2.840000,0.000000,0.000000,0.000000,2.855573,5,02/26/2026 22:15:50,35.830,23.260
2931,3,6,39042.910000,3.050000,0.000000,0.000000,0.000000,2.862898,5,02/26/2026 22:15:50,35.830,23.260
2932,3,6,39043.110000,3.250000,0.000000,0.000000,0.000000,2.870527,5,02/26/2026 22:15:51,35.830,23.260
2933,3,6,39043.330000,3.470000,0.000000,0.000000,0.000000,2.878462,5,02/26/2026 22:15:51,35.830,23.260
2934,3,6,39043.560000,3.700000,0.000000,0.000000,0.000000,2.886397,5,02/26/2026 22:15:51,35.830,23.260
2935,3,6,39043.800000,3.940000,0.000000,0.000000,0.000000,2.893721,5,02/26/2026 22:15:51,35.830,23.260
2936,3,6,39044.040000,4.180000,0.000000,0.000000,0.000000,2.901350,5,02/26/2026 22:15:52,35.830,23.260
2937,3,6,39044.290000,4.430000,0.000000,0.000000,0.000000,2.908675,5,02/26/2026 22:15:52,35.830,23.260
2938,3,6,39044.530000,4.670000,0.000000,0.000000,0.000000,2.915389,5,02/26/2026 22:15:52,35.830,23.260
2939,3,6,39044.770000,4.910000,0.000000,0.000000,0.000000,2.922713,5,02/26/2026 22:15:52,35.830,23.260
2940,3,6,39045.030000,5.170000,0.000000,0.000000,0.000000,2.929732,5,02/26/2026 22:15:52,35.830,23.260
2941,3,6,39045.290000,5.430000,0.000000,0.000000,0.000000,2.936446,5,02/26/2026 22:15:53,35.830,23.260
2942,3,6,39045.560000,5.700000,0.000000,0.000000,0.000000,2.943160,5,02/26/2026 22:15:53,35.830,23.260
2943,3,6,39045.810000,5.950000,0.000000,0.000000,0.000000,2.949569,5,02/26/2026 22:15:53,35.830,23.260
2944,3,6,39046.090000,6.230000,0.000000,0.000000,0.000000,2.956588,5,02/26/2026 22:15:54,35.830,23.260
2945,3,6,39046.380000,6.520000,0.000000,0.000000,0.000000,2.963302,5,02/26/2026 22:15:54,35.830,23.260
2946,3,6,39046.700000,6.840000,0.000000,0.000000,0.000000,2.970016,5,02/26/2026 22:15:54,35.830,23.260
2947,3,6,39047.000000,7.140000,0.000000,0.000000,0.000000,2.976730,5,02/26/2026 22:15:54,35.830,23.260
2948,3,6,39047.310000,7.450000,0.000000,0.000000,0.000000,2.983139,5,02/26/2026 22:15:55,35.830,23.260
2949,3,6,39047.620000,7.760000,0.000000,0.000000,0.000000,2.989242,5,02/26/2026 22:15:55,35.845,23.260
2950,3,6,39047.950000,8.090000,0.000000,0.000000,0.000000,2.995956,5,02/26/2026 22:15:55,35.845,23.260
2951,3,6,39048.310000,8.450000,0.000000,0.000000,0.000000,3.002060,5,02/26/2026 22:15:56,35.845,23.260
2952,3,6,39048.650000,8.790000,0.000000,0.000000,0.000000,3.008469,5,02/26/2026 22:15:56,35.845,23.260
2953,3,6,39049.010000,9.150000,0.000000,0.000000,0.000000,3.014878,5,02/26/2026 22:15:56,35.845,23.260
2954,3,6,39049.410000,9.550000,0.000000,0.000000,0.000000,3.021286,5,02/26/2026 22:15:57,35.845,23.260
2955,3,6,39049.830000,9.970000,0.000000,0.000000,0.000000,3.027085,5,02/26/2026 22:15:57,35.861,23.260
2956,3,6,39050.210000,10.350000,0.000000,0.000000,0.000000,3.032883,5,02/26/2026 22:15:58,35.861,23.260
2957,3,6,39050.620000,10.760000,0.000000,0.000000,0.000000,3.038682,5,02/26/2026 22:15:58,35.861,23.260
2958,3,6,39051.070000,11.210000,0.000000,0.000000,0.000000,3.044785,5,02/26/2026 22:15:59,35.861,23.260
2959,3,6,39051.550000,11.690000,0.000000,0.000000,0.000000,3.050278,5,02/26/2026 22:15:59,35.861,23.260
2960,3,6,39051.970000,12.110000,0.000000,0.000000,0.000000,3.055772,5,02/26/2026 22:15:59,35.861,23.260
2961,3,6,39052.450000,12.590000,0.000000,0.000000,0.000000,3.061265,5,02/26/2026 22:16:00,35.861,23.260
2962,3,6,39052.960000,13.100000,0.000000,0.000000,0.000000,3.066758,5,02/26/2026 22:16:00,35.861,23.260
2963,3,6,39053.500000,13.640000,0.000000,0.000000,0.000000,3.071946,5,02/26/2026 22:16:01,35.861,23.260
2964,3,6,39054.100000,14.240000,0.000000,0.000000,0.000000,3.077745,5,02/26/2026 22:16:02,35.861,23.260
2965,3,6,39054.710000,14.850000,0.000000,0.000000,0.000000,3.082933,5,02/26/2026 22:16:02,35.861,23.260
2966,3,6,39055.400000,15.540000,0.000000,0.000000,0.000000,3.088426,5,02/26/2026 22:16:03,35.877,23.260
2967,3,6,39056.100000,16.240000,0.000000,0.000000,0.000000,3.094224,5,02/26/2026 22:16:04,35.877,23.260
2968,3,6,39056.880000,17.020000,0.000000,0.000000,0.000000,3.099413,5,02/26/2026 22:16:04,35.893,23.276
2969,3,6,39057.740000,17.880000,0.000000,0.000000,0.000000,3.104601,5,02/26/2026 22:16:05,35.893,23.276
2970,3,6,39058.630000,18.770000,0.000000,0.000000,0.000000,3.110399,5,02/26/2026 22:16:06,35.908,23.276
2971,3,6,39059.620000,19.760000,0.000000,0.000000,0.000000,3.115587,5,02/26/2026 22:16:07,35.924,23.276
2972,3,6,39060.820000,20.960000,0.000000,0.000000,0.000000,3.120470,5,02/26/2026 22:16:08,35.940,23.276
2973,3,6,39061.900000,22.040000,0.000000,0.000000,0.000000,3.125658,5,02/26/2026 22:16:09,35.956,23.276
2974,3,6,39063.300000,23.440000,0.000000,0.000000,0.000000,3.130846,5,02/26/2026 22:16:11,35.956,23.276
2975,3,6,39064.820000,24.960000,0.000000,0.000000,0.000000,3.135729,5,02/26/2026 22:16:12,35.924,23.276
2976,3,6,39066.430000,26.570000,0.000000,0.000000,0.000000,3.141222,5,02/26/2026 22:16:14,35.877,23.276
2977,3,6,39068.610000,28.750000,0.000000,0.000000,0.000000,3.146105,5,02/26/2026 22:16:16,35.861,23.276
2978,3,6,39070.670000,30.810000,0.000000,0.000000,0.000000,3.150988,5,02/26/2026 22:16:18,35.830,23.276
2979,3,6,39073.160000,33.300000,0.000000,0.000000,0.000000,3.155871,5,02/26/2026 22:16:21,35.783,23.276
2980,3,6,39076.010000,36.150000,0.000000,0.000000,0.000000,3.160754,5,02/26/2026 22:16:23,35.767,23.276
2981,3,6,39079.520000,39.660000,0.000000,0.000000,0.000000,3.165942,5,02/26/2026 22:16:27,35.751,23.276
2982,3,6,39083.930000,44.070000,0.000000,0.000000,0.000000,3.170825,5,02/26/2026 22:16:31,35.657,23.276
2983,3,6,39088.570000,48.710000,0.000000,0.000000,0.000000,3.175708,5,02/26/2026 22:16:36,35.562,23.276
2984,3,6,39094.920000,55.060000,0.000000,0.000000,0.000000,3.180591,5,02/26/2026 22:16:42,35.374,23.276
2985,3,6,39102.690000,62.830000,0.000000,0.000000,0.000000,3.185473,5,02/26/2026 22:16:50,35.232,23.260
2986,3,6,39112.830000,72.970000,0.000000,0.000000,0.000000,3.190356,5,02/26/2026 22:17:00,35.059,23.260
2987,3,6,39126.570000,86.710000,0.000000,0.000000,0.000000,3.195544,5,02/26/2026 22:17:14,34.792,23.260
2988,3,6,39146.570000,106.710000,0.000000,0.000000,0.000000,3.199817,1,02/26/2026 22:17:34,34.572,23.244
2989,3,6,39166.570000,126.710000,0.000000,0.000000,0.000000,3.203174,1,02/26/2026 22:17:54,34.226,23.228
2990,3,6,39186.570000,146.710000,0.000000,0.000000,0.000000,3.205615,1,02/26/2026 22:18:14,33.676,23.212
2991,3,6,39206.570000,166.710000,0.000000,0.000000,0.000000,3.207446,1,02/26/2026 22:18:34,33.283,23.179
2992,3,6,39226.570000,186.710000,0.000000,0.000000,0.000000,3.209583,1,02/26/2026 22:18:54,33.000,23.163
2993,3,6,39246.570000,206.710000,0.000000,0.000000,0.000000,3.210498,1,02/26/2026 22:19:14,32.623,23.147
2994,3,6,39266.570000,226.710000,0.000000,0.000000,0.000000,3.211414,1,02/26/2026 22:19:34,32.355,23.115
2995,3,6,39286.570000,246.710000,0.000000,0.000000,0.000000,3.211719,1,02/26/2026 22:19:54,32.088,23.099
2996,3,6,39306.570000,266.710000,0.000000,0.000000,0.000000,3.212940,1,02/26/2026 22:20:14,31.821,23.067
2997,3,6,39326.570000,286.710000,0.000000,0.000000,0.000000,3.213245,1,02/26/2026 22:20:34,31.475,23.051
2998,3,6,39346.570000,306.710000,0.000000,0.000000,0.000000,3.213550,1,02/26/2026 22:20:54,31.176,23.019
2999,3,6,39366.570000,326.710000,0.000000,0.000000,0.000000,3.214160,1,02/26/2026 22:21:14,31.003,23.019
3000,3,6,39386.570000,346.710000,0.000000,0.000000,0.000000,3.214466,1,02/26/2026 22:21:34,30.673,23.002
3001,3,6,39406.570000,366.710000,0.000000,0.000000,0.000000,3.214771,1,02/26/2026 22:21:54,30.453,23.019
3002,3,6,39426.570000,386.710000,0.000000,0.000000,0.000000,3.215076,1,02/26/2026 22:22:14,30.296,23.019
3003,3,6,39446.570000,406.710000,0.000000,0.000000,0.000000,3.215381,1,02/26/2026 22:22:34,30.107,23.035
3004,3,6,39466.570000,426.710000,0.000000,0.000000,0.000000,3.215686,1,02/26/2026 22:22:54,29.949,23.035
3005,3,6,39486.570000,446.710000,0.000000,0.000000,0.000000,3.215991,1,02/26/2026 22:23:14,29.675,23.035
3006,3,6,39506.570000,466.710000,0.000000,0.000000,0.000000,3.216297,1,02/26/2026 22:23:34,29.433,23.035
3007,3,6,39526.570000,486.710000,0.000000,0.000000,0.000000,3.216297,1,02/26/2026 22:23:54,29.256,23.035
3008,3,6,39546.570000,506.710000,0.000000,0.000000,0.000000,3.216297,1,02/26/2026 22:24:14,29.127,23.035
3009,3,6,39566.570000,526.710000,0.000000,0.000000,0.000000,3.216907,1,02/26/2026 22:24:34,28.934,23.035
3010,3,6,39586.570000,546.710000,0.000000,0.000000,0.000000,3.216602,1,02/26/2026 22:24:54,28.789,23.051
3011,3,6,39606.570000,566.710000,0.000000,0.000000,0.000000,3.216907,1,02/26/2026 22:25:14,28.628,23.051
3012,3,6,39626.570000,586.710000,0.000000,0.000000,0.000000,3.216907,1,02/26/2026 22:25:34,28.402,23.051
3013,3,6,39646.570000,606.710000,0.000000,0.000000,0.000000,3.217212,1,02/26/2026 22:25:54,28.338,23.051
3014,3,6,39666.570000,626.710000,0.000000,0.000000,0.000000,3.216907,1,02/26/2026 22:26:14,28.144,23.051
3015,3,6,39686.570000,646.710000,0.000000,0.000000,0.000000,3.217517,1,02/26/2026 22:26:34,28.016,23.067
3016,3,6,39706.570000,666.710000,0.000000,0.000000,0.000000,3.217823,1,02/26/2026 22:26:54,27.854,23.067
3017,3,6,39726.570000,686.710000,0.000000,0.000000,0.000000,3.217517,1,02/26/2026 22:27:14,27.774,23.051
3018,3,6,39746.570000,706.710000,0.000000,0.000000,0.000000,3.217517,1,02/26/2026 22:27:34,27.613,23.035
3019,3,6,39766.570000,726.710000,0.000000,0.000000,0.000000,3.218128,1,02/26/2026 22:27:54,27.484,23.035
3020,3,6,39786.570000,746.710000,0.000000,0.000000,0.000000,3.217823,1,02/26/2026 22:28:14,27.307,23.019
3021,3,6,39806.570000,766.710000,0.000000,0.000000,0.000000,3.218128,1,02/26/2026 22:28:34,27.194,23.002
3022,3,6,39826.570000,786.710000,0.000000,0.000000,0.000000,3.217823,1,02/26/2026 22:28:54,27.049,22.970
3023,3,6,39846.570000,806.710000,0.000000,0.000000,0.000000,3.218128,1,02/26/2026 22:29:14,26.952,22.938
3024,3,6,39866.570000,826.710000,0.000000,0.000000,0.000000,3.217823,1,02/26/2026 22:29:34,26.807,22.906
3025,3,6,39886.570000,846.710000,0.000000,0.000000,0.000000,3.218128,1,02/26/2026 22:29:54,26.646,22.890
3026,3,6,39906.570000,866.710000,0.000000,0.000000,0.000000,3.218433,1,02/26/2026 22:30:14,26.517,22.874
3027,3,6,39926.570000,886.710000,0.000000,0.000000,0.000000,3.218128,1,02/26/2026 22:30:34,26.437,22.858
3028,3,6,39946.570000,906.710000,0.000000,0.000000,0.000000,3.218128,1,02/26/2026 22:30:54,26.308,22.842
3029,3,6,39966.570000,926.710000,0.000000,0.000000,0.000000,3.218128,1,02/26/2026 22:31:14,26.195,22.809
3030,3,6,39986.570000,946.710000,0.000000,0.000000,0.000000,3.218128,1,02/26/2026 22:31:34,26.115,22.809
3031,3,6,40006.570000,966.710000,0.000000,0.000000,0.000000,3.218433,1,02/26/2026 22:31:54,26.050,22.809
3032,3,6,40026.570000,986.710000,0.000000,0.000000,0.000000,3.218433,1,02/26/2026 22:32:14,25.954,22.809
3033,3,6,40046.570000,1006.710000,0.000000,0.000000,0.000000,3.218128,1,02/26/2026 22:32:34,25.905,22.826
3034,3,6,40066.570000,1026.710000,0.000000,0.000000,0.000000,3.218433,1,02/26/2026 22:32:54,25.809,22.826
3035,3,6,40086.570000,1046.710000,0.000000,0.000000,0.000000,3.218433,1,02/26/2026 22:33:14,25.760,22.842
3036,3,6,40106.570000,1066.710000,0.000000,0.000000,0.000000,3.218433,1,02/26/2026 22:33:34,25.712,22.842
3037,3,6,40126.570000,1086.710000,0.000000,0.000000,0.000000,3.218738,1,02/26/2026 22:33:54,25.648,22.858
3038,3,6,40146.570000,1106.710000,0.000000,0.000000,0.000000,3.218738,1,02/26/2026 22:34:14,25.583,22.874
3039,3,6,40166.570000,1126.710000,0.000000,0.000000,0.000000,3.218433,1,02/26/2026 22:34:34,25.535,22.874
3040,3,6,40186.570000,1146.710000,0.000000,0.000000,0.000000,3.218738,1,02/26/2026 22:34:54,25.486,22.890
3041,3,6,40206.570000,1166.710000,0.000000,0.000000,0.000000,3.218738,1,02/26/2026 22:35:14,25.454,22.906
3042,3,6,40226.570000,1186.710000,0.000000,0.000000,0.000000,3.218738,1,02/26/2026 22:35:34,25.422,22.922
3043,3,6,40246.570000,1206.710000,0.000000,0.000000,0.000000,3.218738,1,02/26/2026 22:35:54,25.374,22.938
3044,3,6,40266.570000,1226.710000,0.000000,0.000000,0.000000,3.218738,1,02/26/2026 22:36:14,25.309,22.954
3045,3,6,40286.570000,1246.710000,0.000000,0.000000,0.000000,3.218433,1,02/26/2026 22:36:34,25.277,22.970
3046,3,6,40306.570000,1266.710000,0.000000,0.000000,0.000000,3.218738,1,02/26/2026 22:36:54,25.229,22.970
3047,3,6,40326.570000,1286.710000,0.000000,0.000000,0.000000,3.218738,1,02/26/2026 22:37:14,25.180,22.970
3048,3,6,40346.570000,1306.710000,0.000000,0.000000,0.000000,3.218738,1,02/26/2026 22:37:34,25.148,22.970
3049,3,6,40366.570000,1326.710000,0.000000,0.000000,0.000000,3.218738,1,02/26/2026 22:37:54,25.116,22.970
3050,3,6,40386.570000,1346.710000,0.000000,0.000000,0.000000,3.219043,1,02/26/2026 22:38:14,25.052,22.954
3051,3,6,40406.570000,1366.710000,0.000000,0.000000,0.000000,3.219043,1,02/26/2026 22:38:34,24.987,22.938
3052,3,6,40426.570000,1386.710000,0.000000,0.000000,0.000000,3.218738,1,02/26/2026 22:38:54,24.923,22.906
3053,3,6,40446.570000,1406.710000,0.000000,0.000000,0.000000,3.218738,1,02/26/2026 22:39:14,24.858,22.858
3054,3,6,40466.570000,1426.710000,0.000000,0.000000,0.000000,3.218738,1,02/26/2026 22:39:34,24.778,22.842
3055,3,6,40486.570000,1446.710000,0.000000,0.000000,0.000000,3.218738,1,02/26/2026 22:39:54,24.713,22.809
3056,3,6,40506.570000,1466.710000,0.000000,0.000000,0.000000,3.218433,1,02/26/2026 22:40:14,24.665,22.793
3057,3,6,40526.570000,1486.710000,0.000000,0.000000,0.000000,3.218738,1,02/26/2026 22:40:34,24.617,22.777
3058,3,6,40546.570000,1506.710000,0.000000,0.000000,0.000000,3.219043,1,02/26/2026 22:40:54,24.568,22.761
3059,3,6,40566.570000,1526.710000,0.000000,0.000000,0.000000,3.218738,1,02/26/2026 22:41:14,24.520,22.745
3060,3,6,40586.570000,1546.710000,0.000000,0.000000,0.000000,3.219348,1,02/26/2026 22:41:34,24.472,22.729
3061,3,6,40606.570000,1566.710000,0.000000,0.000000,0.000000,3.219348,1,02/26/2026 22:41:54,24.439,22.729
3062,3,6,40626.570000,1586.710000,0.000000,0.000000,0.000000,3.218738,1,02/26/2026 22:42:14,24.407,22.713
3063,3,6,40646.570000,1606.710000,0.000000,0.000000,0.000000,3.219043,1,02/26/2026 22:42:34,24.407,22.729
3064,3,6,40666.570000,1626.710000,0.000000,0.000000,0.000000,3.219043,1,02/26/2026 22:42:54,24.375,22.729
3065,3,6,40686.570000,1646.710000,0.000000,0.000000,0.000000,3.219043,1,02/26/2026 22:43:14,24.359,22.745
3066,3,6,40706.570000,1666.710000,0.000000,0.000000,0.000000,3.219043,1,02/26/2026 22:43:34,24.343,22.745
3067,3,6,40726.570000,1686.710000,0.000000,0.000000,0.000000,3.219043,1,02/26/2026 22:43:54,24.327,22.761
3068,3,6,40746.570000,1706.710000,0.000000,0.000000,0.000000,3.219043,1,02/26/2026 22:44:14,24.311,22.777
3069,3,6,40766.570000,1726.710000,0.000000,0.000000,0.000000,3.219043,1,02/26/2026 22:44:34,24.278,22.777
3070,3,6,40786.570000,1746.710000,0.000000,0.000000,0.000000,3.219348,1,02/26/2026 22:44:54,24.278,22.793
3071,3,6,40806.570000,1766.710000,0.000000,0.000000,0.000000,3.219043,1,02/26/2026 22:45:14,24.262,22.809
3072,3,6,40826.570000,1786.710000,0.000000,0.000000,0.000000,3.219043,1,02/26/2026 22:45:34,24.246,22.826
3073,3,6,40839.860000,1800.000000,0.000000,0.000000,0.000000,3.218738,129,02/26/2026 22:45:47,24.262,22.826
3074,3,7,40840.010000,1800.150000,0.000047,0.000156,2.338750,3.375601,0,02/26/2026 22:45:48,24.262,22.826
3075,3,7,40840.020000,1800.160000,0.000053,0.000178,2.475776,3.384756,4,02/26/2026 22:45:48,24.262,22.826
3076,3,7,40840.030000,1800.170000,0.000060,0.000202,2.608835,3.393606,4,02/26/2026 22:45:48,24.262,22.826
3077,3,7,40840.040000,1800.180000,0.000068,0.000226,2.735943,3.402762,4,02/26/2026 22:45:48,24.262,22.826
3078,3,7,40840.050000,1800.190000,0.000075,0.000252,2.859236,3.411002,4,02/26/2026 22:45:48,24.262,22.826
3079,3,7,40840.060000,1800.200000,0.000083,0.000279,2.978256,3.419242,4,02/26/2026 22:45:48,24.262,22.826
3080,3,7,40840.070000,1800.210000,0.000091,0.000308,3.001755,3.422293,4,02/26/2026 22:45:48,24.262,22.826
3081,3,7,40840.260000,1800.400000,0.000250,0.000850,2.999924,3.430533,5,02/26/2026 22:45:48,24.262,22.842
3082,3,7,40840.480000,1800.620000,0.000433,0.001480,2.999924,3.437552,5,02/26/2026 22:45:48,24.262,22.826
3083,3,7,40840.790000,1800.930000,0.000691,0.002369,2.999619,3.443351,5,02/26/2026 22:45:49,24.262,22.826
3084,3,7,40841.180000,1801.320000,0.001016,0.003489,3.000076,3.448844,5,02/26/2026 22:45:49,24.262,22.826
3085,3,7,40841.710000,1801.850000,0.001458,0.005014,2.999924,3.454643,5,02/26/2026 22:45:50,24.262,22.826
3086,3,7,40842.500000,1802.640000,0.002116,0.007290,2.999771,3.459831,5,02/26/2026 22:45:50,24.262,22.826
3087,3,7,40843.660000,1803.800000,0.003083,0.010637,2.999771,3.465019,5,02/26/2026 22:45:52,24.262,22.826
3088,3,7,40845.340000,1805.480000,0.004483,0.015492,2.999771,3.469902,5,02/26/2026 22:45:53,24.262,22.826
3089,3,7,40847.790000,1807.930000,0.006524,0.022582,2.999771,3.474784,5,02/26/2026 22:45:56,24.262,22.842
3090,3,7,40850.860000,1811.000000,0.009083,0.031478,2.999619,3.479667,5,02/26/2026 22:45:59,24.262,22.842
3091,3,7,40855.280000,1815.420000,0.012766,0.044304,3.000076,3.484855,5,02/26/2026 22:46:03,24.278,22.842
3092,3,7,40861.800000,1821.940000,0.018199,0.063252,2.999924,3.489738,5,02/26/2026 22:46:10,24.327,22.858
3093,3,7,40870.010000,1830.150000,0.025040,0.087144,2.999771,3.494621,5,02/26/2026 22:46:18,24.375,22.874
3094,3,7,40882.070000,1842.210000,0.035090,0.122289,2.999924,3.499504,5,02/26/2026 22:46:30,24.488,22.874
3095,3,7,40896.090000,1856.230000,0.046773,0.163202,2.999924,3.504387,5,02/26/2026 22:46:44,24.633,22.890
3096,3,7,40914.630000,1874.770000,0.062222,0.217381,2.999771,3.509270,5,02/26/2026 22:47:03,24.826,22.922
3097,3,7,40931.270000,1891.410000,0.076088,0.266076,2.999771,3.514153,5,02/26/2026 22:47:19,25.003,22.938
3098,3,7,40949.700000,1909.840000,0.091446,0.320081,2.999771,3.519036,5,02/26/2026 22:47:38,25.180,22.970
3099,3,7,40968.670000,1928.810000,0.107253,0.375747,2.999924,3.523919,5,02/26/2026 22:47:57,25.358,22.986
3100,3,7,40988.670000,1948.810000,0.123919,0.434515,2.999924,3.528801,1,02/26/2026 22:48:17,25.535,23.002
3101,3,7,41008.670000,1968.810000,0.140585,0.493361,2.999771,3.532769,1,02/26/2026 22:48:37,25.712,23.019
3102,3,7,41028.670000,1988.810000,0.157251,0.552276,2.999924,3.537346,1,02/26/2026 22:48:57,25.857,23.035
3103,3,7,41048.670000,2008.810000,0.173917,0.611255,2.999924,3.540093,1,02/26/2026 22:49:17,25.986,23.035
3104,3,7,41068.670000,2028.810000,0.190583,0.670284,3.000076,3.543145,1,02/26/2026 22:49:37,26.131,23.035
3105,3,7,41088.670000,2048.810000,0.207249,0.729360,2.999771,3.545892,1,02/26/2026 22:49:57,26.211,23.002
3106,3,7,41108.670000,2068.810000,0.223915,0.788475,2.999771,3.547723,1,02/26/2026 22:50:17,26.356,23.002
3107,3,7,41128.670000,2088.810000,0.240581,0.847623,2.999924,3.549859,1,02/26/2026 22:50:37,26.469,22.970
3108,3,7,41148.670000,2108.810000,0.257247,0.906797,2.999771,3.551080,1,02/26/2026 22:50:57,26.566,22.954
3109,3,7,41168.670000,2128.810000,0.273912,0.965994,2.999924,3.552605,1,02/26/2026 22:51:17,26.662,22.938
3110,3,7,41188.670000,2148.810000,0.290578,1.025213,3.000076,3.554131,1,02/26/2026 22:51:37,26.759,22.922
3111,3,7,41208.190000,2168.330000,0.306844,1.083031,2.999771,3.555047,164,02/26/2026 22:51:56,26.856,22.906
3112,3,8,41208.200000,2168.340000,0.306844,1.083031,2.700237,3.538567,0,02/26/2026 22:51:56,26.856,22.906
3113,3,8,41228.200000,2188.340000,0.321851,1.136080,2.700084,3.534295,1,02/26/2026 22:52:16,26.968,22.890
3114,3,8,41248.200000,2208.340000,0.336850,1.189094,2.699779,3.534295,1,02/26/2026 22:52:36,27.065,22.890
3115,3,8,41268.200000,2228.340000,0.351850,1.242116,2.699931,3.535210,1,02/26/2026 22:52:56,27.178,22.906
3116,3,8,41288.200000,2248.340000,0.366849,1.295149,2.699779,3.535821,1,02/26/2026 22:53:16,27.242,22.938
3117,3,8,41308.200000,2268.340000,0.381848,1.348197,2.699931,3.537041,1,02/26/2026 22:53:36,27.387,22.954
3118,3,8,41328.200000,2288.340000,0.396848,1.401257,2.699931,3.537957,1,02/26/2026 22:53:56,27.452,22.986
3119,3,8,41348.200000,2308.340000,0.411847,1.454329,2.699931,3.538872,1,02/26/2026 22:54:16,27.581,23.002
3120,3,8,41368.200000,2328.340000,0.426846,1.507412,2.699931,3.539483,1,02/26/2026 22:54:36,27.661,23.035
3121,3,8,41388.200000,2348.340000,0.441846,1.560506,2.699626,3.540093,1,02/26/2026 22:54:56,27.774,23.051
3122,3,8,41408.200000,2368.340000,0.456845,1.613611,2.700084,3.540703,1,02/26/2026 22:55:16,27.822,23.067
3123,3,8,41428.200000,2388.340000,0.471844,1.666726,2.699626,3.541314,1,02/26/2026 22:55:36,27.919,23.067
3124,3,8,41448.200000,2408.340000,0.486843,1.719852,2.700084,3.541924,1,02/26/2026 22:55:56,27.999,23.083
3125,3,8,41468.200000,2428.340000,0.501843,1.772989,2.699626,3.543145,1,02/26/2026 22:56:16,28.064,23.083
3126,3,8,41488.200000,2448.340000,0.516842,1.826139,2.699931,3.543755,1,02/26/2026 22:56:36,28.225,23.099
3127,3,8,41508.200000,2468.340000,0.531841,1.879303,2.699779,3.545281,1,02/26/2026 22:56:56,28.306,23.115
3128,3,8,41528.200000,2488.340000,0.546841,1.932480,2.699931,3.545586,1,02/26/2026 22:57:16,28.370,23.115
3129,3,8,41548.200000,2508.340000,0.561840,1.985672,2.699626,3.546502,1,02/26/2026 22:57:36,28.467,23.131
3130,3,8,41568.200000,2528.340000,0.576839,2.038876,2.699931,3.547417,1,02/26/2026 22:57:56,28.563,23.147
3131,3,8,41588.200000,2548.340000,0.591839,2.092093,2.699626,3.548333,1,02/26/2026 22:58:16,28.644,23.163
3132,3,8,41608.200000,2568.340000,0.606838,2.145325,2.699779,3.549248,1,02/26/2026 22:58:36,28.740,23.179
3133,3,8,41617.220000,2577.360000,0.613603,2.169337,2.699626,3.549554,164,02/26/2026 22:58:45,28.773,23.179
3134,3,9,41617.240000,2577.380000,0.613616,2.169383,2.402075,3.533684,0,02/26/2026 22:58:45,28.773,23.179
3135,3,9,41633.490000,2593.630000,0.624449,2.207625,2.399634,3.528801,5,02/26/2026 22:59:01,28.821,23.179
3136,3,9,41653.490000,2613.630000,0.637781,2.254678,2.399939,3.529412,1,02/26/2026 22:59:21,28.821,23.179
3137,3,9,41673.490000,2633.630000,0.651114,2.301738,2.399939,3.529717,1,02/26/2026 22:59:41,28.821,23.163
3138,3,9,41693.490000,2653.630000,0.664447,2.348809,2.399939,3.530632,1,02/26/2026 23:00:01,28.773,23.131
3139,3,9,41713.490000,2673.630000,0.677779,2.395894,2.400244,3.532158,1,02/26/2026 23:00:21,28.853,23.099
3140,3,9,41733.490000,2693.630000,0.691112,2.442995,2.399634,3.533074,1,02/26/2026 23:00:41,28.757,23.067
3141,3,9,41753.490000,2713.630000,0.704445,2.490113,2.399939,3.534600,1,02/26/2026 23:01:01,28.757,23.035
3142,3,9,41773.490000,2733.630000,0.717777,2.537246,2.399939,3.535821,1,02/26/2026 23:01:21,28.740,23.019
3143,3,9,41793.490000,2753.630000,0.731110,2.584397,2.399939,3.537346,1,02/26/2026 23:01:41,28.740,22.986
3144,3,9,41813.490000,2773.630000,0.744443,2.631566,2.399786,3.538567,1,02/26/2026 23:02:01,28.757,22.970
3145,3,9,41833.490000,2793.630000,0.757775,2.678752,2.399939,3.539788,1,02/26/2026 23:02:21,28.773,22.970
3146,3,9,41853.490000,2813.630000,0.771108,2.725954,2.399634,3.540703,1,02/26/2026 23:02:41,28.773,22.938
3147,3,9,41873.490000,2833.630000,0.784441,2.773172,2.399786,3.541924,1,02/26/2026 23:03:01,28.724,22.938
3148,3,9,41893.490000,2853.630000,0.797773,2.820406,2.400092,3.543450,1,02/26/2026 23:03:21,28.821,22.938
3149,3,9,41913.490000,2873.630000,0.811106,2.867659,2.400092,3.544671,1,02/26/2026 23:03:41,28.757,22.938
3150,3,9,41933.490000,2893.630000,0.824439,2.914932,2.399939,3.546197,1,02/26/2026 23:04:01,28.837,22.970
3151,3,9,41953.490000,2913.630000,0.837771,2.962222,2.400092,3.547417,1,02/26/2026 23:04:21,28.902,22.986
3152,3,9,41973.490000,2933.630000,0.851104,3.009528,2.399634,3.548943,1,02/26/2026 23:04:41,28.885,23.019
3153,3,9,41993.490000,2953.630000,0.864437,3.056853,2.399786,3.549859,1,02/26/2026 23:05:01,28.821,23.035
3154,3,9,42013.490000,2973.630000,0.877769,3.104194,2.399939,3.551385,1,02/26/2026 23:05:21,28.853,23.051
3155,3,9,42033.490000,2993.630000,0.891102,3.151554,2.399939,3.552605,1,02/26/2026 23:05:41,28.966,23.067
3156,3,9,42053.490000,3013.630000,0.904435,3.198936,2.400092,3.554437,1,02/26/2026 23:06:01,28.998,23.083
3157,3,9,42073.490000,3033.630000,0.917767,3.246339,2.399786,3.555962,1,02/26/2026 23:06:21,28.966,23.083
3158,3,9,42077.390000,3037.530000,0.920367,3.255584,2.399634,3.555962,164,02/26/2026 23:06:25,28.950,23.099
3159,3,10,42077.400000,3037.540000,0.920367,3.255584,1.353323,3.501640,0,02/26/2026 23:06:25,28.950,23.099
3160,3,10,42077.700000,3037.840000,0.920484,3.255991,1.349966,3.495842,5,02/26/2026 23:06:26,28.950,23.099
3161,3,10,42078.590000,3038.730000,0.920817,3.257157,1.349966,3.490959,5,02/26/2026 23:06:27,28.950,23.083
3162,3,10,42080.750000,3040.890000,0.921627,3.259982,1.349966,3.485771,5,02/26/2026 23:06:29,28.966,23.099
3163,3,10,42085.110000,3045.250000,0.923262,3.265677,1.349966,3.480888,5,02/26/2026 23:06:33,28.998,23.099
3164,3,10,42092.270000,3052.410000,0.925947,3.275016,1.349660,3.476005,5,02/26/2026 23:06:40,28.998,23.099
3165,3,10,42109.190000,3069.330000,0.932292,3.297053,1.350118,3.470817,5,02/26/2026 23:06:57,29.014,23.115
3166,3,10,42129.190000,3089.330000,0.939791,3.323080,1.350118,3.469902,1,02/26/2026 23:07:17,28.918,23.115
3167,3,10,42149.190000,3109.330000,0.947291,3.349103,1.350118,3.470512,1,02/26/2026 23:07:37,28.853,23.131
3168,3,10,42169.190000,3129.330000,0.954790,3.375130,1.349966,3.470817,1,02/26/2026 23:07:57,28.773,23.147
3169,3,10,42189.190000,3149.330000,0.962289,3.401164,1.349813,3.472038,1,02/26/2026 23:08:17,28.692,23.163
3170,3,10,42209.190000,3169.330000,0.969789,3.427207,1.350118,3.473259,1,02/26/2026 23:08:37,28.644,23.163
3171,3,10,42229.190000,3189.330000,0.977288,3.453260,1.350271,3.474784,1,02/26/2026 23:08:57,28.547,23.179
3172,3,10,42249.190000,3209.330000,0.984788,3.479323,1.349660,3.476005,1,02/26/2026 23:09:17,28.434,23.179
3173,3,10,42269.190000,3229.330000,0.992287,3.505397,1.349966,3.477531,1,02/26/2026 23:09:37,28.338,23.179
3174,3,10,42289.190000,3249.330000,0.999787,3.531482,1.350118,3.478752,1,02/26/2026 23:09:57,28.273,23.179
3175,3,10,42309.190000,3269.330000,1.007286,3.557577,1.349966,3.480278,1,02/26/2026 23:10:17,28.177,23.163
3176,3,10,42329.190000,3289.330000,1.014786,3.583682,1.349813,3.481498,1,02/26/2026 23:10:37,28.096,23.131
3177,3,10,42349.190000,3309.330000,1.022285,3.609797,1.350118,3.483024,1,02/26/2026 23:10:57,28.016,23.115
3178,3,10,42369.190000,3329.330000,1.029785,3.635923,1.349660,3.483940,1,02/26/2026 23:11:17,27.903,23.099
3179,3,10,42389.190000,3349.330000,1.037284,3.662060,1.349660,3.485771,1,02/26/2026 23:11:37,27.822,23.067
3180,3,10,42409.190000,3369.330000,1.044784,3.688208,1.350118,3.486992,1,02/26/2026 23:11:57,27.726,23.035
3181,3,10,42429.190000,3389.330000,1.052283,3.714365,1.349966,3.488518,1,02/26/2026 23:12:17,27.629,23.019
3182,3,10,42449.190000,3409.330000,1.059783,3.740533,1.349813,3.489738,1,02/26/2026 23:12:37,27.581,22.986
3183,3,10,42469.190000,3429.330000,1.067282,3.766710,1.350118,3.490959,1,02/26/2026 23:12:57,27.500,22.970
3184,3,10,42489.190000,3449.330000,1.074782,3.792898,1.349813,3.492485,1,02/26/2026 23:13:17,27.403,22.938
3185,3,10,42509.190000,3469.330000,1.082281,3.819098,1.349966,3.494316,1,02/26/2026 23:13:37,27.339,22.938
3186,3,10,42529.190000,3489.330000,1.089781,3.845309,1.349660,3.495537,1,02/26/2026 23:13:57,27.291,22.922
3187,3,10,42549.190000,3509.330000,1.097280,3.871529,1.349966,3.497063,1,02/26/2026 23:14:17,27.226,22.922
3188,3,10,42569.190000,3529.330000,1.104780,3.897760,1.349966,3.498283,1,02/26/2026 23:14:37,27.194,22.922
3189,3,10,42589.190000,3549.330000,1.112279,3.924001,1.349966,3.499809,1,02/26/2026 23:14:57,27.097,22.922
3190,3,10,42609.190000,3569.330000,1.119779,3.950252,1.349813,3.501030,1,02/26/2026 23:15:17,27.113,22.922
3191,3,10,42629.190000,3589.330000,1.127278,3.976514,1.349966,3.502556,1,02/26/2026 23:15:37,27.065,22.922
3192,3,10,42649.190000,3609.330000,1.134778,4.002788,1.349966,3.504082,1,02/26/2026 23:15:57,27.001,22.922
3193,3,10,42669.190000,3629.330000,1.142277,4.029073,1.349660,3.505608,1,02/26/2026 23:16:17,27.017,22.938
3194,3,10,42689.190000,3649.330000,1.149777,4.055369,1.349660,3.506828,1,02/26/2026 23:16:37,26.985,22.954
3195,3,10,42709.190000,3669.330000,1.157276,4.081675,1.349813,3.508354,1,02/26/2026 23:16:57,26.952,22.954
3196,3,10,42729.190000,3689.330000,1.164776,4.107992,1.349966,3.509880,1,02/26/2026 23:17:17,26.968,22.970
3197,3,10,42749.190000,3709.330000,1.172275,4.134322,1.349813,3.511711,1,02/26/2026 23:17:37,26.952,22.986
3198,3,10,42769.190000,3729.330000,1.179775,4.160664,1.349813,3.513237,1,02/26/2026 23:17:57,26.888,22.986
3199,3,10,42789.190000,3749.330000,1.187274,4.187018,1.350118,3.514763,1,02/26/2026 23:18:17,26.840,22.986
3200,3,10,42809.200000,3769.340000,1.194778,4.213398,1.349813,3.516594,1,02/26/2026 23:18:37,26.856,23.002
3201,3,10,42829.200000,3789.340000,1.202277,4.239776,1.349813,3.517815,1,02/26/2026 23:18:57,26.807,22.986
3202,3,10,42849.200000,3809.340000,1.209776,4.266167,1.349813,3.519951,1,02/26/2026 23:19:17,26.824,22.986
3203,3,10,42869.200000,3829.340000,1.217276,4.292570,1.349660,3.521477,1,02/26/2026 23:19:37,26.807,22.986
3204,3,10,42889.200000,3849.340000,1.224775,4.318986,1.349966,3.523308,1,02/26/2026 23:19:57,26.791,22.986
3205,3,10,42895.470000,3855.610000,1.227127,4.327271,1.349813,3.523919,164,02/26/2026 23:20:04,26.807,22.986
3206,3,11,42895.480000,3855.620000,1.227127,4.327271,0.754559,3.490959,0,02/26/2026 23:20:04,26.807,22.986
3207,3,11,42895.900000,3856.040000,1.227216,4.327583,0.749981,3.485466,5,02/26/2026 23:20:04,26.807,22.986
3208,3,11,42896.930000,3857.070000,1.227431,4.328331,0.749676,3.480583,5,02/26/2026 23:20:05,26.807,22.986
3209,3,11,42898.970000,3859.110000,1.227856,4.329808,0.749981,3.475395,5,02/26/2026 23:20:07,26.807,22.986
3210,3,11,42902.940000,3863.080000,1.228683,4.332680,0.749828,3.470207,5,02/26/2026 23:20:11,26.791,22.986
3211,3,11,42910.400000,3870.540000,1.230237,4.338069,0.749828,3.465324,5,02/26/2026 23:20:18,26.775,22.986
3212,3,11,42924.180000,3884.320000,1.233107,4.348009,0.750134,3.460441,5,02/26/2026 23:20:32,26.759,23.002
3213,3,11,42944.180000,3904.320000,1.237273,4.362419,0.749981,3.457084,1,02/26/2026 23:20:52,26.711,23.002
3214,3,11,42964.180000,3924.320000,1.241440,4.376820,0.749828,3.456168,1,02/26/2026 23:21:12,26.662,23.019
3215,3,11,42984.180000,3944.320000,1.245606,4.391219,0.749676,3.455863,1,02/26/2026 23:21:32,26.646,23.035
3216,3,11,43004.180000,3964.320000,1.249772,4.405618,0.749981,3.456168,1,02/26/2026 23:21:52,26.582,23.051
3217,3,11,43024.180000,3984.320000,1.253938,4.420018,0.750134,3.456779,1,02/26/2026 23:22:12,26.550,23.051
3218,3,11,43044.180000,4004.320000,1.258105,4.434422,0.749981,3.457389,1,02/26/2026 23:22:32,26.501,23.067
3219,3,11,43064.180000,4024.320000,1.262271,4.448829,0.749981,3.458305,1,02/26/2026 23:22:52,26.485,23.083
3220,3,11,43084.180000,4044.320000,1.266437,4.463241,0.749676,3.459525,1,02/26/2026 23:23:12,26.453,23.099
3221,3,11,43104.180000,4064.320000,1.270603,4.477658,0.749981,3.460746,1,02/26/2026 23:23:32,26.405,23.115
3222,3,11,43124.180000,4084.320000,1.274770,4.492080,0.749981,3.461967,1,02/26/2026 23:23:52,26.340,23.115
3223,3,11,43144.180000,4104.320000,1.278936,4.506507,0.749676,3.463188,1,02/26/2026 23:24:12,26.308,23.131
3224,3,11,43164.180000,4124.320000,1.283102,4.520939,0.749981,3.464408,1,02/26/2026 23:24:32,26.292,23.147
3225,3,11,43184.180000,4144.320000,1.287268,4.535376,0.750286,3.465629,1,02/26/2026 23:24:52,26.227,23.147
3226,3,11,43204.180000,4164.320000,1.291435,4.549818,0.750134,3.466850,1,02/26/2026 23:25:12,26.227,23.147
3227,3,11,43224.180000,4184.320000,1.295601,4.564266,0.749981,3.468376,1,02/26/2026 23:25:32,26.179,23.163
3228,3,11,43244.180000,4204.320000,1.299767,4.578720,0.749828,3.469902,1,02/26/2026 23:25:52,26.147,23.179
3229,3,11,43264.180000,4224.320000,1.303933,4.593180,0.749981,3.471122,1,02/26/2026 23:26:12,26.099,23.179
3230,3,11,43284.180000,4244.320000,1.308100,4.607645,0.749981,3.472648,1,02/26/2026 23:26:32,26.099,23.179
3231,3,11,43304.180000,4264.320000,1.312266,4.622116,0.749828,3.474174,1,02/26/2026 23:26:52,26.066,23.179
3232,3,11,43324.180000,4284.320000,1.316432,4.636593,0.750134,3.475700,1,02/26/2026 23:27:12,26.002,23.179
3233,3,11,43344.180000,4304.320000,1.320598,4.651076,0.749828,3.477226,1,02/26/2026 23:27:32,26.002,23.195
3234,3,11,43364.180000,4324.320000,1.324765,4.665566,0.749981,3.478447,1,02/26/2026 23:27:52,25.970,23.195
3235,3,11,43384.180000,4344.320000,1.328931,4.680062,0.749828,3.479667,1,02/26/2026 23:28:12,25.938,23.179
3236,3,11,43404.180000,4364.320000,1.333097,4.694563,0.749828,3.481193,1,02/26/2026 23:28:32,25.921,23.179
3237,3,11,43424.190000,4384.330000,1.337265,4.709078,0.749676,3.482719,1,02/26/2026 23:28:52,25.905,23.195
3238,3,11,43444.190000,4404.330000,1.341432,4.723591,0.749828,3.484550,1,02/26/2026 23:29:12,25.873,23.195
3239,3,11,43464.190000,4424.330000,1.345598,4.738112,0.749981,3.486076,1,02/26/2026 23:29:32,25.841,23.195
3240,3,11,43484.190000,4444.330000,1.349764,4.752639,0.749828,3.487602,1,02/26/2026 23:29:52,25.841,23.179
3241,3,11,43504.190000,4464.330000,1.353930,4.767173,0.749828,3.489433,1,02/26/2026 23:30:12,25.809,23.179
3242,3,11,43524.190000,4484.330000,1.358097,4.781714,0.749981,3.490654,1,02/26/2026 23:30:32,25.793,23.179
3243,3,11,43544.190000,4504.330000,1.362263,4.796261,0.749981,3.492790,1,02/26/2026 23:30:52,25.760,23.179
3244,3,11,43564.190000,4524.330000,1.366429,4.810816,0.749828,3.494621,1,02/26/2026 23:31:12,25.712,23.163
3245,3,11,43584.190000,4544.330000,1.370595,4.825379,0.749828,3.495842,1,02/26/2026 23:31:32,25.696,23.147
3246,3,11,43604.190000,4564.330000,1.374762,4.839948,0.750134,3.497978,1,02/26/2026 23:31:52,25.680,23.131
3247,3,11,43624.190000,4584.330000,1.378928,4.854526,0.749981,3.499809,1,02/26/2026 23:32:12,25.664,23.099
3248,3,11,43644.190000,4604.330000,1.383094,4.869111,0.749981,3.501640,1,02/26/2026 23:32:32,25.599,23.083
3249,3,11,43664.190000,4624.330000,1.387260,4.883705,0.749981,3.503777,1,02/26/2026 23:32:52,25.583,23.067
3250,3,11,43684.190000,4644.330000,1.391427,4.898307,0.749981,3.505608,1,02/26/2026 23:33:12,25.551,23.051
3251,3,11,43704.190000,4664.330000,1.395593,4.912918,0.749981,3.508049,1,02/26/2026 23:33:32,25.535,23.035
3252,3,11,43724.190000,4684.330000,1.399759,4.927537,0.749676,3.509575,1,02/26/2026 23:33:52,25.503,23.019
3253,3,11,43744.190000,4704.330000,1.403925,4.942166,0.750134,3.512322,1,02/26/2026 23:34:12,25.470,23.019
3254,3,11,43764.190000,4724.330000,1.408092,4.956804,0.749981,3.515068,1,02/26/2026 23:34:32,25.438,23.002
3255,3,11,43784.190000,4744.330000,1.412258,4.971453,0.749981,3.516899,1,02/26/2026 23:34:52,25.422,22.986
3256,3,11,43804.190000,4764.330000,1.416424,4.986111,0.749828,3.519646,1,02/26/2026 23:35:12,25.406,22.986
3257,3,11,43824.190000,4784.330000,1.420590,5.000780,0.749828,3.522087,1,02/26/2026 23:35:32,25.406,22.970
3258,3,11,43844.190000,4804.330000,1.424756,5.015459,0.749676,3.524834,1,02/26/2026 23:35:52,25.390,22.970
3259,3,11,43864.190000,4824.330000,1.428923,5.030150,0.750134,3.527581,1,02/26/2026 23:36:12,25.358,22.954
3260,3,11,43884.190000,4844.330000,1.433089,5.044853,0.750134,3.530632,1,02/26/2026 23:36:32,25.342,22.954
3261,3,11,43904.190000,4864.330000,1.437255,5.059569,0.749828,3.533989,1,02/26/2026 23:36:52,25.342,22.938
3262,3,11,43924.190000,4884.330000,1.441421,5.074298,0.749676,3.537041,1,02/26/2026 23:37:12,25.325,22.938
3263,3,11,43944.190000,4904.330000,1.445588,5.089042,0.749676,3.540398,1,02/26/2026 23:37:32,25.309,22.938
3264,3,11,43964.190000,4924.330000,1.449754,5.103800,0.749981,3.544060,1,02/26/2026 23:37:52,25.325,22.938
3265,3,11,43984.190000,4944.330000,1.453920,5.118574,0.750134,3.548028,1,02/26/2026 23:38:12,25.325,22.954
3266,3,11,44004.190000,4964.330000,1.458086,5.133365,0.749828,3.552300,1,02/26/2026 23:38:32,25.325,22.938
3267,3,11,44023.670000,4983.810000,1.462144,5.147791,0.749828,3.557183,5,02/26/2026 23:38:51,25.325,22.938
3268,3,11,44042.240000,5002.380000,1.466013,5.161561,0.749828,3.562066,5,02/26/2026 23:39:10,25.325,22.938
3269,3,11,44059.900000,5020.040000,1.469691,5.174674,0.750134,3.566949,5,02/26/2026 23:39:28,25.325,22.938
3270,3,11,44075.340000,5035.480000,1.472908,5.186154,0.749981,3.571832,5,02/26/2026 23:39:43,25.325,22.938
3271,3,11,44090.020000,5050.160000,1.475966,5.197084,0.749981,3.577020,5,02/26/2026 23:39:58,25.342,22.954
3272,3,11,44103.870000,5064.010000,1.478851,5.207411,0.749676,3.581903,5,02/26/2026 23:40:12,25.358,22.954
3273,3,11,44116.360000,5076.500000,1.481453,5.216737,0.749981,3.586786,5,02/26/2026 23:40:24,25.342,22.954
3274,3,11,44126.820000,5086.960000,1.483632,5.224558,0.749981,3.591669,5,02/26/2026 23:40:35,25.342,22.970
3275,3,11,44136.280000,5096.420000,1.485602,5.231640,0.750134,3.596551,5,02/26/2026 23:40:44,25.374,22.970
3276,3,11,44146.960000,5107.100000,1.487827,5.239647,0.749828,3.601434,5,02/26/2026 23:40:55,25.390,22.970
3277,3,11,44155.400000,5115.540000,1.489585,5.245983,0.749828,3.606317,5,02/26/2026 23:41:03,25.406,22.986
3278,3,11,44164.500000,5124.640000,1.491481,5.252824,0.749981,3.611200,5,02/26/2026 23:41:12,25.406,22.986
3279,3,11,44171.800000,5131.940000,1.493002,5.258320,0.749981,3.616083,5,02/26/2026 23:41:20,25.422,22.986
3280,3,11,44179.560000,5139.700000,1.494618,5.264169,0.749981,3.621271,5,02/26/2026 23:41:27,25.422,22.986
3281,3,11,44186.870000,5147.010000,1.496141,5.269687,0.749676,3.626154,5,02/26/2026 23:41:35,25.438,23.002
3282,3,11,44193.110000,5153.250000,1.497441,5.274404,0.750134,3.631037,5,02/26/2026 23:41:41,25.438,23.002
3283,3,11,44199.580000,5159.720000,1.498789,5.279301,0.750134,3.635920,5,02/26/2026 23:41:47,25.438,22.986
3284,3,11,44205.530000,5165.670000,1.500028,5.283810,0.749828,3.640803,5,02/26/2026 23:41:53,25.438,23.002
3285,3,11,44211.360000,5171.500000,1.501242,5.288235,0.749828,3.645686,5,02/26/2026 23:41:59,25.454,23.002
3286,3,11,44216.900000,5177.040000,1.502395,5.292440,0.739452,3.650263,4,02/26/2026 23:42:05,25.470,23.002
3287,3,11,44218.100000,5178.240000,1.502640,5.293334,0.729381,3.649958,4,02/26/2026 23:42:06,25.470,23.002
3288,3,11,44219.870000,5180.010000,1.502996,5.294634,0.719310,3.650263,4,02/26/2026 23:42:08,25.470,23.002
3289,3,11,44221.850000,5181.990000,1.503389,5.296068,0.709087,3.650263,4,02/26/2026 23:42:10,25.470,23.002
3290,3,11,44224.400000,5184.540000,1.503888,5.297890,0.698863,3.649958,4,02/26/2026 23:42:12,25.486,23.002
3291,3,11,44226.940000,5187.080000,1.504378,5.299676,0.688640,3.650263,4,02/26/2026 23:42:15,25.486,23.002
3292,3,11,44229.320000,5189.460000,1.504830,5.301327,0.678569,3.650263,4,02/26/2026 23:42:17,25.486,23.002
3293,3,11,44231.900000,5192.040000,1.505313,5.303090,0.668345,3.650263,4,02/26/2026 23:42:20,25.486,23.019
3294,3,11,44235.070000,5195.210000,1.505897,5.305223,0.658274,3.649958,4,02/26/2026 23:42:23,25.486,23.002
3295,3,11,44237.530000,5197.670000,1.506343,5.306850,0.648203,3.649958,4,02/26/2026 23:42:25,25.486,23.019
3296,3,11,44239.910000,5200.050000,1.506768,5.308403,0.638132,3.649958,4,02/26/2026 23:42:28,25.486,23.019
3297,3,11,44242.650000,5202.790000,1.507251,5.310163,0.627909,3.649653,4,02/26/2026 23:42:30,25.503,23.019
3298,3,11,44245.500000,5205.640000,1.507744,5.311965,0.617685,3.650263,4,02/26/2026 23:42:33,25.503,23.019
3299,3,11,44248.440000,5208.580000,1.508245,5.313792,0.607614,3.649958,4,02/26/2026 23:42:36,25.503,23.019
3300,3,11,44251.020000,5211.160000,1.508677,5.315369,0.597543,3.649958,4,02/26/2026 23:42:39,25.519,23.019
3301,3,11,44253.780000,5213.920000,1.509131,5.317028,0.587472,3.649653,4,02/26/2026 23:42:42,25.519,23.019
3302,3,11,44257.110000,5217.250000,1.509670,5.318995,0.577401,3.649958,4,02/26/2026 23:42:45,25.519,23.019
3303,3,11,44259.590000,5219.730000,1.510064,5.320433,0.567330,3.649958,4,02/26/2026 23:42:47,25.503,23.019
3304,3,11,44262.540000,5222.680000,1.510525,5.322117,0.557107,3.649958,4,02/26/2026 23:42:50,25.503,23.019
3305,3,11,44264.960000,5225.100000,1.510897,5.323473,0.547036,3.650263,4,02/26/2026 23:42:53,25.519,23.019
3306,3,11,44268.330000,5228.470000,1.511406,5.325329,0.536965,3.649958,4,02/26/2026 23:42:56,25.535,23.019
3307,3,11,44271.510000,5231.650000,1.511876,5.327044,0.526894,3.649958,4,02/26/2026 23:42:59,25.535,23.035
3308,3,11,44274.440000,5234.580000,1.512300,5.328595,0.516823,3.649958,4,02/26/2026 23:43:02,25.535,23.035
3309,3,11,44277.510000,5237.650000,1.512736,5.330187,0.506447,3.649958,4,02/26/2026 23:43:05,25.535,23.019
3310,3,11,44280.790000,5240.930000,1.513194,5.331856,0.496223,3.649958,4,02/26/2026 23:43:09,25.535,23.035
3311,3,11,44283.760000,5243.900000,1.513599,5.333336,0.486152,3.649958,4,02/26/2026 23:43:12,25.535,23.035
3312,3,11,44287.000000,5247.140000,1.514033,5.334919,0.476081,3.649958,4,02/26/2026 23:43:15,25.519,23.035
3313,3,11,44290.070000,5250.210000,1.514435,5.336388,0.466011,3.649958,4,02/26/2026 23:43:18,25.519,23.035
3314,3,11,44293.210000,5253.350000,1.514838,5.337858,0.455940,3.649958,4,02/26/2026 23:43:21,25.535,23.035
3315,3,11,44297.020000,5257.160000,1.515316,5.339601,0.445563,3.649958,4,02/26/2026 23:43:25,25.519,23.035
3316,3,11,44300.290000,5260.430000,1.515716,5.341063,0.435340,3.649958,4,02/26/2026 23:43:28,25.535,23.035
3317,3,11,44303.580000,5263.720000,1.516110,5.342501,0.425269,3.649958,4,02/26/2026 23:43:31,25.535,23.035
3318,3,11,44307.460000,5267.600000,1.516564,5.344156,0.415198,3.649958,4,02/26/2026 23:43:35,25.535,23.035
3319,3,11,44311.280000,5271.420000,1.516999,5.345744,0.404974,3.649653,4,02/26/2026 23:43:39,25.551,23.035
3320,3,11,44314.500000,5274.640000,1.517357,5.347050,0.394751,3.649958,4,02/26/2026 23:43:42,25.535,23.035
3321,3,11,44318.530000,5278.670000,1.517793,5.348644,0.384527,3.649958,4,02/26/2026 23:43:46,25.535,23.035
3322,3,11,44322.280000,5282.420000,1.518189,5.350089,0.374456,3.649653,4,02/26/2026 23:43:50,25.535,23.035
3323,3,11,44326.440000,5286.580000,1.518616,5.351648,0.364385,3.649958,4,02/26/2026 23:43:54,25.535,23.035
3324,3,11,44330.620000,5290.760000,1.519034,5.353172,0.354009,3.649958,4,02/26/2026 23:43:58,25.519,23.051
3325,3,11,44334.700000,5294.840000,1.519429,5.354616,0.343938,3.649653,4,02/26/2026 23:44:03,25.535,23.035
3326,3,11,44338.450000,5298.590000,1.519783,5.355908,0.333867,3.649958,4,02/26/2026 23:44:06,25.535,23.035
3327,3,11,44343.360000,5303.500000,1.520233,5.357549,0.323796,3.649958,4,02/26/2026 23:44:11,25.535,23.051
3328,3,11,44348.150000,5308.290000,1.520657,5.359096,0.313573,3.649958,4,02/26/2026 23:44:16,25.519,23.035
3329,3,11,44352.880000,5313.020000,1.521062,5.360576,0.303502,3.649958,4,02/26/2026 23:44:21,25.519,23.051
3330,3,11,44357.750000,5317.890000,1.521466,5.362048,0.293431,3.649958,4,02/26/2026 23:44:26,25.503,23.035
3331,3,11,44362.330000,5322.470000,1.521833,5.363388,0.283207,3.650263,4,02/26/2026 23:44:30,25.503,23.035
3332,3,11,44367.700000,5327.840000,1.522249,5.364908,0.273136,3.649958,4,02/26/2026 23:44:36,25.503,23.035
3333,3,11,44373.620000,5333.760000,1.522691,5.366520,0.263066,3.649958,4,02/26/2026 23:44:41,25.503,23.051
3334,3,11,44379.660000,5339.800000,1.523123,5.368100,0.252995,3.649958,4,02/26/2026 23:44:47,25.486,23.035
3335,3,11,44384.840000,5344.980000,1.523480,5.369402,0.242771,3.649653,4,02/26/2026 23:44:53,25.486,23.035
3336,3,11,44390.850000,5350.990000,1.523879,5.370856,0.232700,3.650263,4,02/26/2026 23:44:59,25.486,23.035
3337,3,11,44397.980000,5358.120000,1.524331,5.372507,0.222629,3.649958,4,02/26/2026 23:45:06,25.470,23.035
3338,3,11,44404.570000,5364.710000,1.524730,5.373964,0.212558,3.649958,4,02/26/2026 23:45:12,25.454,23.035
3339,3,11,44411.760000,5371.900000,1.525146,5.375483,0.202487,3.649653,4,02/26/2026 23:45:20,25.454,23.035
3340,3,11,44419.640000,5379.780000,1.525580,5.377066,0.192264,3.649958,4,02/26/2026 23:45:27,25.438,23.019
3341,3,11,44428.520000,5388.660000,1.526043,5.378754,0.182193,3.650263,4,02/26/2026 23:45:36,25.422,23.019
3342,3,11,44436.670000,5396.810000,1.526444,5.380221,0.171969,3.649653,4,02/26/2026 23:45:44,25.406,23.019
3343,3,11,44446.260000,5406.400000,1.526891,5.381850,0.161898,3.649958,4,02/26/2026 23:45:54,25.390,23.002
3344,3,11,44455.900000,5416.040000,1.527313,5.383392,0.151827,3.649958,4,02/26/2026 23:46:04,25.358,23.002
3345,3,11,44467.690000,5427.830000,1.527796,5.385155,0.141756,3.649958,4,02/26/2026 23:46:15,25.358,23.002
3346,3,11,44479.230000,5439.370000,1.528236,5.386759,0.131685,3.650263,4,02/26/2026 23:46:27,25.325,22.986
3347,3,11,44492.110000,5452.250000,1.528692,5.388424,0.121614,3.649653,4,02/26/2026 23:46:40,25.277,22.986
3348,3,11,44507.310000,5467.450000,1.529187,5.390230,0.111543,3.649653,4,02/26/2026 23:46:55,25.245,22.970
3349,3,11,44522.640000,5482.780000,1.529643,5.391897,0.101320,3.649653,4,02/26/2026 23:47:10,25.213,22.970
3350,3,11,44542.640000,5502.780000,1.530182,5.393865,0.092927,3.649653,1,02/26/2026 23:47:30,25.164,22.954
3351,3,11,44560.240000,5520.380000,1.530610,5.395425,0.082704,3.649958,4,02/26/2026 23:47:48,25.116,22.938
3352,3,11,44580.240000,5540.380000,1.531049,5.397029,0.076143,3.649958,1,02/26/2026 23:48:08,25.052,22.922
3353,3,11,44600.240000,5560.380000,1.531445,5.398473,0.067445,3.649653,1,02/26/2026 23:48:28,25.019,22.906
3354,3,11,44620.240000,5580.380000,1.531803,5.399780,0.060273,3.649958,1,02/26/2026 23:48:48,24.955,22.890
3355,3,11,44640.240000,5600.380000,1.532127,5.400963,0.054627,3.649653,1,02/26/2026 23:49:08,24.907,22.874
3356,3,11,44660.240000,5620.380000,1.532423,5.402042,0.050355,3.649348,1,02/26/2026 23:49:28,24.890,22.874
3357,3,11,44680.240000,5640.380000,1.532692,5.403026,0.046998,3.649653,1,02/26/2026 23:49:48,24.858,22.906
3358,3,11,44700.240000,5660.380000,1.532939,5.403924,0.042725,3.649653,1,02/26/2026 23:50:08,24.826,22.922
3359,3,11,44720.240000,5680.380000,1.533164,5.404748,0.039063,3.649958,1,02/26/2026 23:50:28,24.810,22.938
3360,3,11,44740.240000,5700.380000,1.533373,5.405509,0.035554,3.649958,1,02/26/2026 23:50:48,24.794,22.954
3361,3,11,44760.240000,5720.380000,1.533565,5.406211,0.033265,3.649958,1,02/26/2026 23:51:08,24.778,22.954
3362,3,11,44780.240000,5740.380000,1.533743,5.406860,0.030823,3.649958,1,02/26/2026 23:51:28,24.745,22.954
3363,3,11,44800.240000,5760.380000,1.533908,5.407462,0.028992,3.649958,1,02/26/2026 23:51:48,24.745,22.970
3364,3,11,44820.240000,5780.380000,1.534061,5.408023,0.027008,3.649653,1,02/26/2026 23:52:08,24.729,22.986
3365,3,11,44840.240000,5800.380000,1.534205,5.408547,0.025788,3.649958,1,02/26/2026 23:52:28,24.729,23.002
3366,3,11,44860.240000,5820.380000,1.534338,5.409034,0.023499,3.649653,1,02/26/2026 23:52:48,24.697,23.019
3367,3,11,44880.240000,5840.380000,1.534462,5.409486,0.021820,3.649958,1,02/26/2026 23:53:08,24.697,23.035
3368,3,11,44900.240000,5860.380000,1.534580,5.409914,0.020447,3.649958,1,02/26/2026 23:53:28,24.681,23.067
3369,3,11,44920.240000,5880.380000,1.534689,5.410315,0.019837,3.649653,1,02/26/2026 23:53:48,24.665,23.083
3370,3,11,44940.240000,5900.380000,1.534793,5.410692,0.019379,3.649653,1,02/26/2026 23:54:08,24.649,23.083
3371,3,11,44960.240000,5920.380000,1.534889,5.411045,0.016938,3.649958,1,02/26/2026 23:54:28,24.633,23.099
3372,3,11,44974.480000,5934.620000,1.534955,5.411286,0.014954,3.649958,132,02/26/2026 23:54:42,24.633,23.099
3373,3,12,44974.490000,0.010000,0.000000,0.000000,0.000000,3.649348,0,02/26/2026 23:54:42,24.633,23.099
3374,3,12,44980.020000,5.540000,0.000000,0.000000,0.000000,3.644465,5,02/26/2026 23:54:48,24.617,23.099
3375,3,12,44987.620000,13.140000,0.000000,0.000000,0.000000,3.639582,5,02/26/2026 23:54:55,24.617,23.099
3376,3,12,44995.280000,20.800000,0.000000,0.000000,0.000000,3.634699,5,02/26/2026 23:55:03,24.601,23.099
3377,3,12,45004.670000,30.190000,0.000000,0.000000,0.000000,3.629816,5,02/26/2026 23:55:12,24.584,23.083
3378,3,12,45014.210000,39.730000,0.000000,0.000000,0.000000,3.624933,5,02/26/2026 23:55:22,24.584,23.083
3379,3,12,45024.610000,50.130000,0.000000,0.000000,0.000000,3.620050,5,02/26/2026 23:55:32,24.568,23.099
3380,3,12,45036.870000,62.390000,0.000000,0.000000,0.000000,3.615167,5,02/26/2026 23:55:45,24.552,23.099
3381,3,12,45048.490000,74.010000,0.000000,0.000000,0.000000,3.610285,5,02/26/2026 23:55:56,24.536,23.083
3382,3,12,45062.600000,88.120000,0.000000,0.000000,0.000000,3.605402,5,02/26/2026 23:56:10,24.520,23.083
3383,3,12,45076.710000,102.230000,0.000000,0.000000,0.000000,3.600519,5,02/26/2026 23:56:25,24.504,23.067
3384,3,12,45092.720000,118.240000,0.000000,0.000000,0.000000,3.595636,5,02/26/2026 23:56:41,24.472,23.067
3385,3,12,45108.530000,134.050000,0.000000,0.000000,0.000000,3.590753,5,02/26/2026 23:56:56,24.439,23.051
3386,3,12,45126.520000,152.040000,0.000000,0.000000,0.000000,3.585870,5,02/26/2026 23:57:14,24.423,23.051
3387,3,12,45146.520000,172.040000,0.000000,0.000000,0.000000,3.581292,1,02/26/2026 23:57:34,24.391,23.035
3388,3,12,45166.520000,192.040000,0.000000,0.000000,0.000000,3.576715,1,02/26/2026 23:57:54,24.343,23.035
3389,3,12,45186.520000,212.040000,0.000000,0.000000,0.000000,3.572442,1,02/26/2026 23:58:14,24.311,23.019
3390,3,12,45206.520000,232.040000,0.000000,0.000000,0.000000,3.568475,1,02/26/2026 23:58:34,24.246,22.986
3391,3,12,45226.520000,252.040000,0.000000,0.000000,0.000000,3.564813,1,02/26/2026 23:58:54,24.230,22.970
3392,3,12,45246.520000,272.040000,0.000000,0.000000,0.000000,3.561151,1,02/26/2026 23:59:14,24.182,22.938
3393,3,12,45266.520000,292.040000,0.000000,0.000000,0.000000,3.557794,1,02/26/2026 23:59:34,24.166,22.938
3394,3,12,45286.520000,312.040000,0.000000,0.000000,0.000000,3.554742,1,02/26/2026 23:59:54,24.149,22.938
3395,3,12,45306.520000,332.040000,0.000000,0.000000,0.000000,3.551690,1,02/27/2026 00:00:14,24.149,22.954
3396,3,12,45326.520000,352.040000,0.000000,0.000000,0.000000,3.549248,1,02/27/2026 00:00:34,24.166,22.970
3397,3,12,45346.520000,372.040000,0.000000,0.000000,0.000000,3.546502,1,02/27/2026 00:00:54,24.166,22.986
3398,3,12,45366.520000,392.040000,0.000000,0.000000,0.000000,3.543755,1,02/27/2026 00:01:14,24.149,23.002
3399,3,12,45386.520000,412.040000,0.000000,0.000000,0.000000,3.541619,1,02/27/2026 00:01:34,24.166,23.019
3400,3,12,45406.520000,432.040000,0.000000,0.000000,0.000000,3.539178,1,02/27/2026 00:01:54,24.166,23.035
3401,3,12,45426.520000,452.040000,0.000000,0.000000,0.000000,3.537346,1,02/27/2026 00:02:14,24.166,23.035
3402,3,12,45446.520000,472.040000,0.000000,0.000000,0.000000,3.534905,1,02/27/2026 00:02:34,24.166,23.051
3403,3,12,45466.520000,492.040000,0.000000,0.000000,0.000000,3.532464,1,02/27/2026 00:02:54,24.182,23.067
3404,3,12,45486.520000,512.040000,0.000000,0.000000,0.000000,3.530938,1,02/27/2026 00:03:14,24.182,23.083
3405,3,12,45506.520000,532.040000,0.000000,0.000000,0.000000,3.529107,1,02/27/2026 00:03:34,24.182,23.099
3406,3,12,45526.520000,552.040000,0.000000,0.000000,0.000000,3.526970,1,02/27/2026 00:03:54,24.182,23.099
3407,3,12,45546.520000,572.040000,0.000000,0.000000,0.000000,3.525444,1,02/27/2026 00:04:14,24.166,23.115
3408,3,12,45566.520000,592.040000,0.000000,0.000000,0.000000,3.523613,1,02/27/2026 00:04:34,24.182,23.131
3409,3,12,45586.520000,612.040000,0.000000,0.000000,0.000000,3.522087,1,02/27/2026 00:04:54,24.198,23.131
3410,3,12,45606.520000,632.040000,0.000000,0.000000,0.000000,3.520562,1,02/27/2026 00:05:14,24.182,23.147
3411,3,12,45626.520000,652.040000,0.000000,0.000000,0.000000,3.519341,1,02/27/2026 00:05:34,24.182,23.147
3412,3,12,45646.520000,672.040000,0.000000,0.000000,0.000000,3.517510,1,02/27/2026 00:05:54,24.166,23.147
3413,3,12,45666.520000,692.040000,0.000000,0.000000,0.000000,3.515984,1,02/27/2026 00:06:14,24.166,23.147
3414,3,12,45686.520000,712.040000,0.000000,0.000000,0.000000,3.515068,1,02/27/2026 00:06:34,24.149,23.131
3415,3,12,45706.520000,732.040000,0.000000,0.000000,0.000000,3.513237,1,02/27/2026 00:06:54,24.117,23.115
3416,3,12,45726.520000,752.040000,0.000000,0.000000,0.000000,3.512016,1,02/27/2026 00:07:14,24.085,23.083
3417,3,12,45746.520000,772.040000,0.000000,0.000000,0.000000,3.511101,1,02/27/2026 00:07:34,24.069,23.067
3418,3,12,45766.520000,792.040000,0.000000,0.000000,0.000000,3.509575,1,02/27/2026 00:07:54,24.037,23.051
3419,3,12,45786.520000,812.040000,0.000000,0.000000,0.000000,3.508659,1,02/27/2026 00:08:14,24.004,23.019
3420,3,12,45806.520000,832.040000,0.000000,0.000000,0.000000,3.507439,1,02/27/2026 00:08:34,23.972,23.002
3421,3,12,45826.520000,852.040000,0.000000,0.000000,0.000000,3.505913,1,02/27/2026 00:08:54,23.956,22.986
3422,3,12,45846.520000,872.040000,0.000000,0.000000,0.000000,3.505608,1,02/27/2026 00:09:14,23.924,22.970
3423,3,12,45866.520000,892.040000,0.000000,0.000000,0.000000,3.504387,1,02/27/2026 00:09:34,23.908,22.954
3424,3,12,45886.520000,912.040000,0.000000,0.000000,0.000000,3.503471,1,02/27/2026 00:09:54,23.892,22.938
3425,3,12,45906.520000,932.040000,0.000000,0.000000,0.000000,3.502251,1,02/27/2026 00:10:14,23.892,22.954
3426,3,12,45926.520000,952.040000,0.000000,0.000000,0.000000,3.501030,1,02/27/2026 00:10:34,23.924,22.970
3427,3,12,45946.520000,972.040000,0.000000,0.000000,0.000000,3.499809,1,02/27/2026 00:10:54,23.924,22.986
3428,3,12,45966.520000,992.040000,0.000000,0.000000,0.000000,3.499199,1,02/27/2026 00:11:14,23.924,23.002
3429,3,12,45986.520000,1012.040000,0.000000,0.000000,0.000000,3.498283,1,02/27/2026 00:11:34,23.956,23.019
3430,3,12,46006.520000,1032.040000,0.000000,0.000000,0.000000,3.497368,1,02/27/2026 00:11:54,23.956,23.035
3431,3,12,46026.520000,1052.040000,0.000000,0.000000,0.000000,3.496452,1,02/27/2026 00:12:14,23.972,23.051
3432,3,12,46046.520000,1072.040000,0.000000,0.000000,0.000000,3.495537,1,02/27/2026 00:12:34,23.988,23.083
3433,3,12,46066.520000,1092.040000,0.000000,0.000000,0.000000,3.494926,1,02/27/2026 00:12:54,23.988,23.099
3434,3,12,46086.520000,1112.040000,0.000000,0.000000,0.000000,3.494316,1,02/27/2026 00:13:14,24.004,23.099
3435,3,12,46106.520000,1132.040000,0.000000,0.000000,0.000000,3.493400,1,02/27/2026 00:13:34,24.004,23.131
3436,3,12,46126.520000,1152.040000,0.000000,0.000000,0.000000,3.492180,1,02/27/2026 00:13:54,24.021,23.131
3437,3,12,46146.520000,1172.040000,0.000000,0.000000,0.000000,3.491569,1,02/27/2026 00:14:14,24.037,23.147
3438,3,12,46166.520000,1192.040000,0.000000,0.000000,0.000000,3.490654,1,02/27/2026 00:14:34,24.037,23.179
3439,3,12,46186.520000,1212.040000,0.000000,0.000000,0.000000,3.489738,1,02/27/2026 00:14:54,24.053,23.195
3440,3,12,46206.520000,1232.040000,0.000000,0.000000,0.000000,3.489128,1,02/27/2026 00:15:14,24.069,23.212
3441,3,12,46226.520000,1252.040000,0.000000,0.000000,0.000000,3.488823,1,02/27/2026 00:15:34,24.069,23.195
3442,3,12,46246.520000,1272.040000,0.000000,0.000000,0.000000,3.487297,1,02/27/2026 00:15:54,24.069,23.195
3443,3,12,46266.520000,1292.040000,0.000000,0.000000,0.000000,3.486992,1,02/27/2026 00:16:14,24.069,23.212
3444,3,12,46286.520000,1312.040000,0.000000,0.000000,0.000000,3.486381,1,02/27/2026 00:16:34,24.069,23.195
3445,3,12,46306.520000,1332.040000,0.000000,0.000000,0.000000,3.485771,1,02/27/2026 00:16:54,24.037,23.195
3446,3,12,46326.520000,1352.040000,0.000000,0.000000,0.000000,3.485161,1,02/27/2026 00:17:14,24.021,23.179
3447,3,12,46346.520000,1372.040000,0.000000,0.000000,0.000000,3.484855,1,02/27/2026 00:17:34,23.988,23.147
3448,3,12,46366.520000,1392.040000,0.000000,0.000000,0.000000,3.483940,1,02/27/2026 00:17:54,23.972,23.131
3449,3,12,46386.520000,1412.040000,0.000000,0.000000,0.000000,3.483330,1,02/27/2026 00:18:14,23.956,23.115
3450,3,12,46406.520000,1432.040000,0.000000,0.000000,0.000000,3.482719,1,02/27/2026 00:18:34,23.940,23.099
3451,3,12,46426.520000,1452.040000,0.000000,0.000000,0.000000,3.481804,1,02/27/2026 00:18:54,23.924,23.099
3452,3,12,46446.520000,1472.040000,0.000000,0.000000,0.000000,3.481193,1,02/27/2026 00:19:14,23.908,23.083
3453,3,12,46466.520000,1492.040000,0.000000,0.000000,0.000000,3.480888,1,02/27/2026 00:19:34,23.908,23.067
3454,3,12,46486.520000,1512.040000,0.000000,0.000000,0.000000,3.480583,1,02/27/2026 00:19:54,23.876,23.067
3455,3,12,46506.520000,1532.040000,0.000000,0.000000,0.000000,3.479667,1,02/27/2026 00:20:14,23.876,23.067
3456,3,12,46526.520000,1552.040000,0.000000,0.000000,0.000000,3.479667,1,02/27/2026 00:20:34,23.876,23.067
3457,3,12,46546.520000,1572.040000,0.000000,0.000000,0.000000,3.478752,1,02/27/2026 00:20:54,23.876,23.067
3458,3,12,46566.520000,1592.040000,0.000000,0.000000,0.000000,3.478447,1,02/27/2026 00:21:14,23.892,23.083
3459,3,12,46586.520000,1612.040000,0.000000,0.000000,0.000000,3.478141,1,02/27/2026 00:21:34,23.892,23.083
3460,3,12,46606.520000,1632.040000,0.000000,0.000000,0.000000,3.477531,1,02/27/2026 00:21:54,23.892,23.099
3461,3,12,46626.520000,1652.040000,0.000000,0.000000,0.000000,3.476616,1,02/27/2026 00:22:14,23.924,23.099
3462,3,12,46646.520000,1672.040000,0.000000,0.000000,0.000000,3.476310,1,02/27/2026 00:22:34,23.924,23.115
3463,3,12,46666.520000,1692.040000,0.000000,0.000000,0.000000,3.475700,1,02/27/2026 00:22:54,23.956,23.131
3464,3,12,46686.520000,1712.040000,0.000000,0.000000,0.000000,3.475090,1,02/27/2026 00:23:14,23.972,23.163
3465,3,12,46706.520000,1732.040000,0.000000,0.000000,0.000000,3.474784,1,02/27/2026 00:23:34,23.988,23.179
3466,3,12,46726.520000,1752.040000,0.000000,0.000000,0.000000,3.474174,1,02/27/2026 00:23:54,24.004,23.212
3467,3,12,46746.520000,1772.040000,0.000000,0.000000,0.000000,3.473869,1,02/27/2026 00:24:14,24.021,23.212
3468,3,12,46766.520000,1792.040000,0.000000,0.000000,0.000000,3.473259,1,02/27/2026 00:24:34,24.037,23.228
3469,3,12,46774.480000,1800.000000,0.000000,0.000000,0.000000,3.473259,129,02/27/2026 00:24:42,24.037,23.244
3470,4,5,46774.520000,0.040000,0.000041,0.000132,-3.752193,3.234302,0,02/27/2026 00:24:43,24.037,23.244
3471,4,5,46774.680000,0.200000,0.000207,0.000668,-3.749905,3.208362,5,02/27/2026 00:24:43,24.037,23.244
3472,4,5,46774.800000,0.320000,0.000332,0.001068,-3.750057,3.193103,5,02/27/2026 00:24:43,24.037,23.244
3473,4,5,46774.930000,0.450000,0.000468,0.001499,-3.750057,3.179065,5,02/27/2026 00:24:43,24.037,23.244
3474,4,5,46775.070000,0.590000,0.000614,0.001962,-3.750057,3.166857,5,02/27/2026 00:24:43,24.037,23.244
3475,4,5,46775.210000,0.730000,0.000760,0.002423,-3.749599,3.156176,5,02/27/2026 00:24:44,24.037,23.244
3476,4,5,46775.360000,0.880000,0.000916,0.002915,-3.750210,3.146410,5,02/27/2026 00:24:44,24.037,23.244
3477,4,5,46775.530000,1.050000,0.001093,0.003471,-3.750057,3.137255,5,02/27/2026 00:24:44,24.037,23.244
3478,4,5,46775.710000,1.230000,0.001280,0.004058,-3.750210,3.128405,5,02/27/2026 00:24:44,24.037,23.244
3479,4,5,46775.900000,1.420000,0.001478,0.004676,-3.750057,3.120470,5,02/27/2026 00:24:44,24.037,23.244
3480,4,5,46776.110000,1.630000,0.001697,0.005358,-3.750057,3.112535,5,02/27/2026 00:24:44,24.037,23.244
3481,4,5,46776.340000,1.860000,0.001937,0.006103,-3.749905,3.105211,5,02/27/2026 00:24:45,24.037,23.244
3482,4,5,46776.590000,2.110000,0.002197,0.006910,-3.749905,3.097887,5,02/27/2026 00:24:45,24.037,23.244
3483,4,5,46776.870000,2.390000,0.002489,0.007813,-3.750057,3.091478,5,02/27/2026 00:24:45,24.037,23.244
3484,4,5,46777.150000,2.670000,0.002780,0.008714,-3.749752,3.085374,5,02/27/2026 00:24:45,24.037,23.244
3485,4,5,46777.490000,3.010000,0.003135,0.009805,-3.750057,3.078660,5,02/27/2026 00:24:46,24.037,23.244
3486,4,5,46777.870000,3.390000,0.003530,0.011022,-3.750057,3.072862,5,02/27/2026 00:24:46,24.053,23.244
3487,4,5,46778.240000,3.760000,0.003916,0.012205,-3.750057,3.067063,5,02/27/2026 00:24:47,24.053,23.244
3488,4,5,46778.690000,4.210000,0.004385,0.013642,-3.749905,3.061875,5,02/27/2026 00:24:47,24.053,23.244
3489,4,5,46779.170000,4.690000,0.004885,0.015171,-3.749905,3.056687,5,02/27/2026 00:24:47,24.053,23.244
3490,4,5,46779.790000,5.310000,0.005530,0.017143,-3.750057,3.051194,5,02/27/2026 00:24:48,24.053,23.244
3491,4,5,46780.600000,6.120000,0.006374,0.019715,-3.750057,3.045396,5,02/27/2026 00:24:49,24.053,23.260
3492,4,5,46781.650000,7.170000,0.007468,0.023043,-3.750057,3.039902,5,02/27/2026 00:24:50,24.053,23.260
3493,4,5,46782.890000,8.410000,0.008760,0.026967,-3.750057,3.034714,5,02/27/2026 00:24:51,24.053,23.244
3494,4,5,46784.550000,10.070000,0.010489,0.032210,-3.750057,3.029831,5,02/27/2026 00:24:53,24.053,23.244
3495,4,5,46786.310000,11.830000,0.012322,0.037760,-3.749905,3.024949,5,02/27/2026 00:24:55,24.069,23.244
3496,4,5,46788.880000,14.400000,0.014999,0.045852,-3.750057,3.019760,5,02/27/2026 00:24:57,24.085,23.260
3497,4,5,46792.210000,17.730000,0.018468,0.056318,-3.750057,3.014572,5,02/27/2026 00:25:01,24.117,23.260
3498,4,5,46796.340000,21.860000,0.022770,0.069276,-3.749905,3.009384,5,02/27/2026 00:25:05,24.149,23.260
3499,4,5,46801.830000,27.350000,0.028489,0.086472,-3.750057,3.004501,5,02/27/2026 00:25:10,24.214,23.260
3500,4,5,46808.510000,34.030000,0.035447,0.107360,-3.750057,2.999619,5,02/27/2026 00:25:17,24.311,23.260
3501,4,5,46818.880000,44.400000,0.046249,0.139736,-3.749905,2.994736,5,02/27/2026 00:25:27,24.472,23.276
3502,4,5,46838.220000,63.740000,0.066395,0.200016,-3.750057,2.989853,5,02/27/2026 00:25:47,24.778,23.292
3503,4,5,46858.220000,83.740000,0.087228,0.262290,-3.749905,2.988327,1,02/27/2026 00:26:07,25.100,23.292
3504,4,5,46878.220000,103.740000,0.108062,0.324545,-3.750057,2.988022,1,02/27/2026 00:26:27,25.390,23.276
3505,4,5,46898.220000,123.740000,0.128895,0.386801,-3.750210,2.988327,1,02/27/2026 00:26:47,25.712,23.292
3506,4,5,46918.220000,143.740000,0.149728,0.449068,-3.749905,2.989242,1,02/27/2026 00:27:07,26.002,23.276
3507,4,5,46938.220000,163.740000,0.170562,0.511351,-3.749905,2.990158,1,02/27/2026 00:27:27,26.276,23.260
3508,4,5,46958.220000,183.740000,0.191395,0.573652,-3.750057,2.990768,1,02/27/2026 00:27:47,26.534,23.260
3509,4,5,46978.220000,203.740000,0.212228,0.635970,-3.749905,2.991379,1,02/27/2026 00:28:07,26.759,23.228
3510,4,5,46998.220000,223.740000,0.233062,0.698304,-3.749905,2.992294,1,02/27/2026 00:28:27,27.017,23.212
3511,4,5,47018.220000,243.740000,0.253895,0.760653,-3.750057,2.992905,1,02/27/2026 00:28:47,27.226,23.212
3512,4,5,47038.220000,263.740000,0.274728,0.823014,-3.749905,2.993515,1,02/27/2026 00:29:07,27.468,23.195
3513,4,5,47058.220000,283.740000,0.295562,0.885386,-3.749905,2.993820,1,02/27/2026 00:29:27,27.661,23.179
3514,4,5,47078.220000,303.740000,0.316395,0.947767,-3.749905,2.994125,1,02/27/2026 00:29:47,27.903,23.179
3515,4,5,47098.220000,323.740000,0.337228,1.010157,-3.750210,2.994736,1,02/27/2026 00:30:07,28.080,23.163
3516,4,5,47118.220000,343.740000,0.358062,1.072553,-3.749905,2.994736,1,02/27/2026 00:30:27,28.257,23.147
3517,4,5,47138.220000,363.740000,0.378895,1.134951,-3.750057,2.995041,1,02/27/2026 00:30:47,28.402,23.147
3518,4,5,47158.220000,383.740000,0.399728,1.197349,-3.749752,2.995041,1,02/27/2026 00:31:07,28.612,23.131
3519,4,5,47178.220000,403.740000,0.420562,1.259742,-3.749905,2.994430,1,02/27/2026 00:31:27,28.773,23.147
3520,4,5,47198.220000,423.740000,0.441395,1.322131,-3.750057,2.994736,1,02/27/2026 00:31:47,28.966,23.131
3521,4,5,47218.220000,443.740000,0.462228,1.384512,-3.750057,2.993820,1,02/27/2026 00:32:07,29.175,23.147
3522,4,5,47238.220000,463.740000,0.483062,1.446883,-3.749752,2.993515,1,02/27/2026 00:32:27,29.272,23.163
3523,4,5,47258.220000,483.740000,0.503895,1.509244,-3.750210,2.992905,1,02/27/2026 00:32:47,29.498,23.195
3524,4,5,47278.220000,503.740000,0.524728,1.571594,-3.749752,2.992294,1,02/27/2026 00:33:07,29.578,23.212
3525,4,5,47298.220000,523.740000,0.545562,1.633930,-3.750210,2.991684,1,02/27/2026 00:33:27,29.804,23.228
3526,4,5,47318.220000,543.740000,0.566395,1.696250,-3.749905,2.990768,1,02/27/2026 00:33:47,29.884,23.244
3527,4,5,47338.220000,563.740000,0.587228,1.758553,-3.750057,2.990158,1,02/27/2026 00:34:07,30.060,23.260
3528,4,5,47358.220000,583.740000,0.608062,1.820837,-3.750057,2.988937,1,02/27/2026 00:34:27,30.233,23.276
3529,4,5,47378.220000,603.740000,0.628895,1.883101,-3.749905,2.988327,1,02/27/2026 00:34:47,30.406,23.292
3530,4,5,47398.220000,623.740000,0.649728,1.945342,-3.750057,2.986496,1,02/27/2026 00:35:07,30.532,23.308
3531,4,5,47418.220000,643.740000,0.670562,2.007554,-3.750210,2.985275,1,02/27/2026 00:35:27,30.579,23.324
3532,4,5,47438.220000,663.740000,0.691395,2.069739,-3.750057,2.984054,1,02/27/2026 00:35:47,30.752,23.324
3533,4,5,47458.220000,683.740000,0.712228,2.131897,-3.749905,2.983139,1,02/27/2026 00:36:07,30.940,23.324
3534,4,5,47478.220000,703.740000,0.733062,2.194025,-3.750210,2.981613,1,02/27/2026 00:36:27,30.972,23.324
3535,4,5,47498.220000,723.740000,0.753895,2.256123,-3.749905,2.979782,1,02/27/2026 00:36:47,30.972,23.324
3536,4,5,47518.220000,743.740000,0.774728,2.318191,-3.750057,2.978561,1,02/27/2026 00:37:07,31.113,23.308
3537,4,5,47538.220000,763.740000,0.795562,2.380222,-3.749905,2.976120,1,02/27/2026 00:37:27,31.192,23.308
3538,4,5,47558.220000,783.740000,0.816395,2.442211,-3.749752,2.974594,1,02/27/2026 00:37:47,31.239,23.292
3539,4,5,47578.220000,803.740000,0.837228,2.504163,-3.750057,2.972763,1,02/27/2026 00:38:07,31.333,23.276
3540,4,5,47598.220000,823.740000,0.858062,2.566074,-3.750057,2.970626,1,02/27/2026 00:38:27,31.349,23.244
3541,4,5,47618.220000,843.740000,0.878895,2.627942,-3.749905,2.968490,1,02/27/2026 00:38:47,31.459,23.244
3542,4,5,47638.220000,863.740000,0.899728,2.689760,-3.750057,2.966049,1,02/27/2026 00:39:07,31.569,23.228
3543,4,5,47658.220000,883.740000,0.920562,2.751531,-3.750057,2.963912,1,02/27/2026 00:39:27,31.632,23.212
3544,4,5,47678.220000,903.740000,0.941395,2.813255,-3.750057,2.961471,1,02/27/2026 00:39:47,31.695,23.179
3545,4,5,47698.220000,923.740000,0.962228,2.874924,-3.749905,2.958419,1,02/27/2026 00:40:07,31.711,23.163
3546,4,5,47718.220000,943.740000,0.983062,2.936537,-3.750057,2.955978,1,02/27/2026 00:40:27,31.774,23.131
3547,4,5,47738.220000,963.740000,1.003895,2.998092,-3.749905,2.953231,1,02/27/2026 00:40:47,31.852,23.115
3548,4,5,47758.220000,983.740000,1.024728,3.059585,-3.750057,2.949874,1,02/27/2026 00:41:07,31.899,23.099
3549,4,5,47778.220000,1003.740000,1.045562,3.121013,-3.750057,2.946517,1,02/27/2026 00:41:27,31.931,23.115
3550,4,5,47798.220000,1023.740000,1.066395,3.182369,-3.750210,2.943465,1,02/27/2026 00:41:47,32.025,23.115
3551,4,5,47818.220000,1043.740000,1.087228,3.243650,-3.750057,2.939498,1,02/27/2026 00:42:07,32.088,23.131
3552,4,5,47838.220000,1063.740000,1.108062,3.304853,-3.750057,2.935225,1,02/27/2026 00:42:27,32.292,23.147
3553,4,5,47858.220000,1083.740000,1.128895,3.365969,-3.750057,2.931258,1,02/27/2026 00:42:47,32.371,23.147
3554,4,5,47878.220000,1103.740000,1.149728,3.426993,-3.750362,2.926375,1,02/27/2026 00:43:07,32.402,23.163
3555,4,5,47897.790000,1123.310000,1.170114,3.486603,-3.750057,2.921492,5,02/27/2026 00:43:26,32.544,23.179
3556,4,5,47914.750000,1140.270000,1.187780,3.538179,-3.750057,2.916609,5,02/27/2026 00:43:43,32.638,23.195
3557,4,5,47931.240000,1156.760000,1.204958,3.588239,-3.750057,2.911727,5,02/27/2026 00:44:00,32.733,23.212
3558,4,5,47945.440000,1170.960000,1.219749,3.631276,-3.750210,2.906538,5,02/27/2026 00:44:14,32.811,23.212
3559,4,5,47960.350000,1185.870000,1.235280,3.676385,-3.750057,2.901656,5,02/27/2026 00:44:29,32.795,23.212
3560,4,5,47972.680000,1198.200000,1.248124,3.713624,-3.749905,2.896773,5,02/27/2026 00:44:41,32.937,23.228
3561,4,5,47984.420000,1209.940000,1.260353,3.749022,-3.750057,2.891890,5,02/27/2026 00:44:53,32.984,23.228
3562,4,5,47995.130000,1220.650000,1.271510,3.781257,-3.750057,2.887007,5,02/27/2026 00:45:03,33.031,23.244
3563,4,5,48004.490000,1230.010000,1.281260,3.809383,-3.749905,2.882124,5,02/27/2026 00:45:13,33.094,23.244
3564,4,5,48013.860000,1239.380000,1.291020,3.837492,-3.750057,2.877241,5,02/27/2026 00:45:22,33.189,23.244
3565,4,5,48022.730000,1248.250000,1.300260,3.864055,-3.749905,2.872358,5,02/27/2026 00:45:31,33.283,23.260
3566,4,5,48031.170000,1256.690000,1.309051,3.889287,-3.750057,2.867475,5,02/27/2026 00:45:39,33.251,23.260
3567,4,5,48038.240000,1263.760000,1.316416,3.910386,-3.750057,2.862287,5,02/27/2026 00:45:47,33.330,23.260
3568,4,5,48046.020000,1271.540000,1.324520,3.933566,-3.749905,2.857404,5,02/27/2026 00:45:54,33.346,23.276
3569,4,5,48052.760000,1278.280000,1.331541,3.953610,-3.750057,2.852522,5,02/27/2026 00:46:01,33.424,23.276
3570,4,5,48059.140000,1284.660000,1.338187,3.972552,-3.749752,2.847333,5,02/27/2026 00:46:07,33.377,23.276
3571,4,5,48065.870000,1291.390000,1.345197,3.992498,-3.750210,2.842451,5,02/27/2026 00:46:14,33.409,23.276
3572,4,5,48071.670000,1297.190000,1.351239,4.009656,-3.749905,2.837568,5,02/27/2026 00:46:20,33.566,23.276
3573,4,5,48077.290000,1302.810000,1.357093,4.026254,-3.750210,2.832380,5,02/27/2026 00:46:26,33.566,23.292
3574,4,5,48082.810000,1308.330000,1.362843,4.042526,-3.750057,2.827192,5,02/27/2026 00:46:31,33.582,23.292
3575,4,5,48087.840000,1313.360000,1.368083,4.057329,-3.750057,2.822309,5,02/27/2026 00:46:36,33.644,23.292
3576,4,5,48093.160000,1318.680000,1.373624,4.072956,-3.750057,2.817426,5,02/27/2026 00:46:41,33.707,23.292
3577,4,5,48097.670000,1323.190000,1.378322,4.086181,-3.750057,2.812238,5,02/27/2026 00:46:46,33.802,23.292
3578,4,5,48102.530000,1328.050000,1.383385,4.100407,-3.750057,2.807050,5,02/27/2026 00:46:51,33.849,23.276
3579,4,5,48107.010000,1332.530000,1.388051,4.113496,-3.750057,2.802167,5,02/27/2026 00:46:55,33.880,23.292
3580,4,5,48111.120000,1336.640000,1.392333,4.125483,-3.749905,2.797284,5,02/27/2026 00:46:59,33.927,23.292
3581,4,5,48115.160000,1340.680000,1.396541,4.137245,-3.749905,2.792401,5,02/27/2026 00:47:03,33.990,23.292
3582,4,5,48118.990000,1344.510000,1.400530,4.148376,-3.750210,2.787518,5,02/27/2026 00:47:07,34.053,23.292
3583,4,5,48122.800000,1348.320000,1.404499,4.159430,-3.750210,2.782330,5,02/27/2026 00:47:11,34.085,23.292
3584,4,5,48126.730000,1352.250000,1.408593,4.170811,-3.749905,2.777447,5,02/27/2026 00:47:15,34.085,23.292
3585,4,5,48130.410000,1355.930000,1.412426,4.181449,-3.750057,2.772259,5,02/27/2026 00:47:19,34.116,23.292
3586,4,5,48133.900000,1359.420000,1.416062,4.191518,-3.749905,2.767376,5,02/27/2026 00:47:22,34.085,23.292
3587,4,5,48137.360000,1362.880000,1.419666,4.201484,-3.749752,2.762188,5,02/27/2026 00:47:26,34.100,23.292
3588,4,5,48140.830000,1366.350000,1.423280,4.211460,-3.750057,2.757305,5,02/27/2026 00:47:29,34.148,23.292
3589,4,5,48143.970000,1369.490000,1.426551,4.220471,-3.749905,2.752422,5,02/27/2026 00:47:32,34.210,23.292
3590,4,5,48147.260000,1372.780000,1.429978,4.229895,-3.750057,2.747539,5,02/27/2026 00:47:36,34.289,23.292
3591,4,5,48150.140000,1375.660000,1.432978,4.238130,-3.750057,2.742351,5,02/27/2026 00:47:38,34.320,23.292
3592,4,5,48153.240000,1378.760000,1.436208,4.246978,-3.749905,2.736858,5,02/27/2026 00:47:42,34.352,23.292
3593,4,5,48156.490000,1382.010000,1.439593,4.256236,-3.750057,2.731975,5,02/27/2026 00:47:45,34.399,23.292
3594,4,5,48159.230000,1384.750000,1.442447,4.264027,-3.749905,2.727092,5,02/27/2026 00:47:48,34.399,23.292
3595,4,5,48162.050000,1387.570000,1.445385,4.272030,-3.750057,2.722210,5,02/27/2026 00:47:50,34.415,23.276
3596,4,5,48164.700000,1390.220000,1.448145,4.279538,-3.749752,2.717021,5,02/27/2026 00:47:53,34.446,23.276
3597,4,5,48167.590000,1393.110000,1.451155,4.287711,-3.749905,2.711833,5,02/27/2026 00:47:56,34.446,23.292
3598,4,5,48170.260000,1395.780000,1.453937,4.295247,-3.749905,2.706950,5,02/27/2026 00:47:59,34.509,23.292
3599,4,5,48172.640000,1398.160000,1.456416,4.301952,-3.750057,2.701762,5,02/27/2026 00:48:01,34.572,23.292
3600,4,5,48175.270000,1400.790000,1.459155,4.309347,-3.749905,2.696574,5,02/27/2026 00:48:04,34.603,23.276
3601,4,5,48177.810000,1403.330000,1.461801,4.316476,-3.750057,2.691691,5,02/27/2026 00:48:06,34.635,23.292
3602,4,5,48180.270000,1405.790000,1.464364,4.323367,-3.750057,2.686809,5,02/27/2026 00:48:09,34.651,23.292
3603,4,5,48182.560000,1408.080000,1.466749,4.329770,-3.750210,2.681621,5,02/27/2026 00:48:11,34.619,23.276
3604,4,5,48184.940000,1410.460000,1.469228,4.336413,-3.749905,2.676738,5,02/27/2026 00:48:13,34.619,23.276
3605,4,5,48187.230000,1412.750000,1.471614,4.342792,-3.750057,2.671244,5,02/27/2026 00:48:16,34.666,23.276
3606,4,5,48189.530000,1415.050000,1.474010,4.349187,-3.750057,2.666361,5,02/27/2026 00:48:18,34.729,23.276
3607,4,5,48191.840000,1417.360000,1.476416,4.355597,-3.750057,2.661479,5,02/27/2026 00:48:20,34.714,23.276
3608,4,5,48193.920000,1419.440000,1.478583,4.361358,-3.750210,2.656596,5,02/27/2026 00:48:22,34.698,23.276
3609,4,5,48196.080000,1421.600000,1.480833,4.367330,-3.750057,2.651102,5,02/27/2026 00:48:24,34.729,23.260
3610,4,5,48198.330000,1423.850000,1.483176,4.373538,-3.749905,2.645914,5,02/27/2026 00:48:27,34.824,23.276
3611,4,5,48200.460000,1425.980000,1.485395,4.379403,-3.749905,2.640726,5,02/27/2026 00:48:29,34.886,23.260
3612,4,5,48202.520000,1428.040000,1.487541,4.385065,-3.750210,2.635843,5,02/27/2026 00:48:31,34.918,23.260
3613,4,5,48204.490000,1430.010000,1.489593,4.390468,-3.749905,2.630655,5,02/27/2026 00:48:33,34.949,23.260
3614,4,5,48206.540000,1432.060000,1.491728,4.396081,-3.750210,2.625772,5,02/27/2026 00:48:35,34.949,23.260
3615,4,5,48208.370000,1433.890000,1.493635,4.401082,-3.749752,2.620890,5,02/27/2026 00:48:37,34.918,23.260
3616,4,5,48210.100000,1435.620000,1.495437,4.405801,-3.749905,2.616007,5,02/27/2026 00:48:38,34.918,23.260
3617,4,5,48212.040000,1437.560000,1.497458,4.411082,-3.750057,2.611124,5,02/27/2026 00:48:40,34.981,23.260
3618,4,5,48213.880000,1439.400000,1.499374,4.416082,-3.750057,2.605936,5,02/27/2026 00:48:42,35.028,23.244
3619,4,5,48215.790000,1441.310000,1.501364,4.421262,-3.750210,2.601053,5,02/27/2026 00:48:44,35.091,23.244
3620,4,5,48217.530000,1443.050000,1.503176,4.425972,-3.749752,2.596170,5,02/27/2026 00:48:46,35.154,23.244
3621,4,5,48219.240000,1444.760000,1.504958,4.430593,-3.750210,2.590982,5,02/27/2026 00:48:48,35.201,23.244
3622,4,5,48221.150000,1446.670000,1.506947,4.435743,-3.750057,2.586099,5,02/27/2026 00:48:49,35.217,23.244
3623,4,5,48222.820000,1448.340000,1.508687,4.440238,-3.750057,2.580911,5,02/27/2026 00:48:51,35.248,23.244
3624,4,5,48224.800000,1450.320000,1.510749,4.445556,-3.749905,2.575723,5,02/27/2026 00:48:53,35.295,23.244
3625,4,5,48226.450000,1451.970000,1.512468,4.449979,-3.749905,2.570840,5,02/27/2026 00:48:55,35.327,23.244
3626,4,5,48228.110000,1453.630000,1.514197,4.454420,-3.749905,2.565347,5,02/27/2026 00:48:56,35.358,23.244
3627,4,5,48229.950000,1455.470000,1.516114,4.459333,-3.749905,2.560464,5,02/27/2026 00:48:58,35.390,23.244
3628,4,5,48231.560000,1457.080000,1.517791,4.463623,-3.750057,2.555276,5,02/27/2026 00:49:00,35.421,23.244
3629,4,5,48233.280000,1458.800000,1.519583,4.468197,-3.750210,2.550393,5,02/27/2026 00:49:02,35.452,23.244
3630,4,5,48234.950000,1460.470000,1.521322,4.472629,-3.749599,2.544900,5,02/27/2026 00:49:03,35.484,23.244
3631,4,5,48236.610000,1462.130000,1.523051,4.477026,-3.749905,2.539712,5,02/27/2026 00:49:05,35.484,23.244
3632,4,5,48238.270000,1463.790000,1.524780,4.481414,-3.750210,2.534829,5,02/27/2026 00:49:07,35.515,23.244
3633,4,5,48239.820000,1465.340000,1.526395,4.485502,-3.749905,2.529641,5,02/27/2026 00:49:08,35.562,23.228
3634,4,5,48241.510000,1467.030000,1.528155,4.489951,-3.750057,2.524453,5,02/27/2026 00:49:10,35.610,23.228
3635,4,5,48243.020000,1468.540000,1.529728,4.493918,-3.750210,2.519570,5,02/27/2026 00:49:11,35.657,23.228
3636,4,5,48244.630000,1470.150000,1.531405,4.498139,-3.750057,2.514076,5,02/27/2026 00:49:13,35.688,23.228
3637,4,5,48246.180000,1471.700000,1.533020,4.502195,-3.749905,2.509194,5,02/27/2026 00:49:14,35.704,23.228
3638,4,5,48247.650000,1473.170000,1.534551,4.506033,-3.750057,2.504311,5,02/27/2026 00:49:16,35.720,23.228
3639,4,5,48248.930000,1474.450000,1.535885,4.509370,-3.749905,2.500038,133,02/27/2026 00:49:17,35.735,23.228
3640,4,6,48248.940000,0.010000,0.000000,0.000000,0.000000,2.683452,0,02/27/2026 00:49:17,35.735,23.228
3641,4,6,48249.100000,0.170000,0.000000,0.000000,0.000000,2.703288,5,02/27/2026 00:49:17,35.735,23.228
3642,4,6,48249.230000,0.300000,0.000000,0.000000,0.000000,2.716411,5,02/27/2026 00:49:18,35.735,23.228
3643,4,6,48249.370000,0.440000,0.000000,0.000000,0.000000,2.728008,5,02/27/2026 00:49:18,35.735,23.228
3644,4,6,48249.510000,0.580000,0.000000,0.000000,0.000000,2.739300,5,02/27/2026 00:49:18,35.735,23.228
3645,4,6,48249.660000,0.730000,0.000000,0.000000,0.000000,2.749981,5,02/27/2026 00:49:18,35.735,23.228
3646,4,6,48249.810000,0.880000,0.000000,0.000000,0.000000,2.760052,5,02/27/2026 00:49:18,35.735,23.228
3647,4,6,48249.970000,1.040000,0.000000,0.000000,0.000000,2.770123,5,02/27/2026 00:49:18,35.735,23.228
3648,4,6,48250.140000,1.210000,0.000000,0.000000,0.000000,2.779889,5,02/27/2026 00:49:18,35.735,23.228
3649,4,6,48250.310000,1.380000,0.000000,0.000000,0.000000,2.789960,5,02/27/2026 00:49:19,35.735,23.228
3650,4,6,48250.490000,1.560000,0.000000,0.000000,0.000000,2.799115,5,02/27/2026 00:49:19,35.735,23.228
3651,4,6,48250.670000,1.740000,0.000000,0.000000,0.000000,2.808270,5,02/27/2026 00:49:19,35.735,23.228
3652,4,6,48250.860000,1.930000,0.000000,0.000000,0.000000,2.817121,5,02/27/2026 00:49:19,35.735,23.228
3653,4,6,48251.050000,2.120000,0.000000,0.000000,0.000000,2.825360,5,02/27/2026 00:49:19,35.735,23.228
3654,4,6,48251.240000,2.310000,0.000000,0.000000,0.000000,2.833600,5,02/27/2026 00:49:20,35.735,23.228
3655,4,6,48251.440000,2.510000,0.000000,0.000000,0.000000,2.841840,5,02/27/2026 00:49:20,35.751,23.228
3656,4,6,48251.640000,2.710000,0.000000,0.000000,0.000000,2.849775,5,02/27/2026 00:49:20,35.751,23.228
3657,4,6,48251.840000,2.910000,0.000000,0.000000,0.000000,2.857404,5,02/27/2026 00:49:20,35.751,23.212
3658,4,6,48252.040000,3.110000,0.000000,0.000000,0.000000,2.864729,5,02/27/2026 00:49:20,35.751,23.212
3659,4,6,48252.250000,3.320000,0.000000,0.000000,0.000000,2.872358,5,02/27/2026 00:49:21,35.751,23.212
3660,4,6,48252.470000,3.540000,0.000000,0.000000,0.000000,2.879988,5,02/27/2026 00:49:21,35.767,23.212
3661,4,6,48252.700000,3.770000,0.000000,0.000000,0.000000,2.887617,5,02/27/2026 00:49:21,35.767,23.212
3662,4,6,48252.930000,4.000000,0.000000,0.000000,0.000000,2.894942,5,02/27/2026 00:49:21,35.767,23.212
3663,4,6,48253.180000,4.250000,0.000000,0.000000,0.000000,2.902266,5,02/27/2026 00:49:21,35.767,23.212
3664,4,6,48253.410000,4.480000,0.000000,0.000000,0.000000,2.909285,5,02/27/2026 00:49:22,35.783,23.212
3665,4,6,48253.660000,4.730000,0.000000,0.000000,0.000000,2.915999,5,02/27/2026 00:49:22,35.783,23.228
3666,4,6,48253.900000,4.970000,0.000000,0.000000,0.000000,2.922713,5,02/27/2026 00:49:22,35.783,23.212
3667,4,6,48254.150000,5.220000,0.000000,0.000000,0.000000,2.929732,5,02/27/2026 00:49:22,35.798,23.212
3668,4,6,48254.420000,5.490000,0.000000,0.000000,0.000000,2.936751,5,02/27/2026 00:49:23,35.798,23.212
3669,4,6,48254.710000,5.780000,0.000000,0.000000,0.000000,2.944381,5,02/27/2026 00:49:23,35.814,23.212
3670,4,6,48255.000000,6.070000,0.000000,0.000000,0.000000,2.950790,5,02/27/2026 00:49:23,35.814,23.212
3671,4,6,48255.280000,6.350000,0.000000,0.000000,0.000000,2.957504,5,02/27/2026 00:49:24,35.830,23.212
3672,4,6,48255.570000,6.640000,0.000000,0.000000,0.000000,2.963912,5,02/27/2026 00:49:24,35.830,23.212
3673,4,6,48255.870000,6.940000,0.000000,0.000000,0.000000,2.970626,5,02/27/2026 00:49:24,35.845,23.212
3674,4,6,48256.180000,7.250000,0.000000,0.000000,0.000000,2.976730,5,02/27/2026 00:49:24,35.845,23.212
3675,4,6,48256.480000,7.550000,0.000000,0.000000,0.000000,2.983139,5,02/27/2026 00:49:25,35.845,23.212
3676,4,6,48256.790000,7.860000,0.000000,0.000000,0.000000,2.989242,5,02/27/2026 00:49:25,35.861,23.212
3677,4,6,48257.150000,8.220000,0.000000,0.000000,0.000000,2.995956,5,02/27/2026 00:49:25,35.861,23.212
3678,4,6,48257.500000,8.570000,0.000000,0.000000,0.000000,3.002060,5,02/27/2026 00:49:26,35.877,23.212
3679,4,6,48257.870000,8.940000,0.000000,0.000000,0.000000,3.008164,5,02/27/2026 00:49:26,35.877,23.212
3680,4,6,48258.220000,9.290000,0.000000,0.000000,0.000000,3.014267,5,02/27/2026 00:49:27,35.893,23.212
3681,4,6,48258.610000,9.680000,0.000000,0.000000,0.000000,3.020371,5,02/27/2026 00:49:27,35.893,23.212
3682,4,6,48259.030000,10.100000,0.000000,0.000000,0.000000,3.026474,5,02/27/2026 00:49:27,35.893,23.212
3683,4,6,48259.430000,10.500000,0.000000,0.000000,0.000000,3.032578,5,02/27/2026 00:49:28,35.893,23.212
3684,4,6,48259.880000,10.950000,0.000000,0.000000,0.000000,3.038376,5,02/27/2026 00:49:28,35.893,23.212
3685,4,6,48260.340000,11.410000,0.000000,0.000000,0.000000,3.044175,5,02/27/2026 00:49:29,35.893,23.212
3686,4,6,48260.770000,11.840000,0.000000,0.000000,0.000000,3.049973,5,02/27/2026 00:49:29,35.893,23.212
3687,4,6,48261.250000,12.320000,0.000000,0.000000,0.000000,3.055467,5,02/27/2026 00:49:30,35.893,23.212
3688,4,6,48261.790000,12.860000,0.000000,0.000000,0.000000,3.060960,5,02/27/2026 00:49:30,35.893,23.212
3689,4,6,48262.330000,13.400000,0.000000,0.000000,0.000000,3.066758,5,02/27/2026 00:49:31,35.893,23.212
3690,4,6,48262.920000,13.990000,0.000000,0.000000,0.000000,3.072557,5,02/27/2026 00:49:31,35.877,23.212
3691,4,6,48263.540000,14.610000,0.000000,0.000000,0.000000,3.078050,5,02/27/2026 00:49:32,35.877,23.212
3692,4,6,48264.210000,15.280000,0.000000,0.000000,0.000000,3.083543,5,02/27/2026 00:49:32,35.877,23.212
3693,4,6,48264.980000,16.050000,0.000000,0.000000,0.000000,3.089952,5,02/27/2026 00:49:33,35.877,23.212
3694,4,6,48265.810000,16.880000,0.000000,0.000000,0.000000,3.095140,5,02/27/2026 00:49:34,35.861,23.195
3695,4,6,48266.610000,17.680000,0.000000,0.000000,0.000000,3.100633,5,02/27/2026 00:49:35,35.861,23.212
3696,4,6,48267.590000,18.660000,0.000000,0.000000,0.000000,3.106126,5,02/27/2026 00:49:36,35.845,23.212
3697,4,6,48268.550000,19.620000,0.000000,0.000000,0.000000,3.111009,5,02/27/2026 00:49:37,35.861,23.212
3698,4,6,48269.580000,20.650000,0.000000,0.000000,0.000000,3.116197,5,02/27/2026 00:49:38,35.845,23.212
3699,4,6,48270.700000,21.770000,0.000000,0.000000,0.000000,3.121080,5,02/27/2026 00:49:39,35.845,23.212
3700,4,6,48272.000000,23.070000,0.000000,0.000000,0.000000,3.126268,5,02/27/2026 00:49:40,35.830,23.195
3701,4,6,48273.430000,24.500000,0.000000,0.000000,0.000000,3.131151,5,02/27/2026 00:49:42,35.798,23.212
3702,4,6,48275.000000,26.070000,0.000000,0.000000,0.000000,3.136034,5,02/27/2026 00:49:43,35.751,23.195
3703,4,6,48276.740000,27.810000,0.000000,0.000000,0.000000,3.141222,5,02/27/2026 00:49:45,35.688,23.195
3704,4,6,48279.000000,30.070000,0.000000,0.000000,0.000000,3.146410,5,02/27/2026 00:49:47,35.657,23.195
3705,4,6,48281.430000,32.500000,0.000000,0.000000,0.000000,3.151598,5,02/27/2026 00:49:50,35.641,23.195
3706,4,6,48284.290000,35.360000,0.000000,0.000000,0.000000,3.156481,5,02/27/2026 00:49:53,35.625,23.195
3707,4,6,48287.460000,38.530000,0.000000,0.000000,0.000000,3.161364,5,02/27/2026 00:49:56,35.625,23.195
3708,4,6,48291.080000,42.150000,0.000000,0.000000,0.000000,3.166552,5,02/27/2026 00:49:59,35.531,23.195
3709,4,6,48296.070000,47.140000,0.000000,0.000000,0.000000,3.171435,5,02/27/2026 00:50:04,35.327,23.179
3710,4,6,48301.360000,52.430000,0.000000,0.000000,0.000000,3.176318,5,02/27/2026 00:50:10,35.279,23.179
3711,4,6,48308.700000,59.770000,0.000000,0.000000,0.000000,3.181201,5,02/27/2026 00:50:17,35.107,23.163
3712,4,6,48317.580000,68.650000,0.000000,0.000000,0.000000,3.186084,5,02/27/2026 00:50:26,34.965,23.147
3713,4,6,48329.830000,80.900000,0.000000,0.000000,0.000000,3.190967,5,02/27/2026 00:50:38,34.729,23.131
3714,4,6,48346.120000,97.190000,0.000000,0.000000,0.000000,3.196155,5,02/27/2026 00:50:54,34.383,23.099
3715,4,6,48366.120000,117.190000,0.000000,0.000000,0.000000,3.199817,1,02/27/2026 00:51:14,34.069,23.083
3716,4,6,48386.120000,137.190000,0.000000,0.000000,0.000000,3.202869,1,02/27/2026 00:51:34,33.582,23.067
3717,4,6,48406.120000,157.190000,0.000000,0.000000,0.000000,3.205005,1,02/27/2026 00:51:54,33.393,23.051
3718,4,6,48426.120000,177.190000,0.000000,0.000000,0.000000,3.207141,1,02/27/2026 00:52:14,33.063,23.051
3719,4,6,48446.120000,197.190000,0.000000,0.000000,0.000000,3.208057,1,02/27/2026 00:52:34,32.733,23.051
3720,4,6,48466.120000,217.190000,0.000000,0.000000,0.000000,3.209583,1,02/27/2026 00:52:54,32.465,23.051
3721,4,6,48486.120000,237.190000,0.000000,0.000000,0.000000,3.210498,1,02/27/2026 00:53:14,32.119,23.051
3722,4,6,48506.120000,257.190000,0.000000,0.000000,0.000000,3.210803,1,02/27/2026 00:53:34,31.868,23.067
3723,4,6,48526.120000,277.190000,0.000000,0.000000,0.000000,3.212024,1,02/27/2026 00:53:54,31.569,23.067
3724,4,6,48546.120000,297.190000,0.000000,0.000000,0.000000,3.212329,1,02/27/2026 00:54:14,31.302,23.083
3725,4,6,48566.120000,317.190000,0.000000,0.000000,0.000000,3.212634,1,02/27/2026 00:54:34,31.145,23.099
3726,4,6,48586.120000,337.190000,0.000000,0.000000,0.000000,3.213245,1,02/27/2026 00:54:54,30.877,23.099
3727,4,6,48606.120000,357.190000,0.000000,0.000000,0.000000,3.213550,1,02/27/2026 00:55:14,30.767,23.099
3728,4,6,48626.120000,377.190000,0.000000,0.000000,0.000000,3.213855,1,02/27/2026 00:55:34,30.422,23.115
3729,4,6,48646.120000,397.190000,0.000000,0.000000,0.000000,3.214160,1,02/27/2026 00:55:54,30.280,23.115
3730,4,6,48666.120000,417.190000,0.000000,0.000000,0.000000,3.214160,1,02/27/2026 00:56:14,30.044,23.115
3731,4,6,48686.120000,437.190000,0.000000,0.000000,0.000000,3.214466,1,02/27/2026 00:56:34,29.868,23.131
3732,4,6,48706.120000,457.190000,0.000000,0.000000,0.000000,3.214771,1,02/27/2026 00:56:54,29.659,23.131
3733,4,6,48726.120000,477.190000,0.000000,0.000000,0.000000,3.215381,1,02/27/2026 00:57:14,29.498,23.115
3734,4,6,48746.120000,497.190000,0.000000,0.000000,0.000000,3.215686,1,02/27/2026 00:57:34,29.272,23.115
3735,4,6,48766.120000,517.190000,0.000000,0.000000,0.000000,3.215686,1,02/27/2026 00:57:54,29.047,23.115
3736,4,6,48786.120000,537.190000,0.000000,0.000000,0.000000,3.215381,1,02/27/2026 00:58:14,28.821,23.099
3737,4,6,48806.120000,557.190000,0.000000,0.000000,0.000000,3.215991,1,02/27/2026 00:58:34,28.724,23.067
3738,4,6,48826.120000,577.190000,0.000000,0.000000,0.000000,3.215686,1,02/27/2026 00:58:54,28.499,23.035
3739,4,6,48846.120000,597.190000,0.000000,0.000000,0.000000,3.215991,1,02/27/2026 00:59:14,28.306,23.002
3740,4,6,48866.120000,617.190000,0.000000,0.000000,0.000000,3.216297,1,02/27/2026 00:59:34,28.096,22.954
3741,4,6,48886.120000,637.190000,0.000000,0.000000,0.000000,3.215991,1,02/27/2026 00:59:54,27.935,22.938
3742,4,6,48906.120000,657.190000,0.000000,0.000000,0.000000,3.216297,1,02/27/2026 01:00:14,27.774,22.906
3743,4,6,48926.120000,677.190000,0.000000,0.000000,0.000000,3.216602,1,02/27/2026 01:00:34,27.629,22.874
3744,4,6,48946.120000,697.190000,0.000000,0.000000,0.000000,3.216297,1,02/27/2026 01:00:54,27.468,22.858
3745,4,6,48966.120000,717.190000,0.000000,0.000000,0.000000,3.216907,1,02/27/2026 01:01:14,27.291,22.842
3746,4,6,48986.120000,737.190000,0.000000,0.000000,0.000000,3.216907,1,02/27/2026 01:01:34,27.146,22.826
3747,4,6,49006.120000,757.190000,0.000000,0.000000,0.000000,3.216907,1,02/27/2026 01:01:54,27.001,22.809
3748,4,6,49026.120000,777.190000,0.000000,0.000000,0.000000,3.216907,1,02/27/2026 01:02:14,26.904,22.793
3749,4,6,49046.120000,797.190000,0.000000,0.000000,0.000000,3.217212,1,02/27/2026 01:02:34,26.791,22.793
3750,4,6,49066.120000,817.190000,0.000000,0.000000,0.000000,3.217212,1,02/27/2026 01:02:54,26.614,22.793
3751,4,6,49086.120000,837.190000,0.000000,0.000000,0.000000,3.216907,1,02/27/2026 01:03:14,26.534,22.809
3752,4,6,49106.120000,857.190000,0.000000,0.000000,0.000000,3.216907,1,02/27/2026 01:03:34,26.469,22.809
3753,4,6,49126.120000,877.190000,0.000000,0.000000,0.000000,3.217212,1,02/27/2026 01:03:54,26.389,22.842
3754,4,6,49146.120000,897.190000,0.000000,0.000000,0.000000,3.217823,1,02/27/2026 01:04:14,26.308,22.842
3755,4,6,49166.120000,917.190000,0.000000,0.000000,0.000000,3.217517,1,02/27/2026 01:04:34,26.244,22.858
3756,4,6,49186.120000,937.190000,0.000000,0.000000,0.000000,3.216907,1,02/27/2026 01:04:54,26.195,22.874
3757,4,6,49206.120000,957.190000,0.000000,0.000000,0.000000,3.217517,1,02/27/2026 01:05:14,26.115,22.890
3758,4,6,49226.120000,977.190000,0.000000,0.000000,0.000000,3.217517,1,02/27/2026 01:05:34,26.050,22.906
3759,4,6,49246.120000,997.190000,0.000000,0.000000,0.000000,3.217517,1,02/27/2026 01:05:54,25.970,22.922
3760,4,6,49266.120000,1017.190000,0.000000,0.000000,0.000000,3.217517,1,02/27/2026 01:06:14,25.938,22.938
3761,4,6,49286.120000,1037.190000,0.000000,0.000000,0.000000,3.217517,1,02/27/2026 01:06:34,25.889,22.954
3762,4,6,49306.120000,1057.190000,0.000000,0.000000,0.000000,3.217517,1,02/27/2026 01:06:54,25.825,22.970
3763,4,6,49326.120000,1077.190000,0.000000,0.000000,0.000000,3.217823,1,02/27/2026 01:07:14,25.776,22.986
3764,4,6,49346.120000,1097.190000,0.000000,0.000000,0.000000,3.217823,1,02/27/2026 01:07:34,25.712,23.002
3765,4,6,49366.120000,1117.190000,0.000000,0.000000,0.000000,3.218128,1,02/27/2026 01:07:54,25.664,23.002
3766,4,6,49386.120000,1137.190000,0.000000,0.000000,0.000000,3.218128,1,02/27/2026 01:08:14,25.599,23.002
3767,4,6,49406.120000,1157.190000,0.000000,0.000000,0.000000,3.218128,1,02/27/2026 01:08:34,25.535,23.002
3768,4,6,49426.120000,1177.190000,0.000000,0.000000,0.000000,3.218128,1,02/27/2026 01:08:54,25.486,23.002
3769,4,6,49446.120000,1197.190000,0.000000,0.000000,0.000000,3.217823,1,02/27/2026 01:09:14,25.422,22.986
3770,4,6,49466.120000,1217.190000,0.000000,0.000000,0.000000,3.217823,1,02/27/2026 01:09:34,25.309,22.970
3771,4,6,49486.120000,1237.190000,0.000000,0.000000,0.000000,3.218128,1,02/27/2026 01:09:54,25.245,22.938
3772,4,6,49506.120000,1257.190000,0.000000,0.000000,0.000000,3.218128,1,02/27/2026 01:10:14,25.148,22.906
3773,4,6,49526.120000,1277.190000,0.000000,0.000000,0.000000,3.218128,1,02/27/2026 01:10:34,25.100,22.874
3774,4,6,49546.120000,1297.190000,0.000000,0.000000,0.000000,3.218128,1,02/27/2026 01:10:54,25.035,22.858
3775,4,6,49566.120000,1317.190000,0.000000,0.000000,0.000000,3.218128,1,02/27/2026 01:11:14,24.955,22.842
3776,4,6,49586.120000,1337.190000,0.000000,0.000000,0.000000,3.217823,1,02/27/2026 01:11:34,24.907,22.809
3777,4,6,49606.120000,1357.190000,0.000000,0.000000,0.000000,3.218433,1,02/27/2026 01:11:54,24.826,22.777
3778,4,6,49626.120000,1377.190000,0.000000,0.000000,0.000000,3.218433,1,02/27/2026 01:12:14,24.778,22.761
3779,4,6,49646.120000,1397.190000,0.000000,0.000000,0.000000,3.218128,1,02/27/2026 01:12:34,24.697,22.745
3780,4,6,49666.120000,1417.190000,0.000000,0.000000,0.000000,3.218128,1,02/27/2026 01:12:54,24.649,22.729
3781,4,6,49686.120000,1437.190000,0.000000,0.000000,0.000000,3.218128,1,02/27/2026 01:13:14,24.617,22.713
3782,4,6,49706.120000,1457.190000,0.000000,0.000000,0.000000,3.218433,1,02/27/2026 01:13:34,24.584,22.713
3783,4,6,49726.120000,1477.190000,0.000000,0.000000,0.000000,3.218433,1,02/27/2026 01:13:54,24.568,22.729
3784,4,6,49746.120000,1497.190000,0.000000,0.000000,0.000000,3.217823,1,02/27/2026 01:14:14,24.536,22.729
3785,4,6,49766.120000,1517.190000,0.000000,0.000000,0.000000,3.218128,1,02/27/2026 01:14:34,24.520,22.729
3786,4,6,49786.120000,1537.190000,0.000000,0.000000,0.000000,3.218128,1,02/27/2026 01:14:54,24.504,22.745
3787,4,6,49806.120000,1557.190000,0.000000,0.000000,0.000000,3.218128,1,02/27/2026 01:15:14,24.472,22.761
3788,4,6,49826.120000,1577.190000,0.000000,0.000000,0.000000,3.218738,1,02/27/2026 01:15:34,24.472,22.777
3789,4,6,49846.120000,1597.190000,0.000000,0.000000,0.000000,3.218433,1,02/27/2026 01:15:54,24.456,22.793
3790,4,6,49866.120000,1617.190000,0.000000,0.000000,0.000000,3.218433,1,02/27/2026 01:16:14,24.456,22.826
3791,4,6,49886.120000,1637.190000,0.000000,0.000000,0.000000,3.218433,1,02/27/2026 01:16:34,24.439,22.842
3792,4,6,49906.120000,1657.190000,0.000000,0.000000,0.000000,3.218738,1,02/27/2026 01:16:54,24.423,22.874
3793,4,6,49926.120000,1677.190000,0.000000,0.000000,0.000000,3.218128,1,02/27/2026 01:17:14,24.423,22.890
3794,4,6,49946.120000,1697.190000,0.000000,0.000000,0.000000,3.218433,1,02/27/2026 01:17:34,24.439,22.922
3795,4,6,49966.120000,1717.190000,0.000000,0.000000,0.000000,3.218128,1,02/27/2026 01:17:54,24.423,22.954
3796,4,6,49986.120000,1737.190000,0.000000,0.000000,0.000000,3.218433,1,02/27/2026 01:18:14,24.423,22.970
3797,4,6,50006.120000,1757.190000,0.000000,0.000000,0.000000,3.218128,1,02/27/2026 01:18:34,24.423,23.002
3798,4,6,50026.120000,1777.190000,0.000000,0.000000,0.000000,3.218128,1,02/27/2026 01:18:54,24.391,23.019
3799,4,6,50046.120000,1797.190000,0.000000,0.000000,0.000000,3.218433,1,02/27/2026 01:19:14,24.375,23.019
3800,4,6,50048.930000,1800.000000,0.000000,0.000000,0.000000,3.218433,129,02/27/2026 01:19:17,24.375,23.019
3801,4,7,50049.080000,1800.150000,0.000047,0.000157,2.345769,3.373770,0,02/27/2026 01:19:18,24.359,23.019
3802,4,7,50049.090000,1800.160000,0.000054,0.000179,2.484169,3.382925,4,02/27/2026 01:19:18,24.359,23.019
3803,4,7,50049.100000,1800.170000,0.000060,0.000202,2.617838,3.392081,4,02/27/2026 01:19:18,24.359,23.019
3804,4,7,50049.110000,1800.180000,0.000068,0.000227,2.745556,3.400931,4,02/27/2026 01:19:18,24.359,23.019
3805,4,7,50049.120000,1800.190000,0.000075,0.000253,2.870985,3.409781,4,02/27/2026 01:19:18,24.359,23.019
3806,4,7,50049.130000,1800.200000,0.000083,0.000280,2.991226,3.417716,4,02/27/2026 01:19:18,24.359,23.019
3807,4,7,50049.290000,1800.360000,0.000217,0.000737,3.000076,3.426566,5,02/27/2026 01:19:18,24.359,23.019
3808,4,7,50049.520000,1800.590000,0.000408,0.001394,2.999771,3.434195,5,02/27/2026 01:19:18,24.359,23.019
3809,4,7,50049.840000,1800.910000,0.000675,0.002311,2.999924,3.440299,5,02/27/2026 01:19:19,24.359,23.019
3810,4,7,50050.250000,1801.320000,0.001017,0.003488,3.000229,3.446098,5,02/27/2026 01:19:19,24.359,23.019
3811,4,7,50050.760000,1801.830000,0.001442,0.004953,2.999771,3.451591,5,02/27/2026 01:19:20,24.359,23.019
3812,4,7,50051.610000,1802.680000,0.002150,0.007401,2.999924,3.456779,5,02/27/2026 01:19:20,24.359,23.019
3813,4,7,50052.630000,1803.700000,0.003000,0.010341,3.000076,3.461662,5,02/27/2026 01:19:21,24.359,23.019
3814,4,7,50054.250000,1805.320000,0.004350,0.015018,2.999924,3.466545,5,02/27/2026 01:19:23,24.359,23.019
3815,4,7,50056.500000,1807.570000,0.006225,0.021523,3.000076,3.471427,5,02/27/2026 01:19:25,24.359,23.019
3816,4,7,50059.530000,1810.600000,0.008750,0.030295,2.999771,3.476310,5,02/27/2026 01:19:28,24.343,23.002
3817,4,7,50063.750000,1814.820000,0.012266,0.042529,2.999924,3.481193,5,02/27/2026 01:19:33,24.359,23.002
3818,4,7,50069.550000,1820.620000,0.017099,0.059366,2.999771,3.486076,5,02/27/2026 01:19:38,24.375,22.986
3819,4,7,50078.140000,1829.210000,0.024257,0.084337,2.999619,3.490959,5,02/27/2026 01:19:47,24.407,22.986
3820,4,7,50089.400000,1840.470000,0.033640,0.117117,2.999771,3.495842,5,02/27/2026 01:19:58,24.488,22.970
3821,4,7,50105.500000,1856.570000,0.047056,0.164053,2.999924,3.500725,5,02/27/2026 01:20:14,24.617,22.954
3822,4,7,50122.280000,1873.350000,0.061039,0.213042,2.999924,3.505608,5,02/27/2026 01:20:31,24.729,22.938
3823,4,7,50140.180000,1891.250000,0.075955,0.265369,2.999619,3.510491,5,02/27/2026 01:20:49,24.890,22.906
3824,4,7,50157.620000,1908.690000,0.090488,0.316422,3.000076,3.515373,5,02/27/2026 01:21:06,25.035,22.906
3825,4,7,50176.040000,1927.110000,0.105837,0.370418,3.000076,3.520256,5,02/27/2026 01:21:25,25.197,22.906
3826,4,7,50196.040000,1947.110000,0.122503,0.429126,2.999924,3.525139,1,02/27/2026 01:21:45,25.358,22.906
3827,4,7,50216.040000,1967.110000,0.139169,0.487917,2.999771,3.530022,1,02/27/2026 01:22:05,25.519,22.906
3828,4,7,50236.040000,1987.110000,0.155835,0.546780,2.999771,3.533684,1,02/27/2026 01:22:25,25.664,22.906
3829,4,7,50256.040000,2007.110000,0.172501,0.605709,2.999619,3.537652,1,02/27/2026 01:22:45,25.793,22.906
3830,4,7,50276.040000,2027.110000,0.189167,0.664696,2.999619,3.540703,1,02/27/2026 01:23:05,25.938,22.906
3831,4,7,50296.040000,2047.110000,0.205832,0.723728,2.999771,3.543450,1,02/27/2026 01:23:25,26.099,22.922
3832,4,7,50316.040000,2067.110000,0.222498,0.782804,2.999619,3.545586,1,02/27/2026 01:23:45,26.244,22.922
3833,4,7,50336.040000,2087.110000,0.239164,0.841916,3.000076,3.547417,1,02/27/2026 01:24:05,26.405,22.938
3834,4,7,50356.040000,2107.110000,0.255830,0.901057,2.999924,3.549554,1,02/27/2026 01:24:25,26.534,22.954
3835,4,7,50376.040000,2127.110000,0.272496,0.960222,3.000076,3.550469,1,02/27/2026 01:24:45,26.679,22.986
3836,4,7,50396.040000,2147.110000,0.289162,1.019408,2.999619,3.551690,1,02/27/2026 01:25:05,26.775,23.002
3837,4,7,50416.040000,2167.110000,0.305828,1.078612,2.999924,3.552911,1,02/27/2026 01:25:25,26.968,23.035
3838,4,7,50417.690000,2168.760000,0.307203,1.083497,2.999771,3.552605,164,02/27/2026 01:25:27,26.968,23.035
3839,4,8,50417.700000,2168.770000,0.307203,1.083497,2.700694,3.537346,0,02/27/2026 01:25:27,26.968,23.035
3840,4,8,50429.920000,2180.990000,0.316375,1.115908,2.699779,3.532464,5,02/27/2026 01:25:39,27.049,23.035
3841,4,8,50449.920000,2200.990000,0.331374,1.168897,2.699626,3.532769,1,02/27/2026 01:25:59,27.130,23.051
3842,4,8,50469.920000,2220.990000,0.346374,1.221892,2.699626,3.533379,1,02/27/2026 01:26:19,27.226,23.067
3843,4,8,50489.920000,2240.990000,0.361373,1.274898,2.699931,3.533989,1,02/27/2026 01:26:39,27.387,23.099
3844,4,8,50509.920000,2260.990000,0.376372,1.327915,2.699931,3.534905,1,02/27/2026 01:26:59,27.452,23.099
3845,4,8,50529.920000,2280.990000,0.391372,1.380944,2.699931,3.535821,1,02/27/2026 01:27:19,27.581,23.115
3846,4,8,50549.920000,2300.990000,0.406371,1.433987,2.700084,3.536736,1,02/27/2026 01:27:39,27.661,23.131
3847,4,8,50569.920000,2320.990000,0.421370,1.487044,2.699779,3.537652,1,02/27/2026 01:27:59,27.742,23.147
3848,4,8,50589.920000,2340.990000,0.436369,1.540112,2.699931,3.538567,1,02/27/2026 01:28:19,27.838,23.163
3849,4,8,50609.920000,2360.990000,0.451369,1.593191,2.699779,3.538872,1,02/27/2026 01:28:39,27.903,23.179
3850,4,8,50629.920000,2380.990000,0.466368,1.646280,2.699779,3.539788,1,02/27/2026 01:28:59,27.999,23.195
3851,4,8,50649.920000,2400.990000,0.481367,1.699381,2.699779,3.540398,1,02/27/2026 01:29:19,28.096,23.195
3852,4,8,50669.920000,2420.990000,0.496367,1.752492,2.700084,3.540703,1,02/27/2026 01:29:39,28.128,23.195
3853,4,8,50689.920000,2440.990000,0.511366,1.805614,2.699931,3.541924,1,02/27/2026 01:29:59,28.257,23.195
3854,4,8,50709.920000,2460.990000,0.526365,1.858748,2.699779,3.542535,1,02/27/2026 01:30:19,28.273,23.179
3855,4,8,50729.920000,2480.990000,0.541365,1.911895,2.700084,3.543145,1,02/27/2026 01:30:39,28.354,23.163
3856,4,8,50749.920000,2500.990000,0.556364,1.965056,2.700237,3.544976,1,02/27/2026 01:30:59,28.386,23.147
3857,4,8,50769.920000,2520.990000,0.571363,2.018233,2.699931,3.545586,1,02/27/2026 01:31:19,28.483,23.131
3858,4,8,50789.920000,2540.990000,0.586362,2.071423,2.699626,3.546502,1,02/27/2026 01:31:39,28.499,23.115
3859,4,8,50809.920000,2560.990000,0.601362,2.124628,2.699931,3.547723,1,02/27/2026 01:31:59,28.595,23.099
3860,4,8,50827.290000,2578.360000,0.614389,2.170847,2.700084,3.548333,164,02/27/2026 01:32:16,28.579,23.099
3861,4,9,50827.310000,2578.380000,0.614402,2.170893,2.399634,3.531853,0,02/27/2026 01:32:16,28.579,23.099
3862,4,9,50847.310000,2598.380000,0.627734,2.217939,2.399939,3.527581,1,02/27/2026 01:32:36,28.660,23.083
3863,4,9,50867.310000,2618.380000,0.641067,2.264972,2.399634,3.527886,1,02/27/2026 01:32:56,28.644,23.051
3864,4,9,50887.310000,2638.380000,0.654400,2.312016,2.399939,3.528801,1,02/27/2026 01:33:16,28.547,23.035
3865,4,9,50907.310000,2658.380000,0.667732,2.359073,2.399939,3.529412,1,02/27/2026 01:33:36,28.628,23.019
3866,4,9,50927.310000,2678.380000,0.681065,2.406144,2.399939,3.530938,1,02/27/2026 01:33:56,28.595,23.019
3867,4,9,50947.310000,2698.380000,0.694398,2.453230,2.400092,3.531853,1,02/27/2026 01:34:16,28.676,23.035
3868,4,9,50967.310000,2718.380000,0.707731,2.500331,2.399939,3.533074,1,02/27/2026 01:34:36,28.660,23.035
3869,4,9,50987.310000,2738.380000,0.721063,2.547449,2.400092,3.534295,1,02/27/2026 01:34:56,28.773,23.051
3870,4,9,51007.310000,2758.380000,0.734396,2.594581,2.400092,3.536126,1,02/27/2026 01:35:16,28.757,23.067
3871,4,9,51027.310000,2778.380000,0.747729,2.641733,2.399939,3.537041,1,02/27/2026 01:35:36,28.773,23.067
3872,4,9,51047.310000,2798.380000,0.761061,2.688900,2.399939,3.538567,1,02/27/2026 01:35:56,28.773,23.099
3873,4,9,51067.310000,2818.380000,0.774394,2.736084,2.399939,3.539483,1,02/27/2026 01:36:16,28.821,23.115
3874,4,9,51087.310000,2838.380000,0.787727,2.783284,2.399786,3.540703,1,02/27/2026 01:36:36,28.853,23.131
3875,4,9,51107.310000,2858.380000,0.801059,2.830499,2.399939,3.541619,1,02/27/2026 01:36:56,28.918,23.147
3876,4,9,51127.310000,2878.380000,0.814392,2.877731,2.399786,3.542840,1,02/27/2026 01:37:16,28.902,23.163
3877,4,9,51147.310000,2898.380000,0.827725,2.924980,2.399786,3.544060,1,02/27/2026 01:37:36,28.998,23.179
3878,4,9,51167.310000,2918.380000,0.841057,2.972250,2.399939,3.545892,1,02/27/2026 01:37:56,28.950,23.195
3879,4,9,51187.310000,2938.380000,0.854390,3.019537,2.399939,3.547417,1,02/27/2026 01:38:16,29.014,23.212
3880,4,9,51207.310000,2958.380000,0.867723,3.066840,2.399634,3.548638,1,02/27/2026 01:38:36,29.079,23.228
3881,4,9,51227.310000,2978.380000,0.881055,3.114162,2.399634,3.549554,1,02/27/2026 01:38:56,29.030,23.244
3882,4,9,51247.310000,2998.380000,0.894388,3.161501,2.399786,3.551080,1,02/27/2026 01:39:16,29.095,23.260
3883,4,9,51267.310000,3018.380000,0.907721,3.208858,2.399939,3.552605,1,02/27/2026 01:39:36,29.079,23.276
3884,4,9,51287.310000,3038.380000,0.921053,3.256237,2.399939,3.554437,1,02/27/2026 01:39:56,29.159,23.260
3885,4,9,51288.110000,3039.180000,0.921587,3.258133,2.399939,3.554437,164,02/27/2026 01:39:57,29.159,23.260
3886,4,10,51288.120000,3039.190000,0.921587,3.258133,1.354391,3.499809,0,02/27/2026 01:39:57,29.159,23.260
3887,4,10,51288.440000,3039.510000,0.921710,3.258565,1.349966,3.494011,5,02/27/2026 01:39:57,29.143,23.260
3888,4,10,51289.510000,3040.580000,0.922112,3.259966,1.349508,3.488823,5,02/27/2026 01:39:58,29.143,23.260
3889,4,10,51291.730000,3042.800000,0.922944,3.262868,1.349813,3.483940,5,02/27/2026 01:40:00,29.127,23.260
3890,4,10,51296.170000,3047.240000,0.924609,3.268664,1.350118,3.479057,5,02/27/2026 01:40:05,29.095,23.276
3891,4,10,51303.670000,3054.740000,0.927421,3.278441,1.349660,3.474174,5,02/27/2026 01:40:12,29.095,23.260
3892,4,10,51323.670000,3074.740000,0.934921,3.304476,1.349966,3.469902,1,02/27/2026 01:40:32,29.047,23.260
3893,4,10,51343.670000,3094.740000,0.942420,3.330493,1.349813,3.468986,1,02/27/2026 01:40:52,28.934,23.244
3894,4,10,51363.670000,3114.740000,0.949920,3.356508,1.349966,3.468986,1,02/27/2026 01:41:12,28.805,23.228
3895,4,10,51383.680000,3134.750000,0.957423,3.382542,1.349813,3.469902,1,02/27/2026 01:41:32,28.676,23.195
3896,4,10,51403.680000,3154.750000,0.964923,3.408569,1.350118,3.471427,1,02/27/2026 01:41:52,28.595,23.179
3897,4,10,51423.680000,3174.750000,0.972422,3.434605,1.349966,3.472343,1,02/27/2026 01:42:12,28.467,23.163
3898,4,10,51443.680000,3194.750000,0.979922,3.460651,1.349966,3.473564,1,02/27/2026 01:42:32,28.370,23.147
3899,4,10,51463.680000,3214.750000,0.987421,3.486707,1.349508,3.474784,1,02/27/2026 01:42:52,28.322,23.147
3900,4,10,51483.680000,3234.750000,0.994920,3.512774,1.349966,3.476921,1,02/27/2026 01:43:12,28.209,23.115
3901,4,10,51503.680000,3254.750000,1.002420,3.538852,1.350271,3.477836,1,02/27/2026 01:43:32,28.128,23.099
3902,4,10,51523.680000,3274.750000,1.009919,3.564940,1.349813,3.479362,1,02/27/2026 01:43:52,28.064,23.083
3903,4,10,51543.680000,3294.750000,1.017419,3.591037,1.349966,3.479973,1,02/27/2026 01:44:12,27.983,23.083
3904,4,10,51563.680000,3314.750000,1.024918,3.617144,1.349966,3.481804,1,02/27/2026 01:44:32,27.935,23.067
3905,4,10,51583.680000,3334.750000,1.032418,3.643261,1.349508,3.483330,1,02/27/2026 01:44:52,27.854,23.083
3906,4,10,51603.680000,3354.750000,1.039917,3.669389,1.349966,3.484550,1,02/27/2026 01:45:12,27.838,23.083
3907,4,10,51623.680000,3374.750000,1.047417,3.695527,1.349813,3.486076,1,02/27/2026 01:45:32,27.742,23.083
3908,4,10,51643.680000,3394.750000,1.054916,3.721675,1.349813,3.487297,1,02/27/2026 01:45:52,27.726,23.083
3909,4,10,51663.680000,3414.750000,1.062416,3.747833,1.349813,3.488518,1,02/27/2026 01:46:12,27.661,23.083
3910,4,10,51683.680000,3434.750000,1.069915,3.774001,1.349966,3.489738,1,02/27/2026 01:46:32,27.645,23.099
3911,4,10,51703.680000,3454.750000,1.077415,3.800179,1.349966,3.491264,1,02/27/2026 01:46:52,27.629,23.115
3912,4,10,51723.680000,3474.750000,1.084914,3.826365,1.349813,3.492790,1,02/27/2026 01:47:12,27.548,23.115
3913,4,10,51743.680000,3494.750000,1.092414,3.852564,1.349966,3.494011,1,02/27/2026 01:47:32,27.532,23.115
3914,4,10,51763.680000,3514.750000,1.099913,3.878773,1.349813,3.495232,1,02/27/2026 01:47:52,27.532,23.131
3915,4,10,51783.680000,3534.750000,1.107413,3.904992,1.350118,3.496757,1,02/27/2026 01:48:12,27.452,23.147
3916,4,10,51803.680000,3554.750000,1.114912,3.931221,1.349966,3.497978,1,02/27/2026 01:48:32,27.420,23.147
3917,4,10,51823.680000,3574.750000,1.122412,3.957460,1.349966,3.499199,1,02/27/2026 01:48:52,27.420,23.163
3918,4,10,51843.680000,3594.750000,1.129911,3.983708,1.349813,3.500725,1,02/27/2026 01:49:12,27.339,23.179
3919,4,10,51863.680000,3614.750000,1.137411,4.009967,1.349813,3.501946,1,02/27/2026 01:49:32,27.355,23.163
3920,4,10,51883.680000,3634.750000,1.144910,4.036239,1.349813,3.503471,1,02/27/2026 01:49:52,27.275,23.179
3921,4,10,51903.680000,3654.750000,1.152410,4.062520,1.349966,3.504997,1,02/27/2026 01:50:12,27.258,23.179
3922,4,10,51923.680000,3674.750000,1.159909,4.088813,1.349966,3.506218,1,02/27/2026 01:50:32,27.210,23.179
3923,4,10,51943.680000,3694.750000,1.167409,4.115115,1.349966,3.507439,1,02/27/2026 01:50:52,27.210,23.163
3924,4,10,51963.680000,3714.750000,1.174908,4.141429,1.350118,3.509270,1,02/27/2026 01:51:12,27.162,23.147
3925,4,10,51983.680000,3734.750000,1.182408,4.167755,1.349813,3.511101,1,02/27/2026 01:51:32,27.146,23.131
3926,4,10,52003.680000,3754.750000,1.189907,4.194092,1.349813,3.512322,1,02/27/2026 01:51:52,27.081,23.099
3927,4,10,52023.680000,3774.750000,1.197407,4.220442,1.350271,3.514458,1,02/27/2026 01:52:12,26.985,23.083
3928,4,10,52043.680000,3794.750000,1.204906,4.246805,1.349966,3.515984,1,02/27/2026 01:52:32,26.985,23.051
3929,4,10,52063.680000,3814.750000,1.212406,4.273179,1.349813,3.517510,1,02/27/2026 01:52:52,26.936,23.035
3930,4,10,52083.680000,3834.750000,1.219905,4.299566,1.349813,3.519341,1,02/27/2026 01:53:12,26.904,23.002
3931,4,10,52103.680000,3854.750000,1.227405,4.325967,1.349966,3.520867,1,02/27/2026 01:53:32,26.824,22.986
3932,4,10,52107.210000,3858.280000,1.228728,4.330628,1.349813,3.521477,164,02/27/2026 01:53:36,26.840,22.986
3933,4,11,52107.220000,3858.290000,1.228728,4.330628,0.753948,3.488823,0,02/27/2026 01:53:36,26.840,22.986
3934,4,11,52107.570000,3858.640000,1.228803,4.330889,0.749981,3.483330,5,02/27/2026 01:53:36,26.840,22.986
3935,4,11,52108.660000,3859.730000,1.229030,4.331679,0.749981,3.478141,5,02/27/2026 01:53:37,26.840,22.986
3936,4,11,52110.800000,3861.870000,1.229476,4.333229,0.749828,3.472953,5,02/27/2026 01:53:39,26.840,22.986
3937,4,11,52114.840000,3865.910000,1.230318,4.336149,0.749828,3.468070,5,02/27/2026 01:53:43,26.824,22.970
3938,4,11,52122.020000,3873.090000,1.231813,4.341332,0.749981,3.463188,5,02/27/2026 01:53:51,26.807,22.970
3939,4,11,52135.810000,3886.880000,1.234686,4.351274,0.749676,3.458305,5,02/27/2026 01:54:04,26.743,22.954
3940,4,11,52155.810000,3906.880000,1.238852,4.365675,0.749828,3.455253,1,02/27/2026 01:54:24,26.679,22.938
3941,4,11,52175.810000,3926.880000,1.243019,4.380069,0.749981,3.454337,1,02/27/2026 01:54:44,26.630,22.938
3942,4,11,52195.810000,3946.880000,1.247185,4.394460,0.749828,3.454337,1,02/27/2026 01:55:04,26.566,22.938
3943,4,11,52215.810000,3966.880000,1.251351,4.408851,0.749981,3.454337,1,02/27/2026 01:55:24,26.517,22.938
3944,4,11,52235.810000,3986.880000,1.255517,4.423244,0.750134,3.454643,1,02/27/2026 01:55:44,26.453,22.954
3945,4,11,52255.810000,4006.880000,1.259684,4.437641,0.749828,3.455558,1,02/27/2026 01:56:04,26.421,22.970
3946,4,11,52275.810000,4026.880000,1.263850,4.452041,0.749828,3.456779,1,02/27/2026 01:56:24,26.389,22.986
3947,4,11,52295.810000,4046.880000,1.268016,4.466444,0.750134,3.457694,1,02/27/2026 01:56:44,26.340,23.002
3948,4,11,52315.810000,4066.880000,1.272182,4.480853,0.750134,3.459220,1,02/27/2026 01:57:04,26.292,23.002
3949,4,11,52335.810000,4086.880000,1.276349,4.495267,0.750286,3.460136,1,02/27/2026 01:57:24,26.260,23.019
3950,4,11,52355.810000,4106.880000,1.280515,4.509686,0.749981,3.461357,1,02/27/2026 01:57:44,26.195,23.035
3951,4,11,52375.810000,4126.880000,1.284681,4.524110,0.749828,3.462577,1,02/27/2026 01:58:04,26.211,23.051
3952,4,11,52395.810000,4146.880000,1.288847,4.538540,0.749828,3.463798,1,02/27/2026 01:58:24,26.179,23.067
3953,4,11,52415.810000,4166.880000,1.293013,4.552974,0.749981,3.465019,1,02/27/2026 01:58:44,26.147,23.083
3954,4,11,52435.810000,4186.880000,1.297180,4.567413,0.749828,3.466239,1,02/27/2026 01:59:04,26.115,23.083
3955,4,11,52455.810000,4206.880000,1.301346,4.581858,0.749828,3.467460,1,02/27/2026 01:59:24,26.083,23.099
3956,4,11,52475.810000,4226.880000,1.305512,4.596309,0.749828,3.468986,1,02/27/2026 01:59:44,26.034,23.115
3957,4,11,52495.810000,4246.880000,1.309678,4.610766,0.749828,3.470207,1,02/27/2026 02:00:04,26.018,23.115
3958,4,11,52515.810000,4266.880000,1.313845,4.625228,0.749981,3.472038,1,02/27/2026 02:00:24,25.986,23.115
3959,4,11,52535.810000,4286.880000,1.318011,4.639696,0.749981,3.473259,1,02/27/2026 02:00:44,25.954,23.131
3960,4,11,52555.810000,4306.880000,1.322177,4.654169,0.749981,3.474174,1,02/27/2026 02:01:04,25.938,23.115
3961,4,11,52575.810000,4326.880000,1.326343,4.668648,0.750134,3.476310,1,02/27/2026 02:01:24,25.873,23.083
3962,4,11,52595.810000,4346.880000,1.330510,4.683134,0.749981,3.477836,1,02/27/2026 02:01:44,25.809,23.051
3963,4,11,52615.810000,4366.880000,1.334676,4.697626,0.749981,3.479057,1,02/27/2026 02:02:04,25.744,23.019
3964,4,11,52635.810000,4386.880000,1.338842,4.712124,0.750134,3.480278,1,02/27/2026 02:02:24,25.696,22.986
3965,4,11,52655.810000,4406.880000,1.343008,4.726628,0.749828,3.482109,1,02/27/2026 02:02:44,25.648,22.954
3966,4,11,52675.810000,4426.880000,1.347175,4.741138,0.749981,3.483635,1,02/27/2026 02:03:04,25.599,22.938
3967,4,11,52695.810000,4446.880000,1.351341,4.755655,0.750134,3.485161,1,02/27/2026 02:03:24,25.535,22.922
3968,4,11,52715.810000,4466.880000,1.355507,4.770180,0.749981,3.486992,1,02/27/2026 02:03:44,25.519,22.890
3969,4,11,52735.810000,4486.880000,1.359673,4.784711,0.749828,3.488518,1,02/27/2026 02:04:04,25.486,22.874
3970,4,11,52755.810000,4506.880000,1.363840,4.799248,0.749981,3.490043,1,02/27/2026 02:04:24,25.438,22.874
3971,4,11,52775.810000,4526.880000,1.368006,4.813792,0.749981,3.491569,1,02/27/2026 02:04:44,25.406,22.858
3972,4,11,52795.810000,4546.880000,1.372172,4.828344,0.749828,3.493400,1,02/27/2026 02:05:04,25.406,22.858
3973,4,11,52815.810000,4566.880000,1.376338,4.842903,0.749981,3.495232,1,02/27/2026 02:05:24,25.390,22.874
3974,4,11,52835.810000,4586.880000,1.380505,4.857470,0.749981,3.496757,1,02/27/2026 02:05:44,25.390,22.874
3975,4,11,52855.810000,4606.880000,1.384671,4.872044,0.749828,3.499199,1,02/27/2026 02:06:04,25.374,22.890
3976,4,11,52875.810000,4626.880000,1.388837,4.886626,0.749981,3.500725,1,02/27/2026 02:06:24,25.374,22.890
3977,4,11,52895.810000,4646.880000,1.393003,4.901216,0.749981,3.503166,1,02/27/2026 02:06:44,25.342,22.906
3978,4,11,52915.810000,4666.880000,1.397170,4.915815,0.749981,3.505303,1,02/27/2026 02:07:04,25.374,22.922
3979,4,11,52935.810000,4686.880000,1.401336,4.930423,0.749981,3.507134,1,02/27/2026 02:07:24,25.342,22.922
3980,4,11,52955.810000,4706.880000,1.405502,4.945039,0.749981,3.509270,1,02/27/2026 02:07:44,25.374,22.938
3981,4,11,52975.810000,4726.880000,1.409668,4.959665,0.749828,3.511711,1,02/27/2026 02:08:04,25.358,22.954
3982,4,11,52995.810000,4746.880000,1.413835,4.974301,0.749828,3.514153,1,02/27/2026 02:08:24,25.358,22.954
3983,4,11,53015.810000,4766.880000,1.418001,4.988947,0.750286,3.516594,1,02/27/2026 02:08:44,25.358,22.954
3984,4,11,53035.810000,4786.880000,1.422167,5.003604,0.749981,3.519341,1,02/27/2026 02:09:04,25.374,22.970
3985,4,11,53055.810000,4806.880000,1.426333,5.018271,0.749981,3.521782,1,02/27/2026 02:09:24,25.390,22.986
3986,4,11,53075.810000,4826.880000,1.430500,5.032950,0.749828,3.524224,1,02/27/2026 02:09:44,25.406,23.002
3987,4,11,53095.810000,4846.880000,1.434666,5.047640,0.749981,3.527276,1,02/27/2026 02:10:04,25.406,23.019
3988,4,11,53115.810000,4866.880000,1.438832,5.062343,0.749981,3.530327,1,02/27/2026 02:10:24,25.406,23.019
3989,4,11,53135.810000,4886.880000,1.442998,5.077059,0.749828,3.533989,1,02/27/2026 02:10:44,25.406,23.019
3990,4,11,53155.810000,4906.880000,1.447164,5.091790,0.749981,3.537346,1,02/27/2026 02:11:04,25.406,23.035
3991,4,11,53175.810000,4926.880000,1.451331,5.106536,0.749981,3.540703,1,02/27/2026 02:11:24,25.406,23.035
3992,4,11,53195.810000,4946.880000,1.455497,5.121297,0.749981,3.545281,1,02/27/2026 02:11:44,25.422,23.019
3993,4,11,53215.810000,4966.880000,1.459663,5.136077,0.749676,3.549554,1,02/27/2026 02:12:04,25.390,23.002
3994,4,11,53235.810000,4986.880000,1.463829,5.150874,0.749828,3.554437,1,02/27/2026 02:12:24,25.374,22.986
3995,4,11,53254.690000,5005.760000,1.467762,5.164863,0.750134,3.559319,5,02/27/2026 02:12:43,25.342,22.986
3996,4,11,53271.740000,5022.810000,1.471314,5.177512,0.749828,3.564202,5,02/27/2026 02:13:00,25.342,22.970
3997,4,11,53288.480000,5039.550000,1.474801,5.189950,0.749828,3.569085,5,02/27/2026 02:13:17,25.325,22.954
3998,4,11,53302.400000,5053.470000,1.477701,5.200306,0.749981,3.573968,5,02/27/2026 02:13:31,25.325,22.938
3999,4,11,53315.600000,5066.670000,1.480451,5.210140,0.749828,3.579156,5,02/27/2026 02:13:44,25.309,22.938
4000,4,11,53328.550000,5079.620000,1.483148,5.219802,0.749828,3.584039,5,02/27/2026 02:13:57,25.309,22.938
4001,4,11,53339.740000,5090.810000,1.485479,5.228162,0.749828,3.588922,5,02/27/2026 02:14:08,25.293,22.938
4002,4,11,53350.550000,5101.620000,1.487731,5.236249,0.750134,3.593805,5,02/27/2026 02:14:19,25.277,22.938
4003,4,11,53359.720000,5110.790000,1.489641,5.243119,0.750134,3.598688,5,02/27/2026 02:14:28,25.277,22.906
4004,4,11,53369.370000,5120.440000,1.491652,5.250358,0.749828,3.603571,5,02/27/2026 02:14:38,25.293,22.906
4005,4,11,53377.610000,5128.680000,1.493368,5.256548,0.749981,3.608759,5,02/27/2026 02:14:46,25.277,22.890
4006,4,11,53385.550000,5136.620000,1.495022,5.262521,0.749676,3.613642,5,02/27/2026 02:14:54,25.277,22.874
4007,4,11,53393.350000,5144.420000,1.496647,5.268397,0.750134,3.618524,5,02/27/2026 02:15:02,25.245,22.858
4008,4,11,53400.140000,5151.210000,1.498061,5.273518,0.749828,3.623407,5,02/27/2026 02:15:09,25.229,22.842
4009,4,11,53407.050000,5158.120000,1.499501,5.278738,0.749828,3.628290,5,02/27/2026 02:15:16,25.245,22.842
4010,4,11,53413.200000,5164.270000,1.500782,5.283389,0.749828,3.633173,5,02/27/2026 02:15:22,25.245,22.826
4011,4,11,53419.330000,5170.400000,1.502059,5.288032,0.749828,3.638056,5,02/27/2026 02:15:28,25.229,22.826
4012,4,11,53424.760000,5175.830000,1.503190,5.292150,0.749981,3.642939,5,02/27/2026 02:15:33,25.229,22.809
4013,4,11,53430.130000,5181.200000,1.504309,5.296228,0.750134,3.647822,5,02/27/2026 02:15:39,25.245,22.809
4014,4,11,53433.580000,5184.650000,1.505026,5.298845,0.740063,3.649958,4,02/27/2026 02:15:42,25.245,22.809
4015,4,11,53434.500000,5185.570000,1.505214,5.299531,0.729992,3.650263,4,02/27/2026 02:15:43,25.245,22.809
4016,4,11,53436.020000,5187.090000,1.505520,5.300648,0.719921,3.649958,4,02/27/2026 02:15:45,25.245,22.809
4017,4,11,53438.020000,5189.090000,1.505917,5.302099,0.709545,3.649958,4,02/27/2026 02:15:47,25.245,22.793
4018,4,11,53440.500000,5191.570000,1.506403,5.303873,0.699321,3.649958,4,02/27/2026 02:15:49,25.245,22.793
4019,4,11,53443.120000,5194.190000,1.506908,5.305717,0.689250,3.650263,4,02/27/2026 02:15:52,25.245,22.793
4020,4,11,53445.410000,5196.480000,1.507344,5.307307,0.679026,3.649958,4,02/27/2026 02:15:54,25.245,22.793
4021,4,11,53448.080000,5199.150000,1.507844,5.309134,0.668650,3.649958,4,02/27/2026 02:15:57,25.245,22.793
4022,4,11,53450.510000,5201.580000,1.508293,5.310771,0.658579,3.649653,4,02/27/2026 02:15:59,25.245,22.809
4023,4,11,53453.240000,5204.310000,1.508789,5.312582,0.648508,3.649653,4,02/27/2026 02:16:02,25.261,22.809
4024,4,11,53456.090000,5207.160000,1.509299,5.314442,0.638437,3.650263,4,02/27/2026 02:16:05,25.261,22.809
4025,4,11,53458.730000,5209.800000,1.509763,5.316138,0.628367,3.649958,4,02/27/2026 02:16:07,25.261,22.809
4026,4,11,53461.110000,5212.180000,1.510176,5.317643,0.618296,3.649958,4,02/27/2026 02:16:10,25.261,22.809
4027,4,11,53464.220000,5215.290000,1.510706,5.319578,0.608225,3.649958,4,02/27/2026 02:16:13,25.261,22.826
4028,4,11,53466.790000,5217.860000,1.511136,5.321149,0.598154,3.649653,4,02/27/2026 02:16:15,25.277,22.809
4029,4,11,53469.750000,5220.820000,1.511625,5.322931,0.587625,3.650263,4,02/27/2026 02:16:18,25.277,22.826
4030,4,11,53472.700000,5223.770000,1.512102,5.324673,0.577401,3.649958,4,02/27/2026 02:16:21,25.277,22.826
4031,4,11,53475.440000,5226.510000,1.512538,5.326264,0.567330,3.649958,4,02/27/2026 02:16:24,25.261,22.809
4032,4,11,53478.170000,5229.240000,1.512964,5.327821,0.557259,3.649653,4,02/27/2026 02:16:27,25.277,22.809
4033,4,11,53481.540000,5232.610000,1.513481,5.329708,0.547189,3.649958,4,02/27/2026 02:16:30,25.293,22.826
4034,4,11,53484.160000,5235.230000,1.513876,5.331148,0.536965,3.649958,4,02/27/2026 02:16:33,25.293,22.826
4035,4,11,53486.940000,5238.010000,1.514287,5.332649,0.526894,3.649958,4,02/27/2026 02:16:36,25.309,22.826
4036,4,11,53490.280000,5241.350000,1.514771,5.334416,0.516823,3.649958,4,02/27/2026 02:16:39,25.309,22.842
4037,4,11,53493.260000,5244.330000,1.515195,5.335963,0.506447,3.649958,4,02/27/2026 02:16:42,25.309,22.842
4038,4,11,53496.270000,5247.340000,1.515614,5.337493,0.496071,3.650263,4,02/27/2026 02:16:45,25.309,22.826
4039,4,11,53499.660000,5250.730000,1.516076,5.339181,0.486000,3.649653,4,02/27/2026 02:16:48,25.325,22.842
4040,4,11,53502.740000,5253.810000,1.516488,5.340682,0.475929,3.650263,4,02/27/2026 02:16:51,25.325,22.858
4041,4,11,53505.970000,5257.040000,1.516910,5.342224,0.465858,3.649958,4,02/27/2026 02:16:55,25.342,22.842
4042,4,11,53508.730000,5259.800000,1.517264,5.343515,0.455787,3.650263,4,02/27/2026 02:16:57,25.342,22.858
4043,4,11,53512.170000,5263.240000,1.517695,5.345089,0.445716,3.649653,4,02/27/2026 02:17:01,25.325,22.858
4044,4,11,53516.150000,5267.220000,1.518182,5.346866,0.435645,3.649958,4,02/27/2026 02:17:05,25.342,22.858
4045,4,11,53519.120000,5270.190000,1.518537,5.348162,0.425574,3.649958,4,02/27/2026 02:17:08,25.358,22.874
4046,4,11,53522.600000,5273.670000,1.518944,5.349647,0.415503,3.650263,4,02/27/2026 02:17:11,25.342,22.858
4047,4,11,53526.040000,5277.110000,1.519336,5.351079,0.405280,3.649958,4,02/27/2026 02:17:15,25.342,22.874
4048,4,11,53529.720000,5280.790000,1.519746,5.352573,0.395209,3.649958,4,02/27/2026 02:17:18,25.358,22.874
4049,4,11,53533.510000,5284.580000,1.520157,5.354074,0.385138,3.649958,4,02/27/2026 02:17:22,25.358,22.874
4050,4,11,53537.520000,5288.590000,1.520580,5.355621,0.375067,3.649958,4,02/27/2026 02:17:26,25.342,22.874
4051,4,11,53540.810000,5291.880000,1.520919,5.356856,0.364996,3.649958,4,02/27/2026 02:17:29,25.358,22.874
4052,4,11,53545.210000,5296.280000,1.521359,5.358463,0.354925,3.649653,4,02/27/2026 02:17:34,25.358,22.906
4053,4,11,53548.920000,5299.990000,1.521720,5.359781,0.344854,3.649958,4,02/27/2026 02:17:37,25.358,22.890
4054,4,11,53553.380000,5304.450000,1.522142,5.361320,0.334630,3.649958,4,02/27/2026 02:17:42,25.358,22.906
4055,4,11,53557.790000,5308.860000,1.522545,5.362793,0.324407,3.649958,4,02/27/2026 02:17:46,25.358,22.922
4056,4,11,53562.520000,5313.590000,1.522965,5.364325,0.314336,3.650263,4,02/27/2026 02:17:51,25.358,22.922
4057,4,11,53566.240000,5317.310000,1.523286,5.365494,0.304112,3.650263,4,02/27/2026 02:17:55,25.358,22.922
4058,4,11,53571.340000,5322.410000,1.523711,5.367046,0.294041,3.649958,4,02/27/2026 02:18:00,25.358,22.938
4059,4,11,53576.580000,5327.650000,1.524132,5.368583,0.283818,3.650263,4,02/27/2026 02:18:05,25.358,22.938
4060,4,11,53581.650000,5332.720000,1.524524,5.370016,0.273747,3.649958,4,02/27/2026 02:18:10,25.358,22.938
4061,4,11,53586.660000,5337.730000,1.524899,5.371383,0.263676,3.649958,4,02/27/2026 02:18:15,25.342,22.954
4062,4,11,53592.900000,5343.970000,1.525348,5.373022,0.253605,3.649958,4,02/27/2026 02:18:21,25.358,22.954
4063,4,11,53598.370000,5349.440000,1.525725,5.374399,0.243534,3.649653,4,02/27/2026 02:18:27,25.374,22.954
4064,4,11,53604.180000,5355.250000,1.526111,5.375806,0.233310,3.649958,4,02/27/2026 02:18:33,25.358,22.970
4065,4,11,53610.480000,5361.550000,1.526511,5.377267,0.223239,3.650263,4,02/27/2026 02:18:39,25.342,22.970
4066,4,11,53617.330000,5368.400000,1.526927,5.378786,0.213169,3.649958,4,02/27/2026 02:18:46,25.358,22.986
4067,4,11,53624.320000,5375.390000,1.527331,5.380261,0.203098,3.649958,4,02/27/2026 02:18:53,25.342,22.986
4068,4,11,53631.550000,5382.620000,1.527731,5.381719,0.192874,3.649958,4,02/27/2026 02:19:00,25.325,22.986
4069,4,11,53639.200000,5390.270000,1.528132,5.383183,0.182650,3.649653,4,02/27/2026 02:19:08,25.325,22.986
4070,4,11,53647.660000,5398.730000,1.528552,5.384718,0.172427,3.649958,4,02/27/2026 02:19:16,25.325,23.002
4071,4,11,53657.970000,5409.040000,1.529034,5.386478,0.162356,3.649958,4,02/27/2026 02:19:27,25.325,23.002
4072,4,11,53667.790000,5418.860000,1.529464,5.388045,0.152285,3.649958,4,02/27/2026 02:19:36,25.293,23.002
4073,4,11,53677.550000,5428.620000,1.529864,5.389507,0.142061,3.649958,4,02/27/2026 02:19:46,25.293,23.019
4074,4,11,53689.790000,5440.860000,1.530332,5.391215,0.131991,3.649958,4,02/27/2026 02:19:58,25.277,23.019
4075,4,11,53701.940000,5453.010000,1.530762,5.392784,0.121920,3.649958,4,02/27/2026 02:20:11,25.277,23.019
4076,4,11,53716.900000,5467.970000,1.531250,5.394564,0.111849,3.649958,4,02/27/2026 02:20:25,25.245,23.035
4077,4,11,53731.420000,5482.490000,1.531683,5.396144,0.101778,3.649958,4,02/27/2026 02:20:40,25.245,23.035
4078,4,11,53749.290000,5500.360000,1.532167,5.397912,0.091554,3.649958,4,02/27/2026 02:20:58,25.229,23.051
4079,4,11,53769.290000,5520.360000,1.532654,5.399688,0.083314,3.649958,1,02/27/2026 02:21:18,25.197,23.051
4080,4,11,53788.910000,5539.980000,1.533080,5.401245,0.073243,3.649653,4,02/27/2026 02:21:37,25.180,23.067
4081,4,11,53808.910000,5559.980000,1.533472,5.402675,0.067140,3.649958,1,02/27/2026 02:21:57,25.148,23.083
4082,4,11,53828.910000,5579.980000,1.533825,5.403963,0.060883,3.649958,1,02/27/2026 02:22:17,25.148,23.099
4083,4,11,53848.910000,5599.980000,1.534144,5.405129,0.054627,3.649958,1,02/27/2026 02:22:37,25.116,23.099
4084,4,11,53868.910000,5619.980000,1.534433,5.406184,0.050202,3.649958,1,02/27/2026 02:22:57,25.100,23.131
4085,4,11,53888.910000,5639.980000,1.534696,5.407144,0.045319,3.649958,1,02/27/2026 02:23:17,25.052,23.115
4086,4,11,53908.910000,5659.980000,1.534936,5.408020,0.040589,3.649958,1,02/27/2026 02:23:37,24.987,23.115
4087,4,11,53928.910000,5679.980000,1.535156,5.408822,0.037995,3.649958,1,02/27/2026 02:23:57,24.955,23.099
4088,4,11,53948.910000,5699.980000,1.535358,5.409559,0.035401,3.649653,1,02/27/2026 02:24:17,24.890,23.067
4089,4,11,53968.910000,5719.980000,1.535544,5.410238,0.032197,3.649958,1,02/27/2026 02:24:37,24.826,23.035
4090,4,11,53988.910000,5739.980000,1.535717,5.410867,0.029755,3.649958,1,02/27/2026 02:24:57,24.778,23.002
4091,4,11,54008.910000,5759.980000,1.535875,5.411447,0.027466,3.649653,1,02/27/2026 02:25:17,24.729,22.986
4092,4,11,54028.910000,5779.980000,1.536024,5.411988,0.025940,3.649958,1,02/27/2026 02:25:37,24.697,22.986
4093,4,11,54048.910000,5799.980000,1.536162,5.412491,0.024720,3.649958,1,02/27/2026 02:25:57,24.649,22.970
4094,4,11,54068.910000,5819.980000,1.536289,5.412958,0.021363,3.649653,1,02/27/2026 02:26:17,24.601,22.938
4095,4,11,54088.910000,5839.980000,1.536409,5.413395,0.021515,3.649958,1,02/27/2026 02:26:37,24.568,22.938
4096,4,11,54108.910000,5859.980000,1.536522,5.413805,0.020600,3.650263,1,02/27/2026 02:26:57,24.520,22.938
4097,4,11,54128.910000,5879.980000,1.536627,5.414190,0.017548,3.649653,1,02/27/2026 02:27:17,24.504,22.938
4098,4,11,54148.910000,5899.980000,1.536725,5.414549,0.017090,3.649958,1,02/27/2026 02:27:37,24.488,22.954
4099,4,11,54164.990000,5916.060000,1.536801,5.414824,0.014954,3.649958,132,02/27/2026 02:27:54,24.472,22.954
4100,4,12,54165.000000,0.010000,0.000000,0.000000,0.000000,3.648432,0,02/27/2026 02:27:54,24.472,22.954
4101,4,12,54171.590000,6.600000,0.000000,0.000000,0.000000,3.643549,5,02/27/2026 02:28:00,24.472,22.954
4102,4,12,54179.600000,14.610000,0.000000,0.000000,0.000000,3.638361,5,02/27/2026 02:28:08,24.456,22.954
4103,4,12,54188.020000,23.030000,0.000000,0.000000,0.000000,3.633478,5,02/27/2026 02:28:17,24.456,22.954
4104,4,12,54196.850000,31.860000,0.000000,0.000000,0.000000,3.628595,5,02/27/2026 02:28:25,24.439,22.970
4105,4,12,54207.010000,42.020000,0.000000,0.000000,0.000000,3.623713,5,02/27/2026 02:28:36,24.439,22.970
4106,4,12,54217.370000,52.380000,0.000000,0.000000,0.000000,3.618830,5,02/27/2026 02:28:46,24.439,22.970
4107,4,12,54229.600000,64.610000,0.000000,0.000000,0.000000,3.613947,5,02/27/2026 02:28:58,24.439,22.970
4108,4,12,54241.570000,76.580000,0.000000,0.000000,0.000000,3.609064,5,02/27/2026 02:29:10,24.423,22.986
4109,4,12,54255.550000,90.560000,0.000000,0.000000,0.000000,3.604181,5,02/27/2026 02:29:24,24.423,23.002
4110,4,12,54270.100000,105.110000,0.000000,0.000000,0.000000,3.599298,5,02/27/2026 02:29:39,24.423,23.019
4111,4,12,54285.130000,120.140000,0.000000,0.000000,0.000000,3.594415,5,02/27/2026 02:29:54,24.423,23.019
4112,4,12,54302.090000,137.100000,0.000000,0.000000,0.000000,3.589532,5,02/27/2026 02:30:11,24.423,23.035
4113,4,12,54320.430000,155.440000,0.000000,0.000000,0.000000,3.584649,5,02/27/2026 02:30:29,24.423,23.051
4114,4,12,54340.430000,175.440000,0.000000,0.000000,0.000000,3.580072,1,02/27/2026 02:30:49,24.423,23.083
4115,4,12,54360.430000,195.440000,0.000000,0.000000,0.000000,3.575494,1,02/27/2026 02:31:09,24.407,23.083
4116,4,12,54380.430000,215.440000,0.000000,0.000000,0.000000,3.571527,1,02/27/2026 02:31:29,24.407,23.099
4117,4,12,54400.430000,235.440000,0.000000,0.000000,0.000000,3.566949,1,02/27/2026 02:31:49,24.407,23.099
4118,4,12,54420.430000,255.440000,0.000000,0.000000,0.000000,3.563592,1,02/27/2026 02:32:09,24.407,23.115
4119,4,12,54440.430000,275.440000,0.000000,0.000000,0.000000,3.559930,1,02/27/2026 02:32:29,24.391,23.131
4120,4,12,54460.430000,295.440000,0.000000,0.000000,0.000000,3.557183,1,02/27/2026 02:32:49,24.391,23.131
4121,4,12,54480.430000,315.440000,0.000000,0.000000,0.000000,3.553521,1,02/27/2026 02:33:09,24.391,23.147
4122,4,12,54500.430000,335.440000,0.000000,0.000000,0.000000,3.550469,1,02/27/2026 02:33:29,24.391,23.147
4123,4,12,54520.430000,355.440000,0.000000,0.000000,0.000000,3.548333,1,02/27/2026 02:33:49,24.375,23.147
4124,4,12,54540.430000,375.440000,0.000000,0.000000,0.000000,3.545586,1,02/27/2026 02:34:09,24.343,23.147
4125,4,12,54560.430000,395.440000,0.000000,0.000000,0.000000,3.543145,1,02/27/2026 02:34:29,24.343,23.147
4126,4,12,54580.430000,415.440000,0.000000,0.000000,0.000000,3.540703,1,02/27/2026 02:34:49,24.311,23.131
4127,4,12,54600.430000,435.440000,0.000000,0.000000,0.000000,3.538567,1,02/27/2026 02:35:09,24.294,23.131
4128,4,12,54620.430000,455.440000,0.000000,0.000000,0.000000,3.536736,1,02/27/2026 02:35:29,24.246,23.099
4129,4,12,54640.430000,475.440000,0.000000,0.000000,0.000000,3.533989,1,02/27/2026 02:35:49,24.230,23.083
4130,4,12,54660.430000,495.440000,0.000000,0.000000,0.000000,3.532158,1,02/27/2026 02:36:09,24.182,23.067
4131,4,12,54680.430000,515.440000,0.000000,0.000000,0.000000,3.530327,1,02/27/2026 02:36:29,24.166,23.051
4132,4,12,54700.430000,535.440000,0.000000,0.000000,0.000000,3.528496,1,02/27/2026 02:36:49,24.133,23.035
4133,4,12,54720.430000,555.440000,0.000000,0.000000,0.000000,3.526360,1,02/27/2026 02:37:09,24.101,23.019
4134,4,12,54740.430000,575.440000,0.000000,0.000000,0.000000,3.525139,1,02/27/2026 02:37:29,24.053,22.986
4135,4,12,54760.430000,595.440000,0.000000,0.000000,0.000000,3.523613,1,02/27/2026 02:37:49,24.004,22.938
4136,4,12,54780.430000,615.440000,0.000000,0.000000,0.000000,3.521782,1,02/27/2026 02:38:09,23.972,22.922
4137,4,12,54800.430000,635.440000,0.000000,0.000000,0.000000,3.520562,1,02/27/2026 02:38:29,23.940,22.890
4138,4,12,54820.430000,655.440000,0.000000,0.000000,0.000000,3.519036,1,02/27/2026 02:38:49,23.908,22.874
4139,4,12,54840.430000,675.440000,0.000000,0.000000,0.000000,3.517815,1,02/27/2026 02:39:09,23.892,22.858
4140,4,12,54860.430000,695.440000,0.000000,0.000000,0.000000,3.515984,1,02/27/2026 02:39:29,23.859,22.858
4141,4,12,54880.430000,715.440000,0.000000,0.000000,0.000000,3.515068,1,02/27/2026 02:39:49,23.843,22.858
4142,4,12,54900.430000,735.440000,0.000000,0.000000,0.000000,3.514153,1,02/27/2026 02:40:09,23.843,22.842
4143,4,12,54920.430000,755.440000,0.000000,0.000000,0.000000,3.512322,1,02/27/2026 02:40:29,23.827,22.842
4144,4,12,54940.430000,775.440000,0.000000,0.000000,0.000000,3.511406,1,02/27/2026 02:40:49,23.827,22.842
4145,4,12,54960.430000,795.440000,0.000000,0.000000,0.000000,3.509880,1,02/27/2026 02:41:09,23.811,22.842
4146,4,12,54980.430000,815.440000,0.000000,0.000000,0.000000,3.508659,1,02/27/2026 02:41:29,23.795,22.842
4147,4,12,55000.430000,835.440000,0.000000,0.000000,0.000000,3.507439,1,02/27/2026 02:41:49,23.779,22.842
4148,4,12,55020.430000,855.440000,0.000000,0.000000,0.000000,3.506523,1,02/27/2026 02:42:09,23.779,22.842
4149,4,12,55040.430000,875.440000,0.000000,0.000000,0.000000,3.505608,1,02/27/2026 02:42:29,23.763,22.842
4150,4,12,55060.430000,895.440000,0.000000,0.000000,0.000000,3.504387,1,02/27/2026 02:42:49,23.763,22.858
4151,4,12,55080.430000,915.440000,0.000000,0.000000,0.000000,3.503777,1,02/27/2026 02:43:09,23.763,22.858
4152,4,12,55100.430000,935.440000,0.000000,0.000000,0.000000,3.502556,1,02/27/2026 02:43:29,23.763,22.858
4153,4,12,55120.430000,955.440000,0.000000,0.000000,0.000000,3.501335,1,02/27/2026 02:43:49,23.747,22.858
4154,4,12,55140.430000,975.440000,0.000000,0.000000,0.000000,3.500420,1,02/27/2026 02:44:09,23.763,22.874
4155,4,12,55160.430000,995.440000,0.000000,0.000000,0.000000,3.499504,1,02/27/2026 02:44:29,23.747,22.858
4156,4,12,55180.430000,1015.440000,0.000000,0.000000,0.000000,3.498589,1,02/27/2026 02:44:49,23.747,22.858
4157,4,12,55200.430000,1035.440000,0.000000,0.000000,0.000000,3.497978,1,02/27/2026 02:45:09,23.747,22.874
4158,4,12,55220.430000,1055.440000,0.000000,0.000000,0.000000,3.497063,1,02/27/2026 02:45:29,23.747,22.874
4159,4,12,55240.430000,1075.440000,0.000000,0.000000,0.000000,3.496147,1,02/27/2026 02:45:49,23.747,22.874
4160,4,12,55260.430000,1095.440000,0.000000,0.000000,0.000000,3.495232,1,02/27/2026 02:46:09,23.747,22.890
4161,4,12,55280.430000,1115.440000,0.000000,0.000000,0.000000,3.494621,1,02/27/2026 02:46:29,23.747,22.890
4162,4,12,55300.430000,1135.440000,0.000000,0.000000,0.000000,3.494011,1,02/27/2026 02:46:49,23.747,22.906
4163,4,12,55320.430000,1155.440000,0.000000,0.000000,0.000000,3.493400,1,02/27/2026 02:47:09,23.747,22.906
4164,4,12,55340.430000,1175.440000,0.000000,0.000000,0.000000,3.492180,1,02/27/2026 02:47:29,23.763,22.922
4165,4,12,55360.430000,1195.440000,0.000000,0.000000,0.000000,3.491264,1,02/27/2026 02:47:49,23.779,22.938
4166,4,12,55380.430000,1215.440000,0.000000,0.000000,0.000000,3.490959,1,02/27/2026 02:48:09,23.795,22.954
4167,4,12,55400.430000,1235.440000,0.000000,0.000000,0.000000,3.490349,1,02/27/2026 02:48:29,23.827,22.986
4168,4,12,55420.430000,1255.440000,0.000000,0.000000,0.000000,3.489433,1,02/27/2026 02:48:49,23.859,23.019
4169,4,12,55440.430000,1275.440000,0.000000,0.000000,0.000000,3.488518,1,02/27/2026 02:49:09,23.876,23.035
4170,4,12,55460.430000,1295.440000,0.000000,0.000000,0.000000,3.487907,1,02/27/2026 02:49:29,23.892,23.051
4171,4,12,55480.430000,1315.440000,0.000000,0.000000,0.000000,3.487297,1,02/27/2026 02:49:49,23.924,23.083
4172,4,12,55500.430000,1335.440000,0.000000,0.000000,0.000000,3.486992,1,02/27/2026 02:50:09,23.940,23.115
4173,4,12,55520.430000,1355.440000,0.000000,0.000000,0.000000,3.486076,1,02/27/2026 02:50:29,23.956,23.131
4174,4,12,55540.430000,1375.440000,0.000000,0.000000,0.000000,3.485466,1,02/27/2026 02:50:49,23.972,23.163
4175,4,12,55560.430000,1395.440000,0.000000,0.000000,0.000000,3.484550,1,02/27/2026 02:51:09,24.004,23.179
4176,4,12,55580.430000,1415.440000,0.000000,0.000000,0.000000,3.483940,1,02/27/2026 02:51:29,24.021,23.195
4177,4,12,55600.430000,1435.440000,0.000000,0.000000,0.000000,3.483330,1,02/27/2026 02:51:49,24.037,23.228
4178,4,12,55620.430000,1455.440000,0.000000,0.000000,0.000000,3.483024,1,02/27/2026 02:52:09,24.053,23.260
4179,4,12,55640.430000,1475.440000,0.000000,0.000000,0.000000,3.482414,1,02/27/2026 02:52:29,24.053,23.260
4180,4,12,55660.430000,1495.440000,0.000000,0.000000,0.000000,3.481804,1,02/27/2026 02:52:49,24.085,23.260
4181,4,12,55680.430000,1515.440000,0.000000,0.000000,0.000000,3.481193,1,02/27/2026 02:53:09,24.085,23.292
4182,4,12,55700.430000,1535.440000,0.000000,0.000000,0.000000,3.480888,1,02/27/2026 02:53:29,24.101,23.276
4183,4,12,55720.430000,1555.440000,0.000000,0.000000,0.000000,3.479973,1,02/27/2026 02:53:49,24.085,23.276
4184,4,12,55740.430000,1575.440000,0.000000,0.000000,0.000000,3.479667,1,02/27/2026 02:54:09,24.101,23.276
4185,4,12,55760.430000,1595.440000,0.000000,0.000000,0.000000,3.479057,1,02/27/2026 02:54:29,24.101,23.276
4186,4,12,55780.430000,1615.440000,0.000000,0.000000,0.000000,3.478447,1,02/27/2026 02:54:49,24.101,23.276
4187,4,12,55800.430000,1635.440000,0.000000,0.000000,0.000000,3.478141,1,02/27/2026 02:55:09,24.101,23.276
4188,4,12,55820.430000,1655.440000,0.000000,0.000000,0.000000,3.477531,1,02/27/2026 02:55:29,24.101,23.276
4189,4,12,55840.430000,1675.440000,0.000000,0.000000,0.000000,3.476921,1,02/27/2026 02:55:49,24.117,23.276
4190,4,12,55860.430000,1695.440000,0.000000,0.000000,0.000000,3.476616,1,02/27/2026 02:56:09,24.117,23.276
4191,4,12,55880.430000,1715.440000,0.000000,0.000000,0.000000,3.476005,1,02/27/2026 02:56:29,24.117,23.292
4192,4,12,55900.430000,1735.440000,0.000000,0.000000,0.000000,3.475090,1,02/27/2026 02:56:49,24.117,23.292
4193,4,12,55920.430000,1755.440000,0.000000,0.000000,0.000000,3.475090,1,02/27/2026 02:57:09,24.117,23.292
4194,4,12,55940.430000,1775.440000,0.000000,0.000000,0.000000,3.474479,1,02/27/2026 02:57:29,24.117,23.292
4195,4,12,55960.430000,1795.440000,0.000000,0.000000,0.000000,3.474174,1,02/27/2026 02:57:49,24.117,23.292
4196,4,12,55964.990000,1800.000000,0.000000,0.000000,0.000000,3.474174,129,02/27/2026 02:57:54,24.117,23.292
4197,5,5,55965.030000,0.040000,0.000041,0.000132,-3.750973,3.237659,0,02/27/2026 02:57:54,24.117,23.292
4198,5,5,55965.190000,0.200000,0.000207,0.000669,-3.749905,3.210803,5,02/27/2026 02:57:54,24.117,23.292
4199,5,5,55965.310000,0.320000,0.000332,0.001069,-3.750057,3.195239,5,02/27/2026 02:57:54,24.117,23.292
4200,5,5,55965.440000,0.450000,0.000468,0.001501,-3.750057,3.181506,5,02/27/2026 02:57:55,24.117,23.292
4201,5,5,55965.580000,0.590000,0.000614,0.001963,-3.750210,3.168994,5,02/27/2026 02:57:55,24.117,23.292
4202,5,5,55965.720000,0.730000,0.000760,0.002424,-3.750057,3.158618,5,02/27/2026 02:57:55,24.117,23.292
4203,5,5,55965.880000,0.890000,0.000926,0.002950,-3.750057,3.147936,5,02/27/2026 02:57:55,24.117,23.292
4204,5,5,55966.050000,1.060000,0.001103,0.003506,-3.750210,3.138781,5,02/27/2026 02:57:55,24.117,23.292
4205,5,5,55966.230000,1.240000,0.001291,0.004094,-3.750057,3.129931,5,02/27/2026 02:57:55,24.117,23.292
4206,5,5,55966.430000,1.440000,0.001499,0.004745,-3.750057,3.121691,5,02/27/2026 02:57:55,24.117,23.292
4207,5,5,55966.640000,1.650000,0.001718,0.005427,-3.750057,3.113756,5,02/27/2026 02:57:56,24.117,23.292
4208,5,5,55966.890000,1.900000,0.001978,0.006237,-3.750210,3.106126,5,02/27/2026 02:57:56,24.101,23.292
4209,5,5,55967.130000,2.140000,0.002228,0.007012,-3.750057,3.099718,5,02/27/2026 02:57:56,24.101,23.292
4210,5,5,55967.380000,2.390000,0.002489,0.007818,-3.750210,3.093309,5,02/27/2026 02:57:56,24.117,23.292
4211,5,5,55967.680000,2.690000,0.002801,0.008784,-3.750057,3.086900,5,02/27/2026 02:57:57,24.117,23.292
4212,5,5,55968.020000,3.030000,0.003155,0.009876,-3.749752,3.080491,5,02/27/2026 02:57:57,24.117,23.292
4213,5,5,55968.380000,3.390000,0.003530,0.011030,-3.749905,3.074693,5,02/27/2026 02:57:57,24.101,23.292
4214,5,5,55968.780000,3.790000,0.003947,0.012310,-3.750057,3.068894,5,02/27/2026 02:57:58,24.101,23.292
4215,5,5,55969.270000,4.280000,0.004457,0.013874,-3.750210,3.062486,5,02/27/2026 02:57:58,24.101,23.292
4216,5,5,55969.860000,4.870000,0.005072,0.015755,-3.749752,3.056992,5,02/27/2026 02:57:59,24.101,23.292
4217,5,5,55970.500000,5.510000,0.005739,0.017791,-3.749905,3.051499,5,02/27/2026 02:58:00,24.101,23.292
4218,5,5,55971.340000,6.350000,0.006614,0.020459,-3.749905,3.046616,5,02/27/2026 02:58:00,24.101,23.292
4219,5,5,55972.310000,7.320000,0.007624,0.023534,-3.750057,3.041123,5,02/27/2026 02:58:01,24.101,23.292
4220,5,5,55973.600000,8.610000,0.008968,0.027617,-3.750057,3.035935,5,02/27/2026 02:58:03,24.117,23.292
4221,5,5,55975.280000,10.290000,0.010718,0.032926,-3.750057,3.031052,5,02/27/2026 02:58:04,24.117,23.292
4222,5,5,55977.280000,12.290000,0.012801,0.039235,-3.749905,3.025864,5,02/27/2026 02:58:06,24.133,23.292
4223,5,5,55980.040000,15.050000,0.015676,0.047928,-3.749905,3.020981,5,02/27/2026 02:58:09,24.149,23.292
4224,5,5,55983.130000,18.140000,0.018895,0.057643,-3.750057,3.016098,5,02/27/2026 02:58:12,24.166,23.292
4225,5,5,55987.210000,22.220000,0.023145,0.070453,-3.750057,3.010910,5,02/27/2026 02:58:16,24.198,23.292
4226,5,5,55993.130000,28.140000,0.029312,0.089006,-3.749905,3.006027,5,02/27/2026 02:58:22,24.262,23.292
4227,5,5,56000.650000,35.660000,0.037145,0.112535,-3.750057,3.001144,5,02/27/2026 02:58:30,24.375,23.276
4228,5,5,56012.000000,47.010000,0.048968,0.147989,-3.749905,2.996262,5,02/27/2026 02:58:41,24.536,23.292
4229,5,5,56032.000000,67.010000,0.069801,0.210366,-3.750057,2.991989,1,02/27/2026 02:59:01,24.842,23.276
4230,5,5,56052.000000,87.010000,0.090635,0.272687,-3.749905,2.990768,1,02/27/2026 02:59:21,25.164,23.292
4231,5,5,56072.000000,107.010000,0.111468,0.334990,-3.750057,2.990463,1,02/27/2026 02:59:41,25.470,23.292
4232,5,5,56092.000000,127.010000,0.132301,0.397296,-3.749905,2.990768,1,02/27/2026 03:00:01,25.760,23.292
4233,5,5,56112.000000,147.010000,0.153135,0.459612,-3.750210,2.991379,1,02/27/2026 03:00:21,26.050,23.276
4234,5,5,56132.000000,167.010000,0.173968,0.521945,-3.749905,2.991989,1,02/27/2026 03:00:41,26.308,23.292
4235,5,5,56152.000000,187.010000,0.194801,0.584294,-3.750057,2.993210,1,02/27/2026 03:01:01,26.598,23.292
4236,5,5,56172.000000,207.010000,0.215635,0.646658,-3.750057,2.993820,1,02/27/2026 03:01:21,26.856,23.292
4237,5,5,56192.000000,227.010000,0.236468,0.709034,-3.750210,2.994125,1,02/27/2026 03:01:41,27.130,23.308
4238,5,5,56212.000000,247.010000,0.257301,0.771427,-3.750057,2.995041,1,02/27/2026 03:02:01,27.339,23.308
4239,5,5,56232.000000,267.010000,0.278135,0.833835,-3.750057,2.995651,1,02/27/2026 03:02:21,27.581,23.324
4240,5,5,56252.000000,287.010000,0.298968,0.896252,-3.749905,2.995956,1,02/27/2026 03:02:41,27.838,23.340
4241,5,5,56272.000000,307.010000,0.319801,0.958676,-3.750057,2.996567,1,02/27/2026 03:03:01,28.048,23.340
4242,5,5,56292.000000,327.010000,0.340635,1.021106,-3.749905,2.996262,1,02/27/2026 03:03:21,28.257,23.340
4243,5,5,56312.000000,347.010000,0.361468,1.083538,-3.749905,2.996872,1,02/27/2026 03:03:41,28.467,23.356
4244,5,5,56332.000000,367.010000,0.382301,1.145972,-3.750057,2.996872,1,02/27/2026 03:04:01,28.676,23.340
4245,5,5,56352.000000,387.010000,0.403135,1.208405,-3.749905,2.996567,1,02/27/2026 03:04:21,28.805,23.340
4246,5,5,56372.000000,407.010000,0.423968,1.270833,-3.750057,2.996262,1,02/27/2026 03:04:41,28.998,23.340
4247,5,5,56392.000000,427.010000,0.444801,1.333256,-3.749905,2.996262,1,02/27/2026 03:05:01,29.095,23.324
4248,5,5,56412.000000,447.010000,0.465635,1.395671,-3.749905,2.995651,1,02/27/2026 03:05:21,29.320,23.324
4249,5,5,56432.000000,467.010000,0.486468,1.458078,-3.749905,2.995346,1,02/27/2026 03:05:41,29.481,23.324
4250,5,5,56452.000000,487.010000,0.507301,1.520470,-3.750057,2.994125,1,02/27/2026 03:06:01,29.626,23.324
4251,5,5,56472.000000,507.010000,0.528135,1.582846,-3.750057,2.993515,1,02/27/2026 03:06:21,29.755,23.308
4252,5,5,56492.000000,527.010000,0.548968,1.645207,-3.750057,2.992905,1,02/27/2026 03:06:41,29.933,23.308
4253,5,5,56512.000000,547.010000,0.569801,1.707553,-3.750210,2.991989,1,02/27/2026 03:07:01,30.013,23.292
4254,5,5,56532.000000,567.010000,0.590635,1.769879,-3.749905,2.991379,1,02/27/2026 03:07:21,30.044,23.276
4255,5,5,56552.000000,587.010000,0.611468,1.832187,-3.750057,2.989853,1,02/27/2026 03:07:41,30.186,23.260
4256,5,5,56572.000000,607.010000,0.632301,1.894474,-3.749905,2.989242,1,02/27/2026 03:08:01,30.280,23.228
4257,5,5,56592.000000,627.010000,0.653135,1.956740,-3.749752,2.988022,1,02/27/2026 03:08:21,30.359,23.212
4258,5,5,56612.000000,647.010000,0.673968,2.018978,-3.749752,2.986801,1,02/27/2026 03:08:41,30.500,23.195
4259,5,5,56632.000000,667.010000,0.694801,2.081186,-3.749905,2.985275,1,02/27/2026 03:09:01,30.532,23.179
4260,5,5,56652.000000,687.010000,0.715635,2.143364,-3.749905,2.983749,1,02/27/2026 03:09:21,30.626,23.147
4261,5,5,56672.000000,707.010000,0.736468,2.205514,-3.749905,2.982528,1,02/27/2026 03:09:41,30.752,23.131
4262,5,5,56692.000000,727.010000,0.757301,2.267631,-3.749905,2.980697,1,02/27/2026 03:10:01,30.767,23.099
4263,5,5,56712.000000,747.010000,0.778135,2.329717,-3.749905,2.978866,1,02/27/2026 03:10:21,30.862,23.067
4264,5,5,56732.000000,767.010000,0.798968,2.391769,-3.749905,2.977340,1,02/27/2026 03:10:41,30.956,23.067
4265,5,5,56752.000000,787.010000,0.819801,2.453776,-3.749905,2.975509,1,02/27/2026 03:11:01,31.098,23.067
4266,5,5,56772.000000,807.010000,0.840635,2.515746,-3.749905,2.973373,1,02/27/2026 03:11:21,31.176,23.083
4267,5,5,56792.000000,827.010000,0.861468,2.577676,-3.750057,2.971237,1,02/27/2026 03:11:41,31.239,23.083
4268,5,5,56812.000000,847.010000,0.882301,2.639562,-3.749905,2.969406,1,02/27/2026 03:12:01,31.270,23.099
4269,5,5,56832.000000,867.010000,0.903135,2.701400,-3.750210,2.966964,1,02/27/2026 03:12:21,31.428,23.099
4270,5,5,56852.000000,887.010000,0.923968,2.763187,-3.749905,2.964218,1,02/27/2026 03:12:41,31.522,23.115
4271,5,5,56872.000000,907.010000,0.944801,2.824926,-3.749905,2.962081,1,02/27/2026 03:13:01,31.616,23.147
4272,5,5,56892.000000,927.010000,0.965635,2.886613,-3.749905,2.959640,1,02/27/2026 03:13:21,31.789,23.179
4273,5,5,56912.000000,947.010000,0.986468,2.948243,-3.749905,2.956893,1,02/27/2026 03:13:41,31.852,23.195
4274,5,5,56932.000000,967.010000,1.007301,3.009815,-3.750057,2.953841,1,02/27/2026 03:14:01,31.868,23.195
4275,5,5,56952.000000,987.010000,1.028135,3.071326,-3.749752,2.950484,1,02/27/2026 03:14:21,31.899,23.228
4276,5,5,56972.000000,1007.010000,1.048968,3.132768,-3.749905,2.947433,1,02/27/2026 03:14:41,32.104,23.228
4277,5,5,56992.000000,1027.010000,1.069801,3.194140,-3.750210,2.944076,1,02/27/2026 03:15:01,32.182,23.244
4278,5,5,57012.000000,1047.010000,1.090635,3.255435,-3.750057,2.940414,1,02/27/2026 03:15:21,32.277,23.260
4279,5,5,57032.000000,1067.010000,1.111468,3.316652,-3.750057,2.936141,1,02/27/2026 03:15:41,32.355,23.260
4280,5,5,57052.000000,1087.010000,1.132301,3.377780,-3.750210,2.931868,1,02/27/2026 03:16:01,32.465,23.276
4281,5,5,57072.000000,1107.010000,1.153135,3.438815,-3.750210,2.927291,1,02/27/2026 03:16:21,32.528,23.292
4282,5,5,57089.870000,1124.880000,1.171749,3.493261,-3.750057,2.922408,5,02/27/2026 03:16:39,32.591,23.292
4283,5,5,57107.200000,1142.210000,1.189801,3.545979,-3.750057,2.917525,5,02/27/2026 03:16:56,32.670,23.292
4284,5,5,57123.090000,1158.100000,1.206353,3.594232,-3.750057,2.912642,5,02/27/2026 03:17:12,32.623,23.292
4285,5,5,57137.460000,1172.470000,1.221322,3.637799,-3.750057,2.907454,5,02/27/2026 03:17:27,32.858,23.292
4286,5,5,57152.200000,1187.210000,1.236676,3.682407,-3.749905,2.902571,5,02/27/2026 03:17:41,32.953,23.292
4287,5,5,57164.600000,1199.610000,1.249593,3.719870,-3.750057,2.897688,5,02/27/2026 03:17:54,32.937,23.292
4288,5,5,57176.260000,1211.270000,1.261739,3.755036,-3.750057,2.892805,5,02/27/2026 03:18:05,32.968,23.292
4289,5,5,57186.590000,1221.600000,1.272499,3.786138,-3.750210,2.887922,5,02/27/2026 03:18:16,33.063,23.292
4290,5,5,57196.590000,1231.600000,1.282916,3.816197,-3.750057,2.883040,5,02/27/2026 03:18:26,33.141,23.292
4291,5,5,57205.790000,1240.800000,1.292499,3.843804,-3.750057,2.878157,5,02/27/2026 03:18:35,33.236,23.276
4292,5,5,57214.060000,1249.070000,1.301114,3.868579,-3.750057,2.873274,5,02/27/2026 03:18:43,33.189,23.276
4293,5,5,57222.640000,1257.650000,1.310051,3.894237,-3.750057,2.868391,5,02/27/2026 03:18:52,33.314,23.260
4294,5,5,57229.460000,1264.470000,1.317155,3.914599,-3.750057,2.863508,5,02/27/2026 03:18:59,33.236,23.260
4295,5,5,57237.120000,1272.130000,1.325135,3.937429,-3.749905,2.858625,5,02/27/2026 03:19:06,33.267,23.260
4296,5,5,57243.660000,1278.670000,1.331947,3.956888,-3.749905,2.853742,5,02/27/2026 03:19:13,33.377,23.260
4297,5,5,57250.370000,1285.380000,1.338937,3.976819,-3.749905,2.848249,5,02/27/2026 03:19:19,33.440,23.244
4298,5,5,57256.980000,1291.990000,1.345822,3.996417,-3.750057,2.843366,5,02/27/2026 03:19:26,33.424,23.228
4299,5,5,57262.960000,1297.970000,1.352051,4.014115,-3.750057,2.838483,5,02/27/2026 03:19:32,33.424,23.228
4300,5,5,57268.540000,1303.550000,1.357864,4.030600,-3.749905,2.833600,5,02/27/2026 03:19:38,33.471,23.228
4301,5,5,57273.930000,1308.940000,1.363478,4.046496,-3.750057,2.828717,5,02/27/2026 03:19:43,33.487,23.195
4302,5,5,57279.130000,1314.140000,1.368895,4.061806,-3.749905,2.823835,5,02/27/2026 03:19:48,33.519,23.212
4303,5,5,57283.780000,1318.790000,1.373739,4.075472,-3.749905,2.818952,5,02/27/2026 03:19:53,33.613,23.195
4304,5,5,57288.410000,1323.420000,1.378562,4.089057,-3.749905,2.813764,5,02/27/2026 03:19:57,33.660,23.195
4305,5,5,57293.370000,1328.380000,1.383728,4.103583,-3.749905,2.808881,5,02/27/2026 03:20:02,33.723,23.195
4306,5,5,57297.540000,1332.550000,1.388072,4.115775,-3.750057,2.803998,5,02/27/2026 03:20:07,33.723,23.179
4307,5,5,57301.900000,1336.910000,1.392614,4.128499,-3.749905,2.799115,5,02/27/2026 03:20:11,33.786,23.195
4308,5,5,57305.780000,1340.790000,1.396655,4.139803,-3.750057,2.794232,5,02/27/2026 03:20:15,33.802,23.179
4309,5,5,57309.890000,1344.900000,1.400937,4.151756,-3.749905,2.789044,5,02/27/2026 03:20:19,33.833,23.163
4310,5,5,57313.800000,1348.810000,1.405010,4.163106,-3.750057,2.783856,5,02/27/2026 03:20:23,33.849,23.163
4311,5,5,57317.550000,1352.560000,1.408916,4.173972,-3.749905,2.778973,5,02/27/2026 03:20:27,33.849,23.163
4312,5,5,57321.290000,1356.300000,1.412812,4.184789,-3.750057,2.774090,5,02/27/2026 03:20:30,33.802,23.163
4313,5,5,57324.770000,1359.780000,1.416437,4.194836,-3.750057,2.768902,5,02/27/2026 03:20:34,33.849,23.147
4314,5,5,57328.430000,1363.440000,1.420249,4.205384,-3.750210,2.763714,5,02/27/2026 03:20:37,33.896,23.147
4315,5,5,57331.890000,1366.900000,1.423853,4.215336,-3.750210,2.758526,5,02/27/2026 03:20:41,33.912,23.147
4316,5,5,57335.200000,1370.210000,1.427301,4.224840,-3.749905,2.753338,5,02/27/2026 03:20:44,33.912,23.147
4317,5,5,57338.500000,1373.510000,1.430739,4.234297,-3.749905,2.748455,5,02/27/2026 03:20:48,33.880,23.131
4318,5,5,57341.370000,1376.380000,1.433728,4.242507,-3.750057,2.743572,5,02/27/2026 03:20:50,33.912,23.131
4319,5,5,57344.410000,1379.420000,1.436895,4.251188,-3.750057,2.738689,5,02/27/2026 03:20:53,33.975,23.131
4320,5,5,57347.270000,1382.280000,1.439874,4.259340,-3.749905,2.733501,5,02/27/2026 03:20:56,34.006,23.099
4321,5,5,57350.390000,1385.400000,1.443124,4.268216,-3.749905,2.728313,5,02/27/2026 03:20:59,34.069,23.099
4322,5,5,57353.210000,1388.220000,1.446062,4.276223,-3.749905,2.723430,5,02/27/2026 03:21:02,34.132,23.099
4323,5,5,57355.800000,1390.810000,1.448760,4.283565,-3.749905,2.718547,5,02/27/2026 03:21:05,34.195,23.099
4324,5,5,57358.540000,1393.550000,1.451614,4.291317,-3.750057,2.713664,5,02/27/2026 03:21:08,34.210,23.083
4325,5,5,57361.170000,1396.180000,1.454353,4.298745,-3.750210,2.708476,5,02/27/2026 03:21:10,34.226,23.083
4326,5,5,57363.860000,1398.870000,1.457155,4.306328,-3.750057,2.703593,5,02/27/2026 03:21:13,34.273,23.083
4327,5,5,57366.140000,1401.150000,1.459530,4.312743,-3.750057,2.698711,5,02/27/2026 03:21:15,34.320,23.083
4328,5,5,57368.630000,1403.640000,1.462124,4.319736,-3.750057,2.693523,5,02/27/2026 03:21:18,34.352,23.067
4329,5,5,57371.200000,1406.210000,1.464801,4.326941,-3.750057,2.688334,5,02/27/2026 03:21:20,34.352,23.067
4330,5,5,57373.610000,1408.620000,1.467312,4.333684,-3.750057,2.683452,5,02/27/2026 03:21:23,34.273,23.067
4331,5,5,57375.960000,1410.970000,1.469760,4.340246,-3.750210,2.678569,5,02/27/2026 03:21:25,34.258,23.067
4332,5,5,57378.180000,1413.190000,1.472072,4.346434,-3.749905,2.673381,5,02/27/2026 03:21:27,34.320,23.067
4333,5,5,57380.440000,1415.450000,1.474426,4.352722,-3.750057,2.668193,5,02/27/2026 03:21:29,34.383,23.067
4334,5,5,57382.720000,1417.730000,1.476801,4.359054,-3.749905,2.663310,5,02/27/2026 03:21:32,34.446,23.067
4335,5,5,57384.740000,1419.750000,1.478905,4.364653,-3.749905,2.658427,5,02/27/2026 03:21:34,34.493,23.051
4336,5,5,57386.910000,1421.920000,1.481166,4.370657,-3.750057,2.653544,5,02/27/2026 03:21:36,34.509,23.051
4337,5,5,57389.030000,1424.040000,1.483374,4.376511,-3.749905,2.648356,5,02/27/2026 03:21:38,34.556,23.067
4338,5,5,57391.130000,1426.140000,1.485562,4.382299,-3.750057,2.643168,5,02/27/2026 03:21:40,34.619,23.051
4339,5,5,57393.270000,1428.280000,1.487791,4.388186,-3.749905,2.637980,5,02/27/2026 03:21:42,34.682,23.051
4340,5,5,57395.300000,1430.310000,1.489905,4.393759,-3.750057,2.633097,5,02/27/2026 03:21:44,34.714,23.051
4341,5,5,57397.320000,1432.330000,1.492010,4.399294,-3.749905,2.627909,5,02/27/2026 03:21:46,34.714,23.051
4342,5,5,57399.230000,1434.240000,1.493999,4.404518,-3.750210,2.622721,5,02/27/2026 03:21:48,34.729,23.051
4343,5,5,57401.260000,1436.270000,1.496114,4.410058,-3.750057,2.617533,5,02/27/2026 03:21:50,34.729,23.051
4344,5,5,57403.140000,1438.150000,1.498072,4.415179,-3.750057,2.612650,5,02/27/2026 03:21:52,34.714,23.051
4345,5,5,57404.910000,1439.920000,1.499916,4.419992,-3.750057,2.607462,5,02/27/2026 03:21:54,34.714,23.051
4346,5,5,57406.820000,1441.830000,1.501905,4.425175,-3.750057,2.602274,5,02/27/2026 03:21:56,34.729,23.051
4347,5,5,57408.720000,1443.730000,1.503885,4.430321,-3.749905,2.597086,5,02/27/2026 03:21:58,34.776,23.051
4348,5,5,57410.570000,1445.580000,1.505812,4.435321,-3.750057,2.592203,5,02/27/2026 03:22:00,34.839,23.051
4349,5,5,57412.230000,1447.240000,1.507541,4.439799,-3.749905,2.587015,5,02/27/2026 03:22:01,34.886,23.051
4350,5,5,57414.130000,1449.140000,1.509520,4.444915,-3.750210,2.581521,5,02/27/2026 03:22:03,34.918,23.051
4351,5,5,57416.070000,1451.080000,1.511541,4.450127,-3.750210,2.576638,5,02/27/2026 03:22:05,34.949,23.051
4352,5,5,57417.680000,1452.690000,1.513218,4.454445,-3.749752,2.571756,5,02/27/2026 03:22:07,34.965,23.051
4353,5,5,57419.420000,1454.430000,1.515030,4.459101,-3.750057,2.566567,5,02/27/2026 03:22:08,34.996,23.051
4354,5,5,57421.080000,1456.090000,1.516760,4.463535,-3.750057,2.561685,5,02/27/2026 03:22:10,35.028,23.051
4355,5,5,57422.750000,1457.760000,1.518499,4.467987,-3.750210,2.556497,5,02/27/2026 03:22:12,35.075,23.051
4356,5,5,57424.450000,1459.460000,1.520270,4.472510,-3.750057,2.551308,5,02/27/2026 03:22:14,35.107,23.051
4357,5,5,57426.110000,1461.120000,1.521999,4.476917,-3.750057,2.546426,5,02/27/2026 03:22:15,35.122,23.051
4358,5,5,57427.650000,1462.660000,1.523603,4.480998,-3.750057,2.541543,5,02/27/2026 03:22:17,35.122,23.051
4359,5,5,57429.170000,1464.180000,1.525187,4.485018,-3.750057,2.536660,5,02/27/2026 03:22:18,35.138,23.051
4360,5,5,57430.770000,1465.780000,1.526853,4.489242,-3.749905,2.531167,5,02/27/2026 03:22:20,35.169,23.051
4361,5,5,57432.440000,1467.450000,1.528593,4.493641,-3.749752,2.525978,5,02/27/2026 03:22:21,35.201,23.051
4362,5,5,57434.060000,1469.070000,1.530280,4.497900,-3.749905,2.520790,5,02/27/2026 03:22:23,35.232,23.051
4363,5,5,57435.700000,1470.710000,1.531989,4.502202,-3.749905,2.515908,5,02/27/2026 03:22:25,35.264,23.035
4364,5,5,57437.090000,1472.100000,1.533437,4.505841,-3.750210,2.510719,5,02/27/2026 03:22:26,35.295,23.051
4365,5,5,57438.590000,1473.600000,1.534999,4.509760,-3.749905,2.505837,5,02/27/2026 03:22:28,35.327,23.051
4366,5,5,57440.200000,1475.210000,1.536676,4.513959,-3.749752,2.500649,5,02/27/2026 03:22:29,35.358,23.051
4367,5,5,57440.250000,1475.260000,1.536728,4.514089,-3.750057,2.500038,133,02/27/2026 03:22:29,35.374,23.051
4368,5,6,57440.260000,0.010000,0.000000,0.000000,0.000000,2.682841,0,02/27/2026 03:22:29,35.374,23.051
4369,5,6,57440.420000,0.170000,0.000000,0.000000,0.000000,2.703288,5,02/27/2026 03:22:29,35.374,23.051
4370,5,6,57440.550000,0.300000,0.000000,0.000000,0.000000,2.715801,5,02/27/2026 03:22:30,35.374,23.051
4371,5,6,57440.690000,0.440000,0.000000,0.000000,0.000000,2.727398,5,02/27/2026 03:22:30,35.374,23.051
4372,5,6,57440.830000,0.580000,0.000000,0.000000,0.000000,2.738689,5,02/27/2026 03:22:30,35.374,23.051
4373,5,6,57440.980000,0.730000,0.000000,0.000000,0.000000,2.749371,5,02/27/2026 03:22:30,35.374,23.051
4374,5,6,57441.130000,0.880000,0.000000,0.000000,0.000000,2.759136,5,02/27/2026 03:22:30,35.390,23.051
4375,5,6,57441.290000,1.040000,0.000000,0.000000,0.000000,2.768902,5,02/27/2026 03:22:30,35.390,23.051
4376,5,6,57441.450000,1.200000,0.000000,0.000000,0.000000,2.778363,5,02/27/2026 03:22:31,35.390,23.051
4377,5,6,57441.620000,1.370000,0.000000,0.000000,0.000000,2.788128,5,02/27/2026 03:22:31,35.390,23.051
4378,5,6,57441.790000,1.540000,0.000000,0.000000,0.000000,2.796979,5,02/27/2026 03:22:31,35.390,23.051
4379,5,6,57441.960000,1.710000,0.000000,0.000000,0.000000,2.805524,5,02/27/2026 03:22:31,35.390,23.051
4380,5,6,57442.140000,1.890000,0.000000,0.000000,0.000000,2.814069,5,02/27/2026 03:22:31,35.390,23.051
4381,5,6,57442.330000,2.080000,0.000000,0.000000,0.000000,2.822614,5,02/27/2026 03:22:31,35.390,23.051
4382,5,6,57442.530000,2.280000,0.000000,0.000000,0.000000,2.831159,5,02/27/2026 03:22:32,35.390,23.051
4383,5,6,57442.730000,2.480000,0.000000,0.000000,0.000000,2.839704,5,02/27/2026 03:22:32,35.390,23.051
4384,5,6,57442.940000,2.690000,0.000000,0.000000,0.000000,2.847944,5,02/27/2026 03:22:32,35.390,23.051
4385,5,6,57443.160000,2.910000,0.000000,0.000000,0.000000,2.856184,5,02/27/2026 03:22:32,35.390,23.051
4386,5,6,57443.370000,3.120000,0.000000,0.000000,0.000000,2.863813,5,02/27/2026 03:22:32,35.390,23.051
4387,5,6,57443.580000,3.330000,0.000000,0.000000,0.000000,2.871138,5,02/27/2026 03:22:33,35.390,23.051
4388,5,6,57443.790000,3.540000,0.000000,0.000000,0.000000,2.878462,5,02/27/2026 03:22:33,35.374,23.051
4389,5,6,57444.010000,3.760000,0.000000,0.000000,0.000000,2.885481,5,02/27/2026 03:22:33,35.374,23.051
4390,5,6,57444.240000,3.990000,0.000000,0.000000,0.000000,2.893111,5,02/27/2026 03:22:33,35.374,23.051
4391,5,6,57444.490000,4.240000,0.000000,0.000000,0.000000,2.901045,5,02/27/2026 03:22:34,35.374,23.051
4392,5,6,57444.760000,4.510000,0.000000,0.000000,0.000000,2.908064,5,02/27/2026 03:22:34,35.390,23.051
4393,5,6,57444.990000,4.740000,0.000000,0.000000,0.000000,2.914778,5,02/27/2026 03:22:34,35.390,23.035
4394,5,6,57445.250000,5.000000,0.000000,0.000000,0.000000,2.922103,5,02/27/2026 03:22:34,35.390,23.035
4395,5,6,57445.520000,5.270000,0.000000,0.000000,0.000000,2.929427,5,02/27/2026 03:22:35,35.390,23.035
4396,5,6,57445.800000,5.550000,0.000000,0.000000,0.000000,2.936446,5,02/27/2026 03:22:35,35.405,23.035
4397,5,6,57446.080000,5.830000,0.000000,0.000000,0.000000,2.943465,5,02/27/2026 03:22:35,35.405,23.051
4398,5,6,57446.370000,6.120000,0.000000,0.000000,0.000000,2.950179,5,02/27/2026 03:22:35,35.421,23.051
4399,5,6,57446.650000,6.400000,0.000000,0.000000,0.000000,2.956283,5,02/27/2026 03:22:36,35.421,23.051
4400,5,6,57446.920000,6.670000,0.000000,0.000000,0.000000,2.962692,5,02/27/2026 03:22:36,35.437,23.051
4401,5,6,57447.240000,6.990000,0.000000,0.000000,0.000000,2.969711,5,02/27/2026 03:22:36,35.437,23.035
4402,5,6,57447.560000,7.310000,0.000000,0.000000,0.000000,2.975814,5,02/27/2026 03:22:37,35.437,23.035
4403,5,6,57447.880000,7.630000,0.000000,0.000000,0.000000,2.982528,5,02/27/2026 03:22:37,35.452,23.035
4404,5,6,57448.220000,7.970000,0.000000,0.000000,0.000000,2.988937,5,02/27/2026 03:22:37,35.452,23.035
4405,5,6,57448.590000,8.340000,0.000000,0.000000,0.000000,2.995651,5,02/27/2026 03:22:38,35.468,23.051
4406,5,6,57448.950000,8.700000,0.000000,0.000000,0.000000,3.001755,5,02/27/2026 03:22:38,35.468,23.051
4407,5,6,57449.320000,9.070000,0.000000,0.000000,0.000000,3.008164,5,02/27/2026 03:22:38,35.484,23.035
4408,5,6,57449.700000,9.450000,0.000000,0.000000,0.000000,3.014267,5,02/27/2026 03:22:39,35.484,23.035
4409,5,6,57450.100000,9.850000,0.000000,0.000000,0.000000,3.020066,5,02/27/2026 03:22:39,35.500,23.035
4410,5,6,57450.510000,10.260000,0.000000,0.000000,0.000000,3.026169,5,02/27/2026 03:22:40,35.515,23.035
4411,5,6,57450.920000,10.670000,0.000000,0.000000,0.000000,3.031968,5,02/27/2026 03:22:40,35.531,23.035
4412,5,6,57451.370000,11.120000,0.000000,0.000000,0.000000,3.038376,5,02/27/2026 03:22:40,35.547,23.051
4413,5,6,57451.870000,11.620000,0.000000,0.000000,0.000000,3.044175,5,02/27/2026 03:22:41,35.562,23.035
4414,5,6,57452.360000,12.110000,0.000000,0.000000,0.000000,3.049973,5,02/27/2026 03:22:41,35.578,23.035
4415,5,6,57452.870000,12.620000,0.000000,0.000000,0.000000,3.055772,5,02/27/2026 03:22:42,35.610,23.035
4416,5,6,57453.420000,13.170000,0.000000,0.000000,0.000000,3.061265,5,02/27/2026 03:22:42,35.625,23.051
4417,5,6,57453.970000,13.720000,0.000000,0.000000,0.000000,3.067063,5,02/27/2026 03:22:43,35.641,23.051
4418,5,6,57454.580000,14.330000,0.000000,0.000000,0.000000,3.072557,5,02/27/2026 03:22:44,35.657,23.035
4419,5,6,57455.200000,14.950000,0.000000,0.000000,0.000000,3.077745,5,02/27/2026 03:22:44,35.673,23.035
4420,5,6,57455.850000,15.600000,0.000000,0.000000,0.000000,3.082933,5,02/27/2026 03:22:45,35.673,23.051
4421,5,6,57456.620000,16.370000,0.000000,0.000000,0.000000,3.088731,5,02/27/2026 03:22:46,35.673,23.051
4422,5,6,57457.380000,17.130000,0.000000,0.000000,0.000000,3.093919,5,02/27/2026 03:22:46,35.673,23.035
4423,5,6,57458.210000,17.960000,0.000000,0.000000,0.000000,3.098802,5,02/27/2026 03:22:47,35.673,23.051
4424,5,6,57459.140000,18.890000,0.000000,0.000000,0.000000,3.104295,5,02/27/2026 03:22:48,35.641,23.035
4425,5,6,57460.050000,19.800000,0.000000,0.000000,0.000000,3.109178,5,02/27/2026 03:22:49,35.594,23.051
4426,5,6,57461.190000,20.940000,0.000000,0.000000,0.000000,3.114977,5,02/27/2026 03:22:50,35.562,23.035
4427,5,6,57462.400000,22.150000,0.000000,0.000000,0.000000,3.119860,5,02/27/2026 03:22:51,35.500,23.035
4428,5,6,57463.700000,23.450000,0.000000,0.000000,0.000000,3.124743,5,02/27/2026 03:22:53,35.468,23.035
4429,5,6,57465.200000,24.950000,0.000000,0.000000,0.000000,3.129931,5,02/27/2026 03:22:54,35.437,23.051
4430,5,6,57466.820000,26.570000,0.000000,0.000000,0.000000,3.135119,5,02/27/2026 03:22:56,35.421,23.051
4431,5,6,57468.810000,28.560000,0.000000,0.000000,0.000000,3.140612,5,02/27/2026 03:22:58,35.421,23.051
4432,5,6,57471.140000,30.890000,0.000000,0.000000,0.000000,3.145495,5,02/27/2026 03:23:00,35.405,23.035
4433,5,6,57473.380000,33.130000,0.000000,0.000000,0.000000,3.150378,5,02/27/2026 03:23:02,35.390,23.035
4434,5,6,57476.420000,36.170000,0.000000,0.000000,0.000000,3.155261,5,02/27/2026 03:23:05,35.358,23.051
4435,5,6,57479.570000,39.320000,0.000000,0.000000,0.000000,3.160449,5,02/27/2026 03:23:09,35.311,23.067
4436,5,6,57483.700000,43.450000,0.000000,0.000000,0.000000,3.165332,5,02/27/2026 03:23:13,35.232,23.067
4437,5,6,57488.410000,48.160000,0.000000,0.000000,0.000000,3.170520,5,02/27/2026 03:23:17,35.075,23.067
4438,5,6,57494.260000,54.010000,0.000000,0.000000,0.000000,3.175402,5,02/27/2026 03:23:23,34.918,23.067
4439,5,6,57502.150000,61.900000,0.000000,0.000000,0.000000,3.180591,5,02/27/2026 03:23:31,34.839,23.067
4440,5,6,57511.760000,71.510000,0.000000,0.000000,0.000000,3.185473,5,02/27/2026 03:23:41,34.761,23.067
4441,5,6,57524.570000,84.320000,0.000000,0.000000,0.000000,3.190356,5,02/27/2026 03:23:54,34.588,23.083
4442,5,6,57541.450000,101.200000,0.000000,0.000000,0.000000,3.195239,5,02/27/2026 03:24:11,34.210,23.083
4443,5,6,57561.450000,121.200000,0.000000,0.000000,0.000000,3.198901,1,02/27/2026 03:24:30,33.770,23.083
4444,5,6,57581.450000,141.200000,0.000000,0.000000,0.000000,3.201953,1,02/27/2026 03:24:51,33.487,23.099
4445,5,6,57601.450000,161.200000,0.000000,0.000000,0.000000,3.204089,1,02/27/2026 03:25:11,33.251,23.099
4446,5,6,57621.450000,181.200000,0.000000,0.000000,0.000000,3.205921,1,02/27/2026 03:25:31,32.953,23.115
4447,5,6,57641.450000,201.200000,0.000000,0.000000,0.000000,3.206836,1,02/27/2026 03:25:51,32.654,23.115
4448,5,6,57661.450000,221.200000,0.000000,0.000000,0.000000,3.208057,1,02/27/2026 03:26:10,32.450,23.115
4449,5,6,57681.450000,241.200000,0.000000,0.000000,0.000000,3.209277,1,02/27/2026 03:26:31,32.041,23.115
4450,5,6,57701.450000,261.200000,0.000000,0.000000,0.000000,3.209888,1,02/27/2026 03:26:51,31.789,23.115
4451,5,6,57721.450000,281.200000,0.000000,0.000000,0.000000,3.211109,1,02/27/2026 03:27:11,31.585,23.115
4452,5,6,57741.450000,301.200000,0.000000,0.000000,0.000000,3.211414,1,02/27/2026 03:27:31,31.318,23.115
4453,5,6,57761.450000,321.200000,0.000000,0.000000,0.000000,3.211719,1,02/27/2026 03:27:50,31.098,23.099
4454,5,6,57781.450000,341.200000,0.000000,0.000000,0.000000,3.212329,1,02/27/2026 03:28:10,30.862,23.115
4455,5,6,57801.450000,361.200000,0.000000,0.000000,0.000000,3.212634,1,02/27/2026 03:28:30,30.642,23.115
4456,5,6,57821.450000,381.200000,0.000000,0.000000,0.000000,3.213245,1,02/27/2026 03:28:51,30.390,23.099
4457,5,6,57841.450000,401.200000,0.000000,0.000000,0.000000,3.213245,1,02/27/2026 03:29:10,30.186,23.099
4458,5,6,57861.450000,421.200000,0.000000,0.000000,0.000000,3.213550,1,02/27/2026 03:29:31,29.900,23.067
4459,5,6,57881.450000,441.200000,0.000000,0.000000,0.000000,3.213855,1,02/27/2026 03:29:50,29.610,23.035
4460,5,6,57901.450000,461.200000,0.000000,0.000000,0.000000,3.214160,1,02/27/2026 03:30:11,29.320,22.986
4461,5,6,57921.450000,481.200000,0.000000,0.000000,0.000000,3.214160,1,02/27/2026 03:30:30,29.063,22.954
4462,5,6,57941.450000,501.200000,0.000000,0.000000,0.000000,3.214771,1,02/27/2026 03:30:51,28.934,22.922
4463,5,6,57961.450000,521.200000,0.000000,0.000000,0.000000,3.214771,1,02/27/2026 03:31:11,28.789,22.906
4464,5,6,57981.450000,541.200000,0.000000,0.000000,0.000000,3.215076,1,02/27/2026 03:31:30,28.579,22.890
4465,5,6,58001.450000,561.200000,0.000000,0.000000,0.000000,3.215076,1,02/27/2026 03:31:51,28.386,22.874
4466,5,6,58021.450000,581.200000,0.000000,0.000000,0.000000,3.215076,1,02/27/2026 03:32:10,28.209,22.858
4467,5,6,58041.450000,601.200000,0.000000,0.000000,0.000000,3.215381,1,02/27/2026 03:32:30,28.048,22.842
4468,5,6,58061.450000,621.200000,0.000000,0.000000,0.000000,3.215381,1,02/27/2026 03:32:50,27.919,22.826
4469,5,6,58081.450000,641.200000,0.000000,0.000000,0.000000,3.215686,1,02/27/2026 03:33:10,27.742,22.842
4470,5,6,58101.450000,661.200000,0.000000,0.000000,0.000000,3.215686,1,02/27/2026 03:33:31,27.645,22.842
4471,5,6,58121.450000,681.200000,0.000000,0.000000,0.000000,3.215991,1,02/27/2026 03:33:50,27.516,22.858
4472,5,6,58141.450000,701.200000,0.000000,0.000000,0.000000,3.215991,1,02/27/2026 03:34:10,27.371,22.874
4473,5,6,58161.450000,721.200000,0.000000,0.000000,0.000000,3.215991,1,02/27/2026 03:34:30,27.242,22.874
4474,5,6,58181.450000,741.200000,0.000000,0.000000,0.000000,3.216297,1,02/27/2026 03:34:50,27.146,22.890
4475,5,6,58201.450000,761.200000,0.000000,0.000000,0.000000,3.216297,1,02/27/2026 03:35:10,27.033,22.906
4476,5,6,58221.450000,781.200000,0.000000,0.000000,0.000000,3.216297,1,02/27/2026 03:35:30,26.952,22.938
4477,5,6,58241.450000,801.200000,0.000000,0.000000,0.000000,3.216297,1,02/27/2026 03:35:51,26.840,22.938
4478,5,6,58261.450000,821.200000,0.000000,0.000000,0.000000,3.216297,1,02/27/2026 03:36:10,26.759,22.938
4479,5,6,58281.450000,841.200000,0.000000,0.000000,0.000000,3.216297,1,02/27/2026 03:36:30,26.679,22.954
4480,5,6,58301.450000,861.200000,0.000000,0.000000,0.000000,3.216297,1,02/27/2026 03:36:50,26.566,22.954
4481,5,6,58321.450000,881.200000,0.000000,0.000000,0.000000,3.216602,1,02/27/2026 03:37:10,26.485,22.970
4482,5,6,58341.450000,901.200000,0.000000,0.000000,0.000000,3.216602,1,02/27/2026 03:37:30,26.389,22.970
4483,5,6,58361.450000,921.200000,0.000000,0.000000,0.000000,3.216602,1,02/27/2026 03:37:50,26.324,22.970
4484,5,6,58381.450000,941.200000,0.000000,0.000000,0.000000,3.216602,1,02/27/2026 03:38:10,26.276,22.986
4485,5,6,58401.450000,961.200000,0.000000,0.000000,0.000000,3.216602,1,02/27/2026 03:38:30,26.195,22.986
4486,5,6,58421.450000,981.200000,0.000000,0.000000,0.000000,3.216907,1,02/27/2026 03:38:50,26.115,22.986
4487,5,6,58441.450000,1001.200000,0.000000,0.000000,0.000000,3.216602,1,02/27/2026 03:39:10,26.018,22.986
4488,5,6,58461.450000,1021.200000,0.000000,0.000000,0.000000,3.216602,1,02/27/2026 03:39:30,25.938,22.970
4489,5,6,58481.450000,1041.200000,0.000000,0.000000,0.000000,3.217212,1,02/27/2026 03:39:50,25.841,22.954
4490,5,6,58501.450000,1061.200000,0.000000,0.000000,0.000000,3.216907,1,02/27/2026 03:40:10,25.744,22.922
4491,5,6,58521.450000,1081.200000,0.000000,0.000000,0.000000,3.216907,1,02/27/2026 03:40:30,25.648,22.890
4492,5,6,58541.450000,1101.200000,0.000000,0.000000,0.000000,3.216907,1,02/27/2026 03:40:50,25.567,22.858
4493,5,6,58561.450000,1121.200000,0.000000,0.000000,0.000000,3.216602,1,02/27/2026 03:41:10,25.470,22.826
4494,5,6,58581.450000,1141.200000,0.000000,0.000000,0.000000,3.217212,1,02/27/2026 03:41:30,25.422,22.809
4495,5,6,58601.450000,1161.200000,0.000000,0.000000,0.000000,3.216907,1,02/27/2026 03:41:50,25.309,22.761
4496,5,6,58621.450000,1181.200000,0.000000,0.000000,0.000000,3.217212,1,02/27/2026 03:42:10,25.213,22.745
4497,5,6,58641.450000,1201.200000,0.000000,0.000000,0.000000,3.217212,1,02/27/2026 03:42:30,25.164,22.697
4498,5,6,58661.450000,1221.200000,0.000000,0.000000,0.000000,3.217823,1,02/27/2026 03:42:50,25.068,22.665
4499,5,6,58681.450000,1241.200000,0.000000,0.000000,0.000000,3.217212,1,02/27/2026 03:43:10,24.987,22.649
4500,5,6,58701.450000,1261.200000,0.000000,0.000000,0.000000,3.217517,1,02/27/2026 03:43:30,24.923,22.633
4501,5,6,58721.450000,1281.200000,0.000000,0.000000,0.000000,3.217212,1,02/27/2026 03:43:50,24.874,22.633
4502,5,6,58741.450000,1301.200000,0.000000,0.000000,0.000000,3.217212,1,02/27/2026 03:44:10,24.842,22.633
4503,5,6,58761.450000,1321.200000,0.000000,0.000000,0.000000,3.217517,1,02/27/2026 03:44:30,24.778,22.633
4504,5,6,58781.450000,1341.200000,0.000000,0.000000,0.000000,3.217212,1,02/27/2026 03:44:50,24.745,22.649
4505,5,6,58801.450000,1361.200000,0.000000,0.000000,0.000000,3.217823,1,02/27/2026 03:45:10,24.729,22.681
4506,5,6,58821.450000,1381.200000,0.000000,0.000000,0.000000,3.217517,1,02/27/2026 03:45:30,24.713,22.713
4507,5,6,58841.450000,1401.200000,0.000000,0.000000,0.000000,3.217517,1,02/27/2026 03:45:50,24.681,22.729
4508,5,6,58861.450000,1421.200000,0.000000,0.000000,0.000000,3.218128,1,02/27/2026 03:46:10,24.665,22.761
4509,5,6,58881.450000,1441.200000,0.000000,0.000000,0.000000,3.217517,1,02/27/2026 03:46:30,24.649,22.793
4510,5,6,58901.450000,1461.200000,0.000000,0.000000,0.000000,3.217517,1,02/27/2026 03:46:50,24.633,22.826
4511,5,6,58921.450000,1481.200000,0.000000,0.000000,0.000000,3.217823,1,02/27/2026 03:47:10,24.617,22.858
4512,5,6,58941.450000,1501.200000,0.000000,0.000000,0.000000,3.217823,1,02/27/2026 03:47:30,24.601,22.874
4513,5,6,58961.450000,1521.200000,0.000000,0.000000,0.000000,3.217517,1,02/27/2026 03:47:50,24.601,22.906
4514,5,6,58981.450000,1541.200000,0.000000,0.000000,0.000000,3.217517,1,02/27/2026 03:48:10,24.584,22.922
4515,5,6,59001.450000,1561.200000,0.000000,0.000000,0.000000,3.217823,1,02/27/2026 03:48:30,24.584,22.954
4516,5,6,59021.450000,1581.200000,0.000000,0.000000,0.000000,3.217823,1,02/27/2026 03:48:50,24.552,22.970
4517,5,6,59041.450000,1601.200000,0.000000,0.000000,0.000000,3.217517,1,02/27/2026 03:49:10,24.552,22.986
4518,5,6,59061.450000,1621.200000,0.000000,0.000000,0.000000,3.217517,1,02/27/2026 03:49:30,24.536,23.019
4519,5,6,59081.450000,1641.200000,0.000000,0.000000,0.000000,3.218128,1,02/27/2026 03:49:50,24.536,23.035
4520,5,6,59101.450000,1661.200000,0.000000,0.000000,0.000000,3.217517,1,02/27/2026 03:50:10,24.520,23.067
4521,5,6,59121.450000,1681.200000,0.000000,0.000000,0.000000,3.217517,1,02/27/2026 03:50:30,24.504,23.083
4522,5,6,59141.450000,1701.200000,0.000000,0.000000,0.000000,3.217212,1,02/27/2026 03:50:50,24.472,23.083
4523,5,6,59161.450000,1721.200000,0.000000,0.000000,0.000000,3.217517,1,02/27/2026 03:51:10,24.439,23.067
4524,5,6,59181.450000,1741.200000,0.000000,0.000000,0.000000,3.217823,1,02/27/2026 03:51:30,24.391,23.019
4525,5,6,59201.450000,1761.200000,0.000000,0.000000,0.000000,3.217823,1,02/27/2026 03:51:50,24.327,22.986
4526,5,6,59221.450000,1781.200000,0.000000,0.000000,0.000000,3.217517,1,02/27/2026 03:52:10,24.246,22.954
4527,5,6,59240.250000,1800.000000,0.000000,0.000000,0.000000,3.217823,129,02/27/2026 03:52:29,24.230,22.938
4528,5,7,59240.400000,1800.150000,0.000047,0.000157,2.353857,3.371939,0,02/27/2026 03:52:30,24.230,22.938
4529,5,7,59240.410000,1800.160000,0.000054,0.000179,2.489967,3.380179,4,02/27/2026 03:52:30,24.230,22.938
4530,5,7,59240.420000,1800.170000,0.000061,0.000203,2.625315,3.390249,4,02/27/2026 03:52:30,24.230,22.938
4531,5,7,59240.430000,1800.180000,0.000068,0.000227,2.757153,3.398795,4,02/27/2026 03:52:30,24.230,22.938
4532,5,7,59240.440000,1800.190000,0.000076,0.000253,2.880293,3.408255,4,02/27/2026 03:52:30,24.230,22.938
4533,5,7,59240.450000,1800.200000,0.000084,0.000281,3.001450,3.415579,4,02/27/2026 03:52:30,24.230,22.938
4534,5,7,59240.610000,1800.360000,0.000217,0.000737,2.999771,3.424125,5,02/27/2026 03:52:30,24.230,22.938
4535,5,7,59240.840000,1800.590000,0.000409,0.001394,3.000076,3.431144,5,02/27/2026 03:52:30,24.230,22.938
4536,5,7,59241.140000,1800.890000,0.000659,0.002253,2.999771,3.437552,5,02/27/2026 03:52:31,24.230,22.938
4537,5,7,59241.530000,1801.280000,0.000983,0.003371,2.999619,3.443656,5,02/27/2026 03:52:31,24.214,22.938
4538,5,7,59242.110000,1801.860000,0.001467,0.005037,3.000076,3.449454,5,02/27/2026 03:52:32,24.214,22.938
4539,5,7,59242.900000,1802.650000,0.002125,0.007310,2.999771,3.454643,5,02/27/2026 03:52:32,24.214,22.938
4540,5,7,59244.080000,1803.830000,0.003108,0.010709,3.000076,3.460136,5,02/27/2026 03:52:34,24.214,22.938
4541,5,7,59246.030000,1805.780000,0.004733,0.016336,2.999924,3.465019,5,02/27/2026 03:52:36,24.214,22.922
4542,5,7,59248.370000,1808.120000,0.006683,0.023098,2.999771,3.469902,5,02/27/2026 03:52:38,24.198,22.922
4543,5,7,59251.980000,1811.730000,0.009691,0.033545,3.000076,3.475090,5,02/27/2026 03:52:42,24.198,22.922
4544,5,7,59257.060000,1816.810000,0.013925,0.048266,2.999771,3.479973,5,02/27/2026 03:52:47,24.198,22.906
4545,5,7,59263.360000,1823.110000,0.019174,0.066549,3.000076,3.484855,5,02/27/2026 03:52:53,24.214,22.890
4546,5,7,59273.210000,1832.960000,0.027382,0.095174,2.999924,3.489738,5,02/27/2026 03:53:03,24.278,22.874
4547,5,7,59285.620000,1845.370000,0.037724,0.131288,2.999924,3.494621,5,02/27/2026 03:53:15,24.375,22.858
4548,5,7,59302.880000,1862.630000,0.052106,0.181586,2.999619,3.499504,5,02/27/2026 03:53:32,24.520,22.858
4549,5,7,59320.430000,1880.180000,0.066731,0.232799,2.999924,3.504387,5,02/27/2026 03:53:50,24.681,22.858
4550,5,7,59339.490000,1899.240000,0.082613,0.288496,2.999771,3.509270,5,02/27/2026 03:54:09,24.858,22.874
4551,5,7,59356.600000,1916.350000,0.096871,0.338566,2.999924,3.514153,5,02/27/2026 03:54:26,25.003,22.874
4552,5,7,59374.960000,1934.710000,0.112170,0.392367,3.000229,3.519036,5,02/27/2026 03:54:44,25.164,22.890
4553,5,7,59394.520000,1954.270000,0.128469,0.449764,2.999924,3.523919,5,02/27/2026 03:55:04,25.342,22.890
4554,5,7,59414.520000,1974.270000,0.145135,0.508531,3.000076,3.528191,1,02/27/2026 03:55:24,25.503,22.906
4555,5,7,59434.520000,1994.270000,0.161801,0.567373,2.999924,3.532464,1,02/27/2026 03:55:44,25.664,22.906
4556,5,7,59454.520000,2014.270000,0.178467,0.626279,2.999924,3.536126,1,02/27/2026 03:56:04,25.793,22.906
4557,5,7,59474.520000,2034.270000,0.195133,0.685243,2.999619,3.539178,1,02/27/2026 03:56:24,25.921,22.890
4558,5,7,59494.520000,2054.270000,0.211799,0.744253,2.999771,3.541924,1,02/27/2026 03:56:44,26.050,22.906
4559,5,7,59514.520000,2074.270000,0.228465,0.803303,2.999924,3.544366,1,02/27/2026 03:57:04,26.179,22.922
4560,5,7,59534.520000,2094.270000,0.245131,0.862390,2.999619,3.546197,1,02/27/2026 03:57:24,26.324,22.938
4561,5,7,59554.520000,2114.270000,0.261797,0.921506,2.999924,3.547723,1,02/27/2026 03:57:44,26.453,22.938
4562,5,7,59574.520000,2134.270000,0.278463,0.980647,2.999771,3.549248,1,02/27/2026 03:58:04,26.582,22.938
4563,5,7,59594.520000,2154.270000,0.295129,1.039810,2.999771,3.550164,1,02/27/2026 03:58:24,26.711,22.954
4564,5,7,59609.250000,2169.000000,0.307403,1.083395,2.999924,3.551385,164,02/27/2026 03:58:39,26.807,22.954
4565,5,8,59609.260000,2169.010000,0.307403,1.083395,2.700999,3.534600,0,02/27/2026 03:58:39,26.807,22.954
4566,5,8,59629.260000,2189.010000,0.322410,1.136395,2.699779,3.530938,1,02/27/2026 03:58:59,26.936,22.954
4567,5,8,59649.260000,2209.010000,0.337409,1.189362,2.700084,3.531548,1,02/27/2026 03:59:19,27.017,22.970
4568,5,8,59669.260000,2229.010000,0.352409,1.242338,2.699626,3.532464,1,02/27/2026 03:59:39,27.113,22.970
4569,5,8,59689.260000,2249.010000,0.367408,1.295326,2.699931,3.533074,1,02/27/2026 03:59:59,27.178,22.970
4570,5,8,59709.260000,2269.010000,0.382407,1.348327,2.700084,3.533989,1,02/27/2026 04:00:19,27.258,22.986
4571,5,8,59729.260000,2289.010000,0.397407,1.401340,2.699779,3.534600,1,02/27/2026 04:00:39,27.339,23.002
4572,5,8,59749.260000,2309.010000,0.412406,1.454364,2.699931,3.535821,1,02/27/2026 04:00:59,27.468,23.019
4573,5,8,59769.260000,2329.010000,0.427405,1.507401,2.699931,3.536126,1,02/27/2026 04:01:19,27.581,23.035
4574,5,8,59789.260000,2349.010000,0.442404,1.560452,2.699931,3.537346,1,02/27/2026 04:01:39,27.677,23.051
4575,5,8,59809.260000,2369.010000,0.457404,1.613514,2.700237,3.537957,1,02/27/2026 04:01:59,27.774,23.083
4576,5,8,59829.260000,2389.010000,0.472403,1.666589,2.699779,3.538567,1,02/27/2026 04:02:19,27.854,23.099
4577,5,8,59849.260000,2409.010000,0.487402,1.719674,2.699779,3.539178,1,02/27/2026 04:02:39,27.999,23.131
4578,5,8,59869.260000,2429.010000,0.502402,1.772770,2.699931,3.540093,1,02/27/2026 04:02:59,28.064,23.147
4579,5,8,59889.260000,2449.010000,0.517401,1.825878,2.700084,3.541009,1,02/27/2026 04:03:19,28.144,23.179
4580,5,8,59909.260000,2469.010000,0.532400,1.878998,2.699779,3.541924,1,02/27/2026 04:03:39,28.257,23.195
4581,5,8,59929.260000,2489.010000,0.547400,1.932130,2.699779,3.542535,1,02/27/2026 04:03:59,28.322,23.212
4582,5,8,59949.260000,2509.010000,0.562399,1.985275,2.699779,3.543145,1,02/27/2026 04:04:19,28.434,23.228
4583,5,8,59969.260000,2529.010000,0.577398,2.038433,2.699626,3.544671,1,02/27/2026 04:04:39,28.483,23.244
4584,5,8,59989.260000,2549.010000,0.592397,2.091607,2.699931,3.545586,1,02/27/2026 04:04:59,28.531,23.260
4585,5,8,60009.260000,2569.010000,0.607397,2.144796,2.699931,3.546502,1,02/27/2026 04:05:19,28.612,23.276
4586,5,8,60019.040000,2578.790000,0.614731,2.170810,2.700084,3.546807,164,02/27/2026 04:05:29,28.660,23.276
4587,5,9,60019.060000,2578.810000,0.614745,2.170857,2.400855,3.530632,0,02/27/2026 04:05:29,28.660,23.276
4588,5,9,60039.060000,2598.810000,0.628077,2.217881,2.399786,3.526055,1,02/27/2026 04:05:49,28.773,23.292
4589,5,9,60059.060000,2618.810000,0.641410,2.264894,2.399786,3.526055,1,02/27/2026 04:06:09,28.853,23.292
4590,5,9,60079.060000,2638.810000,0.654743,2.311915,2.399939,3.526970,1,02/27/2026 04:06:29,28.869,23.308
4591,5,9,60099.060000,2658.810000,0.668075,2.358951,2.399786,3.528496,1,02/27/2026 04:06:49,28.837,23.324
4592,5,9,60119.060000,2678.810000,0.681408,2.406004,2.399786,3.529412,1,02/27/2026 04:07:09,28.869,23.324
4593,5,9,60139.060000,2698.810000,0.694741,2.453071,2.399634,3.530632,1,02/27/2026 04:07:29,28.885,23.340
4594,5,9,60159.060000,2718.810000,0.708073,2.500153,2.399939,3.531853,1,02/27/2026 04:07:49,28.918,23.340
4595,5,9,60179.060000,2738.810000,0.721406,2.547249,2.399939,3.532769,1,02/27/2026 04:08:09,28.966,23.340
4596,5,9,60199.060000,2758.810000,0.734739,2.594364,2.399786,3.534295,1,02/27/2026 04:08:29,28.918,23.356
4597,5,9,60219.060000,2778.810000,0.748071,2.641494,2.399939,3.535515,1,02/27/2026 04:08:49,28.998,23.356
4598,5,9,60239.060000,2798.810000,0.761404,2.688641,2.400092,3.537041,1,02/27/2026 04:09:09,28.982,23.356
4599,5,9,60259.060000,2818.810000,0.774737,2.735807,2.399634,3.538262,1,02/27/2026 04:09:29,29.047,23.356
4600,5,9,60279.060000,2838.810000,0.788069,2.782989,2.399786,3.539178,1,02/27/2026 04:09:49,29.079,23.356
4601,5,9,60299.060000,2858.810000,0.801402,2.830187,2.399634,3.540398,1,02/27/2026 04:10:09,29.014,23.372
4602,5,9,60319.060000,2878.810000,0.814735,2.877401,2.399786,3.541619,1,02/27/2026 04:10:29,29.127,23.372
4603,5,9,60339.060000,2898.810000,0.828067,2.924631,2.399939,3.543145,1,02/27/2026 04:10:49,29.111,23.356
4604,5,9,60359.060000,2918.810000,0.841400,2.971880,2.399939,3.544976,1,02/27/2026 04:11:09,29.047,23.356
4605,5,9,60379.060000,2938.810000,0.854733,3.019148,2.400244,3.545892,1,02/27/2026 04:11:29,29.159,23.356
4606,5,9,60399.060000,2958.810000,0.868065,3.066434,2.400092,3.547112,1,02/27/2026 04:11:49,29.175,23.356
4607,5,9,60419.060000,2978.810000,0.881398,3.113737,2.399939,3.548638,1,02/27/2026 04:12:09,29.192,23.356
4608,5,9,60439.060000,2998.810000,0.894731,3.161058,2.399939,3.549859,1,02/27/2026 04:12:29,29.192,23.340
4609,5,9,60459.060000,3018.810000,0.908063,3.208398,2.399786,3.551080,1,02/27/2026 04:12:49,29.127,23.324
4610,5,9,60479.060000,3038.810000,0.921396,3.255756,2.400092,3.552605,1,02/27/2026 04:13:09,29.208,23.292
4611,5,9,60480.100000,3039.850000,0.922089,3.258219,2.399939,3.552605,164,02/27/2026 04:13:10,29.208,23.308
4612,5,10,60480.110000,3039.860000,0.922089,3.258219,1.352712,3.498894,0,02/27/2026 04:13:10,29.208,23.308
4613,5,10,60480.380000,3040.130000,0.922194,3.258586,1.349813,3.493400,5,02/27/2026 04:13:10,29.208,23.292
4614,5,10,60481.260000,3041.010000,0.922524,3.259738,1.349813,3.488518,5,02/27/2026 04:13:11,29.208,23.292
4615,5,10,60483.220000,3042.970000,0.923259,3.262299,1.350118,3.483635,5,02/27/2026 04:13:13,29.192,23.292
4616,5,10,60487.270000,3047.020000,0.924778,3.267586,1.349660,3.478752,5,02/27/2026 04:13:17,29.143,23.292
4617,5,10,60494.510000,3054.260000,0.927493,3.277023,1.349966,3.473564,5,02/27/2026 04:13:24,29.175,23.292
4618,5,10,60514.510000,3074.260000,0.934992,3.303053,1.349813,3.468986,1,02/27/2026 04:13:44,29.111,23.260
4619,5,10,60534.510000,3094.260000,0.942492,3.329062,1.349966,3.467765,1,02/27/2026 04:14:04,28.966,23.244
4620,5,10,60554.510000,3114.260000,0.949991,3.355069,1.349813,3.467765,1,02/27/2026 04:14:24,28.869,23.212
4621,5,10,60574.510000,3134.260000,0.957491,3.381082,1.349660,3.468986,1,02/27/2026 04:14:44,28.789,23.195
4622,5,10,60594.510000,3154.260000,0.964990,3.407102,1.349660,3.469902,1,02/27/2026 04:15:04,28.644,23.179
4623,5,10,60614.510000,3174.260000,0.972490,3.433131,1.349813,3.471122,1,02/27/2026 04:15:24,28.595,23.163
4624,5,10,60634.510000,3194.260000,0.979989,3.459169,1.350118,3.472343,1,02/27/2026 04:15:44,28.483,23.131
4625,5,10,60654.510000,3214.260000,0.987489,3.485217,1.349660,3.473869,1,02/27/2026 04:16:04,28.402,23.115
4626,5,10,60674.510000,3234.260000,0.994988,3.511275,1.350118,3.475090,1,02/27/2026 04:16:24,28.306,23.099
4627,5,10,60694.510000,3254.260000,1.002488,3.537343,1.349966,3.476310,1,02/27/2026 04:16:44,28.241,23.083
4628,5,10,60714.510000,3274.260000,1.009987,3.563423,1.349966,3.478141,1,02/27/2026 04:17:04,28.144,23.067
4629,5,10,60734.510000,3294.260000,1.017487,3.589512,1.350118,3.479362,1,02/27/2026 04:17:24,28.032,23.051
4630,5,10,60754.510000,3314.260000,1.024986,3.615611,1.349813,3.480278,1,02/27/2026 04:17:44,27.935,23.035
4631,5,10,60774.510000,3334.260000,1.032486,3.641719,1.349813,3.482109,1,02/27/2026 04:18:04,27.871,23.035
4632,5,10,60794.510000,3354.260000,1.039985,3.667838,1.349966,3.483330,1,02/27/2026 04:18:24,27.838,23.019
4633,5,10,60814.510000,3374.260000,1.047485,3.693966,1.349966,3.485161,1,02/27/2026 04:18:44,27.742,23.002
4634,5,10,60834.510000,3394.260000,1.054984,3.720106,1.349966,3.486381,1,02/27/2026 04:19:04,27.661,22.986
4635,5,10,60854.510000,3414.260000,1.062484,3.746255,1.349966,3.486992,1,02/27/2026 04:19:24,27.613,22.986
4636,5,10,60874.510000,3434.260000,1.069983,3.772413,1.349966,3.488518,1,02/27/2026 04:19:44,27.548,22.970
4637,5,10,60894.510000,3454.260000,1.077483,3.798582,1.349813,3.490349,1,02/27/2026 04:20:04,27.484,22.970
4638,5,10,60914.510000,3474.260000,1.084982,3.824760,1.349966,3.490654,1,02/27/2026 04:20:24,27.436,22.970
4639,5,10,60934.510000,3494.260000,1.092482,3.850947,1.350118,3.492180,1,02/27/2026 04:20:44,27.403,22.970
4640,5,10,60954.510000,3514.260000,1.099981,3.877147,1.349660,3.494011,1,02/27/2026 04:21:04,27.355,22.986
4641,5,10,60974.510000,3534.260000,1.107481,3.903357,1.349660,3.495537,1,02/27/2026 04:21:24,27.323,22.986
4642,5,10,60994.510000,3554.260000,1.114980,3.929576,1.349966,3.496452,1,02/27/2026 04:21:44,27.258,23.002
4643,5,10,61014.510000,3574.260000,1.122480,3.955804,1.349813,3.497978,1,02/27/2026 04:22:04,27.242,23.019
4644,5,10,61034.510000,3594.260000,1.129979,3.982043,1.349813,3.499199,1,02/27/2026 04:22:24,27.194,23.019
4645,5,10,61054.510000,3614.260000,1.137479,4.008291,1.349966,3.500420,1,02/27/2026 04:22:44,27.162,23.035
4646,5,10,61074.510000,3634.260000,1.144978,4.034549,1.349966,3.501946,1,02/27/2026 04:23:04,27.162,23.035
4647,5,10,61094.510000,3654.260000,1.152478,4.060820,1.349966,3.503777,1,02/27/2026 04:23:24,27.130,23.035
4648,5,10,61114.510000,3674.260000,1.159977,4.087102,1.349966,3.504997,1,02/27/2026 04:23:44,27.113,23.051
4649,5,10,61134.510000,3694.260000,1.167477,4.113393,1.349813,3.506523,1,02/27/2026 04:24:04,27.097,23.067
4650,5,10,61154.510000,3714.260000,1.174976,4.139695,1.349813,3.508049,1,02/27/2026 04:24:24,27.065,23.067
4651,5,10,61174.510000,3734.260000,1.182476,4.166007,1.350118,3.509270,1,02/27/2026 04:24:44,27.049,23.083
4652,5,10,61194.510000,3754.260000,1.189975,4.192331,1.349660,3.510796,1,02/27/2026 04:25:04,27.033,23.083
4653,5,10,61214.510000,3774.260000,1.197474,4.218667,1.349813,3.512016,1,02/27/2026 04:25:24,27.001,23.083
4654,5,10,61234.510000,3794.260000,1.204974,4.245016,1.349813,3.513848,1,02/27/2026 04:25:44,27.017,23.083
4655,5,10,61254.510000,3814.260000,1.212473,4.271376,1.349966,3.515373,1,02/27/2026 04:26:04,26.968,23.099
4656,5,10,61274.510000,3834.260000,1.219973,4.297748,1.350118,3.516899,1,02/27/2026 04:26:24,26.985,23.099
4657,5,10,61294.510000,3854.260000,1.227472,4.324132,1.349966,3.518730,1,02/27/2026 04:26:44,26.888,23.099
4658,5,10,61299.710000,3859.460000,1.229422,4.330995,1.349966,3.519646,164,02/27/2026 04:26:49,26.888,23.099
4659,5,11,61299.720000,3859.470000,1.229422,4.330995,0.753948,3.486687,0,02/27/2026 04:26:49,26.888,23.099
4660,5,11,61300.090000,3859.840000,1.229501,4.331271,0.749676,3.481498,5,02/27/2026 04:26:50,26.888,23.099
4661,5,11,61301.170000,3860.920000,1.229726,4.332053,0.749828,3.476005,5,02/27/2026 04:26:51,26.888,23.099
4662,5,11,61303.430000,3863.180000,1.230197,4.333689,0.749981,3.470817,5,02/27/2026 04:26:53,26.888,23.083
4663,5,11,61307.570000,3867.320000,1.231060,4.336680,0.749828,3.465934,5,02/27/2026 04:26:57,26.904,23.099
4664,5,11,61315.290000,3875.040000,1.232668,4.342250,0.749828,3.461051,5,02/27/2026 04:27:05,26.904,23.099
4665,5,11,61329.740000,3889.490000,1.235678,4.352660,0.749981,3.456168,5,02/27/2026 04:27:19,26.856,23.083
4666,5,11,61349.740000,3909.490000,1.239844,4.367054,0.749828,3.453727,1,02/27/2026 04:27:39,26.791,23.067
4667,5,11,61369.740000,3929.490000,1.244010,4.381441,0.749981,3.453117,1,02/27/2026 04:27:59,26.711,23.067
4668,5,11,61389.740000,3949.490000,1.248177,4.395826,0.749828,3.452506,1,02/27/2026 04:28:19,26.646,23.051
4669,5,11,61409.740000,3969.490000,1.252343,4.410212,0.749981,3.453117,1,02/27/2026 04:28:39,26.550,23.035
4670,5,11,61429.740000,3989.490000,1.256509,4.424600,0.749981,3.453422,1,02/27/2026 04:28:59,26.501,23.002
4671,5,11,61449.740000,4009.490000,1.260675,4.438990,0.749828,3.454337,1,02/27/2026 04:29:19,26.389,22.970
4672,5,11,61469.740000,4029.490000,1.264842,4.453384,0.749828,3.455253,1,02/27/2026 04:29:39,26.308,22.954
4673,5,11,61489.740000,4049.490000,1.269008,4.467783,0.749828,3.456474,1,02/27/2026 04:29:59,26.244,22.922
4674,5,11,61509.740000,4069.490000,1.273174,4.482186,0.749676,3.457084,1,02/27/2026 04:30:19,26.147,22.890
4675,5,11,61529.740000,4089.490000,1.277340,4.496593,0.749828,3.458610,1,02/27/2026 04:30:39,26.115,22.874
4676,5,11,61549.740000,4109.490000,1.281507,4.511006,0.750134,3.460136,1,02/27/2026 04:30:59,26.034,22.874
4677,5,11,61569.740000,4129.490000,1.285673,4.525425,0.749981,3.461357,1,02/27/2026 04:31:19,25.970,22.858
4678,5,11,61589.740000,4149.490000,1.289839,4.539848,0.749828,3.462577,1,02/27/2026 04:31:39,25.938,22.858
4679,5,11,61609.740000,4169.490000,1.294005,4.554277,0.749828,3.463798,1,02/27/2026 04:31:59,25.905,22.874
4680,5,11,61629.740000,4189.490000,1.298172,4.568710,0.749828,3.465019,1,02/27/2026 04:32:19,25.873,22.874
4681,5,11,61649.740000,4209.490000,1.302338,4.583149,0.749981,3.466239,1,02/27/2026 04:32:39,25.825,22.890
4682,5,11,61669.740000,4229.490000,1.306504,4.597593,0.749828,3.468070,1,02/27/2026 04:32:59,25.825,22.906
4683,5,11,61689.740000,4249.490000,1.310670,4.612044,0.749828,3.468986,1,02/27/2026 04:33:19,25.793,22.906
4684,5,11,61709.740000,4269.490000,1.314837,4.626500,0.749828,3.470207,1,02/27/2026 04:33:39,25.793,22.922
4685,5,11,61729.740000,4289.490000,1.319003,4.640962,0.749828,3.471427,1,02/27/2026 04:33:59,25.760,22.938
4686,5,11,61749.740000,4309.490000,1.323169,4.655429,0.749981,3.472953,1,02/27/2026 04:34:19,25.744,22.954
4687,5,11,61769.740000,4329.490000,1.327335,4.669902,0.749828,3.474174,1,02/27/2026 04:34:39,25.744,22.970
4688,5,11,61789.740000,4349.490000,1.331502,4.684380,0.749828,3.475700,1,02/27/2026 04:34:59,25.712,22.970
4689,5,11,61809.740000,4369.490000,1.335668,4.698865,0.749981,3.477531,1,02/27/2026 04:35:19,25.680,22.986
4690,5,11,61829.740000,4389.490000,1.339834,4.713356,0.750134,3.478447,1,02/27/2026 04:35:39,25.680,22.986
4691,5,11,61849.740000,4409.490000,1.344000,4.727853,0.749981,3.480278,1,02/27/2026 04:35:59,25.648,23.002
4692,5,11,61869.740000,4429.490000,1.348167,4.742356,0.749981,3.481498,1,02/27/2026 04:36:19,25.664,23.019
4693,5,11,61889.740000,4449.490000,1.352333,4.756865,0.749828,3.483330,1,02/27/2026 04:36:39,25.631,23.019
4694,5,11,61909.740000,4469.490000,1.356499,4.771381,0.749981,3.485161,1,02/27/2026 04:36:59,25.648,23.035
4695,5,11,61929.740000,4489.490000,1.360665,4.785904,0.749828,3.486992,1,02/27/2026 04:37:19,25.615,23.051
4696,5,11,61949.740000,4509.490000,1.364831,4.800433,0.749828,3.487907,1,02/27/2026 04:37:39,25.583,23.051
4697,5,11,61969.740000,4529.490000,1.368998,4.814970,0.749981,3.489433,1,02/27/2026 04:37:59,25.551,23.035
4698,5,11,61989.740000,4549.490000,1.373164,4.829513,0.749828,3.491264,1,02/27/2026 04:38:19,25.535,23.035
4699,5,11,62009.740000,4569.490000,1.377330,4.844063,0.749981,3.493400,1,02/27/2026 04:38:39,25.503,23.002
4700,5,11,62029.740000,4589.490000,1.381496,4.858622,0.749981,3.495232,1,02/27/2026 04:38:59,25.454,22.986
4701,5,11,62049.740000,4609.490000,1.385663,4.873188,0.749981,3.496757,1,02/27/2026 04:39:19,25.422,22.970
4702,5,11,62069.740000,4629.490000,1.389829,4.887762,0.749676,3.498894,1,02/27/2026 04:39:39,25.390,22.954
4703,5,11,62089.740000,4649.490000,1.393995,4.902343,0.749981,3.500725,1,02/27/2026 04:39:59,25.358,22.922
4704,5,11,62109.740000,4669.490000,1.398161,4.916933,0.750286,3.503166,1,02/27/2026 04:40:19,25.309,22.906
4705,5,11,62129.740000,4689.490000,1.402328,4.931533,0.750134,3.504997,1,02/27/2026 04:40:39,25.277,22.890
4706,5,11,62149.740000,4709.490000,1.406494,4.946141,0.749981,3.507439,1,02/27/2026 04:40:59,25.261,22.858
4707,5,11,62169.740000,4729.490000,1.410660,4.960758,0.749676,3.509575,1,02/27/2026 04:41:19,25.213,22.842
4708,5,11,62189.740000,4749.490000,1.414826,4.975385,0.749676,3.512016,1,02/27/2026 04:41:39,25.197,22.826
4709,5,11,62209.740000,4769.490000,1.418993,4.990023,0.749981,3.514458,1,02/27/2026 04:41:59,25.180,22.826
4710,5,11,62229.740000,4789.490000,1.423159,5.004671,0.749981,3.516899,1,02/27/2026 04:42:19,25.180,22.842
4711,5,11,62249.740000,4809.490000,1.427325,5.019330,0.749828,3.519951,1,02/27/2026 04:42:39,25.197,22.858
4712,5,11,62269.740000,4829.490000,1.431491,5.034000,0.750134,3.522393,1,02/27/2026 04:42:59,25.197,22.858
4713,5,11,62289.740000,4849.490000,1.435658,5.048682,0.750134,3.525444,1,02/27/2026 04:43:19,25.229,22.874
4714,5,11,62309.740000,4869.490000,1.439824,5.063376,0.749828,3.528801,1,02/27/2026 04:43:39,25.197,22.890
4715,5,11,62329.740000,4889.490000,1.443990,5.078084,0.750286,3.531548,1,02/27/2026 04:43:59,25.213,22.906
4716,5,11,62349.740000,4909.490000,1.448156,5.092806,0.749828,3.535210,1,02/27/2026 04:44:19,25.229,22.922
4717,5,11,62369.740000,4929.490000,1.452323,5.107543,0.750134,3.538872,1,02/27/2026 04:44:39,25.245,22.922
4718,5,11,62389.740000,4949.490000,1.456489,5.122296,0.750134,3.542840,1,02/27/2026 04:44:59,25.261,22.938
4719,5,11,62409.740000,4969.490000,1.460655,5.137067,0.750134,3.547417,1,02/27/2026 04:45:19,25.293,22.954
4720,5,11,62429.740000,4989.490000,1.464821,5.151856,0.750134,3.551995,1,02/27/2026 04:45:39,25.309,22.970
4721,5,11,62447.810000,5007.560000,1.468586,5.165236,0.749828,3.556878,5,02/27/2026 04:45:57,25.342,22.986
4722,5,11,62464.990000,5024.740000,1.472164,5.177974,0.749981,3.561761,5,02/27/2026 04:46:14,25.342,22.986
4723,5,11,62480.680000,5040.430000,1.475433,5.189624,0.750134,3.566644,5,02/27/2026 04:46:30,25.358,23.002
4724,5,11,62495.550000,5055.300000,1.478530,5.200679,0.749981,3.571527,5,02/27/2026 04:46:45,25.374,23.019
4725,5,11,62508.970000,5068.720000,1.481326,5.210670,0.750134,3.576410,5,02/27/2026 04:46:58,25.374,23.035
4726,5,11,62520.830000,5080.580000,1.483796,5.219512,0.749981,3.581292,5,02/27/2026 04:47:10,25.390,23.051
4727,5,11,62532.640000,5092.390000,1.486257,5.228329,0.749828,3.586175,5,02/27/2026 04:47:22,25.406,23.067
4728,5,11,62542.930000,5102.680000,1.488400,5.236022,0.749981,3.591058,5,02/27/2026 04:47:32,25.422,23.083
4729,5,11,62552.430000,5112.180000,1.490379,5.243133,0.749828,3.595941,5,02/27/2026 04:47:42,25.438,23.099
4730,5,11,62561.600000,5121.350000,1.492289,5.250007,0.750134,3.600824,5,02/27/2026 04:47:51,25.454,23.099
4731,5,11,62569.800000,5129.550000,1.493998,5.256162,0.749981,3.606012,5,02/27/2026 04:47:59,25.454,23.099
4732,5,11,62579.120000,5138.870000,1.495939,5.263167,0.749828,3.610895,5,02/27/2026 04:48:09,25.454,23.099
4733,5,11,62586.120000,5145.870000,1.497397,5.268436,0.749981,3.615778,5,02/27/2026 04:48:16,25.438,23.099
4734,5,11,62593.650000,5153.400000,1.498966,5.274112,0.749828,3.620661,5,02/27/2026 04:48:23,25.454,23.083
4735,5,11,62600.210000,5159.960000,1.500332,5.279063,0.749981,3.625544,5,02/27/2026 04:48:30,25.454,23.083
4736,5,11,62606.270000,5166.020000,1.501595,5.283643,0.750134,3.630426,5,02/27/2026 04:48:36,25.470,23.099
4737,5,11,62612.590000,5172.340000,1.502911,5.288425,0.749828,3.635920,5,02/27/2026 04:48:42,25.470,23.083
4738,5,11,62619.000000,5178.750000,1.504246,5.293283,0.749828,3.641108,5,02/27/2026 04:48:48,25.470,23.083
4739,5,11,62624.840000,5184.590000,1.505463,5.297716,0.750134,3.646296,5,02/27/2026 04:48:54,25.470,23.083
4740,5,11,62629.770000,5189.520000,1.506489,5.301459,0.739910,3.649958,4,02/27/2026 04:48:59,25.470,23.083
4741,5,11,62630.760000,5190.510000,1.506691,5.302197,0.729839,3.650263,4,02/27/2026 04:49:00,25.470,23.083
4742,5,11,62632.590000,5192.340000,1.507059,5.303541,0.719463,3.649958,4,02/27/2026 04:49:02,25.486,23.083
4743,5,11,62634.580000,5194.330000,1.507454,5.304983,0.709392,3.649653,4,02/27/2026 04:49:04,25.486,23.083
4744,5,11,62636.680000,5196.430000,1.507866,5.306484,0.699321,3.650263,4,02/27/2026 04:49:06,25.486,23.067
4745,5,11,62639.320000,5199.070000,1.508375,5.308343,0.688945,3.650263,4,02/27/2026 04:49:09,25.486,23.067
4746,5,11,62641.390000,5201.140000,1.508768,5.309778,0.678874,3.649958,4,02/27/2026 04:49:11,25.486,23.067
4747,5,11,62644.280000,5204.030000,1.509309,5.311754,0.668803,3.650263,4,02/27/2026 04:49:14,25.486,23.083
4748,5,11,62646.770000,5206.520000,1.509768,5.313430,0.658732,3.649958,4,02/27/2026 04:49:16,25.503,23.083
4749,5,11,62649.590000,5209.340000,1.510280,5.315298,0.648356,3.650263,4,02/27/2026 04:49:19,25.503,23.083
4750,5,11,62651.640000,5211.390000,1.510647,5.316636,0.638285,3.649958,4,02/27/2026 04:49:21,25.503,23.067
4751,5,11,62654.810000,5214.560000,1.511205,5.318672,0.627909,3.650263,4,02/27/2026 04:49:24,25.486,23.067
4752,5,11,62657.290000,5217.040000,1.511634,5.320239,0.617838,3.649958,4,02/27/2026 04:49:27,25.486,23.067
4753,5,11,62659.800000,5219.550000,1.512061,5.321798,0.607767,3.649958,4,02/27/2026 04:49:29,25.486,23.067
4754,5,11,62662.850000,5222.600000,1.512572,5.323664,0.597696,3.650263,4,02/27/2026 04:49:32,25.486,23.067
4755,5,11,62665.750000,5225.500000,1.513050,5.325406,0.587625,3.649958,4,02/27/2026 04:49:35,25.486,23.051
4756,5,11,62668.110000,5227.860000,1.513431,5.326800,0.577401,3.650263,4,02/27/2026 04:49:38,25.486,23.051
4757,5,11,62671.350000,5231.100000,1.513947,5.328681,0.567178,3.649958,4,02/27/2026 04:49:41,25.503,23.051
4758,5,11,62673.660000,5233.410000,1.514308,5.329999,0.556954,3.649958,4,02/27/2026 04:49:43,25.503,23.051
4759,5,11,62676.890000,5236.640000,1.514804,5.331809,0.546883,3.649958,4,02/27/2026 04:49:46,25.503,23.067
4760,5,11,62679.960000,5239.710000,1.515266,5.333495,0.536812,3.649958,4,02/27/2026 04:49:49,25.503,23.051
4761,5,11,62682.710000,5242.460000,1.515672,5.334978,0.526741,3.650263,4,02/27/2026 04:49:52,25.486,23.051
4762,5,11,62685.540000,5245.290000,1.516082,5.336475,0.516670,3.649958,4,02/27/2026 04:49:55,25.486,23.051
4763,5,11,62688.490000,5248.240000,1.516502,5.338007,0.506600,3.650263,4,02/27/2026 04:49:58,25.503,23.051
4764,5,11,62691.490000,5251.240000,1.516920,5.339534,0.496529,3.649958,4,02/27/2026 04:50:01,25.486,23.051
4765,5,11,62694.730000,5254.480000,1.517363,5.341150,0.486458,3.649958,4,02/27/2026 04:50:04,25.486,23.051
4766,5,11,62698.040000,5257.790000,1.517805,5.342764,0.476234,3.649958,4,02/27/2026 04:50:07,25.470,23.035
4767,5,11,62700.610000,5260.360000,1.518142,5.343992,0.466011,3.649653,4,02/27/2026 04:50:10,25.470,23.035
4768,5,11,62704.440000,5264.190000,1.518632,5.345784,0.455940,3.650263,4,02/27/2026 04:50:14,25.470,23.035
4769,5,11,62707.760000,5267.510000,1.519047,5.347299,0.445869,3.650263,4,02/27/2026 04:50:17,25.454,23.035
4770,5,11,62710.610000,5270.360000,1.519396,5.348572,0.435798,3.649958,4,02/27/2026 04:50:20,25.454,23.035
4771,5,11,62713.810000,5273.560000,1.519780,5.349973,0.425269,3.649958,4,02/27/2026 04:50:23,25.454,23.019
4772,5,11,62717.610000,5277.360000,1.520225,5.351595,0.414893,3.650263,4,02/27/2026 04:50:27,25.438,23.019
4773,5,11,62721.140000,5280.890000,1.520627,5.353064,0.404669,3.649958,4,02/27/2026 04:50:31,25.422,23.002
4774,5,11,62724.450000,5284.200000,1.520995,5.354408,0.394598,3.649958,4,02/27/2026 04:50:34,25.406,23.002
4775,5,11,62727.950000,5287.700000,1.521375,5.355794,0.384527,3.649958,4,02/27/2026 04:50:37,25.406,23.002
4776,5,11,62732.180000,5291.930000,1.521822,5.357425,0.374304,3.649958,4,02/27/2026 04:50:42,25.406,23.002
4777,5,11,62735.760000,5295.510000,1.522189,5.358766,0.364233,3.649958,4,02/27/2026 04:50:45,25.374,22.986
4778,5,11,62740.120000,5299.870000,1.522624,5.360354,0.354009,3.649958,4,02/27/2026 04:50:50,25.374,22.986
4779,5,11,62744.120000,5303.870000,1.523012,5.361768,0.343938,3.649958,4,02/27/2026 04:50:54,25.390,22.986
4780,5,11,62747.890000,5307.640000,1.523367,5.363065,0.333867,3.649958,4,02/27/2026 04:50:57,25.374,22.986
4781,5,11,62752.360000,5312.110000,1.523775,5.364555,0.323796,3.650263,4,02/27/2026 04:51:02,25.374,22.970
4782,5,11,62756.960000,5316.710000,1.524182,5.366039,0.313725,3.649958,4,02/27/2026 04:51:06,25.358,22.970
4783,5,11,62760.910000,5320.660000,1.524521,5.367276,0.303655,3.650263,4,02/27/2026 04:51:10,25.358,22.970
4784,5,11,62765.330000,5325.080000,1.524889,5.368619,0.293431,3.650263,4,02/27/2026 04:51:15,25.374,22.954
4785,5,11,62770.400000,5330.150000,1.525295,5.370103,0.283360,3.649958,4,02/27/2026 04:51:20,25.358,22.970
4786,5,11,62775.280000,5335.030000,1.525674,5.371484,0.273289,3.650263,4,02/27/2026 04:51:25,25.358,22.970
4787,5,11,62780.190000,5339.940000,1.526041,5.372824,0.263218,3.649958,4,02/27/2026 04:51:30,25.342,22.970
4788,5,11,62786.590000,5346.340000,1.526501,5.374502,0.253147,3.649958,4,02/27/2026 04:51:36,25.342,22.954
4789,5,11,62791.530000,5351.280000,1.526841,5.375745,0.243076,3.649653,4,02/27/2026 04:51:41,25.325,22.954
4790,5,11,62797.050000,5356.800000,1.527207,5.377080,0.233005,3.649653,4,02/27/2026 04:51:46,25.309,22.954
4791,5,11,62803.110000,5362.860000,1.527592,5.378486,0.222934,3.649653,4,02/27/2026 04:51:53,25.309,22.954
4792,5,11,62810.190000,5369.940000,1.528022,5.380056,0.212863,3.649958,4,02/27/2026 04:52:05,25.293,22.954
4793,5,11,62817.250000,5377.000000,1.528430,5.381544,0.202792,3.649958,4,02/27/2026 04:52:07,25.277,22.938
4794,5,11,62824.350000,5384.100000,1.528819,5.382967,0.192721,3.649958,4,02/27/2026 04:52:14,25.245,22.938
4795,5,11,62832.170000,5391.920000,1.529227,5.384453,0.182650,3.649958,4,02/27/2026 04:52:22,25.213,22.938
4796,5,11,62839.240000,5398.990000,1.529577,5.385733,0.172580,3.649653,4,02/27/2026 04:52:29,25.213,22.922
4797,5,11,62848.700000,5408.450000,1.530020,5.387347,0.162509,3.649958,4,02/27/2026 04:52:38,25.197,22.922
4798,5,11,62857.220000,5416.970000,1.530394,5.388715,0.152438,3.649958,4,02/27/2026 04:52:47,25.197,22.922
4799,5,11,62867.590000,5427.340000,1.530823,5.390278,0.142367,3.649958,4,02/27/2026 04:52:57,25.180,22.938
4800,5,11,62878.260000,5438.010000,1.531234,5.391780,0.132296,3.649653,4,02/27/2026 04:53:08,25.180,22.938
4801,5,11,62891.950000,5451.700000,1.531721,5.393558,0.122225,3.649958,4,02/27/2026 04:53:21,25.164,22.938
4802,5,11,62905.590000,5465.340000,1.532166,5.395182,0.112001,3.649958,4,02/27/2026 04:53:35,25.148,22.954
4803,5,11,62919.520000,5479.270000,1.532583,5.396703,0.101930,3.649958,4,02/27/2026 04:53:49,25.132,22.970
4804,5,11,62937.250000,5497.000000,1.533065,5.398461,0.091707,3.649653,4,02/27/2026 04:54:07,25.132,22.986
4805,5,11,62957.250000,5517.000000,1.533550,5.400235,0.083619,3.649653,1,02/27/2026 04:54:27,25.116,23.002
4806,5,11,62975.700000,5535.450000,1.533951,5.401698,0.073396,3.649958,4,02/27/2026 04:54:45,25.100,23.019
4807,5,11,62995.700000,5555.450000,1.534342,5.403125,0.066835,3.649958,1,02/27/2026 04:55:05,25.084,23.035
4808,5,11,63015.700000,5575.450000,1.534693,5.404407,0.059205,3.649653,1,02/27/2026 04:55:25,25.068,23.051
4809,5,11,63035.700000,5595.450000,1.535010,5.405560,0.053712,3.649653,1,02/27/2026 04:55:45,25.052,23.051
4810,5,11,63055.700000,5615.450000,1.535296,5.406605,0.048524,3.649958,1,02/27/2026 04:56:05,25.019,23.083
4811,5,11,63075.700000,5635.450000,1.535555,5.407552,0.045014,3.649958,1,02/27/2026 04:56:25,25.003,23.083
4812,5,11,63095.700000,5655.450000,1.535791,5.408413,0.040436,3.649958,1,02/27/2026 04:56:45,24.971,23.099
4813,5,11,63115.700000,5675.450000,1.536007,5.409201,0.036927,3.650263,1,02/27/2026 04:57:05,24.955,23.099
4814,5,11,63135.700000,5695.450000,1.536205,5.409924,0.034485,3.649958,1,02/27/2026 04:57:25,24.939,23.115
4815,5,11,63155.700000,5715.450000,1.536387,5.410589,0.031586,3.649958,1,02/27/2026 04:57:45,24.923,23.131
4816,5,11,63175.700000,5735.450000,1.536555,5.411202,0.029908,3.649653,1,02/27/2026 04:58:05,24.907,23.147
4817,5,11,63195.700000,5755.450000,1.536711,5.411769,0.027771,3.649958,1,02/27/2026 04:58:25,24.890,23.163
4818,5,11,63215.700000,5775.450000,1.536854,5.412294,0.025483,3.649958,1,02/27/2026 04:58:45,24.890,23.163
4819,5,11,63235.700000,5795.450000,1.536988,5.412781,0.023651,3.649958,1,02/27/2026 04:59:05,24.858,23.179
4820,5,11,63255.700000,5815.450000,1.537112,5.413235,0.021363,3.649958,1,02/27/2026 04:59:25,24.826,23.195
4821,5,11,63275.700000,5835.450000,1.537228,5.413658,0.020294,3.649653,1,02/27/2026 04:59:45,24.794,23.179
4822,5,11,63295.700000,5855.450000,1.537337,5.414054,0.018006,3.649958,1,02/27/2026 05:00:05,24.762,23.179
4823,5,11,63315.700000,5875.450000,1.537438,5.414424,0.017700,3.649958,1,02/27/2026 05:00:25,24.713,23.147
4824,5,11,63335.700000,5895.450000,1.537533,5.414770,0.017090,3.649958,1,02/27/2026 05:00:45,24.665,23.115
4825,5,11,63338.010000,5897.760000,1.537544,5.414810,0.014801,3.649653,132,02/27/2026 05:00:47,24.649,23.115
4826,5,12,63338.020000,0.010000,0.000000,0.000000,0.000000,3.649042,0,02/27/2026 05:00:47,24.649,23.115
4827,5,12,63343.800000,5.790000,0.000000,0.000000,0.000000,3.644160,5,02/27/2026 05:00:53,24.633,23.099
4828,5,12,63351.180000,13.170000,0.000000,0.000000,0.000000,3.639277,5,02/27/2026 05:01:01,24.617,23.099
4829,5,12,63359.100000,21.090000,0.000000,0.000000,0.000000,3.634089,5,02/27/2026 05:01:08,24.601,23.099
4830,5,12,63368.400000,30.390000,0.000000,0.000000,0.000000,3.628901,5,02/27/2026 05:01:18,24.568,23.083
4831,5,12,63379.230000,41.220000,0.000000,0.000000,0.000000,3.624018,5,02/27/2026 05:01:29,24.568,23.067
4832,5,12,63389.520000,51.510000,0.000000,0.000000,0.000000,3.619135,5,02/27/2026 05:01:39,24.536,23.067
4833,5,12,63401.400000,63.390000,0.000000,0.000000,0.000000,3.614252,5,02/27/2026 05:01:51,24.520,23.051
4834,5,12,63413.540000,75.530000,0.000000,0.000000,0.000000,3.609369,5,02/27/2026 05:02:03,24.488,23.051
4835,5,12,63426.930000,88.920000,0.000000,0.000000,0.000000,3.604486,5,02/27/2026 05:02:16,24.472,23.035
4836,5,12,63441.190000,103.180000,0.000000,0.000000,0.000000,3.599603,5,02/27/2026 05:02:31,24.456,23.019
4837,5,12,63456.690000,118.680000,0.000000,0.000000,0.000000,3.594720,5,02/27/2026 05:02:46,24.423,23.002
4838,5,12,63473.680000,135.670000,0.000000,0.000000,0.000000,3.589837,5,02/27/2026 05:03:03,24.391,23.002
4839,5,12,63491.270000,153.260000,0.000000,0.000000,0.000000,3.584955,5,02/27/2026 05:03:21,24.359,22.970
4840,5,12,63511.270000,173.260000,0.000000,0.000000,0.000000,3.580072,1,02/27/2026 05:03:41,24.327,22.970
4841,5,12,63531.270000,193.260000,0.000000,0.000000,0.000000,3.575494,1,02/27/2026 05:04:01,24.327,22.986
4842,5,12,63551.270000,213.260000,0.000000,0.000000,0.000000,3.571527,1,02/27/2026 05:04:21,24.311,22.986
4843,5,12,63571.270000,233.260000,0.000000,0.000000,0.000000,3.566949,1,02/27/2026 05:04:41,24.294,22.986
4844,5,12,63591.270000,253.260000,0.000000,0.000000,0.000000,3.563592,1,02/27/2026 05:05:01,24.278,23.019
4845,5,12,63611.270000,273.260000,0.000000,0.000000,0.000000,3.560235,1,02/27/2026 05:05:21,24.294,23.035
4846,5,12,63631.270000,293.260000,0.000000,0.000000,0.000000,3.557183,1,02/27/2026 05:05:41,24.294,23.051
4847,5,12,63651.270000,313.260000,0.000000,0.000000,0.000000,3.553826,1,02/27/2026 05:06:01,24.311,23.067
4848,5,12,63671.270000,333.260000,0.000000,0.000000,0.000000,3.550469,1,02/27/2026 05:06:21,24.327,23.083
4849,5,12,63691.270000,353.260000,0.000000,0.000000,0.000000,3.548028,1,02/27/2026 05:06:41,24.294,23.099
4850,5,12,63711.270000,373.260000,0.000000,0.000000,0.000000,3.545586,1,02/27/2026 05:07:01,24.294,23.131
4851,5,12,63731.270000,393.260000,0.000000,0.000000,0.000000,3.543450,1,02/27/2026 05:07:21,24.311,23.131
4852,5,12,63751.270000,413.260000,0.000000,0.000000,0.000000,3.540703,1,02/27/2026 05:07:41,24.294,23.131
4853,5,12,63771.270000,433.260000,0.000000,0.000000,0.000000,3.538872,1,02/27/2026 05:08:01,24.311,23.163
4854,5,12,63791.270000,453.260000,0.000000,0.000000,0.000000,3.536126,1,02/27/2026 05:08:21,24.294,23.179
4855,5,12,63811.270000,473.260000,0.000000,0.000000,0.000000,3.533684,1,02/27/2026 05:08:41,24.311,23.179
4856,5,12,63831.270000,493.260000,0.000000,0.000000,0.000000,3.532158,1,02/27/2026 05:09:01,24.294,23.195
4857,5,12,63851.270000,513.260000,0.000000,0.000000,0.000000,3.530327,1,02/27/2026 05:09:21,24.294,23.195
4858,5,12,63871.270000,533.260000,0.000000,0.000000,0.000000,3.528191,1,02/27/2026 05:09:41,24.294,23.212
4859,5,12,63891.270000,553.260000,0.000000,0.000000,0.000000,3.526360,1,02/27/2026 05:10:01,24.294,23.212
4860,5,12,63911.270000,573.260000,0.000000,0.000000,0.000000,3.525139,1,02/27/2026 05:10:21,24.262,23.212
4861,5,12,63931.270000,593.260000,0.000000,0.000000,0.000000,3.523308,1,02/27/2026 05:10:41,24.278,23.212
4862,5,12,63951.270000,613.260000,0.000000,0.000000,0.000000,3.521477,1,02/27/2026 05:11:01,24.246,23.212
4863,5,12,63971.270000,633.260000,0.000000,0.000000,0.000000,3.519951,1,02/27/2026 05:11:21,24.230,23.195
4864,5,12,63991.270000,653.260000,0.000000,0.000000,0.000000,3.518730,1,02/27/2026 05:11:41,24.198,23.179
4865,5,12,64011.270000,673.260000,0.000000,0.000000,0.000000,3.517510,1,02/27/2026 05:12:01,24.166,23.163
4866,5,12,64031.270000,693.260000,0.000000,0.000000,0.000000,3.516289,1,02/27/2026 05:12:21,24.133,23.131
4867,5,12,64051.270000,713.260000,0.000000,0.000000,0.000000,3.514763,1,02/27/2026 05:12:41,24.117,23.131
4868,5,12,64071.270000,733.260000,0.000000,0.000000,0.000000,3.513542,1,02/27/2026 05:13:01,24.085,23.099
4869,5,12,64091.270000,753.260000,0.000000,0.000000,0.000000,3.512322,1,02/27/2026 05:13:21,24.053,23.083
4870,5,12,64111.270000,773.260000,0.000000,0.000000,0.000000,3.511101,1,02/27/2026 05:13:41,24.021,23.051
4871,5,12,64131.270000,793.260000,0.000000,0.000000,0.000000,3.509270,1,02/27/2026 05:14:01,24.004,23.035
4872,5,12,64151.270000,813.260000,0.000000,0.000000,0.000000,3.508354,1,02/27/2026 05:14:21,23.988,23.035
4873,5,12,64171.270000,833.260000,0.000000,0.000000,0.000000,3.507744,1,02/27/2026 05:14:41,23.988,23.035
4874,5,12,64191.270000,853.260000,0.000000,0.000000,0.000000,3.506218,1,02/27/2026 05:15:01,23.988,23.019
4875,5,12,64211.270000,873.260000,0.000000,0.000000,0.000000,3.504997,1,02/27/2026 05:15:21,23.988,23.035
4876,5,12,64231.270000,893.260000,0.000000,0.000000,0.000000,3.504082,1,02/27/2026 05:15:41,24.004,23.035
4877,5,12,64251.270000,913.260000,0.000000,0.000000,0.000000,3.503471,1,02/27/2026 05:16:01,23.988,23.035
4878,5,12,64271.270000,933.260000,0.000000,0.000000,0.000000,3.502251,1,02/27/2026 05:16:21,24.004,23.051
4879,5,12,64291.270000,953.260000,0.000000,0.000000,0.000000,3.501030,1,02/27/2026 05:16:41,24.021,23.067
4880,5,12,64311.270000,973.260000,0.000000,0.000000,0.000000,3.500420,1,02/27/2026 05:17:01,24.037,23.083
4881,5,12,64331.270000,993.260000,0.000000,0.000000,0.000000,3.499199,1,02/27/2026 05:17:21,24.053,23.099
4882,5,12,64351.270000,1013.260000,0.000000,0.000000,0.000000,3.498589,1,02/27/2026 05:17:41,24.053,23.115
4883,5,12,64371.270000,1033.260000,0.000000,0.000000,0.000000,3.497673,1,02/27/2026 05:18:01,24.069,23.131
4884,5,12,64391.270000,1053.260000,0.000000,0.000000,0.000000,3.496452,1,02/27/2026 05:18:21,24.069,23.147
4885,5,12,64411.270000,1073.260000,0.000000,0.000000,0.000000,3.495842,1,02/27/2026 05:18:41,24.085,23.163
4886,5,12,64431.270000,1093.260000,0.000000,0.000000,0.000000,3.494926,1,02/27/2026 05:19:01,24.101,23.195
4887,5,12,64451.270000,1113.260000,0.000000,0.000000,0.000000,3.494621,1,02/27/2026 05:19:21,24.101,23.195
4888,5,12,64471.270000,1133.260000,0.000000,0.000000,0.000000,3.493706,1,02/27/2026 05:19:41,24.117,23.212
4889,5,12,64491.270000,1153.260000,0.000000,0.000000,0.000000,3.492485,1,02/27/2026 05:20:01,24.117,23.228
4890,5,12,64511.270000,1173.260000,0.000000,0.000000,0.000000,3.492180,1,02/27/2026 05:20:21,24.117,23.228
4891,5,12,64531.270000,1193.260000,0.000000,0.000000,0.000000,3.490654,1,02/27/2026 05:20:41,24.117,23.228
4892,5,12,64551.270000,1213.260000,0.000000,0.000000,0.000000,3.490654,1,02/27/2026 05:21:01,24.101,23.212
4893,5,12,64571.270000,1233.260000,0.000000,0.000000,0.000000,3.489738,1,02/27/2026 05:21:21,24.085,23.195
4894,5,12,64591.270000,1253.260000,0.000000,0.000000,0.000000,3.488823,1,02/27/2026 05:21:41,24.053,23.179
4895,5,12,64611.270000,1273.260000,0.000000,0.000000,0.000000,3.488212,1,02/27/2026 05:22:01,24.021,23.147
4896,5,12,64631.270000,1293.260000,0.000000,0.000000,0.000000,3.487602,1,02/27/2026 05:22:21,23.988,23.099
4897,5,12,64651.270000,1313.260000,0.000000,0.000000,0.000000,3.486992,1,02/27/2026 05:22:41,23.956,23.083
4898,5,12,64671.270000,1333.260000,0.000000,0.000000,0.000000,3.486381,1,02/27/2026 05:23:01,23.940,23.067
4899,5,12,64691.270000,1353.260000,0.000000,0.000000,0.000000,3.486076,1,02/27/2026 05:23:21,23.924,23.051
4900,5,12,64711.270000,1373.260000,0.000000,0.000000,0.000000,3.484855,1,02/27/2026 05:23:41,23.924,23.035
4901,5,12,64731.270000,1393.260000,0.000000,0.000000,0.000000,3.484855,1,02/27/2026 05:24:01,23.908,23.035
4902,5,12,64751.270000,1413.260000,0.000000,0.000000,0.000000,3.483940,1,02/27/2026 05:24:21,23.892,23.035
4903,5,12,64771.270000,1433.260000,0.000000,0.000000,0.000000,3.483330,1,02/27/2026 05:24:41,23.892,23.035
4904,5,12,64791.270000,1453.260000,0.000000,0.000000,0.000000,3.483330,1,02/27/2026 05:25:01,23.892,23.051
4905,5,12,64811.270000,1473.260000,0.000000,0.000000,0.000000,3.482414,1,02/27/2026 05:25:21,23.908,23.051
4906,5,12,64831.270000,1493.260000,0.000000,0.000000,0.000000,3.482109,1,02/27/2026 05:25:41,23.908,23.067
4907,5,12,64851.270000,1513.260000,0.000000,0.000000,0.000000,3.481193,1,02/27/2026 05:26:01,23.924,23.083
4908,5,12,64871.270000,1533.260000,0.000000,0.000000,0.000000,3.480583,1,02/27/2026 05:26:21,23.924,23.099
4909,5,12,64891.270000,1553.260000,0.000000,0.000000,0.000000,3.480278,1,02/27/2026 05:26:41,23.940,23.099
4910,5,12,64911.270000,1573.260000,0.000000,0.000000,0.000000,3.479973,1,02/27/2026 05:27:01,23.956,23.115
4911,5,12,64931.270000,1593.260000,0.000000,0.000000,0.000000,3.479362,1,02/27/2026 05:27:21,23.972,23.131
4912,5,12,64951.270000,1613.260000,0.000000,0.000000,0.000000,3.479057,1,02/27/2026 05:27:41,23.988,23.147
4913,5,12,64971.270000,1633.260000,0.000000,0.000000,0.000000,3.478141,1,02/27/2026 05:28:01,23.988,23.179
4914,5,12,64991.270000,1653.260000,0.000000,0.000000,0.000000,3.477531,1,02/27/2026 05:28:21,24.021,23.195
4915,5,12,65011.270000,1673.260000,0.000000,0.000000,0.000000,3.477226,1,02/27/2026 05:28:41,24.021,23.212
4916,5,12,65031.270000,1693.260000,0.000000,0.000000,0.000000,3.476921,1,02/27/2026 05:29:01,24.037,23.228
4917,5,12,65051.270000,1713.260000,0.000000,0.000000,0.000000,3.476616,1,02/27/2026 05:29:21,24.053,23.228
4918,5,12,65071.270000,1733.260000,0.000000,0.000000,0.000000,3.475395,1,02/27/2026 05:29:41,24.069,23.244
4919,5,12,65091.270000,1753.260000,0.000000,0.000000,0.000000,3.475090,1,02/27/2026 05:30:01,24.085,23.260
4920,5,12,65111.270000,1773.260000,0.000000,0.000000,0.000000,3.474479,1,02/27/2026 05:30:21,24.101,23.276
4921,5,12,65131.270000,1793.260000,0.000000,0.000000,0.000000,3.474479,1,02/27/2026 05:30:41,24.101,23.276
4922,5,12,65138.010000,1800.000000,0.000000,0.000000,0.000000,3.474174,129,02/27/2026 05:30:47,24.101,23.292
4923,6,5,65138.050000,0.040000,0.000041,0.000132,-3.752193,3.238880,0,02/27/2026 05:30:48,24.101,23.292
4924,6,5,65138.210000,0.200000,0.000207,0.000669,-3.750210,3.212024,5,02/27/2026 05:30:48,24.101,23.292
4925,6,5,65138.330000,0.320000,0.000332,0.001070,-3.750057,3.197070,5,02/27/2026 05:30:48,24.101,23.292
4926,6,5,65138.450000,0.440000,0.000457,0.001468,-3.750057,3.183948,5,02/27/2026 05:30:48,24.101,23.292
4927,6,5,65138.580000,0.570000,0.000593,0.001898,-3.749905,3.172045,5,02/27/2026 05:30:48,24.101,23.292
4928,6,5,65138.730000,0.720000,0.000749,0.002393,-3.750210,3.161059,5,02/27/2026 05:30:49,24.101,23.292
4929,6,5,65138.880000,0.870000,0.000905,0.002886,-3.750057,3.151293,5,02/27/2026 05:30:49,24.101,23.292
4930,6,5,65139.040000,1.030000,0.001072,0.003410,-3.749905,3.141833,5,02/27/2026 05:30:49,24.101,23.292
4931,6,5,65139.220000,1.210000,0.001260,0.003998,-3.749905,3.132982,5,02/27/2026 05:30:49,24.101,23.292
4932,6,5,65139.410000,1.400000,0.001458,0.004617,-3.750057,3.124743,5,02/27/2026 05:30:49,24.101,23.292
4933,6,5,65139.620000,1.610000,0.001676,0.005300,-3.749752,3.117113,5,02/27/2026 05:30:50,24.101,23.292
4934,6,5,65139.830000,1.820000,0.001895,0.005981,-3.749752,3.110094,5,02/27/2026 05:30:50,24.101,23.292
4935,6,5,65140.060000,2.050000,0.002135,0.006725,-3.750057,3.103075,5,02/27/2026 05:30:50,24.101,23.292
4936,6,5,65140.330000,2.320000,0.002416,0.007596,-3.750210,3.096666,5,02/27/2026 05:30:50,24.101,23.292
4937,6,5,65140.610000,2.600000,0.002707,0.008499,-3.750057,3.090257,5,02/27/2026 05:30:50,24.101,23.292
4938,6,5,65140.910000,2.900000,0.003020,0.009463,-3.749599,3.084154,5,02/27/2026 05:30:51,24.101,23.292
4939,6,5,65141.260000,3.250000,0.003385,0.010586,-3.750057,3.078050,5,02/27/2026 05:30:51,24.101,23.292
4940,6,5,65141.680000,3.670000,0.003822,0.011932,-3.750057,3.071641,5,02/27/2026 05:30:52,24.101,23.292
4941,6,5,65142.160000,4.150000,0.004322,0.013466,-3.750057,3.066148,5,02/27/2026 05:30:52,24.101,23.292
4942,6,5,65142.650000,4.640000,0.004832,0.015029,-3.749905,3.060655,5,02/27/2026 05:30:53,24.101,23.292
4943,6,5,65143.290000,5.280000,0.005499,0.017068,-3.750057,3.055161,5,02/27/2026 05:30:53,24.101,23.292
4944,6,5,65144.090000,6.080000,0.006332,0.019611,-3.749905,3.049668,5,02/27/2026 05:30:54,24.117,23.292
4945,6,5,65144.950000,6.940000,0.007228,0.022341,-3.750210,3.044785,5,02/27/2026 05:30:55,24.117,23.292
4946,6,5,65146.120000,8.110000,0.008447,0.026048,-3.750057,3.039902,5,02/27/2026 05:30:56,24.117,23.292
4947,6,5,65147.420000,9.410000,0.009801,0.030161,-3.749905,3.035019,5,02/27/2026 05:30:57,24.117,23.292
4948,6,5,65149.420000,11.410000,0.011885,0.036479,-3.749905,3.029831,5,02/27/2026 05:30:59,24.133,23.292
4949,6,5,65151.750000,13.740000,0.014312,0.043827,-3.750057,3.024949,5,02/27/2026 05:31:02,24.133,23.292
4950,6,5,65154.810000,16.800000,0.017499,0.053462,-3.750210,3.020066,5,02/27/2026 05:31:05,24.149,23.292
4951,6,5,65158.550000,20.540000,0.021395,0.065218,-3.750057,3.015183,5,02/27/2026 05:31:08,24.198,23.308
4952,6,5,65163.470000,25.460000,0.026520,0.080659,-3.749752,3.010300,5,02/27/2026 05:31:13,24.246,23.292
4953,6,5,65169.980000,31.970000,0.033301,0.101056,-3.750057,3.005417,5,02/27/2026 05:31:20,24.343,23.308
4954,6,5,65178.740000,40.730000,0.042426,0.128459,-3.749905,3.000534,5,02/27/2026 05:31:29,24.456,23.308
4955,6,5,65195.040000,57.030000,0.059405,0.179362,-3.750210,2.995651,5,02/27/2026 05:31:45,24.713,23.308
4956,6,5,65215.040000,77.030000,0.080239,0.241740,-3.750057,2.992294,1,02/27/2026 05:32:05,25.003,23.292
4957,6,5,65235.040000,97.030000,0.101072,0.304083,-3.750057,2.991989,1,02/27/2026 05:32:25,25.309,23.292
4958,6,5,65255.040000,117.030000,0.121905,0.366419,-3.750057,2.991989,1,02/27/2026 05:32:45,25.583,23.260
4959,6,5,65275.040000,137.030000,0.142739,0.428761,-3.749905,2.992599,1,02/27/2026 05:33:05,25.873,23.244
4960,6,5,65295.040000,157.030000,0.163572,0.491117,-3.750057,2.993210,1,02/27/2026 05:33:25,26.131,23.228
4961,6,5,65315.040000,177.030000,0.184405,0.553486,-3.749905,2.994125,1,02/27/2026 05:33:45,26.356,23.195
4962,6,5,65335.040000,197.030000,0.205239,0.615872,-3.750057,2.994736,1,02/27/2026 05:34:05,26.582,23.163
4963,6,5,65355.040000,217.030000,0.226072,0.678275,-3.749905,2.995651,1,02/27/2026 05:34:25,26.807,23.131
4964,6,5,65375.040000,237.030000,0.246905,0.740691,-3.749752,2.995956,1,02/27/2026 05:34:45,27.049,23.115
4965,6,5,65395.040000,257.030000,0.267739,0.803118,-3.750057,2.996567,1,02/27/2026 05:35:05,27.275,23.099
4966,6,5,65415.040000,277.030000,0.288572,0.865553,-3.750057,2.997482,1,02/27/2026 05:35:25,27.452,23.067
4967,6,5,65435.040000,297.030000,0.309405,0.927997,-3.750057,2.997482,1,02/27/2026 05:35:45,27.661,23.051
4968,6,5,65455.040000,317.030000,0.330239,0.990446,-3.750210,2.997787,1,02/27/2026 05:36:05,27.822,23.051
4969,6,5,65475.040000,337.030000,0.351072,1.052899,-3.749905,2.997787,1,02/27/2026 05:36:25,28.032,23.067
4970,6,5,65495.040000,357.030000,0.371905,1.115354,-3.749905,2.997787,1,02/27/2026 05:36:45,28.257,23.067
4971,6,5,65515.040000,377.030000,0.392739,1.177809,-3.750057,2.998093,1,02/27/2026 05:37:05,28.402,23.083
4972,6,5,65535.040000,397.030000,0.413572,1.240262,-3.750057,2.997482,1,02/27/2026 05:37:25,28.644,23.099
4973,6,5,65555.040000,417.030000,0.434405,1.302710,-3.750057,2.997177,1,02/27/2026 05:37:45,28.773,23.115
4974,6,5,65575.040000,437.030000,0.455239,1.365150,-3.750057,2.996872,1,02/27/2026 05:38:05,29.014,23.131
4975,6,5,65595.040000,457.030000,0.476072,1.427581,-3.750057,2.996567,1,02/27/2026 05:38:25,29.127,23.147
4976,6,5,65615.040000,477.030000,0.496905,1.490003,-3.749905,2.995651,1,02/27/2026 05:38:45,29.336,23.179
4977,6,5,65635.040000,497.030000,0.517739,1.552411,-3.750057,2.995041,1,02/27/2026 05:39:05,29.530,23.195
4978,6,5,65655.040000,517.030000,0.538572,1.614802,-3.750057,2.993820,1,02/27/2026 05:39:25,29.691,23.212
4979,6,5,65675.040000,537.030000,0.559405,1.677175,-3.750210,2.993515,1,02/27/2026 05:39:45,29.852,23.212
4980,6,5,65695.040000,557.030000,0.580239,1.739531,-3.750210,2.992599,1,02/27/2026 05:40:05,29.868,23.228
4981,6,5,65715.040000,577.030000,0.601072,1.801868,-3.750057,2.991684,1,02/27/2026 05:40:25,30.107,23.244
4982,6,5,65735.040000,597.030000,0.621905,1.864185,-3.750057,2.990463,1,02/27/2026 05:40:45,30.233,23.260
4983,6,5,65755.040000,617.030000,0.642739,1.926479,-3.750210,2.989548,1,02/27/2026 05:41:05,30.359,23.260
4984,6,5,65775.040000,637.030000,0.663572,1.988751,-3.750057,2.988327,1,02/27/2026 05:41:25,30.422,23.276
4985,6,5,65795.040000,657.030000,0.684405,2.050997,-3.749905,2.987106,1,02/27/2026 05:41:45,30.563,23.276
4986,6,5,65815.040000,677.030000,0.705239,2.113210,-3.750057,2.985275,1,02/27/2026 05:42:05,30.610,23.292
4987,6,5,65835.040000,697.030000,0.726072,2.175393,-3.749905,2.984054,1,02/27/2026 05:42:25,30.767,23.292
4988,6,5,65855.040000,717.030000,0.746905,2.237547,-3.749905,2.982528,1,02/27/2026 05:42:45,30.830,23.292
4989,6,5,65875.040000,737.030000,0.767739,2.299666,-3.750210,2.981003,1,02/27/2026 05:43:05,30.956,23.292
4990,6,5,65895.040000,757.030000,0.788572,2.361754,-3.750210,2.979477,1,02/27/2026 05:43:25,31.035,23.276
4991,6,5,65915.040000,777.030000,0.809405,2.423807,-3.750057,2.977646,1,02/27/2026 05:43:45,31.145,23.244
4992,6,5,65935.040000,797.030000,0.830239,2.485814,-3.749905,2.975814,1,02/27/2026 05:44:05,31.145,23.228
4993,6,5,65955.040000,817.030000,0.851072,2.547782,-3.750057,2.973373,1,02/27/2026 05:44:25,31.192,23.195
4994,6,5,65975.040000,837.030000,0.871905,2.609709,-3.750057,2.971542,1,02/27/2026 05:44:45,31.255,23.179
4995,6,5,65995.040000,857.030000,0.892739,2.671593,-3.749905,2.969406,1,02/27/2026 05:45:05,31.349,23.163
4996,6,5,66015.040000,877.030000,0.913572,2.733426,-3.749905,2.966659,1,02/27/2026 05:45:25,31.365,23.147
4997,6,5,66035.040000,897.030000,0.934405,2.795209,-3.750210,2.964218,1,02/27/2026 05:45:45,31.396,23.131
4998,6,5,66055.040000,917.030000,0.955239,2.856943,-3.750057,2.961471,1,02/27/2026 05:46:05,31.459,23.115
4999,6,5,66075.040000,937.030000,0.976072,2.918621,-3.750057,2.958724,1,02/27/2026 05:46:25,31.491,23.115
5000,6,5,66095.040000,957.030000,0.996905,2.980241,-3.750057,2.955978,1,02/27/2026 05:46:45,31.648,23.115
5001,6,5,66115.040000,977.030000,1.017739,3.041802,-3.750057,2.953231,1,02/27/2026 05:47:05,31.695,23.131
5002,6,5,66135.040000,997.030000,1.038572,3.103298,-3.749905,2.949874,1,02/27/2026 05:47:25,31.774,23.147
5003,6,5,66155.040000,1017.030000,1.059405,3.164727,-3.749905,2.946212,1,02/27/2026 05:47:45,31.884,23.163
5004,6,5,66175.040000,1037.030000,1.080239,3.226082,-3.750057,2.943160,1,02/27/2026 05:48:05,31.962,23.179
5005,6,5,66195.040000,1057.030000,1.101072,3.287358,-3.750057,2.939193,1,02/27/2026 05:48:25,32.057,23.179
5006,6,5,66215.040000,1077.030000,1.121905,3.348555,-3.749905,2.935531,1,02/27/2026 05:48:45,32.167,23.195
5007,6,5,66233.240000,1095.230000,1.140864,3.404163,-3.750057,2.930648,5,02/27/2026 05:49:03,32.245,23.212
5008,6,5,66253.240000,1115.230000,1.161697,3.465181,-3.749905,2.926375,1,02/27/2026 05:49:23,32.308,23.212
5009,6,5,66270.420000,1132.410000,1.179593,3.517507,-3.749905,2.921187,5,02/27/2026 05:49:40,32.371,23.212
5010,6,5,66288.120000,1150.110000,1.198030,3.571330,-3.750057,2.915999,5,02/27/2026 05:49:58,32.575,23.228
5011,6,5,66304.840000,1166.830000,1.215447,3.622079,-3.749905,2.911116,5,02/27/2026 05:50:15,32.654,23.244
5012,6,5,66317.920000,1179.910000,1.229072,3.661714,-3.749905,2.906233,5,02/27/2026 05:50:28,32.670,23.244
5013,6,5,66332.220000,1194.210000,1.243968,3.704971,-3.749905,2.901350,5,02/27/2026 05:50:42,32.717,23.244
5014,6,5,66343.450000,1205.440000,1.255666,3.738884,-3.750057,2.896468,5,02/27/2026 05:50:53,32.795,23.244
5015,6,5,66354.580000,1216.570000,1.267260,3.772440,-3.749905,2.891585,5,02/27/2026 05:51:04,32.811,23.260
5016,6,5,66365.280000,1227.270000,1.278405,3.804644,-3.749905,2.886702,5,02/27/2026 05:51:15,32.874,23.244
5017,6,5,66374.410000,1236.400000,1.287916,3.832076,-3.750057,2.881819,5,02/27/2026 05:51:24,32.937,23.260
5018,6,5,66383.770000,1245.760000,1.297666,3.860151,-3.750057,2.876936,5,02/27/2026 05:51:34,33.000,23.260
5019,6,5,66391.750000,1253.740000,1.305978,3.884047,-3.750210,2.871748,5,02/27/2026 05:51:42,33.063,23.260
5020,6,5,66400.630000,1262.620000,1.315228,3.910590,-3.750057,2.866865,5,02/27/2026 05:51:51,33.110,23.260
5021,6,5,66407.210000,1269.200000,1.322083,3.930223,-3.750057,2.861982,5,02/27/2026 05:51:57,33.189,23.260
5022,6,5,66414.440000,1276.430000,1.329614,3.951761,-3.750057,2.856794,5,02/27/2026 05:52:04,33.157,23.260
5023,6,5,66421.390000,1283.380000,1.336853,3.972426,-3.749905,2.851911,5,02/27/2026 05:52:11,33.204,23.276
5024,6,5,66427.480000,1289.470000,1.343197,3.990504,-3.750057,2.847028,5,02/27/2026 05:52:17,33.236,23.260
5025,6,5,66433.760000,1295.750000,1.349739,4.009114,-3.750057,2.842145,5,02/27/2026 05:52:24,33.393,23.260
5026,6,5,66439.350000,1301.340000,1.355562,4.025649,-3.749905,2.837263,5,02/27/2026 05:52:29,33.409,23.260
5027,6,5,66444.730000,1306.720000,1.361166,4.041537,-3.749905,2.832380,5,02/27/2026 05:52:35,33.393,23.276
5028,6,5,66450.030000,1312.020000,1.366687,4.057161,-3.749752,2.827497,5,02/27/2026 05:52:40,33.377,23.276
5029,6,5,66454.920000,1316.910000,1.371780,4.071552,-3.750057,2.822614,5,02/27/2026 05:52:45,33.503,23.260
5030,6,5,66459.870000,1321.860000,1.376937,4.086094,-3.750057,2.817731,5,02/27/2026 05:52:50,33.550,23.276
5031,6,5,66464.310000,1326.300000,1.381562,4.099115,-3.750057,2.812848,5,02/27/2026 05:52:54,33.613,23.260
5032,6,5,66468.860000,1330.850000,1.386301,4.112437,-3.749752,2.807965,5,02/27/2026 05:52:59,33.676,23.260
5033,6,5,66472.980000,1334.970000,1.390593,4.124478,-3.749905,2.803082,5,02/27/2026 05:53:03,33.692,23.260
5034,6,5,66477.310000,1339.300000,1.395103,4.137111,-3.750057,2.798199,5,02/27/2026 05:53:07,33.676,23.260
5035,6,5,66481.290000,1343.280000,1.399249,4.148702,-3.750057,2.793317,5,02/27/2026 05:53:11,33.676,23.260
5036,6,5,66485.230000,1347.220000,1.403353,4.160157,-3.749905,2.788128,5,02/27/2026 05:53:15,33.723,23.260
5037,6,5,66489.000000,1350.990000,1.407280,4.171098,-3.750057,2.783246,5,02/27/2026 05:53:19,33.817,23.260
5038,6,5,66492.570000,1354.560000,1.410999,4.181440,-3.750057,2.778363,5,02/27/2026 05:53:22,33.849,23.260
5039,6,5,66496.370000,1358.360000,1.414958,4.192429,-3.749905,2.773175,5,02/27/2026 05:53:26,33.896,23.260
5040,6,5,66499.840000,1361.830000,1.418572,4.202444,-3.750057,2.768292,5,02/27/2026 05:53:30,33.959,23.260
5041,6,5,66503.350000,1365.340000,1.422228,4.212558,-3.749905,2.763409,5,02/27/2026 05:53:33,33.990,23.260
5042,6,5,66506.400000,1368.390000,1.425405,4.221329,-3.749905,2.758221,5,02/27/2026 05:53:36,34.022,23.260
5043,6,5,66509.850000,1371.840000,1.428999,4.231234,-3.750057,2.753338,5,02/27/2026 05:53:40,34.085,23.260
5044,6,5,66512.960000,1374.950000,1.432239,4.240147,-3.750057,2.748455,5,02/27/2026 05:53:43,34.163,23.244
5045,6,5,66515.850000,1377.840000,1.435249,4.248414,-3.750057,2.743572,5,02/27/2026 05:53:46,34.179,23.244
5046,6,5,66519.000000,1380.990000,1.438530,4.257408,-3.750057,2.738689,5,02/27/2026 05:53:49,34.210,23.244
5047,6,5,66521.760000,1383.750000,1.441405,4.265275,-3.749905,2.733806,5,02/27/2026 05:53:52,34.242,23.244
5048,6,5,66524.590000,1386.580000,1.444353,4.273327,-3.750210,2.728618,5,02/27/2026 05:53:54,34.289,23.244
5049,6,5,66527.440000,1389.430000,1.447322,4.281421,-3.750210,2.723735,5,02/27/2026 05:53:57,34.336,23.244
5050,6,5,66530.200000,1392.190000,1.450197,4.289245,-3.750057,2.718547,5,02/27/2026 05:54:00,34.368,23.244
5051,6,5,66533.070000,1395.060000,1.453187,4.297365,-3.750057,2.713664,5,02/27/2026 05:54:03,34.383,23.228
5052,6,5,66535.550000,1397.540000,1.455770,4.304369,-3.749905,2.708782,5,02/27/2026 05:54:05,34.399,23.228
5053,6,5,66538.100000,1400.090000,1.458426,4.311558,-3.750057,2.703899,5,02/27/2026 05:54:08,34.446,23.212
5054,6,5,66540.380000,1402.370000,1.460801,4.317973,-3.750057,2.699016,5,02/27/2026 05:54:10,34.462,23.228
5055,6,5,66542.900000,1404.890000,1.463426,4.325052,-3.750057,2.693828,5,02/27/2026 05:54:13,34.446,23.212
5056,6,5,66545.330000,1407.320000,1.465958,4.331864,-3.749905,2.688640,5,02/27/2026 05:54:15,34.446,23.228
5057,6,5,66547.770000,1409.760000,1.468499,4.338692,-3.749905,2.683757,5,02/27/2026 05:54:18,34.462,23.212
5058,6,5,66550.180000,1412.170000,1.471010,4.345423,-3.749905,2.678874,5,02/27/2026 05:54:20,34.493,23.212
5059,6,5,66552.280000,1414.270000,1.473197,4.351277,-3.749905,2.673991,5,02/27/2026 05:54:22,34.525,23.195
5060,6,5,66554.580000,1416.570000,1.475593,4.357678,-3.749752,2.668803,5,02/27/2026 05:54:24,34.572,23.212
5061,6,5,66556.790000,1418.780000,1.477895,4.363816,-3.750057,2.663920,5,02/27/2026 05:54:27,34.588,23.212
5062,6,5,66558.770000,1420.760000,1.479958,4.369305,-3.750057,2.658732,5,02/27/2026 05:54:29,34.588,23.195
5063,6,5,66561.050000,1423.040000,1.482333,4.375614,-3.750057,2.653849,5,02/27/2026 05:54:31,34.572,23.195
5064,6,5,66563.050000,1425.040000,1.484416,4.381138,-3.749905,2.648966,5,02/27/2026 05:54:33,34.588,23.195
5065,6,5,66565.140000,1427.130000,1.486593,4.386900,-3.749752,2.644083,5,02/27/2026 05:54:35,34.635,23.195
5066,6,5,66567.090000,1429.080000,1.488624,4.392265,-3.750057,2.638895,5,02/27/2026 05:54:37,34.698,23.195
5067,6,5,66569.100000,1431.090000,1.490718,4.397786,-3.749905,2.634012,5,02/27/2026 05:54:39,34.729,23.195
5068,6,5,66571.090000,1433.080000,1.492791,4.403241,-3.750057,2.629129,5,02/27/2026 05:54:41,34.761,23.179
5069,6,5,66572.880000,1434.870000,1.494655,4.408138,-3.750057,2.623941,5,02/27/2026 05:54:43,34.792,23.179
5070,6,5,66574.920000,1436.910000,1.496780,4.413709,-3.750057,2.619059,5,02/27/2026 05:54:45,34.808,23.179
5071,6,5,66576.790000,1438.780000,1.498728,4.418806,-3.749905,2.613870,5,02/27/2026 05:54:47,34.808,23.179
5072,6,5,66578.670000,1440.660000,1.500687,4.423920,-3.749752,2.608377,5,02/27/2026 05:54:49,34.808,23.179
5073,6,5,66580.580000,1442.570000,1.502676,4.429105,-3.750210,2.603189,5,02/27/2026 05:54:50,34.808,23.179
5074,6,5,66582.590000,1444.580000,1.504770,4.434551,-3.749905,2.598001,5,02/27/2026 05:54:52,34.839,23.179
5075,6,5,66584.500000,1446.490000,1.506760,4.439714,-3.750057,2.592813,5,02/27/2026 05:54:54,34.886,23.179
5076,6,5,66586.280000,1448.270000,1.508614,4.444517,-3.749905,2.587320,5,02/27/2026 05:54:56,34.918,23.179
5077,6,5,66588.150000,1450.140000,1.510562,4.449552,-3.750057,2.582437,5,02/27/2026 05:54:58,34.934,23.179
5078,6,5,66589.890000,1451.880000,1.512374,4.454228,-3.749905,2.577554,5,02/27/2026 05:55:00,34.934,23.179
5079,6,5,66591.490000,1453.480000,1.514041,4.458520,-3.750210,2.572671,5,02/27/2026 05:55:01,34.965,23.163
5080,6,5,66593.210000,1455.200000,1.515833,4.463125,-3.750057,2.567483,5,02/27/2026 05:55:03,35.012,23.163
5081,6,5,66594.770000,1456.760000,1.517458,4.467293,-3.749905,2.562600,5,02/27/2026 05:55:05,35.075,23.163
5082,6,5,66596.540000,1458.530000,1.519301,4.472013,-3.749752,2.557412,5,02/27/2026 05:55:06,35.107,23.163
5083,6,5,66598.190000,1460.180000,1.521020,4.476404,-3.749905,2.552529,5,02/27/2026 05:55:08,35.122,23.163
5084,6,5,66599.750000,1461.740000,1.522645,4.480548,-3.750210,2.547341,5,02/27/2026 05:55:10,35.138,23.147
5085,6,5,66601.440000,1463.430000,1.524405,4.485028,-3.749905,2.542153,5,02/27/2026 05:55:11,35.169,23.147
5086,6,5,66603.040000,1465.030000,1.526072,4.489261,-3.750362,2.536660,5,02/27/2026 05:55:13,35.185,23.147
5087,6,5,66604.740000,1466.730000,1.527843,4.493749,-3.749752,2.531777,5,02/27/2026 05:55:15,35.217,23.147
5088,6,5,66606.300000,1468.290000,1.529468,4.497858,-3.750210,2.526284,5,02/27/2026 05:55:16,35.264,23.147
5089,6,5,66607.840000,1469.830000,1.531072,4.501907,-3.750057,2.521096,5,02/27/2026 05:55:18,35.311,23.147
5090,6,5,66609.520000,1471.510000,1.532822,4.506315,-3.750057,2.515908,5,02/27/2026 05:55:19,35.358,23.147
5091,6,5,66611.110000,1473.100000,1.534478,4.510478,-3.749905,2.510719,5,02/27/2026 05:55:21,35.405,23.147
5092,6,5,66612.560000,1474.550000,1.535989,4.514266,-3.750057,2.505531,5,02/27/2026 05:55:22,35.437,23.147
5093,6,5,66614.150000,1476.140000,1.537645,4.518412,-3.749905,2.500649,5,02/27/2026 05:55:24,35.468,23.147
5094,6,5,66614.290000,1476.280000,1.537791,4.518777,-3.750057,2.500038,133,02/27/2026 05:55:24,35.468,23.147
5095,6,6,66614.300000,0.010000,0.000000,0.000000,0.000000,2.682231,0,02/27/2026 05:55:24,35.468,23.147
5096,6,6,66614.460000,0.170000,0.000000,0.000000,0.000000,2.702678,5,02/27/2026 05:55:24,35.468,23.147
5097,6,6,66614.590000,0.300000,0.000000,0.000000,0.000000,2.714885,5,02/27/2026 05:55:24,35.468,23.147
5098,6,6,66614.720000,0.430000,0.000000,0.000000,0.000000,2.726177,5,02/27/2026 05:55:25,35.484,23.147
5099,6,6,66614.860000,0.570000,0.000000,0.000000,0.000000,2.737469,5,02/27/2026 05:55:25,35.484,23.147
5100,6,6,66615.010000,0.720000,0.000000,0.000000,0.000000,2.748150,5,02/27/2026 05:55:25,35.484,23.147
5101,6,6,66615.170000,0.880000,0.000000,0.000000,0.000000,2.758831,5,02/27/2026 05:55:25,35.484,23.147
5102,6,6,66615.340000,1.050000,0.000000,0.000000,0.000000,2.769512,5,02/27/2026 05:55:25,35.500,23.147
5103,6,6,66615.510000,1.220000,0.000000,0.000000,0.000000,2.778973,5,02/27/2026 05:55:25,35.500,23.147
5104,6,6,66615.670000,1.380000,0.000000,0.000000,0.000000,2.787823,5,02/27/2026 05:55:26,35.515,23.147
5105,6,6,66615.840000,1.550000,0.000000,0.000000,0.000000,2.797284,5,02/27/2026 05:55:26,35.515,23.147
5106,6,6,66616.030000,1.740000,0.000000,0.000000,0.000000,2.806439,5,02/27/2026 05:55:26,35.515,23.147
5107,6,6,66616.210000,1.920000,0.000000,0.000000,0.000000,2.814679,5,02/27/2026 05:55:26,35.515,23.147
5108,6,6,66616.400000,2.110000,0.000000,0.000000,0.000000,2.822919,5,02/27/2026 05:55:26,35.515,23.147
5109,6,6,66616.590000,2.300000,0.000000,0.000000,0.000000,2.831159,5,02/27/2026 05:55:26,35.531,23.147
5110,6,6,66616.800000,2.510000,0.000000,0.000000,0.000000,2.839704,5,02/27/2026 05:55:27,35.531,23.147
5111,6,6,66617.000000,2.710000,0.000000,0.000000,0.000000,2.847333,5,02/27/2026 05:55:27,35.547,23.147
5112,6,6,66617.200000,2.910000,0.000000,0.000000,0.000000,2.855268,5,02/27/2026 05:55:27,35.547,23.147
5113,6,6,66617.420000,3.130000,0.000000,0.000000,0.000000,2.863203,5,02/27/2026 05:55:27,35.547,23.147
5114,6,6,66617.630000,3.340000,0.000000,0.000000,0.000000,2.870832,5,02/27/2026 05:55:28,35.562,23.147
5115,6,6,66617.860000,3.570000,0.000000,0.000000,0.000000,2.878462,5,02/27/2026 05:55:28,35.562,23.147
5116,6,6,66618.090000,3.800000,0.000000,0.000000,0.000000,2.885481,5,02/27/2026 05:55:28,35.578,23.147
5117,6,6,66618.320000,4.030000,0.000000,0.000000,0.000000,2.893111,5,02/27/2026 05:55:28,35.578,23.147
5118,6,6,66618.570000,4.280000,0.000000,0.000000,0.000000,2.899825,5,02/27/2026 05:55:28,35.578,23.131
5119,6,6,66618.810000,4.520000,0.000000,0.000000,0.000000,2.907149,5,02/27/2026 05:55:29,35.578,23.131
5120,6,6,66619.060000,4.770000,0.000000,0.000000,0.000000,2.913863,5,02/27/2026 05:55:29,35.594,23.131
5121,6,6,66619.300000,5.010000,0.000000,0.000000,0.000000,2.920577,5,02/27/2026 05:55:29,35.594,23.131
5122,6,6,66619.580000,5.290000,0.000000,0.000000,0.000000,2.928511,5,02/27/2026 05:55:29,35.594,23.131
5123,6,6,66619.880000,5.590000,0.000000,0.000000,0.000000,2.935836,5,02/27/2026 05:55:30,35.594,23.131
5124,6,6,66620.170000,5.880000,0.000000,0.000000,0.000000,2.942245,5,02/27/2026 05:55:30,35.594,23.131
5125,6,6,66620.440000,6.150000,0.000000,0.000000,0.000000,2.948959,5,02/27/2026 05:55:30,35.594,23.131
5126,6,6,66620.720000,6.430000,0.000000,0.000000,0.000000,2.955673,5,02/27/2026 05:55:31,35.594,23.131
5127,6,6,66621.030000,6.740000,0.000000,0.000000,0.000000,2.962387,5,02/27/2026 05:55:31,35.594,23.131
5128,6,6,66621.360000,7.070000,0.000000,0.000000,0.000000,2.969406,5,02/27/2026 05:55:31,35.594,23.131
5129,6,6,66621.700000,7.410000,0.000000,0.000000,0.000000,2.975814,5,02/27/2026 05:55:32,35.594,23.131
5130,6,6,66622.020000,7.730000,0.000000,0.000000,0.000000,2.981918,5,02/27/2026 05:55:32,35.594,23.131
5131,6,6,66622.350000,8.060000,0.000000,0.000000,0.000000,2.988327,5,02/27/2026 05:55:32,35.594,23.131
5132,6,6,66622.700000,8.410000,0.000000,0.000000,0.000000,2.994430,5,02/27/2026 05:55:33,35.594,23.131
5133,6,6,66623.050000,8.760000,0.000000,0.000000,0.000000,3.000534,5,02/27/2026 05:55:33,35.594,23.131
5134,6,6,66623.410000,9.120000,0.000000,0.000000,0.000000,3.006638,5,02/27/2026 05:55:33,35.594,23.131
5135,6,6,66623.830000,9.540000,0.000000,0.000000,0.000000,3.013352,5,02/27/2026 05:55:34,35.594,23.131
5136,6,6,66624.240000,9.950000,0.000000,0.000000,0.000000,3.019455,5,02/27/2026 05:55:34,35.594,23.147
5137,6,6,66624.660000,10.370000,0.000000,0.000000,0.000000,3.025254,5,02/27/2026 05:55:35,35.594,23.147
5138,6,6,66625.080000,10.790000,0.000000,0.000000,0.000000,3.031052,5,02/27/2026 05:55:35,35.594,23.131
5139,6,6,66625.550000,11.260000,0.000000,0.000000,0.000000,3.036545,5,02/27/2026 05:55:35,35.594,23.131
5140,6,6,66625.960000,11.670000,0.000000,0.000000,0.000000,3.042039,5,02/27/2026 05:55:36,35.594,23.147
5141,6,6,66626.450000,12.160000,0.000000,0.000000,0.000000,3.047837,5,02/27/2026 05:55:36,35.594,23.131
5142,6,6,66626.960000,12.670000,0.000000,0.000000,0.000000,3.053635,5,02/27/2026 05:55:37,35.594,23.131
5143,6,6,66627.540000,13.250000,0.000000,0.000000,0.000000,3.059434,5,02/27/2026 05:55:37,35.594,23.131
5144,6,6,66628.140000,13.850000,0.000000,0.000000,0.000000,3.065232,5,02/27/2026 05:55:38,35.610,23.131
5145,6,6,66628.760000,14.470000,0.000000,0.000000,0.000000,3.071031,5,02/27/2026 05:55:39,35.610,23.131
5146,6,6,66629.450000,15.160000,0.000000,0.000000,0.000000,3.076524,5,02/27/2026 05:55:39,35.625,23.131
5147,6,6,66630.140000,15.850000,0.000000,0.000000,0.000000,3.082322,5,02/27/2026 05:55:40,35.641,23.131
5148,6,6,66630.950000,16.660000,0.000000,0.000000,0.000000,3.087816,5,02/27/2026 05:55:41,35.641,23.131
5149,6,6,66631.770000,17.480000,0.000000,0.000000,0.000000,3.093309,5,02/27/2026 05:55:42,35.657,23.131
5150,6,6,66632.640000,18.350000,0.000000,0.000000,0.000000,3.098497,5,02/27/2026 05:55:43,35.657,23.131
5151,6,6,66633.630000,19.340000,0.000000,0.000000,0.000000,3.103990,5,02/27/2026 05:55:44,35.673,23.131
5152,6,6,66634.700000,20.410000,0.000000,0.000000,0.000000,3.109178,5,02/27/2026 05:55:45,35.673,23.115
5153,6,6,66635.850000,21.560000,0.000000,0.000000,0.000000,3.114061,5,02/27/2026 05:55:46,35.657,23.115
5154,6,6,66637.000000,22.710000,0.000000,0.000000,0.000000,3.119554,5,02/27/2026 05:55:47,35.641,23.115
5155,6,6,66638.370000,24.080000,0.000000,0.000000,0.000000,3.124437,5,02/27/2026 05:55:48,35.610,23.115
5156,6,6,66640.070000,25.780000,0.000000,0.000000,0.000000,3.129931,5,02/27/2026 05:55:50,35.547,23.115
5157,6,6,66641.860000,27.570000,0.000000,0.000000,0.000000,3.134813,5,02/27/2026 05:55:52,35.484,23.115
5158,6,6,66643.780000,29.490000,0.000000,0.000000,0.000000,3.139696,5,02/27/2026 05:55:54,35.452,23.115
5159,6,6,66645.890000,31.600000,0.000000,0.000000,0.000000,3.144579,5,02/27/2026 05:55:56,35.421,23.115
5160,6,6,66648.480000,34.190000,0.000000,0.000000,0.000000,3.149462,5,02/27/2026 05:55:58,35.374,23.115
5161,6,6,66651.300000,37.010000,0.000000,0.000000,0.000000,3.154345,5,02/27/2026 05:56:01,35.342,23.099
5162,6,6,66654.600000,40.310000,0.000000,0.000000,0.000000,3.159533,5,02/27/2026 05:56:04,35.264,23.099
5163,6,6,66659.210000,44.920000,0.000000,0.000000,0.000000,3.164721,5,02/27/2026 05:56:09,35.169,23.099
5164,6,6,66664.250000,49.960000,0.000000,0.000000,0.000000,3.169604,5,02/27/2026 05:56:14,35.138,23.083
5165,6,6,66670.280000,55.990000,0.000000,0.000000,0.000000,3.174487,5,02/27/2026 05:56:20,34.934,23.083
5166,6,6,66678.000000,63.710000,0.000000,0.000000,0.000000,3.179675,5,02/27/2026 05:56:28,34.761,23.067
5167,6,6,66687.720000,73.430000,0.000000,0.000000,0.000000,3.184558,5,02/27/2026 05:56:38,34.682,23.067
5168,6,6,66702.190000,87.900000,0.000000,0.000000,0.000000,3.189441,5,02/27/2026 05:56:52,34.383,23.035
5169,6,6,66719.510000,105.220000,0.000000,0.000000,0.000000,3.194324,5,02/27/2026 05:57:09,34.053,23.019
5170,6,6,66739.510000,125.220000,0.000000,0.000000,0.000000,3.197986,1,02/27/2026 05:57:29,33.644,23.002
5171,6,6,66759.510000,145.220000,0.000000,0.000000,0.000000,3.201038,1,02/27/2026 05:57:49,33.346,23.002
5172,6,6,66779.510000,165.220000,0.000000,0.000000,0.000000,3.203174,1,02/27/2026 05:58:09,32.843,23.002
5173,6,6,66799.510000,185.220000,0.000000,0.000000,0.000000,3.204700,1,02/27/2026 05:58:29,32.764,23.002
5174,6,6,66819.510000,205.220000,0.000000,0.000000,0.000000,3.206226,1,02/27/2026 05:58:49,32.418,23.019
5175,6,6,66839.510000,225.220000,0.000000,0.000000,0.000000,3.207752,1,02/27/2026 05:59:09,32.104,23.002
5176,6,6,66859.510000,245.220000,0.000000,0.000000,0.000000,3.208057,1,02/27/2026 05:59:29,31.774,23.019
5177,6,6,66879.510000,265.220000,0.000000,0.000000,0.000000,3.209277,1,02/27/2026 05:59:49,31.616,23.019
5178,6,6,66899.510000,285.220000,0.000000,0.000000,0.000000,3.209888,1,02/27/2026 06:00:09,31.208,23.019
5179,6,6,66919.510000,305.220000,0.000000,0.000000,0.000000,3.210803,1,02/27/2026 06:00:29,31.098,23.035
5180,6,6,66939.510000,325.220000,0.000000,0.000000,0.000000,3.211109,1,02/27/2026 06:00:49,30.846,23.035
5181,6,6,66959.510000,345.220000,0.000000,0.000000,0.000000,3.211414,1,02/27/2026 06:01:09,30.642,23.035
5182,6,6,66979.510000,365.220000,0.000000,0.000000,0.000000,3.211719,1,02/27/2026 06:01:29,30.422,23.035
5183,6,6,66999.510000,385.220000,0.000000,0.000000,0.000000,3.212329,1,02/27/2026 06:01:49,30.217,23.035
5184,6,6,67019.510000,405.220000,0.000000,0.000000,0.000000,3.212634,1,02/27/2026 06:02:09,29.965,23.035
5185,6,6,67039.510000,425.220000,0.000000,0.000000,0.000000,3.212940,1,02/27/2026 06:02:29,29.771,23.035
5186,6,6,67059.510000,445.220000,0.000000,0.000000,0.000000,3.212634,1,02/27/2026 06:02:49,29.610,23.035
5187,6,6,67079.510000,465.220000,0.000000,0.000000,0.000000,3.213550,1,02/27/2026 06:03:09,29.369,23.035
5188,6,6,67099.510000,485.220000,0.000000,0.000000,0.000000,3.213550,1,02/27/2026 06:03:29,29.192,23.035
5189,6,6,67119.510000,505.220000,0.000000,0.000000,0.000000,3.213855,1,02/27/2026 06:03:49,29.079,23.051
5190,6,6,67139.510000,525.220000,0.000000,0.000000,0.000000,3.213855,1,02/27/2026 06:04:09,28.837,23.035
5191,6,6,67159.510000,545.220000,0.000000,0.000000,0.000000,3.214160,1,02/27/2026 06:04:29,28.692,23.035
5192,6,6,67179.510000,565.220000,0.000000,0.000000,0.000000,3.214160,1,02/27/2026 06:04:49,28.499,23.019
5193,6,6,67199.510000,585.220000,0.000000,0.000000,0.000000,3.214160,1,02/27/2026 06:05:09,28.322,23.019
5194,6,6,67219.510000,605.220000,0.000000,0.000000,0.000000,3.214771,1,02/27/2026 06:05:29,28.144,23.002
5195,6,6,67239.510000,625.220000,0.000000,0.000000,0.000000,3.214466,1,02/27/2026 06:05:49,27.983,22.986
5196,6,6,67259.510000,645.220000,0.000000,0.000000,0.000000,3.214466,1,02/27/2026 06:06:09,27.854,22.970
5197,6,6,67279.510000,665.220000,0.000000,0.000000,0.000000,3.214771,1,02/27/2026 06:06:29,27.645,22.938
5198,6,6,67299.510000,685.220000,0.000000,0.000000,0.000000,3.214771,1,02/27/2026 06:06:49,27.516,22.922
5199,6,6,67319.510000,705.220000,0.000000,0.000000,0.000000,3.215076,1,02/27/2026 06:07:09,27.371,22.890
5200,6,6,67339.510000,725.220000,0.000000,0.000000,0.000000,3.215381,1,02/27/2026 06:07:29,27.242,22.858
5201,6,6,67359.510000,745.220000,0.000000,0.000000,0.000000,3.215381,1,02/27/2026 06:07:49,27.033,22.826
5202,6,6,67379.510000,765.220000,0.000000,0.000000,0.000000,3.215381,1,02/27/2026 06:08:09,26.936,22.793
5203,6,6,67399.510000,785.220000,0.000000,0.000000,0.000000,3.215686,1,02/27/2026 06:08:29,26.824,22.777
5204,6,6,67419.510000,805.220000,0.000000,0.000000,0.000000,3.215686,1,02/27/2026 06:08:49,26.679,22.745
5205,6,6,67439.510000,825.220000,0.000000,0.000000,0.000000,3.215686,1,02/27/2026 06:09:09,26.566,22.745
5206,6,6,67459.510000,845.220000,0.000000,0.000000,0.000000,3.215686,1,02/27/2026 06:09:29,26.485,22.745
5207,6,6,67479.510000,865.220000,0.000000,0.000000,0.000000,3.215686,1,02/27/2026 06:09:49,26.372,22.745
5208,6,6,67499.510000,885.220000,0.000000,0.000000,0.000000,3.215686,1,02/27/2026 06:10:09,26.276,22.745
5209,6,6,67519.510000,905.220000,0.000000,0.000000,0.000000,3.215991,1,02/27/2026 06:10:29,26.179,22.745
5210,6,6,67539.510000,925.220000,0.000000,0.000000,0.000000,3.215991,1,02/27/2026 06:10:49,26.115,22.745
5211,6,6,67559.510000,945.220000,0.000000,0.000000,0.000000,3.216297,1,02/27/2026 06:11:09,26.034,22.745
5212,6,6,67579.510000,965.220000,0.000000,0.000000,0.000000,3.215991,1,02/27/2026 06:11:29,25.970,22.761
5213,6,6,67599.510000,985.220000,0.000000,0.000000,0.000000,3.215991,1,02/27/2026 06:11:49,25.905,22.761
5214,6,6,67619.510000,1005.220000,0.000000,0.000000,0.000000,3.216297,1,02/27/2026 06:12:09,25.825,22.761
5215,6,6,67639.510000,1025.220000,0.000000,0.000000,0.000000,3.216297,1,02/27/2026 06:12:29,25.760,22.777
5216,6,6,67659.510000,1045.220000,0.000000,0.000000,0.000000,3.216297,1,02/27/2026 06:12:49,25.712,22.777
5217,6,6,67679.510000,1065.220000,0.000000,0.000000,0.000000,3.216297,1,02/27/2026 06:13:09,25.631,22.793
5218,6,6,67699.510000,1085.220000,0.000000,0.000000,0.000000,3.216907,1,02/27/2026 06:13:29,25.599,22.809
5219,6,6,67719.510000,1105.220000,0.000000,0.000000,0.000000,3.215991,1,02/27/2026 06:13:49,25.551,22.826
5220,6,6,67739.510000,1125.220000,0.000000,0.000000,0.000000,3.216297,1,02/27/2026 06:14:09,25.519,22.858
5221,6,6,67759.510000,1145.220000,0.000000,0.000000,0.000000,3.216297,1,02/27/2026 06:14:29,25.470,22.874
5222,6,6,67779.510000,1165.220000,0.000000,0.000000,0.000000,3.216602,1,02/27/2026 06:14:49,25.422,22.906
5223,6,6,67799.510000,1185.220000,0.000000,0.000000,0.000000,3.216297,1,02/27/2026 06:15:09,25.358,22.922
5224,6,6,67819.510000,1205.220000,0.000000,0.000000,0.000000,3.216297,1,02/27/2026 06:15:29,25.309,22.938
5225,6,6,67839.510000,1225.220000,0.000000,0.000000,0.000000,3.216602,1,02/27/2026 06:15:49,25.245,22.938
5226,6,6,67859.510000,1245.220000,0.000000,0.000000,0.000000,3.216602,1,02/27/2026 06:16:09,25.164,22.922
5227,6,6,67879.510000,1265.220000,0.000000,0.000000,0.000000,3.216602,1,02/27/2026 06:16:29,25.116,22.922
5228,6,6,67899.510000,1285.220000,0.000000,0.000000,0.000000,3.216602,1,02/27/2026 06:16:49,25.035,22.906
5229,6,6,67919.510000,1305.220000,0.000000,0.000000,0.000000,3.216602,1,02/27/2026 06:17:09,24.971,22.890
5230,6,6,67939.510000,1325.220000,0.000000,0.000000,0.000000,3.216297,1,02/27/2026 06:17:29,24.907,22.874
5231,6,6,67959.510000,1345.220000,0.000000,0.000000,0.000000,3.216602,1,02/27/2026 06:17:49,24.842,22.842
5232,6,6,67979.510000,1365.220000,0.000000,0.000000,0.000000,3.216907,1,02/27/2026 06:18:09,24.778,22.826
5233,6,6,67999.510000,1385.220000,0.000000,0.000000,0.000000,3.216907,1,02/27/2026 06:18:29,24.729,22.826
5234,6,6,68019.510000,1405.220000,0.000000,0.000000,0.000000,3.216907,1,02/27/2026 06:18:49,24.681,22.809
5235,6,6,68039.510000,1425.220000,0.000000,0.000000,0.000000,3.216602,1,02/27/2026 06:19:09,24.649,22.826
5236,6,6,68059.510000,1445.220000,0.000000,0.000000,0.000000,3.216602,1,02/27/2026 06:19:29,24.617,22.826
5237,6,6,68079.510000,1465.220000,0.000000,0.000000,0.000000,3.216907,1,02/27/2026 06:19:49,24.601,22.842
5238,6,6,68099.510000,1485.220000,0.000000,0.000000,0.000000,3.217212,1,02/27/2026 06:20:09,24.568,22.858
5239,6,6,68119.510000,1505.220000,0.000000,0.000000,0.000000,3.216907,1,02/27/2026 06:20:29,24.552,22.890
5240,6,6,68139.510000,1525.220000,0.000000,0.000000,0.000000,3.217212,1,02/27/2026 06:20:49,24.552,22.906
5241,6,6,68159.510000,1545.220000,0.000000,0.000000,0.000000,3.216602,1,02/27/2026 06:21:09,24.536,22.922
5242,6,6,68179.510000,1565.220000,0.000000,0.000000,0.000000,3.216907,1,02/27/2026 06:21:29,24.520,22.954
5243,6,6,68199.510000,1585.220000,0.000000,0.000000,0.000000,3.216907,1,02/27/2026 06:21:49,24.520,22.970
5244,6,6,68219.510000,1605.220000,0.000000,0.000000,0.000000,3.216907,1,02/27/2026 06:22:09,24.504,22.986
5245,6,6,68239.510000,1625.220000,0.000000,0.000000,0.000000,3.217212,1,02/27/2026 06:22:29,24.488,23.002
5246,6,6,68259.510000,1645.220000,0.000000,0.000000,0.000000,3.216602,1,02/27/2026 06:22:49,24.488,23.035
5247,6,6,68279.510000,1665.220000,0.000000,0.000000,0.000000,3.216907,1,02/27/2026 06:23:09,24.488,23.051
5248,6,6,68299.510000,1685.220000,0.000000,0.000000,0.000000,3.217212,1,02/27/2026 06:23:29,24.488,23.083
5249,6,6,68319.510000,1705.220000,0.000000,0.000000,0.000000,3.217212,1,02/27/2026 06:23:49,24.488,23.099
5250,6,6,68339.510000,1725.220000,0.000000,0.000000,0.000000,3.217212,1,02/27/2026 06:24:09,24.488,23.115
5251,6,6,68359.510000,1745.220000,0.000000,0.000000,0.000000,3.217517,1,02/27/2026 06:24:29,24.488,23.131
5252,6,6,68379.510000,1765.220000,0.000000,0.000000,0.000000,3.217212,1,02/27/2026 06:24:49,24.472,23.163
5253,6,6,68399.510000,1785.220000,0.000000,0.000000,0.000000,3.217212,1,02/27/2026 06:25:09,24.472,23.179
5254,6,6,68414.290000,1800.000000,0.000000,0.000000,0.000000,3.216907,129,02/27/2026 06:25:24,24.472,23.195
5255,6,7,68414.440000,1800.150000,0.000047,0.000157,2.364233,3.369192,0,02/27/2026 06:25:25,24.472,23.195
5256,6,7,68414.450000,1800.160000,0.000054,0.000180,2.501869,3.378653,4,02/27/2026 06:25:25,24.472,23.195
5257,6,7,68414.460000,1800.170000,0.000061,0.000203,2.638590,3.387808,4,02/27/2026 06:25:25,24.472,23.195
5258,6,7,68414.470000,1800.180000,0.000068,0.000228,2.771038,3.397269,4,02/27/2026 06:25:25,24.472,23.195
5259,6,7,68414.480000,1800.190000,0.000076,0.000254,2.896315,3.405203,4,02/27/2026 06:25:25,24.472,23.195
5260,6,7,68414.490000,1800.200000,0.000084,0.000282,3.003738,3.412528,4,02/27/2026 06:25:25,24.472,23.195
5261,6,7,68414.660000,1800.370000,0.000226,0.000766,2.999924,3.420768,5,02/27/2026 06:25:25,24.472,23.195
5262,6,7,68414.870000,1800.580000,0.000401,0.001365,2.999619,3.427787,5,02/27/2026 06:25:25,24.472,23.195
5263,6,7,68415.170000,1800.880000,0.000651,0.002223,3.000076,3.434195,5,02/27/2026 06:25:26,24.472,23.195
5264,6,7,68415.590000,1801.300000,0.001001,0.003426,3.000229,3.439994,5,02/27/2026 06:25:26,24.472,23.195
5265,6,7,68416.130000,1801.840000,0.001450,0.004976,2.999771,3.445792,5,02/27/2026 06:25:26,24.472,23.195
5266,6,7,68416.960000,1802.670000,0.002142,0.007361,2.999924,3.450980,5,02/27/2026 06:25:27,24.472,23.195
5267,6,7,68418.110000,1803.820000,0.003100,0.010671,2.999771,3.455863,5,02/27/2026 06:25:28,24.472,23.195
5268,6,7,68419.690000,1805.400000,0.004417,0.015225,2.999924,3.460746,5,02/27/2026 06:25:30,24.472,23.195
5269,6,7,68422.170000,1807.880000,0.006484,0.022383,2.999924,3.465934,5,02/27/2026 06:25:33,24.472,23.195
5270,6,7,68425.740000,1811.450000,0.009458,0.032701,2.999924,3.470817,5,02/27/2026 06:25:36,24.472,23.195
5271,6,7,68430.770000,1816.480000,0.013650,0.047261,2.999771,3.476005,5,02/27/2026 06:25:41,24.488,23.195
5272,6,7,68437.840000,1823.550000,0.019541,0.067755,2.999924,3.481193,5,02/27/2026 06:25:48,24.520,23.212
5273,6,7,68447.660000,1833.370000,0.027724,0.096262,2.999924,3.486381,5,02/27/2026 06:25:58,24.601,23.212
5274,6,7,68462.500000,1848.210000,0.040090,0.139406,3.000076,3.491264,5,02/27/2026 06:26:13,24.713,23.212
5275,6,7,68479.110000,1864.820000,0.053931,0.187764,2.999619,3.496147,5,02/27/2026 06:26:29,24.874,23.212
5276,6,7,68497.990000,1883.700000,0.069664,0.242809,3.000076,3.501030,5,02/27/2026 06:26:48,25.035,23.228
5277,6,7,68515.160000,1900.870000,0.083972,0.292939,2.999924,3.505913,5,02/27/2026 06:27:06,25.180,23.212
5278,6,7,68532.670000,1918.380000,0.098563,0.344129,2.999771,3.510796,5,02/27/2026 06:27:23,25.309,23.212
5279,6,7,68550.910000,1936.620000,0.113762,0.397529,2.999771,3.515679,5,02/27/2026 06:27:41,25.454,23.195
5280,6,7,68569.350000,1955.060000,0.129128,0.451589,2.999619,3.520562,5,02/27/2026 06:28:00,25.583,23.179
5281,6,7,68589.350000,1975.060000,0.145794,0.510300,3.000076,3.525444,1,02/27/2026 06:28:20,25.728,23.163
5282,6,7,68609.350000,1995.060000,0.162460,0.569085,2.999619,3.529107,1,02/27/2026 06:28:40,25.857,23.163
5283,6,7,68629.350000,2015.060000,0.179126,0.627935,2.999924,3.532769,1,02/27/2026 06:29:00,26.002,23.163
5284,6,7,68649.350000,2035.060000,0.195792,0.686843,2.999924,3.535821,1,02/27/2026 06:29:20,26.147,23.163
5285,6,7,68669.350000,2055.060000,0.212458,0.745802,2.999924,3.538567,1,02/27/2026 06:29:40,26.244,23.131
5286,6,7,68689.350000,2075.060000,0.229124,0.804803,2.999924,3.541009,1,02/27/2026 06:30:00,26.389,23.115
5287,6,7,68709.350000,2095.060000,0.245790,0.863840,3.000076,3.543450,1,02/27/2026 06:30:20,26.485,23.099
5288,6,7,68729.350000,2115.060000,0.262456,0.922909,2.999619,3.545281,1,02/27/2026 06:30:40,26.614,23.099
5289,6,7,68749.350000,2135.060000,0.279121,0.982008,3.000381,3.546807,1,02/27/2026 06:31:00,26.743,23.115
5290,6,7,68769.350000,2155.060000,0.295787,1.041129,2.999924,3.547723,1,02/27/2026 06:31:20,26.856,23.131
5291,6,7,68783.570000,2169.280000,0.307637,1.083177,2.999924,3.548943,164,02/27/2026 06:31:34,26.968,23.131
5292,6,8,68783.580000,2169.290000,0.307637,1.083177,2.699931,3.532464,0,02/27/2026 06:31:34,26.968,23.131
5293,6,8,68803.580000,2189.290000,0.322644,1.136146,2.699931,3.529107,1,02/27/2026 06:31:54,27.113,23.147
5294,6,8,68823.580000,2209.290000,0.337643,1.189083,2.699931,3.529717,1,02/27/2026 06:32:14,27.226,23.163
5295,6,8,68843.580000,2229.290000,0.352642,1.242029,2.700084,3.530022,1,02/27/2026 06:32:34,27.323,23.163
5296,6,8,68863.580000,2249.290000,0.367642,1.294986,2.699779,3.530938,1,02/27/2026 06:32:54,27.371,23.195
5297,6,8,68883.580000,2269.290000,0.382641,1.347956,2.700084,3.531853,1,02/27/2026 06:33:14,27.500,23.212
5298,6,8,68903.580000,2289.290000,0.397640,1.400938,2.699779,3.532464,1,02/27/2026 06:33:34,27.597,23.228
5299,6,8,68923.580000,2309.290000,0.412639,1.453932,2.699779,3.533074,1,02/27/2026 06:33:54,27.710,23.244
5300,6,8,68943.580000,2329.290000,0.427639,1.506939,2.699779,3.533989,1,02/27/2026 06:34:14,27.806,23.276
5301,6,8,68963.580000,2349.290000,0.442638,1.559957,2.699931,3.535210,1,02/27/2026 06:34:34,27.919,23.292
5302,6,8,68983.580000,2369.290000,0.457637,1.612985,2.699626,3.535821,1,02/27/2026 06:34:54,27.999,23.308
5303,6,8,69003.580000,2389.290000,0.472637,1.666027,2.699931,3.536431,1,02/27/2026 06:35:14,28.112,23.308
5304,6,8,69023.580000,2409.290000,0.487636,1.719082,2.699779,3.537652,1,02/27/2026 06:35:34,28.161,23.324
5305,6,8,69043.580000,2429.290000,0.502635,1.772149,2.700084,3.538567,1,02/27/2026 06:35:54,28.209,23.324
5306,6,8,69063.580000,2449.290000,0.517635,1.825228,2.699931,3.538872,1,02/27/2026 06:36:14,28.257,23.324
5307,6,8,69083.580000,2469.290000,0.532634,1.878318,2.699931,3.539788,1,02/27/2026 06:36:34,28.354,23.308
5308,6,8,69103.580000,2489.290000,0.547633,1.931420,2.699779,3.540703,1,02/27/2026 06:36:54,28.499,23.308
5309,6,8,69123.580000,2509.290000,0.562632,1.984535,2.700084,3.541619,1,02/27/2026 06:37:14,28.563,23.292
5310,6,8,69143.580000,2529.290000,0.577632,2.037662,2.699931,3.542535,1,02/27/2026 06:37:34,28.612,23.292
5311,6,8,69163.580000,2549.290000,0.592631,2.090804,2.700084,3.543450,1,02/27/2026 06:37:54,28.628,23.276
5312,6,8,69183.580000,2569.290000,0.607630,2.143961,2.699931,3.544366,1,02/27/2026 06:38:14,28.660,23.260
5313,6,8,69193.610000,2579.320000,0.615153,2.170626,2.699626,3.544671,164,02/27/2026 06:38:24,28.676,23.244
5314,6,9,69193.630000,2579.340000,0.615166,2.170672,2.401312,3.529107,0,02/27/2026 06:38:24,28.676,23.244
5315,6,9,69210.020000,2595.730000,0.626092,2.209192,2.399786,3.524224,5,02/27/2026 06:38:40,28.692,23.228
5316,6,9,69230.020000,2615.730000,0.639424,2.256184,2.399634,3.524224,1,02/27/2026 06:39:00,28.757,23.228
5317,6,9,69250.020000,2635.730000,0.652757,2.303182,2.399786,3.525139,1,02/27/2026 06:39:20,28.757,23.195
5318,6,9,69270.020000,2655.730000,0.666090,2.350192,2.400092,3.526360,1,02/27/2026 06:39:40,28.757,23.195
5319,6,9,69290.020000,2675.730000,0.679423,2.397216,2.400092,3.527276,1,02/27/2026 06:40:00,28.789,23.179
5320,6,9,69310.020000,2695.730000,0.692755,2.444259,2.399939,3.529107,1,02/27/2026 06:40:20,28.773,23.179
5321,6,9,69330.020000,2715.730000,0.706088,2.491318,2.399786,3.530022,1,02/27/2026 06:40:40,28.740,23.147
5322,6,9,69350.020000,2735.730000,0.719421,2.538393,2.399939,3.530938,1,02/27/2026 06:41:00,28.773,23.131
5323,6,9,69370.020000,2755.730000,0.732753,2.585482,2.400244,3.532158,1,02/27/2026 06:41:20,28.789,23.131
5324,6,9,69390.020000,2775.730000,0.746086,2.632588,2.399939,3.533379,1,02/27/2026 06:41:40,28.869,23.131
5325,6,9,69410.020000,2795.730000,0.759419,2.679711,2.399634,3.534905,1,02/27/2026 06:42:00,28.837,23.131
5326,6,9,69430.020000,2815.730000,0.772751,2.726851,2.399939,3.536431,1,02/27/2026 06:42:20,28.853,23.131
5327,6,9,69450.020000,2835.730000,0.786084,2.774008,2.400244,3.537652,1,02/27/2026 06:42:40,28.902,23.131
5328,6,9,69470.020000,2855.730000,0.799417,2.821184,2.400092,3.538872,1,02/27/2026 06:43:00,28.918,23.147
5329,6,9,69490.020000,2875.730000,0.812749,2.868375,2.400092,3.539788,1,02/27/2026 06:43:20,28.934,23.179
5330,6,9,69510.020000,2895.730000,0.826082,2.915582,2.399939,3.541314,1,02/27/2026 06:43:40,28.966,23.163
5331,6,9,69530.020000,2915.730000,0.839415,2.962806,2.399939,3.542535,1,02/27/2026 06:44:00,28.998,23.163
5332,6,9,69550.020000,2935.730000,0.852747,3.010048,2.399634,3.544060,1,02/27/2026 06:44:20,29.030,23.163
5333,6,9,69570.020000,2955.730000,0.866080,3.057310,2.399634,3.545281,1,02/27/2026 06:44:40,29.047,23.179
5334,6,9,69590.020000,2975.730000,0.879413,3.104591,2.399939,3.546807,1,02/27/2026 06:45:00,29.063,23.179
5335,6,9,69610.020000,2995.730000,0.892745,3.151889,2.399939,3.548333,1,02/27/2026 06:45:20,29.047,23.179
5336,6,9,69630.020000,3015.730000,0.906078,3.199205,2.400092,3.549554,1,02/27/2026 06:45:40,29.047,23.179
5337,6,9,69650.020000,3035.730000,0.919411,3.246539,2.399634,3.550774,1,02/27/2026 06:46:00,29.095,23.179
5338,6,9,69654.950000,3040.660000,0.922697,3.258210,2.400092,3.551080,164,02/27/2026 06:46:05,29.143,23.179
5339,6,10,69654.960000,3040.670000,0.922697,3.258210,1.352712,3.497368,0,02/27/2026 06:46:05,29.143,23.179
5340,6,10,69655.230000,3040.940000,0.922802,3.258577,1.349813,3.491875,5,02/27/2026 06:46:06,29.143,23.179
5341,6,10,69656.170000,3041.880000,0.923155,3.259807,1.349660,3.486992,5,02/27/2026 06:46:07,29.143,23.179
5342,6,10,69658.230000,3043.940000,0.923927,3.262498,1.349966,3.482109,5,02/27/2026 06:46:09,29.159,23.179
5343,6,10,69662.570000,3048.280000,0.925554,3.268161,1.349660,3.476921,5,02/27/2026 06:46:13,29.127,23.179
5344,6,10,69670.700000,3056.410000,0.928603,3.278753,1.349966,3.472038,5,02/27/2026 06:46:21,29.143,23.163
5345,6,10,69690.700000,3076.410000,0.936103,3.304773,1.349966,3.467765,1,02/27/2026 06:46:41,29.047,23.179
5346,6,10,69710.700000,3096.410000,0.943602,3.330773,1.350271,3.466239,1,02/27/2026 06:47:01,28.982,23.163
5347,6,10,69730.700000,3116.410000,0.951101,3.356772,1.349813,3.466850,1,02/27/2026 06:47:21,28.869,23.163
5348,6,10,69750.700000,3136.410000,0.958601,3.382777,1.350271,3.468070,1,02/27/2026 06:47:41,28.757,23.131
5349,6,10,69770.700000,3156.410000,0.966100,3.408792,1.350118,3.469596,1,02/27/2026 06:48:01,28.628,23.099
5350,6,10,69790.700000,3176.410000,0.973600,3.434815,1.349660,3.470512,1,02/27/2026 06:48:21,28.515,23.067
5351,6,10,69810.700000,3196.410000,0.981099,3.460847,1.349813,3.472038,1,02/27/2026 06:48:41,28.402,23.035
5352,6,10,69830.700000,3216.410000,0.988599,3.486890,1.349660,3.472953,1,02/27/2026 06:49:01,28.306,23.002
5353,6,10,69850.700000,3236.410000,0.996098,3.512942,1.350118,3.474479,1,02/27/2026 06:49:21,28.177,22.986
5354,6,10,69870.700000,3256.410000,1.003598,3.539004,1.350118,3.475700,1,02/27/2026 06:49:41,28.096,22.970
5355,6,10,69890.700000,3276.410000,1.011097,3.565077,1.349813,3.477226,1,02/27/2026 06:50:01,28.016,22.954
5356,6,10,69910.700000,3296.410000,1.018597,3.591161,1.349813,3.478752,1,02/27/2026 06:50:21,27.951,22.954
5357,6,10,69930.700000,3316.410000,1.026096,3.617254,1.349660,3.479667,1,02/27/2026 06:50:41,27.838,22.938
5358,6,10,69950.700000,3336.410000,1.033596,3.643357,1.350118,3.481193,1,02/27/2026 06:51:01,27.742,22.922
5359,6,10,69970.700000,3356.410000,1.041095,3.669469,1.349966,3.482414,1,02/27/2026 06:51:21,27.677,22.906
5360,6,10,69990.700000,3376.410000,1.048595,3.695591,1.349966,3.483635,1,02/27/2026 06:51:41,27.613,22.890
5361,6,10,70010.700000,3396.410000,1.056094,3.721724,1.350118,3.485161,1,02/27/2026 06:52:01,27.548,22.906
5362,6,10,70030.700000,3416.410000,1.063594,3.747866,1.350118,3.486076,1,02/27/2026 06:52:21,27.516,22.906
5363,6,10,70050.700000,3436.410000,1.071093,3.774018,1.349966,3.487602,1,02/27/2026 06:52:41,27.468,22.922
5364,6,10,70070.700000,3456.410000,1.078593,3.800180,1.349813,3.489128,1,02/27/2026 06:53:01,27.436,22.938
5365,6,10,70090.700000,3476.410000,1.086092,3.826351,1.349966,3.490043,1,02/27/2026 06:53:21,27.323,22.938
5366,6,10,70110.700000,3496.410000,1.093592,3.852532,1.350118,3.491569,1,02/27/2026 06:53:41,27.339,22.954
5367,6,10,70130.700000,3516.410000,1.101091,3.878721,1.349966,3.492485,1,02/27/2026 06:54:01,27.307,22.954
5368,6,10,70150.700000,3536.410000,1.108591,3.904923,1.349966,3.494316,1,02/27/2026 06:54:21,27.210,22.986
5369,6,10,70170.700000,3556.410000,1.116090,3.931135,1.349660,3.495537,1,02/27/2026 06:54:41,27.242,22.986
5370,6,10,70190.700000,3576.410000,1.123590,3.957355,1.349966,3.497063,1,02/27/2026 06:55:01,27.210,23.002
5371,6,10,70210.700000,3596.410000,1.131089,3.983586,1.350118,3.498283,1,02/27/2026 06:55:21,27.146,23.019
5372,6,10,70230.700000,3616.410000,1.138589,4.009826,1.349813,3.499504,1,02/27/2026 06:55:41,27.130,23.035
5373,6,10,70250.700000,3636.410000,1.146088,4.036076,1.349966,3.500725,1,02/27/2026 06:56:01,27.146,23.051
5374,6,10,70270.700000,3656.410000,1.153588,4.062337,1.349813,3.502251,1,02/27/2026 06:56:21,27.130,23.067
5375,6,10,70290.700000,3676.410000,1.161087,4.088609,1.349966,3.504082,1,02/27/2026 06:56:41,27.097,23.083
5376,6,10,70310.700000,3696.410000,1.168587,4.114892,1.349660,3.504997,1,02/27/2026 06:57:01,27.081,23.099
5377,6,10,70330.700000,3716.410000,1.176086,4.141185,1.349813,3.506828,1,02/27/2026 06:57:21,27.065,23.099
5378,6,10,70350.700000,3736.410000,1.183586,4.167488,1.350118,3.508049,1,02/27/2026 06:57:41,27.001,23.099
5379,6,10,70370.700000,3756.410000,1.191085,4.193802,1.349813,3.509575,1,02/27/2026 06:58:01,27.001,23.099
5380,6,10,70390.700000,3776.410000,1.198585,4.220127,1.349813,3.511101,1,02/27/2026 06:58:21,27.001,23.099
5381,6,10,70410.700000,3796.410000,1.206084,4.246465,1.349813,3.512627,1,02/27/2026 06:58:41,26.968,23.099
5382,6,10,70430.700000,3816.410000,1.213584,4.272814,1.349966,3.514458,1,02/27/2026 06:59:01,26.920,23.083
5383,6,10,70450.700000,3836.410000,1.221083,4.299176,1.349813,3.515984,1,02/27/2026 06:59:21,26.856,23.067
5384,6,10,70470.700000,3856.410000,1.228583,4.325550,1.350118,3.517205,1,02/27/2026 06:59:41,26.824,23.035
5385,6,10,70475.140000,3860.850000,1.230248,4.331406,1.349966,3.517815,164,02/27/2026 06:59:46,26.824,23.019
5386,6,11,70475.150000,3860.860000,1.230248,4.331406,0.754406,3.486076,0,02/27/2026 06:59:46,26.824,23.019
5387,6,11,70475.460000,3861.170000,1.230314,4.331639,0.749828,3.480583,5,02/27/2026 06:59:46,26.807,23.019
5388,6,11,70476.360000,3862.070000,1.230502,4.332291,0.749676,3.475700,5,02/27/2026 06:59:47,26.807,23.019
5389,6,11,70478.260000,3863.970000,1.230898,4.333665,0.750134,3.470817,5,02/27/2026 06:59:49,26.807,23.019
5390,6,11,70481.610000,3867.320000,1.231595,4.336086,0.749981,3.465629,5,02/27/2026 06:59:52,26.807,23.019
5391,6,11,70488.640000,3874.350000,1.233060,4.341158,0.749828,3.460746,5,02/27/2026 06:59:59,26.791,23.019
5392,6,11,70501.920000,3887.630000,1.235826,4.350724,0.749828,3.455863,5,02/27/2026 07:00:12,26.743,23.002
5393,6,11,70521.920000,3907.630000,1.239992,4.365116,0.749676,3.453117,1,02/27/2026 07:00:32,26.662,22.986
5394,6,11,70541.920000,3927.630000,1.244159,4.379499,0.749676,3.451896,1,02/27/2026 07:00:52,26.582,22.954
5395,6,11,70561.920000,3947.630000,1.248325,4.393880,0.750134,3.451896,1,02/27/2026 07:01:12,26.501,22.938
5396,6,11,70581.920000,3967.630000,1.252491,4.408260,0.749828,3.451896,1,02/27/2026 07:01:32,26.437,22.906
5397,6,11,70601.920000,3987.630000,1.256657,4.422643,0.749981,3.452506,1,02/27/2026 07:01:52,26.356,22.890
5398,6,11,70621.920000,4007.630000,1.260824,4.437029,0.749828,3.453422,1,02/27/2026 07:02:12,26.260,22.858
5399,6,11,70641.920000,4027.630000,1.264990,4.451419,0.749828,3.454337,1,02/27/2026 07:02:32,26.163,22.842
5400,6,11,70661.920000,4047.630000,1.269156,4.465812,0.749981,3.455558,1,02/27/2026 07:02:52,26.115,22.842
5401,6,11,70681.920000,4067.630000,1.273322,4.480210,0.749828,3.456474,1,02/27/2026 07:03:12,26.066,22.842
5402,6,11,70701.920000,4087.630000,1.277489,4.494613,0.749981,3.457389,1,02/27/2026 07:03:32,26.002,22.842
5403,6,11,70721.920000,4107.630000,1.281655,4.509019,0.749828,3.458305,1,02/27/2026 07:03:52,26.002,22.858
5404,6,11,70741.920000,4127.630000,1.285821,4.523431,0.749981,3.459831,1,02/27/2026 07:04:12,25.954,22.858
5405,6,11,70761.920000,4147.630000,1.289987,4.537849,0.749981,3.461357,1,02/27/2026 07:04:32,25.921,22.874
5406,6,11,70781.920000,4167.630000,1.294154,4.552271,0.749981,3.462272,1,02/27/2026 07:04:52,25.905,22.874
5407,6,11,70801.920000,4187.630000,1.298320,4.566698,0.749981,3.463493,1,02/27/2026 07:05:12,25.873,22.906
5408,6,11,70821.920000,4207.630000,1.302486,4.581131,0.749828,3.464714,1,02/27/2026 07:05:32,25.825,22.922
5409,6,11,70841.920000,4227.630000,1.306652,4.595569,0.749828,3.465629,1,02/27/2026 07:05:52,25.825,22.938
5410,6,11,70861.920000,4247.630000,1.310819,4.610012,0.749828,3.467155,1,02/27/2026 07:06:12,25.793,22.938
5411,6,11,70881.920000,4267.630000,1.314985,4.624461,0.750134,3.468681,1,02/27/2026 07:06:32,25.760,22.954
5412,6,11,70901.920000,4287.630000,1.319151,4.638916,0.750286,3.469902,1,02/27/2026 07:06:52,25.744,22.970
5413,6,11,70921.920000,4307.630000,1.323317,4.653376,0.749828,3.471122,1,02/27/2026 07:07:12,25.744,22.970
5414,6,11,70941.920000,4327.630000,1.327484,4.667841,0.749981,3.472953,1,02/27/2026 07:07:32,25.696,22.970
5415,6,11,70961.920000,4347.630000,1.331650,4.682312,0.749828,3.474174,1,02/27/2026 07:07:52,25.696,22.986
5416,6,11,70981.920000,4367.630000,1.335816,4.696789,0.749828,3.474784,1,02/27/2026 07:08:12,25.680,23.002
5417,6,11,71001.920000,4387.630000,1.339982,4.711272,0.749981,3.476921,1,02/27/2026 07:08:32,25.680,23.019
5418,6,11,71021.920000,4407.630000,1.344149,4.725762,0.749828,3.478447,1,02/27/2026 07:08:52,25.680,23.035
5419,6,11,71041.920000,4427.630000,1.348315,4.740257,0.750134,3.479973,1,02/27/2026 07:09:12,25.664,23.051
5420,6,11,71061.920000,4447.630000,1.352481,4.754758,0.749828,3.481193,1,02/27/2026 07:09:32,25.631,23.051
5421,6,11,71081.920000,4467.630000,1.356647,4.769266,0.750286,3.482719,1,02/27/2026 07:09:52,25.599,23.035
5422,6,11,71101.920000,4487.630000,1.360814,4.783780,0.749828,3.484550,1,02/27/2026 07:10:12,25.567,23.035
5423,6,11,71121.920000,4507.630000,1.364980,4.798301,0.749828,3.486381,1,02/27/2026 07:10:32,25.535,23.035
5424,6,11,71141.920000,4527.630000,1.369146,4.812828,0.750134,3.487907,1,02/27/2026 07:10:52,25.486,23.002
5425,6,11,71161.920000,4547.630000,1.373312,4.827363,0.750134,3.489433,1,02/27/2026 07:11:12,25.454,22.986
5426,6,11,71181.920000,4567.630000,1.377478,4.841905,0.749676,3.490959,1,02/27/2026 07:11:32,25.406,22.954
5427,6,11,71201.920000,4587.630000,1.381645,4.856453,0.749981,3.493095,1,02/27/2026 07:11:52,25.374,22.906
5428,6,11,71221.920000,4607.630000,1.385811,4.871011,0.749981,3.494926,1,02/27/2026 07:12:12,25.325,22.890
5429,6,11,71241.920000,4627.630000,1.389977,4.885575,0.749676,3.496757,1,02/27/2026 07:12:32,25.277,22.874
5430,6,11,71261.920000,4647.630000,1.394143,4.900148,0.750134,3.498283,1,02/27/2026 07:12:52,25.245,22.858
5431,6,11,71281.920000,4667.630000,1.398310,4.914728,0.749828,3.500420,1,02/27/2026 07:13:12,25.213,22.842
5432,6,11,71301.920000,4687.630000,1.402476,4.929316,0.749828,3.502556,1,02/27/2026 07:13:32,25.197,22.826
5433,6,11,71321.920000,4707.630000,1.406642,4.943914,0.749828,3.504692,1,02/27/2026 07:13:52,25.180,22.826
5434,6,11,71341.920000,4727.630000,1.410808,4.958520,0.750134,3.506828,1,02/27/2026 07:14:12,25.180,22.826
5435,6,11,71361.920000,4747.630000,1.414975,4.973136,0.749981,3.508965,1,02/27/2026 07:14:32,25.197,22.842
5436,6,11,71381.920000,4767.630000,1.419141,4.987762,0.749981,3.511711,1,02/27/2026 07:14:52,25.197,22.858
5437,6,11,71401.920000,4787.630000,1.423307,5.002398,0.749828,3.514153,1,02/27/2026 07:15:12,25.197,22.890
5438,6,11,71421.920000,4807.630000,1.427473,5.017045,0.749981,3.516594,1,02/27/2026 07:15:32,25.213,22.906
5439,6,11,71441.920000,4827.630000,1.431640,5.031703,0.749981,3.519646,1,02/27/2026 07:15:52,25.229,22.938
5440,6,11,71461.920000,4847.630000,1.435806,5.046373,0.749676,3.522393,1,02/27/2026 07:16:12,25.229,22.954
5441,6,11,71481.920000,4867.630000,1.439972,5.061054,0.749981,3.525139,1,02/27/2026 07:16:32,25.245,22.954
5442,6,11,71501.920000,4887.630000,1.444138,5.075749,0.749981,3.529107,1,02/27/2026 07:16:52,25.261,22.970
5443,6,11,71521.920000,4907.630000,1.448305,5.090458,0.749981,3.531853,1,02/27/2026 07:17:12,25.261,22.970
5444,6,11,71541.920000,4927.630000,1.452471,5.105181,0.749981,3.535821,1,02/27/2026 07:17:32,25.261,23.002
5445,6,11,71561.920000,4947.630000,1.456637,5.119921,0.749676,3.539788,1,02/27/2026 07:17:52,25.293,23.002
5446,6,11,71581.920000,4967.630000,1.460803,5.134678,0.749981,3.543755,1,02/27/2026 07:18:12,25.309,23.019
5447,6,11,71601.370000,4987.080000,1.464855,5.149047,0.749981,3.548638,5,02/27/2026 07:18:32,25.309,23.035
5448,6,11,71621.200000,5006.910000,1.468986,5.163715,0.749981,3.553521,5,02/27/2026 07:18:51,25.342,23.051
5449,6,11,71638.440000,5024.150000,1.472577,5.176486,0.749981,3.558404,5,02/27/2026 07:19:09,25.358,23.067
5450,6,11,71654.130000,5039.840000,1.475846,5.188124,0.749828,3.563287,5,02/27/2026 07:19:24,25.358,23.067
5451,6,11,71669.470000,5055.180000,1.479041,5.199518,0.749828,3.568170,5,02/27/2026 07:19:40,25.390,23.083
5452,6,11,71683.150000,5068.860000,1.481891,5.209693,0.750286,3.573053,5,02/27/2026 07:19:53,25.390,23.099
5453,6,11,71695.570000,5081.280000,1.484478,5.218944,0.749676,3.577935,5,02/27/2026 07:20:06,25.406,23.099
5454,6,11,71706.600000,5092.310000,1.486776,5.227171,0.749981,3.582818,5,02/27/2026 07:20:17,25.406,23.099
5455,6,11,71717.580000,5103.290000,1.489063,5.235371,0.750134,3.587701,5,02/27/2026 07:20:28,25.422,23.115
5456,6,11,71727.870000,5113.580000,1.491206,5.243067,0.749828,3.592584,5,02/27/2026 07:20:38,25.438,23.115
5457,6,11,71736.920000,5122.630000,1.493092,5.249844,0.749981,3.597772,5,02/27/2026 07:20:47,25.438,23.115
5458,6,11,71746.670000,5132.380000,1.495123,5.257156,0.749981,3.602655,5,02/27/2026 07:20:57,25.454,23.115
5459,6,11,71754.360000,5140.070000,1.496725,5.262932,0.749981,3.607538,5,02/27/2026 07:21:05,25.454,23.115
5460,6,11,71762.260000,5147.970000,1.498370,5.268873,0.749981,3.612421,5,02/27/2026 07:21:13,25.438,23.131
5461,6,11,71769.150000,5154.860000,1.499806,5.274061,0.749828,3.617609,5,02/27/2026 07:21:19,25.454,23.115
5462,6,11,71776.400000,5162.110000,1.501316,5.279528,0.749676,3.622492,5,02/27/2026 07:21:27,25.454,23.115
5463,6,11,71782.980000,5168.690000,1.502687,5.284497,0.749981,3.627680,5,02/27/2026 07:21:33,25.454,23.099
5464,6,11,71789.270000,5174.980000,1.503997,5.289253,0.750134,3.632563,5,02/27/2026 07:21:40,25.454,23.099
5465,6,11,71795.180000,5180.890000,1.505228,5.293729,0.750134,3.637446,5,02/27/2026 07:21:45,25.454,23.099
5466,6,11,71800.380000,5186.090000,1.506311,5.297672,0.749676,3.642329,5,02/27/2026 07:21:51,25.454,23.099
5467,6,11,71805.650000,5191.360000,1.507409,5.301673,0.749828,3.647517,5,02/27/2026 07:21:56,25.470,23.083
5468,6,11,71809.410000,5195.120000,1.508191,5.304527,0.739757,3.650263,4,02/27/2026 07:22:00,25.470,23.083
5469,6,11,71810.390000,5196.100000,1.508391,5.305256,0.729686,3.650263,4,02/27/2026 07:22:01,25.454,23.083
5470,6,11,71811.670000,5197.380000,1.508649,5.306197,0.719615,3.650263,4,02/27/2026 07:22:02,25.454,23.083
5471,6,11,71813.960000,5199.670000,1.509103,5.307856,0.709545,3.650263,4,02/27/2026 07:22:04,25.454,23.067
5472,6,11,71816.280000,5201.990000,1.509557,5.309513,0.699474,3.650263,4,02/27/2026 07:22:07,25.438,23.067
5473,6,11,71818.540000,5204.250000,1.509993,5.311104,0.689403,3.649958,4,02/27/2026 07:22:09,25.438,23.067
5474,6,11,71820.900000,5206.610000,1.510442,5.312741,0.678874,3.649958,4,02/27/2026 07:22:11,25.438,23.067
5475,6,11,71823.410000,5209.120000,1.510912,5.314457,0.668803,3.650263,4,02/27/2026 07:22:14,25.438,23.051
5476,6,11,71825.980000,5211.690000,1.511386,5.316188,0.658732,3.650263,4,02/27/2026 07:22:16,25.438,23.051
5477,6,11,71828.330000,5214.040000,1.511813,5.317746,0.648508,3.650263,4,02/27/2026 07:22:19,25.422,23.051
5478,6,11,71830.870000,5216.580000,1.512267,5.319404,0.638437,3.649958,4,02/27/2026 07:22:21,25.422,23.051
5479,6,11,71833.680000,5219.390000,1.512761,5.321209,0.628214,3.649958,4,02/27/2026 07:22:24,25.422,23.051
5480,6,11,71836.340000,5222.050000,1.513222,5.322891,0.618143,3.649958,4,02/27/2026 07:22:27,25.422,23.035
5481,6,11,71838.790000,5224.500000,1.513639,5.324414,0.607919,3.649958,4,02/27/2026 07:22:29,25.422,23.035
5482,6,11,71841.350000,5227.060000,1.514069,5.325981,0.597848,3.650263,4,02/27/2026 07:22:32,25.422,23.035
5483,6,11,71844.260000,5229.970000,1.514548,5.327732,0.587778,3.649958,4,02/27/2026 07:22:35,25.422,23.035
5484,6,11,71847.030000,5232.740000,1.514997,5.329371,0.577707,3.649958,4,02/27/2026 07:22:37,25.422,23.019
5485,6,11,71849.940000,5235.650000,1.515460,5.331059,0.567483,3.649958,4,02/27/2026 07:22:40,25.422,23.019
5486,6,11,71852.550000,5238.260000,1.515868,5.332548,0.557412,3.649958,4,02/27/2026 07:22:43,25.422,23.019
5487,6,11,71855.430000,5241.140000,1.516310,5.334161,0.547189,3.650568,4,02/27/2026 07:22:46,25.422,23.019
5488,6,11,71858.150000,5243.860000,1.516720,5.335658,0.537118,3.649958,4,02/27/2026 07:22:48,25.422,23.002
5489,6,11,71861.030000,5246.740000,1.517146,5.337214,0.527047,3.649958,4,02/27/2026 07:22:51,25.406,23.002
5490,6,11,71863.860000,5249.570000,1.517557,5.338713,0.516670,3.649958,4,02/27/2026 07:22:54,25.406,23.002
5491,6,11,71867.000000,5252.710000,1.518004,5.340345,0.506600,3.649958,4,02/27/2026 07:22:57,25.406,23.002
5492,6,11,71870.330000,5256.040000,1.518468,5.342039,0.496529,3.649958,4,02/27/2026 07:23:01,25.406,22.986
5493,6,11,71873.300000,5259.010000,1.518873,5.343516,0.486152,3.649958,4,02/27/2026 07:23:04,25.406,23.002
5494,6,11,71876.310000,5262.020000,1.519275,5.344984,0.476081,3.649958,4,02/27/2026 07:23:07,25.390,22.986
5495,6,11,71879.320000,5265.030000,1.519669,5.346422,0.465858,3.649958,4,02/27/2026 07:23:10,25.390,22.986
5496,6,11,71882.400000,5268.110000,1.520064,5.347863,0.455787,3.649958,4,02/27/2026 07:23:13,25.390,22.986
5497,6,11,71885.500000,5271.210000,1.520452,5.349281,0.445716,3.649958,4,02/27/2026 07:23:16,25.390,22.986
5498,6,11,71889.110000,5274.820000,1.520894,5.350895,0.435340,3.649958,4,02/27/2026 07:23:19,25.390,22.986
5499,6,11,71892.410000,5278.120000,1.521288,5.352333,0.425269,3.649958,4,02/27/2026 07:23:23,25.390,22.970
5500,6,11,71895.350000,5281.060000,1.521632,5.353587,0.415045,3.649653,4,02/27/2026 07:23:26,25.390,22.970
5501,6,11,71898.780000,5284.490000,1.522024,5.355019,0.404974,3.649958,4,02/27/2026 07:23:29,25.406,22.970
5502,6,11,71902.200000,5287.910000,1.522405,5.356409,0.394903,3.649958,4,02/27/2026 07:23:32,25.390,22.970
5503,6,11,71906.630000,5292.340000,1.522885,5.358161,0.384680,3.650263,4,02/27/2026 07:23:37,25.374,22.970
5504,6,11,71910.270000,5295.980000,1.523268,5.359558,0.374609,3.649958,4,02/27/2026 07:23:41,25.374,22.970
5505,6,11,71913.390000,5299.100000,1.523588,5.360727,0.364538,3.649958,4,02/27/2026 07:23:44,25.374,22.970
5506,6,11,71917.380000,5303.090000,1.523987,5.362184,0.354467,3.649958,4,02/27/2026 07:23:48,25.374,22.954
5507,6,11,71921.380000,5307.090000,1.524376,5.363601,0.343938,3.649958,4,02/27/2026 07:23:52,25.374,22.954
5508,6,11,71925.280000,5310.990000,1.524743,5.364944,0.333867,3.649958,4,02/27/2026 07:23:56,25.358,22.954
5509,6,11,71929.970000,5315.680000,1.525172,5.366507,0.323796,3.649958,4,02/27/2026 07:24:00,25.358,22.954
5510,6,11,71933.930000,5319.640000,1.525522,5.367786,0.313725,3.649653,4,02/27/2026 07:24:04,25.342,22.954
5511,6,11,71937.820000,5323.530000,1.525856,5.369007,0.303655,3.649958,4,02/27/2026 07:24:08,25.342,22.954
5512,6,11,71942.550000,5328.260000,1.526250,5.370443,0.293584,3.649958,4,02/27/2026 07:24:13,25.309,22.954
5513,6,11,71947.220000,5332.930000,1.526625,5.371813,0.283513,3.649958,4,02/27/2026 07:24:17,25.309,22.954
5514,6,11,71951.500000,5337.210000,1.526957,5.373025,0.273442,3.650263,4,02/27/2026 07:24:22,25.293,22.954
5515,6,11,71957.520000,5343.230000,1.527407,5.374668,0.263371,3.649958,4,02/27/2026 07:24:28,25.293,22.954
5516,6,11,71962.430000,5348.140000,1.527760,5.375955,0.253300,3.649958,4,02/27/2026 07:24:33,25.293,22.954
5517,6,11,71968.190000,5353.900000,1.528157,5.377404,0.243229,3.649958,4,02/27/2026 07:24:38,25.277,22.954
5518,6,11,71973.720000,5359.430000,1.528523,5.378740,0.233158,3.649958,4,02/27/2026 07:24:44,25.277,22.938
5519,6,11,71979.600000,5365.310000,1.528896,5.380102,0.223087,3.649958,4,02/27/2026 07:24:50,25.261,22.938
5520,6,11,71985.460000,5371.170000,1.529252,5.381402,0.213016,3.649958,4,02/27/2026 07:24:56,25.261,22.938
5521,6,11,71992.850000,5378.560000,1.529680,5.382963,0.202945,3.649958,4,02/27/2026 07:25:03,25.245,22.922
5522,6,11,71999.560000,5385.270000,1.530049,5.384309,0.192874,3.650263,4,02/27/2026 07:25:10,25.245,22.922
5523,6,11,72006.540000,5392.250000,1.530414,5.385643,0.182803,3.649958,4,02/27/2026 07:25:17,25.245,22.922
5524,6,11,72014.530000,5400.240000,1.530811,5.387090,0.172732,3.649958,4,02/27/2026 07:25:25,25.229,22.922
5525,6,11,72023.520000,5409.230000,1.531231,5.388622,0.162661,3.649653,4,02/27/2026 07:25:34,25.197,22.922
5526,6,11,72031.640000,5417.350000,1.531588,5.389926,0.152438,3.649958,4,02/27/2026 07:25:42,25.197,22.922
5527,6,11,72042.310000,5428.020000,1.532027,5.391530,0.142367,3.649958,4,02/27/2026 07:25:53,25.180,22.922
5528,6,11,72052.850000,5438.560000,1.532431,5.393005,0.132143,3.649958,4,02/27/2026 07:26:03,25.164,22.938
5529,6,11,72065.000000,5450.710000,1.532863,5.394581,0.122072,3.649958,4,02/27/2026 07:26:15,25.148,22.938
5530,6,11,72077.850000,5463.560000,1.533283,5.396113,0.111696,3.649958,4,02/27/2026 07:26:28,25.148,22.938
5531,6,11,72091.510000,5477.220000,1.533693,5.397609,0.101625,3.649653,4,02/27/2026 07:26:42,25.132,22.954
5532,6,11,72109.860000,5495.570000,1.534192,5.399430,0.091249,3.650263,4,02/27/2026 07:27:00,25.148,22.970
5533,6,11,72129.650000,5515.360000,1.534670,5.401174,0.081178,3.649958,4,02/27/2026 07:27:20,25.100,22.986
5534,6,11,72149.650000,5535.360000,1.535098,5.402740,0.072328,3.649958,1,02/27/2026 07:27:40,25.100,23.002
5535,6,11,72169.650000,5555.360000,1.535482,5.404139,0.065766,3.649958,1,02/27/2026 07:28:00,25.068,23.019
5536,6,11,72189.650000,5575.360000,1.535826,5.405395,0.059510,3.649653,1,02/27/2026 07:28:20,25.052,23.019
5537,6,11,72209.650000,5595.360000,1.536135,5.406525,0.054627,3.649958,1,02/27/2026 07:28:40,25.035,23.035
5538,6,11,72229.650000,5615.360000,1.536414,5.407542,0.047150,3.649958,1,02/27/2026 07:29:00,25.019,23.051
5539,6,11,72249.650000,5635.360000,1.536667,5.408466,0.043336,3.649958,1,02/27/2026 07:29:20,25.019,23.083
5540,6,11,72269.650000,5655.360000,1.536897,5.409304,0.039063,3.649653,1,02/27/2026 07:29:40,25.003,23.099
5541,6,11,72289.650000,5675.360000,1.537107,5.410071,0.036622,3.649958,1,02/27/2026 07:30:00,24.971,23.131
5542,6,11,72309.650000,5695.360000,1.537299,5.410771,0.032502,3.649653,1,02/27/2026 07:30:20,24.955,23.147
5543,6,11,72329.650000,5715.360000,1.537476,5.411418,0.030518,3.649653,1,02/27/2026 07:30:40,24.939,23.163
5544,6,11,72349.650000,5735.360000,1.537639,5.412013,0.027619,3.649653,1,02/27/2026 07:31:00,24.907,23.163
5545,6,11,72369.650000,5755.360000,1.537789,5.412562,0.026246,3.649958,1,02/27/2026 07:31:20,24.890,23.163
5546,6,11,72389.650000,5775.360000,1.537929,5.413070,0.023651,3.649653,1,02/27/2026 07:31:40,24.874,23.163
5547,6,11,72409.650000,5795.360000,1.538057,5.413540,0.022431,3.649653,1,02/27/2026 07:32:00,24.842,23.163
5548,6,11,72429.650000,5815.360000,1.538177,5.413976,0.020905,3.649958,1,02/27/2026 07:32:20,24.810,23.163
5549,6,11,72449.650000,5835.360000,1.538289,5.414385,0.018158,3.650263,1,02/27/2026 07:32:40,24.778,23.147
5550,6,11,72469.650000,5855.360000,1.538394,5.414769,0.019226,3.649958,1,02/27/2026 07:33:00,24.729,23.131
5551,6,11,72489.650000,5875.360000,1.538492,5.415125,0.017395,3.649958,1,02/27/2026 07:33:20,24.681,23.099
5552,6,11,72502.770000,5888.480000,1.538553,5.415348,0.014954,3.649653,132,02/27/2026 07:33:33,24.649,23.083
5553,6,12,72502.780000,0.010000,0.000000,0.000000,0.000000,3.649042,0,02/27/2026 07:33:33,24.649,23.083
5554,6,12,72508.510000,5.740000,0.000000,0.000000,0.000000,3.643854,5,02/27/2026 07:33:39,24.649,23.083
5555,6,12,72516.710000,13.940000,0.000000,0.000000,0.000000,3.638361,5,02/27/2026 07:33:47,24.633,23.083
5556,6,12,72525.590000,22.820000,0.000000,0.000000,0.000000,3.633478,5,02/27/2026 07:33:56,24.617,23.083
5557,6,12,72534.250000,31.480000,0.000000,0.000000,0.000000,3.628595,5,02/27/2026 07:34:04,24.601,23.067
5558,6,12,72544.030000,41.260000,0.000000,0.000000,0.000000,3.623713,5,02/27/2026 07:34:14,24.568,23.051
5559,6,12,72555.000000,52.230000,0.000000,0.000000,0.000000,3.618524,5,02/27/2026 07:34:25,24.552,23.035
5560,6,12,72567.800000,65.030000,0.000000,0.000000,0.000000,3.613642,5,02/27/2026 07:34:38,24.520,23.035
5561,6,12,72579.480000,76.710000,0.000000,0.000000,0.000000,3.608759,5,02/27/2026 07:34:50,24.504,23.019
5562,6,12,72593.300000,90.530000,0.000000,0.000000,0.000000,3.603876,5,02/27/2026 07:35:04,24.472,23.002
5563,6,12,72608.130000,105.360000,0.000000,0.000000,0.000000,3.598993,5,02/27/2026 07:35:18,24.423,22.986
5564,6,12,72623.640000,120.870000,0.000000,0.000000,0.000000,3.594110,5,02/27/2026 07:35:34,24.407,22.970
5565,6,12,72640.690000,137.920000,0.000000,0.000000,0.000000,3.589227,5,02/27/2026 07:35:51,24.359,22.954
5566,6,12,72658.980000,156.210000,0.000000,0.000000,0.000000,3.584344,5,02/27/2026 07:36:09,24.327,22.938
5567,6,12,72678.980000,176.210000,0.000000,0.000000,0.000000,3.579767,1,02/27/2026 07:36:29,24.311,22.938
5568,6,12,72698.980000,196.210000,0.000000,0.000000,0.000000,3.574884,1,02/27/2026 07:36:49,24.294,22.938
5569,6,12,72718.980000,216.210000,0.000000,0.000000,0.000000,3.570916,1,02/27/2026 07:37:09,24.262,22.954
5570,6,12,72738.980000,236.210000,0.000000,0.000000,0.000000,3.566644,1,02/27/2026 07:37:29,24.278,22.970
5571,6,12,72758.980000,256.210000,0.000000,0.000000,0.000000,3.563592,1,02/27/2026 07:37:49,24.262,22.986
5572,6,12,72778.980000,276.210000,0.000000,0.000000,0.000000,3.559625,1,02/27/2026 07:38:09,24.262,22.986
5573,6,12,72798.980000,296.210000,0.000000,0.000000,0.000000,3.556878,1,02/27/2026 07:38:29,24.278,23.002
5574,6,12,72818.980000,316.210000,0.000000,0.000000,0.000000,3.553521,1,02/27/2026 07:38:49,24.278,23.019
5575,6,12,72838.980000,336.210000,0.000000,0.000000,0.000000,3.550469,1,02/27/2026 07:39:09,24.278,23.035
5576,6,12,72858.980000,356.210000,0.000000,0.000000,0.000000,3.548028,1,02/27/2026 07:39:29,24.294,23.067
5577,6,12,72878.980000,376.210000,0.000000,0.000000,0.000000,3.545586,1,02/27/2026 07:39:49,24.294,23.083
5578,6,12,72898.980000,396.210000,0.000000,0.000000,0.000000,3.542535,1,02/27/2026 07:40:09,24.294,23.099
5579,6,12,72918.980000,416.210000,0.000000,0.000000,0.000000,3.540398,1,02/27/2026 07:40:29,24.294,23.115
5580,6,12,72938.980000,436.210000,0.000000,0.000000,0.000000,3.538262,1,02/27/2026 07:40:49,24.294,23.115
5581,6,12,72958.980000,456.210000,0.000000,0.000000,0.000000,3.536431,1,02/27/2026 07:41:09,24.294,23.131
5582,6,12,72978.980000,476.210000,0.000000,0.000000,0.000000,3.534295,1,02/27/2026 07:41:29,24.294,23.147
5583,6,12,72998.980000,496.210000,0.000000,0.000000,0.000000,3.532158,1,02/27/2026 07:41:49,24.278,23.163
5584,6,12,73018.980000,516.210000,0.000000,0.000000,0.000000,3.530022,1,02/27/2026 07:42:09,24.278,23.163
5585,6,12,73038.980000,536.210000,0.000000,0.000000,0.000000,3.528496,1,02/27/2026 07:42:29,24.262,23.163
5586,6,12,73058.980000,556.210000,0.000000,0.000000,0.000000,3.526055,1,02/27/2026 07:42:49,24.246,23.147
5587,6,12,73078.980000,576.210000,0.000000,0.000000,0.000000,3.524834,1,02/27/2026 07:43:09,24.230,23.147
5588,6,12,73098.980000,596.210000,0.000000,0.000000,0.000000,3.523308,1,02/27/2026 07:43:29,24.214,23.147
5589,6,12,73118.980000,616.210000,0.000000,0.000000,0.000000,3.522087,1,02/27/2026 07:43:49,24.198,23.115
5590,6,12,73138.980000,636.210000,0.000000,0.000000,0.000000,3.520256,1,02/27/2026 07:44:09,24.166,23.099
5591,6,12,73158.980000,656.210000,0.000000,0.000000,0.000000,3.519341,1,02/27/2026 07:44:29,24.133,23.067
5592,6,12,73178.980000,676.210000,0.000000,0.000000,0.000000,3.517510,1,02/27/2026 07:44:49,24.101,23.067
5593,6,12,73198.980000,696.210000,0.000000,0.000000,0.000000,3.516289,1,02/27/2026 07:45:09,24.085,23.035
5594,6,12,73218.980000,716.210000,0.000000,0.000000,0.000000,3.514763,1,02/27/2026 07:45:29,24.053,23.019
5595,6,12,73238.980000,736.210000,0.000000,0.000000,0.000000,3.513237,1,02/27/2026 07:45:49,24.021,23.002
5596,6,12,73258.980000,756.210000,0.000000,0.000000,0.000000,3.512016,1,02/27/2026 07:46:09,24.004,22.986
5597,6,12,73278.980000,776.210000,0.000000,0.000000,0.000000,3.510796,1,02/27/2026 07:46:29,23.988,22.986
5598,6,12,73298.980000,796.210000,0.000000,0.000000,0.000000,3.509575,1,02/27/2026 07:46:49,23.988,22.986
5599,6,12,73318.980000,816.210000,0.000000,0.000000,0.000000,3.508659,1,02/27/2026 07:47:09,23.988,23.002
5600,6,12,73338.980000,836.210000,0.000000,0.000000,0.000000,3.507134,1,02/27/2026 07:47:29,23.988,23.002
5601,6,12,73358.980000,856.210000,0.000000,0.000000,0.000000,3.506218,1,02/27/2026 07:47:49,24.004,23.019
5602,6,12,73378.980000,876.210000,0.000000,0.000000,0.000000,3.505303,1,02/27/2026 07:48:09,24.004,23.035
5603,6,12,73398.980000,896.210000,0.000000,0.000000,0.000000,3.504387,1,02/27/2026 07:48:29,24.021,23.067
5604,6,12,73418.980000,916.210000,0.000000,0.000000,0.000000,3.503471,1,02/27/2026 07:48:49,24.037,23.067
5605,6,12,73438.980000,936.210000,0.000000,0.000000,0.000000,3.502556,1,02/27/2026 07:49:09,24.053,23.099
5606,6,12,73458.980000,956.210000,0.000000,0.000000,0.000000,3.501030,1,02/27/2026 07:49:29,24.069,23.115
5607,6,12,73478.980000,976.210000,0.000000,0.000000,0.000000,3.500725,1,02/27/2026 07:49:49,24.085,23.147
5608,6,12,73498.980000,996.210000,0.000000,0.000000,0.000000,3.499504,1,02/27/2026 07:50:09,24.101,23.163
5609,6,12,73518.980000,1016.210000,0.000000,0.000000,0.000000,3.498894,1,02/27/2026 07:50:29,24.117,23.195
5610,6,12,73538.980000,1036.210000,0.000000,0.000000,0.000000,3.497673,1,02/27/2026 07:50:49,24.133,23.212
5611,6,12,73558.980000,1056.210000,0.000000,0.000000,0.000000,3.497063,1,02/27/2026 07:51:09,24.133,23.212
5612,6,12,73578.980000,1076.210000,0.000000,0.000000,0.000000,3.496147,1,02/27/2026 07:51:29,24.133,23.228
5613,6,12,73598.980000,1096.210000,0.000000,0.000000,0.000000,3.495537,1,02/27/2026 07:51:49,24.133,23.228
5614,6,12,73618.980000,1116.210000,0.000000,0.000000,0.000000,3.494621,1,02/27/2026 07:52:09,24.133,23.228
5615,6,12,73638.980000,1136.210000,0.000000,0.000000,0.000000,3.494011,1,02/27/2026 07:52:29,24.133,23.228
5616,6,12,73658.980000,1156.210000,0.000000,0.000000,0.000000,3.492790,1,02/27/2026 07:52:49,24.117,23.228
5617,6,12,73678.980000,1176.210000,0.000000,0.000000,0.000000,3.492180,1,02/27/2026 07:53:09,24.101,23.212
5618,6,12,73698.980000,1196.210000,0.000000,0.000000,0.000000,3.491569,1,02/27/2026 07:53:29,24.069,23.195
5619,6,12,73718.980000,1216.210000,0.000000,0.000000,0.000000,3.490654,1,02/27/2026 07:53:49,24.053,23.147
5620,6,12,73738.980000,1236.210000,0.000000,0.000000,0.000000,3.490043,1,02/27/2026 07:54:09,24.021,23.131
5621,6,12,73758.980000,1256.210000,0.000000,0.000000,0.000000,3.489433,1,02/27/2026 07:54:29,23.988,23.115
5622,6,12,73778.980000,1276.210000,0.000000,0.000000,0.000000,3.488823,1,02/27/2026 07:54:49,23.972,23.083
5623,6,12,73798.980000,1296.210000,0.000000,0.000000,0.000000,3.488518,1,02/27/2026 07:55:09,23.956,23.083
5624,6,12,73818.980000,1316.210000,0.000000,0.000000,0.000000,3.487602,1,02/27/2026 07:55:29,23.940,23.067
5625,6,12,73838.980000,1336.210000,0.000000,0.000000,0.000000,3.486992,1,02/27/2026 07:55:49,23.940,23.067
5626,6,12,73858.980000,1356.210000,0.000000,0.000000,0.000000,3.486687,1,02/27/2026 07:56:09,23.924,23.067
5627,6,12,73878.980000,1376.210000,0.000000,0.000000,0.000000,3.485771,1,02/27/2026 07:56:29,23.908,23.067
5628,6,12,73898.980000,1396.210000,0.000000,0.000000,0.000000,3.485161,1,02/27/2026 07:56:49,23.924,23.083
5629,6,12,73918.980000,1416.210000,0.000000,0.000000,0.000000,3.484245,1,02/27/2026 07:57:09,23.940,23.083
5630,6,12,73938.980000,1436.210000,0.000000,0.000000,0.000000,3.483940,1,02/27/2026 07:57:29,23.956,23.099
5631,6,12,73958.980000,1456.210000,0.000000,0.000000,0.000000,3.483330,1,02/27/2026 07:57:49,23.956,23.099
5632,6,12,73978.980000,1476.210000,0.000000,0.000000,0.000000,3.483024,1,02/27/2026 07:58:09,23.972,23.115
5633,6,12,73998.980000,1496.210000,0.000000,0.000000,0.000000,3.482109,1,02/27/2026 07:58:29,23.988,23.131
5634,6,12,74018.980000,1516.210000,0.000000,0.000000,0.000000,3.481193,1,02/27/2026 07:58:49,24.004,23.147
5635,6,12,74038.980000,1536.210000,0.000000,0.000000,0.000000,3.481193,1,02/27/2026 07:59:09,24.021,23.147
5636,6,12,74058.980000,1556.210000,0.000000,0.000000,0.000000,3.480583,1,02/27/2026 07:59:29,24.037,23.179
5637,6,12,74078.980000,1576.210000,0.000000,0.000000,0.000000,3.480278,1,02/27/2026 07:59:49,24.053,23.195
5638,6,12,74098.980000,1596.210000,0.000000,0.000000,0.000000,3.479362,1,02/27/2026 08:00:09,24.053,23.195
5639,6,12,74118.980000,1616.210000,0.000000,0.000000,0.000000,3.479057,1,02/27/2026 08:00:29,24.069,23.212
5640,6,12,74138.980000,1636.210000,0.000000,0.000000,0.000000,3.478447,1,02/27/2026 08:00:49,24.085,23.212
5641,6,12,74158.980000,1656.210000,0.000000,0.000000,0.000000,3.478141,1,02/27/2026 08:01:09,24.085,23.228
5642,6,12,74178.980000,1676.210000,0.000000,0.000000,0.000000,3.477531,1,02/27/2026 08:01:29,24.101,23.228
5643,6,12,74198.980000,1696.210000,0.000000,0.000000,0.000000,3.477226,1,02/27/2026 08:01:49,24.101,23.244
5644,6,12,74218.980000,1716.210000,0.000000,0.000000,0.000000,3.476616,1,02/27/2026 08:02:09,24.085,23.244
5645,6,12,74238.980000,1736.210000,0.000000,0.000000,0.000000,3.476005,1,02/27/2026 08:02:29,24.101,23.244
5646,6,12,74258.980000,1756.210000,0.000000,0.000000,0.000000,3.476005,1,02/27/2026 08:02:49,24.085,23.244
5647,6,12,74278.980000,1776.210000,0.000000,0.000000,0.000000,3.475395,1,02/27/2026 08:03:09,24.069,23.244
5648,6,12,74298.980000,1796.210000,0.000000,0.000000,0.000000,3.475090,1,02/27/2026 08:03:29,24.069,23.244
5649,6,12,74302.770000,1800.000000,0.000000,0.000000,0.000000,3.474784,129,02/27/2026 08:03:33,24.069,23.244
5650,7,5,74302.810000,0.040000,0.000041,0.000132,-3.752041,3.241321,0,02/27/2026 08:03:34,24.069,23.244
5651,7,5,74302.970000,0.200000,0.000207,0.000670,-3.749905,3.214771,5,02/27/2026 08:03:34,24.069,23.244
5652,7,5,74303.090000,0.320000,0.000332,0.001070,-3.749905,3.199207,5,02/27/2026 08:03:34,24.069,23.244
5653,7,5,74303.220000,0.450000,0.000468,0.001502,-3.750210,3.185473,5,02/27/2026 08:03:34,24.069,23.244
5654,7,5,74303.350000,0.580000,0.000603,0.001933,-3.749905,3.173877,5,02/27/2026 08:03:34,24.069,23.244
5655,7,5,74303.500000,0.730000,0.000760,0.002428,-3.750210,3.162280,5,02/27/2026 08:03:34,24.069,23.244
5656,7,5,74303.650000,0.880000,0.000916,0.002921,-3.750210,3.152819,5,02/27/2026 08:03:34,24.069,23.244
5657,7,5,74303.810000,1.040000,0.001082,0.003445,-3.749905,3.143359,5,02/27/2026 08:03:35,24.069,23.244
5658,7,5,74303.990000,1.220000,0.001270,0.004034,-3.750210,3.134508,5,02/27/2026 08:03:35,24.069,23.244
5659,7,5,74304.190000,1.420000,0.001478,0.004686,-3.750057,3.126268,5,02/27/2026 08:03:35,24.069,23.244
5660,7,5,74304.400000,1.630000,0.001697,0.005368,-3.749905,3.118639,5,02/27/2026 08:03:35,24.069,23.244
5661,7,5,74304.620000,1.850000,0.001926,0.006082,-3.749752,3.111315,5,02/27/2026 08:03:35,24.069,23.244
5662,7,5,74304.870000,2.100000,0.002187,0.006891,-3.749752,3.103685,5,02/27/2026 08:03:36,24.069,23.244
5663,7,5,74305.160000,2.390000,0.002489,0.007828,-3.750057,3.096666,5,02/27/2026 08:03:36,24.069,23.244
5664,7,5,74305.490000,2.720000,0.002832,0.008891,-3.750210,3.089647,5,02/27/2026 08:03:36,24.069,23.244
5665,7,5,74305.830000,3.060000,0.003187,0.009984,-3.749905,3.083543,5,02/27/2026 08:03:37,24.069,23.244
5666,7,5,74306.160000,3.390000,0.003530,0.011043,-3.749905,3.077745,5,02/27/2026 08:03:37,24.069,23.244
5667,7,5,74306.600000,3.830000,0.003989,0.012452,-3.749905,3.071641,5,02/27/2026 08:03:37,24.069,23.228
5668,7,5,74307.050000,4.280000,0.004458,0.013890,-3.750057,3.066148,5,02/27/2026 08:03:38,24.053,23.228
5669,7,5,74307.610000,4.840000,0.005041,0.015677,-3.750057,3.060960,5,02/27/2026 08:03:38,24.069,23.244
5670,7,5,74308.210000,5.440000,0.005666,0.017589,-3.750057,3.055772,5,02/27/2026 08:03:39,24.053,23.228
5671,7,5,74308.970000,6.200000,0.006457,0.020006,-3.750210,3.050278,5,02/27/2026 08:03:40,24.069,23.244
5672,7,5,74309.960000,7.190000,0.007489,0.023149,-3.749905,3.045396,5,02/27/2026 08:03:41,24.053,23.228
5673,7,5,74311.160000,8.390000,0.008739,0.026952,-3.749752,3.040208,5,02/27/2026 08:03:42,24.069,23.228
5674,7,5,74312.670000,9.900000,0.010312,0.031730,-3.750210,3.035325,5,02/27/2026 08:03:43,24.069,23.244
5675,7,5,74314.810000,12.040000,0.012541,0.038491,-3.750057,3.030442,5,02/27/2026 08:03:46,24.085,23.228
5676,7,5,74317.210000,14.440000,0.015041,0.046060,-3.750057,3.025559,5,02/27/2026 08:03:48,24.085,23.228
5677,7,5,74320.460000,17.690000,0.018426,0.056294,-3.750057,3.020371,5,02/27/2026 08:03:51,24.117,23.228
5678,7,5,74324.450000,21.680000,0.022582,0.068838,-3.750210,3.015488,5,02/27/2026 08:03:55,24.149,23.228
5679,7,5,74329.450000,26.680000,0.027791,0.084531,-3.750057,3.010605,5,02/27/2026 08:04:00,24.198,23.228
5680,7,5,74336.780000,34.010000,0.035426,0.107500,-3.749752,3.005722,5,02/27/2026 08:04:08,24.294,23.228
5681,7,5,74346.630000,43.860000,0.045687,0.138314,-3.750057,3.000839,5,02/27/2026 08:04:17,24.423,23.228
5682,7,5,74366.500000,63.730000,0.066385,0.200372,-3.749905,2.995651,5,02/27/2026 08:04:37,24.697,23.212
5683,7,5,74386.500000,83.730000,0.087218,0.262769,-3.749905,2.994125,1,02/27/2026 08:04:57,24.987,23.195
5684,7,5,74406.500000,103.730000,0.108051,0.325140,-3.750210,2.993515,1,02/27/2026 08:05:17,25.245,23.179
5685,7,5,74426.500000,123.730000,0.128885,0.387508,-3.749752,2.993515,1,02/27/2026 08:05:37,25.535,23.147
5686,7,5,74446.500000,143.730000,0.149718,0.449886,-3.750057,2.994125,1,02/27/2026 08:05:57,25.793,23.131
5687,7,5,74466.500000,163.730000,0.170551,0.512281,-3.750057,2.995346,1,02/27/2026 08:06:17,26.034,23.115
5688,7,5,74486.500000,183.730000,0.191385,0.574694,-3.750057,2.995956,1,02/27/2026 08:06:37,26.276,23.115
5689,7,5,74506.500000,203.730000,0.212218,0.637120,-3.749905,2.996567,1,02/27/2026 08:06:57,26.550,23.115
5690,7,5,74526.500000,223.730000,0.233051,0.699559,-3.750057,2.997177,1,02/27/2026 08:07:17,26.775,23.115
5691,7,5,74546.500000,243.730000,0.253885,0.762011,-3.749905,2.997787,1,02/27/2026 08:07:37,27.033,23.131
5692,7,5,74566.500000,263.730000,0.274718,0.824476,-3.750057,2.998093,1,02/27/2026 08:07:57,27.258,23.163
5693,7,5,74586.500000,283.730000,0.295551,0.886950,-3.750057,2.999008,1,02/27/2026 08:08:17,27.548,23.179
5694,7,5,74606.500000,303.730000,0.316385,0.949431,-3.750057,2.999008,1,02/27/2026 08:08:37,27.758,23.195
5695,7,5,74626.500000,323.730000,0.337218,1.011917,-3.750057,2.999313,1,02/27/2026 08:08:57,27.983,23.228
5696,7,5,74646.500000,343.730000,0.358051,1.074404,-3.750057,2.999313,1,02/27/2026 08:09:17,28.112,23.244
5697,7,5,74666.500000,363.730000,0.378885,1.136893,-3.749905,2.999619,1,02/27/2026 08:09:37,28.370,23.260
5698,7,5,74686.500000,383.730000,0.399718,1.199380,-3.750057,2.999008,1,02/27/2026 08:09:57,28.563,23.292
5699,7,5,74706.500000,403.730000,0.420551,1.261863,-3.750210,2.999008,1,02/27/2026 08:10:17,28.789,23.292
5700,7,5,74726.500000,423.730000,0.441385,1.324341,-3.750057,2.998703,1,02/27/2026 08:10:37,28.950,23.308
5701,7,5,74746.500000,443.730000,0.462218,1.386811,-3.749905,2.998093,1,02/27/2026 08:10:57,29.127,23.324
5702,7,5,74766.500000,463.730000,0.483051,1.449272,-3.749905,2.997482,1,02/27/2026 08:11:17,29.256,23.340
